Pregnancies,Glucose,BloodPressure,SkinThickness,Insulin,BMI,DiabetesPedigreeFunction,Age,Outcome
6,95.1,79.5,24.6,64.9,22.6,0.29,47,0
4,101.9,83.0,20.2,65.0,27.0,0.441,35,0
3,167.1,81.6,31.0,124.6,36.5,0.178,33,1
4,119.0,74.1,26.1,129.7,27.6,0.413,33,0
1,74.1,76.8,20.3,93.9,19.7,0.187,72,0
4,100.9,83.5,23.5,191.3,34.6,0.122,52,0
4,65.0,72.7,26.7,233.1,30.3,0.57,30,0
0,90.7,70.4,18.7,90.1,19.9,0.187,48,0
1,147.1,73.1,21.1,500.0,23.7,0.425,42,0
1,91.9,74.3,28.7,146.6,26.6,0.503,21,0
1,199.6,75.1,17.4,75.9,26.6,0.571,22,1
3,65.0,86.9,23.0,107.6,32.6,0.157,43,0
5,100.8,88.3,21.9,184.7,33.6,0.083,69,0
6,118.6,70.6,32.2,70.3,29.6,0.158,34,1
4,116.9,84.8,26.5,133.7,33.5,0.08,29,0
1,133.0,76.9,22.9,119.7,30.1,0.873,39,0
6,106.2,61.8,24.8,88.5,21.9,0.59,28,0
5,155.1,77.0,26.8,88.0,27.8,0.277,33,0
2,75.6,79.8,19.8,124.2,24.7,0.139,37,0
0,107.4,75.0,29.8,58.4,33.9,1.025,22,0
1,79.3,75.5,22.6,63.5,23.7,0.266,53,0
0,99.2,77.2,27.1,47.7,29.4,0.239,21,0
0,106.8,70.2,19.5,67.3,24.0,0.08,21,0
2,134.8,72.7,12.1,234.9,18.6,0.94,41,1
3,82.6,77.8,18.5,106.8,28.0,0.386,52,0
3,106.1,81.1,26.1,64.7,29.1,0.319,40,0
0,115.7,72.7,32.4,82.5,33.1,0.096,35,0
3,119.6,74.0,21.4,142.0,31.4,0.501,32,0
2,79.4,74.8,13.5,183.2,20.8,0.363,30,0
0,122.5,70.5,25.8,98.2,27.4,0.806,59,0
1,152.3,71.2,26.2,70.7,21.6,0.198,43,0
6,152.0,70.2,24.6,27.0,23.0,0.431,31,0
1,106.1,69.9,28.0,60.9,29.1,0.868,27,0
4,131.6,86.7,20.6,119.5,30.3,0.224,49,0
3,109.8,72.1,25.6,97.3,18.8,0.155,58,0
3,149.1,81.2,31.8,87.0,29.3,0.097,56,0
5,136.7,68.1,27.8,45.8,29.1,0.26,25,0
3,77.9,72.2,17.0,193.1,21.3,0.615,32,0
2,110.1,78.1,23.1,46.7,26.8,0.08,30,0
2,94.0,78.2,22.7,93.7,21.6,0.427,34,0
1,112.0,75.0,25.2,112.6,18.0,0.684,53,1
4,78.1,88.2,26.4,192.8,33.2,0.144,66,0
3,111.2,78.4,31.0,91.7,32.5,0.557,44,0
1,110.1,72.9,27.8,121.0,26.5,0.445,27,0
2,110.9,73.6,27.8,76.5,29.9,0.222,37,0
3,123.1,93.0,12.0,104.8,21.3,0.139,71,1
3,65.7,78.8,21.1,79.3,32.2,0.505,39,0
1,140.0,68.9,24.4,48.8,28.4,0.14,32,0
2,141.9,71.6,17.1,141.7,20.7,0.421,34,0
4,160.0,79.0,24.0,148.8,29.2,0.276,44,1
4,111.9,78.4,21.7,174.2,29.6,0.267,25,0
3,123.3,73.6,17.8,69.3,24.7,0.278,29,0
1,148.5,76.7,16.5,103.9,19.1,0.155,55,0
3,92.5,73.2,18.1,108.3,24.8,0.593,43,0
3,130.7,74.9,26.2,162.4,33.7,0.378,39,1
5,91.4,93.8,20.3,91.7,31.3,0.109,57,0
1,131.5,76.4,28.8,160.8,29.2,0.781,26,1
2,127.6,85.2,20.6,128.7,23.7,0.631,32,0
4,86.3,83.7,17.8,175.0,24.3,0.714,43,0
2,131.3,76.4,23.9,89.0,22.5,0.457,42,0
2,101.0,77.9,29.3,91.9,28.4,0.357,21,0
0,109.8,82.8,27.6,55.7,28.7,0.594,31,1
2,141.1,80.8,24.6,49.9,33.7,0.414,35,0
1,149.5,76.8,23.0,47.7,19.3,0.194,45,0
2,128.3,77.0,19.5,79.4,26.3,0.489,42,1
2,115.4,72.0,16.2,57.4,23.8,0.227,36,0
1,137.6,70.8,26.8,91.9,27.8,0.259,21,1
2,104.6,85.0,33.5,50.5,31.2,1.086,37,1
3,143.7,87.9,19.7,108.1,23.7,0.531,38,0
1,95.2,88.2,22.2,200.6,31.4,0.364,85,1
1,108.0,80.7,23.4,78.5,30.7,0.214,34,0
2,85.3,80.3,25.1,55.6,25.8,0.097,43,0
2,112.3,88.6,27.1,77.1,32.7,0.17,61,0
3,163.5,74.9,23.9,132.1,30.2,0.361,52,0
1,163.8,79.0,22.5,287.4,23.7,0.283,67,1
1,167.1,72.6,18.3,135.8,23.3,0.08,21,1
0,94.5,67.6,27.3,128.4,32.2,0.451,23,0
4,201.6,72.2,22.7,228.1,24.5,0.423,28,1
1,152.9,77.8,28.6,59.0,31.2,0.499,21,0
4,147.6,72.8,18.7,59.7,21.4,0.933,39,0
0,123.0,74.7,30.6,128.6,33.0,0.191,24,0
2,65.0,84.8,20.9,74.0,18.8,0.741,71,0
2,95.0,72.8,26.0,92.5,18.8,0.256,25,0
3,101.6,71.0,19.8,91.3,24.9,0.08,32,0
5,110.2,74.0,26.8,99.0,34.5,0.282,53,0
1,101.3,85.2,22.3,120.2,33.3,0.2,21,0
0,114.1,72.5,24.7,128.4,31.3,0.248,21,0
1,130.3,86.7,22.1,124.6,30.5,0.115,41,0
1,117.4,81.6,23.4,51.6,23.6,0.259,42,0
2,108.6,82.2,22.2,101.9,19.4,0.466,53,0
0,106.7,70.2,27.3,77.8,34.8,0.177,47,0
3,160.4,77.9,23.4,68.4,33.8,0.429,43,1
2,102.6,77.5,16.6,165.8,22.1,0.492,27,0
2,139.9,76.4,24.2,38.2,28.6,0.479,41,1
3,115.7,79.2,20.5,53.0,26.4,0.171,43,1
4,65.0,73.4,17.4,60.0,21.9,0.272,26,0
3,189.2,78.2,22.4,77.2,19.7,0.206,80,0
1,154.4,75.1,28.0,82.0,29.0,0.292,46,1
2,187.4,77.3,20.3,36.3,26.6,0.757,23,1
2,143.3,76.9,23.7,73.9,25.0,0.93,53,0
2,116.8,80.7,18.7,110.5,26.9,0.429,57,0
2,133.4,80.6,21.8,70.6,27.1,0.284,45,0
2,99.7,80.3,23.0,41.7,29.2,0.141,33,0
2,87.8,78.5,31.5,182.5,34.2,0.157,26,0
2,182.0,83.1,24.5,35.0,32.6,0.355,36,1
1,105.9,74.0,37.5,69.1,31.9,0.08,44,0
3,119.5,85.9,20.2,115.8,24.9,0.913,38,0
3,130.1,89.4,21.9,94.3,23.6,0.663,69,0
3,107.5,76.2,23.4,118.2,23.8,0.087,49,0
0,145.8,77.0,21.5,103.5,32.4,0.395,24,0
0,111.8,75.8,18.6,44.3,31.7,0.296,22,0
3,227.7,72.8,24.0,42.1,18.1,0.808,46,1
1,65.0,75.6,21.9,37.1,33.0,0.787,34,0
3,93.6,80.2,30.8,159.7,28.9,0.08,51,0
0,149.5,76.4,25.1,97.5,27.6,0.533,46,0
1,65.0,80.3,30.9,90.9,33.6,0.413,36,0
2,121.3,76.4,21.3,118.6,29.0,0.28,25,0
0,104.4,73.5,22.9,157.3,22.6,0.27,21,0
2,111.3,73.6,33.0,97.6,23.3,0.104,41,0
0,153.8,83.9,24.5,65.7,28.7,0.376,21,1
0,119.7,80.0,23.9,87.2,28.5,0.08,24,0
0,91.0,74.0,20.9,46.3,30.9,0.496,40,0
1,147.6,78.0,26.3,85.3,40.2,0.177,38,0
0,122.5,77.8,27.2,115.5,34.4,0.493,21,0
3,70.8,88.5,22.6,136.5,22.6,0.768,59,0
5,93.6,86.8,23.4,145.4,27.8,0.129,59,0
4,112.3,73.7,22.0,215.0,25.9,0.08,47,0
3,139.6,84.2,27.7,51.0,29.0,0.404,47,0
1,110.9,76.6,20.2,98.4,22.0,0.569,47,0
2,145.6,83.8,22.3,71.8,19.6,0.128,85,0
3,117.3,74.2,24.1,67.9,20.1,0.766,56,0
2,93.3,82.4,20.3,87.0,18.0,0.207,50,0
3,116.8,71.5,24.0,89.0,23.5,0.112,26,0
3,138.3,74.0,26.2,166.4,39.2,0.206,33,1
1,109.1,82.6,18.8,166.7,25.0,0.282,85,0
1,79.7,68.6,27.4,36.0,29.2,0.708,21,0
1,121.3,76.5,22.7,69.3,21.5,0.764,30,0
2,85.9,72.4,28.3,110.0,23.1,0.196,59,0
1,163.0,68.9,23.2,117.1,22.0,0.126,26,0
4,151.4,73.5,15.6,58.7,24.1,0.138,50,0
2,107.5,81.2,25.8,45.1,27.4,0.35,38,0
5,129.6,82.5,26.8,96.8,33.5,0.146,27,0
0,112.2,68.6,26.6,52.8,35.0,0.767,21,0
1,163.1,69.6,27.4,95.7,31.1,0.251,41,0
4,65.0,75.8,28.4,111.2,31.5,0.152,25,0
0,121.2,86.0,13.5,128.7,25.4,0.502,35,1
4,84.5,80.6,28.7,111.5,38.9,1.854,47,0
2,128.5,86.2,22.9,81.5,23.3,0.286,54,0
3,65.0,76.5,19.0,76.5,27.1,0.473,30,0
3,125.5,78.6,21.7,181.1,25.3,0.602,27,0
1,177.0,85.4,29.2,80.0,33.0,0.145,21,0
2,97.5,78.2,18.0,34.4,25.1,0.193,56,0
2,66.8,86.1,27.4,103.0,28.4,0.865,85,0
4,136.1,75.7,27.8,84.8,32.7,0.466,58,1
1,104.9,84.8,19.4,70.6,21.6,0.482,64,0
4,145.2,69.1,26.9,109.9,30.8,0.099,26,0
2,150.2,83.9,29.0,127.3,29.4,0.613,46,1
3,148.0,81.3,18.3,139.0,23.0,0.389,52,0
0,114.2,71.4,15.0,134.3,24.4,0.256,21,0
0,173.4,77.6,28.4,168.1,26.9,0.969,22,1
3,140.4,93.0,30.4,92.5,28.7,0.207,73,1
1,91.8,76.4,30.5,87.2,35.4,0.93,21,0
5,94.2,73.3,28.1,82.0,37.4,0.483,68,0
1,156.7,69.2,28.0,85.0,23.4,0.085,21,0
0,136.4,77.0,29.6,155.8,41.5,0.688,23,0
3,91.9,79.3,24.0,169.5,25.0,0.139,46,0
5,103.6,74.9,26.6,138.9,37.6,0.186,39,0
3,113.0,78.0,34.4,110.8,35.4,0.476,31,0
1,141.2,80.6,28.3,166.8,22.0,0.24,72,1
0,107.9,75.1,15.5,160.3,19.8,0.416,21,0
9,157.1,80.9,19.6,146.9,28.2,0.429,35,1
3,126.6,84.7,22.1,79.8,32.5,0.391,48,0
3,158.6,85.6,23.1,57.9,27.6,0.088,42,1
1,78.3,74.9,32.9,37.0,27.7,0.711,28,0
3,163.0,86.5,21.1,71.6,29.9,0.218,28,0
1,152.4,76.1,24.0,159.8,18.9,0.235,54,0
5,117.4,80.5,26.3,181.3,28.1,0.67,55,0
5,98.2,84.7,17.3,59.6,23.1,0.332,43,0
0,156.7,79.6,22.5,160.8,25.5,0.497,25,1
1,100.3,72.4,18.2,70.4,20.5,0.189,28,0
1,114.8,73.2,20.4,95.1,20.3,0.227,37,0
2,131.2,77.5,24.3,62.4,29.3,0.394,39,0
2,78.7,75.4,27.0,194.4,26.8,0.103,48,0
3,109.2,83.1,28.5,206.9,36.5,0.81,34,0
2,85.5,78.5,22.4,41.6,25.4,0.605,53,0
3,65.2,91.1,23.2,74.8,31.6,0.103,53,0
3,181.7,92.2,28.3,137.5,34.0,0.08,65,1
2,94.0,72.9,29.2,68.1,28.5,0.226,38,0
2,135.0,85.9,27.4,83.6,28.8,0.277,43,1
2,182.0,78.6,27.5,47.2,34.3,0.26,35,1
5,94.7,73.7,25.8,69.9,34.8,0.08,25,0
4,74.7,84.2,30.9,77.9,30.8,0.334,85,0
0,171.4,77.0,24.5,63.5,35.2,0.515,61,0
3,85.2,73.9,22.1,120.7,28.6,0.434,53,0
4,101.9,76.9,18.7,111.3,21.5,0.08,37,0
1,96.8,86.0,30.2,56.6,29.2,0.567,24,1
2,120.0,71.3,22.7,58.6,23.8,0.178,57,0
3,65.0,82.6,25.3,44.7,34.4,0.524,35,0
3,134.9,82.6,21.0,88.5,26.0,0.939,45,1
5,129.9,80.4,24.7,28.2,32.5,0.514,28,0
1,142.7,75.9,23.7,103.6,23.1,0.229,42,0
0,142.0,70.8,20.1,223.7,21.7,0.08,29,0
5,129.5,79.9,29.0,30.4,26.3,0.32,30,0
3,105.2,74.6,12.7,70.1,20.3,0.345,41,0
0,116.9,76.7,27.2,67.3,31.8,0.416,21,0
0,94.1,77.3,35.3,128.0,34.2,0.493,21,0
5,121.2,86.2,26.9,48.4,30.7,0.29,26,0
1,89.7,75.5,29.0,154.4,35.2,0.421,34,1
1,119.4,81.8,30.9,127.3,31.3,0.269,54,0
4,100.9,72.3,25.1,60.7,25.2,0.507,35,0
0,88.8,73.5,21.0,106.0,28.1,0.425,37,0
2,148.6,81.7,25.9,94.9,28.2,0.56,33,1
1,140.4,86.5,13.8,74.1,34.0,0.279,43,0
3,116.8,71.5,24.6,85.9,28.0,0.155,25,0
1,65.0,73.4,20.4,150.1,21.5,0.306,35,0
1,86.9,75.1,16.7,413.1,20.2,0.266,45,0
1,112.5,74.8,25.7,59.5,26.5,0.612,41,0
2,130.1,71.4,21.0,77.3,27.8,0.608,38,0
0,130.7,77.7,19.8,33.0,20.2,0.611,38,0
3,122.4,83.7,22.6,219.8,33.7,1.018,47,1
1,116.0,87.0,19.0,47.5,26.4,0.388,85,1
6,108.1,77.5,27.5,44.9,32.4,0.392,26,0
3,94.9,91.3,19.3,360.4,22.8,0.678,85,0
2,168.0,74.5,23.6,75.0,32.6,0.251,25,1
0,148.0,79.7,14.1,34.5,21.9,0.089,21,0
0,133.6,76.3,22.0,28.4,24.5,0.099,29,0
0,78.7,84.0,20.2,246.8,25.2,0.347,44,0
2,77.2,86.5,23.0,197.6,26.0,0.213,80,0
2,114.0,76.4,26.7,68.2,33.5,1.164,24,0
0,98.6,80.5,25.6,169.2,29.6,0.172,46,0
1,78.5,67.0,20.3,128.5,22.1,0.545,21,0
3,118.3,78.2,28.9,48.9,21.6,0.323,79,1
2,65.0,87.8,30.4,63.2,28.4,0.246,62,0
4,112.1,77.7,24.1,142.6,26.2,0.45,30,1
0,131.3,74.6,13.6,95.7,28.6,0.191,21,0
2,130.3,79.3,16.7,159.0,18.4,0.08,66,0
5,65.0,71.5,25.4,135.4,39.8,0.775,35,0
2,65.0,74.7,16.4,78.5,18.1,0.301,63,0
3,108.2,77.2,22.0,30.3,26.3,0.567,37,0
3,94.8,82.2,31.6,168.5,23.5,0.276,38,0
3,76.1,76.3,19.9,105.2,20.7,0.295,30,0
2,65.0,80.5,21.5,454.8,30.9,0.854,49,0
3,86.8,72.5,27.2,56.5,26.4,0.644,39,0
3,111.7,73.5,10.3,153.4,21.2,0.291,47,0
0,107.4,71.2,23.8,440.5,25.0,0.324,21,0
4,76.5,88.5,20.2,38.5,31.1,0.174,64,0
0,82.9,94.7,33.9,79.7,32.9,0.15,71,1
5,104.1,83.9,23.4,135.7,36.2,0.363,39,0
3,88.5,80.1,25.2,156.1,29.3,0.266,85,1
1,125.3,88.9,17.0,124.8,24.7,0.546,77,0
3,132.9,84.6,21.7,51.3,24.0,1.143,50,0
3,129.5,84.3,22.6,62.7,30.3,0.206,66,1
2,80.0,82.4,32.4,91.4,34.8,0.776,59,0
0,125.7,70.0,17.9,42.4,18.0,0.345,21,1
0,126.5,85.9,18.2,48.3,27.4,0.267,33,0
1,162.6,79.8,10.0,53.6,20.5,0.348,51,0
2,178.2,88.0,23.7,75.4,27.9,0.164,73,1
2,154.7,74.0,32.2,56.3,37.0,0.438,21,0
1,100.4,69.1,19.4,125.6,18.0,0.26,21,0
6,90.3,76.8,14.9,160.4,18.4,0.104,36,0
0,108.6,83.1,26.8,160.1,35.9,0.541,21,1
3,96.7,83.3,23.8,41.3,29.3,0.149,36,0
2,182.0,83.7,29.4,43.0,27.4,0.264,44,1
0,145.6,84.2,20.9,110.0,32.5,1.038,23,0
3,134.9,76.9,20.1,67.3,37.2,0.788,36,0
3,140.7,88.6,24.8,38.8,29.0,0.084,56,0
2,158.9,77.7,24.3,111.1,27.4,0.787,29,0
1,134.8,72.4,21.8,42.0,18.0,0.411,25,0
6,108.9,68.8,16.6,45.7,22.6,0.237,36,0
1,138.7,74.1,17.6,42.7,18.0,0.267,22,0
0,138.5,91.7,25.7,111.6,27.7,0.243,83,1
1,79.3,78.9,30.9,32.2,35.3,0.336,38,0
5,191.8,77.2,24.1,30.3,25.2,0.365,26,1
3,95.4,76.9,28.2,99.2,30.0,0.08,41,0
0,164.4,80.3,32.4,127.0,32.3,0.263,35,1
2,109.9,74.7,27.3,109.0,29.7,0.311,34,0
1,152.1,76.8,21.7,34.7,27.0,0.56,29,0
5,116.7,79.1,15.3,131.1,20.0,0.213,28,1
0,68.8,77.0,23.8,78.4,31.4,0.443,21,0
1,149.2,82.7,29.1,25.0,34.1,1.0,66,1
3,162.1,77.5,18.8,68.3,27.7,0.36,48,0
5,114.8,79.8,21.5,103.3,25.6,0.361,43,0
2,142.5,73.4,24.2,181.5,32.0,0.342,35,1
2,92.8,73.4,24.0,82.3,29.4,0.226,23,0
1,117.0,75.2,31.8,134.7,36.4,0.225,26,0
3,150.5,74.1,20.4,129.3,25.0,0.117,21,0
3,127.2,77.3,31.5,68.8,31.6,0.892,27,1
2,131.4,83.8,23.6,35.5,29.8,0.08,22,0
1,147.9,83.9,25.3,85.9,27.8,0.434,75,0
0,169.0,88.4,32.5,150.7,24.2,0.306,55,0
3,151.2,85.7,23.3,159.1,31.7,0.761,39,0
3,125.6,80.9,26.1,145.0,36.3,0.414,24,0
0,114.5,68.3,22.7,75.9,18.0,0.328,22,0
2,121.1,81.4,17.9,69.9,28.4,0.815,34,0
2,73.9,80.4,25.5,130.1,30.7,0.08,56,1
0,123.6,77.0,15.2,119.5,22.8,0.853,21,1
0,78.4,77.1,26.5,19.7,30.0,0.487,48,0
4,103.0,75.1,26.2,74.0,29.5,0.416,27,0
3,139.0,79.5,31.4,107.0,31.5,0.453,30,1
3,102.4,81.8,14.7,124.9,25.6,0.114,38,0
1,160.1,79.1,25.7,48.5,20.2,0.428,25,0
5,113.7,74.6,28.4,115.4,27.6,0.919,33,0
1,153.5,78.0,31.5,39.6,34.7,0.41,24,0
1,106.2,82.6,27.7,72.0,32.4,0.75,28,0
2,111.6,79.7,28.0,155.8,20.3,0.128,52,0
5,151.9,74.7,18.9,245.3,26.6,0.33,39,0
1,109.3,83.1,28.4,51.1,26.9,0.08,52,1
2,127.0,79.9,25.2,70.7,30.8,0.247,27,0
4,101.4,76.6,16.6,137.5,26.9,0.58,48,0
1,65.0,82.6,23.5,66.7,26.6,1.412,21,0
3,95.9,73.8,29.1,116.2,24.3,0.306,38,0
4,161.8,76.5,28.3,37.2,40.8,1.486,49,1
0,125.7,70.7,18.2,201.4,18.0,0.198,21,0
3,143.6,79.0,19.1,100.7,27.7,0.798,27,0
2,144.8,97.0,26.7,99.5,28.2,0.165,38,1
2,139.9,85.7,31.1,63.6,31.1,0.241,58,0
2,166.0,75.4,24.2,44.0,25.3,0.142,28,0
2,104.8,74.4,16.2,190.1,25.1,0.222,47,0
1,162.5,88.0,30.7,117.7,30.4,0.347,68,0
1,136.5,81.5,21.3,37.0,25.5,0.08,48,0
1,129.3,77.6,19.7,83.4,23.8,0.081,34,0
3,65.0,76.1,25.7,161.7,33.6,0.08,44,0
4,127.9,74.4,22.8,85.6,21.9,0.413,28,1
2,144.4,77.5,21.1,148.7,23.6,0.08,39,0
2,122.5,79.0,26.9,153.6,29.4,0.08,35,0
1,155.0,79.6,25.1,149.3,31.5,0.486,43,1
3,156.5,84.2,23.4,57.9,26.2,0.492,31,0
6,106.1,76.2,23.7,110.3,30.1,0.349,45,0
2,118.5,85.2,26.1,155.1,28.6,0.201,31,0
1,106.5,75.3,24.7,113.6,25.9,0.14,55,0
0,101.5,71.3,22.1,160.0,22.1,0.737,32,0
1,118.2,68.1,34.1,198.8,32.9,0.163,21,0
1,122.5,68.6,15.2,103.7,22.1,0.351,22,0
4,65.0,70.4,24.1,117.0,42.3,0.481,38,0
1,113.7,92.0,21.3,157.2,24.6,0.965,74,0
3,128.0,81.9,24.6,53.2,36.3,0.486,54,0
1,119.2,71.9,19.1,156.0,33.5,0.587,21,1
0,112.7,73.7,28.8,53.4,25.9,0.401,21,0
2,82.7,77.3,23.4,140.6,33.2,0.124,61,0
1,73.2,85.4,28.4,106.4,32.9,0.267,49,0
2,98.0,82.2,22.9,75.2,25.7,0.08,85,0
3,65.0,74.3,24.2,113.6,18.0,0.08,30,0
1,113.6,78.0,19.5,91.4,19.2,0.565,24,0
1,88.1,79.9,24.3,42.7,30.8,0.142,39,0
1,121.5,76.7,32.1,66.0,27.4,0.519,30,0
0,97.0,75.5,30.6,53.6,28.5,0.094,58,0
3,65.0,76.1,35.0,56.6,33.0,0.095,29,0
5,83.6,80.6,21.0,74.3,25.4,0.616,33,0
2,121.0,81.3,19.0,128.7,31.6,0.288,23,0
4,139.9,79.6,24.7,54.1,24.1,0.08,52,1
0,106.3,77.0,27.5,40.5,28.0,0.264,24,0
1,123.1,79.9,27.9,40.1,28.5,0.312,45,0
0,109.1,81.0,18.1,55.1,21.6,0.261,80,0
1,108.1,61.2,21.9,53.9,27.5,0.136,21,0
2,89.0,82.7,17.2,50.0,32.2,0.361,70,0
1,114.0,82.6,23.9,74.6,30.3,0.08,42,0
1,95.4,73.4,30.4,68.0,35.5,0.273,21,0
4,159.1,68.7,25.8,103.2,24.9,0.439,39,0
1,93.4,77.8,18.9,40.2,35.8,0.932,51,0
6,120.6,78.0,27.1,65.7,28.7,0.268,25,0
1,80.9,72.2,11.3,70.9,24.9,0.189,46,0
3,108.6,86.5,22.3,56.8,28.4,0.621,72,0
2,82.7,70.1,16.3,33.8,23.6,0.507,29,0
3,96.8,83.2,20.5,175.3,29.2,0.256,23,1
1,146.2,70.4,21.1,134.7,18.5,0.08,35,0
2,113.6,86.1,23.8,20.2,34.3,1.27,38,0
5,141.5,76.9,24.7,70.7,24.0,0.081,60,1
3,108.3,69.4,24.0,79.0,27.7,0.661,35,0
3,138.5,73.7,22.3,103.7,34.1,0.162,30,0
1,141.2,71.5,23.4,288.8,24.0,0.438,22,0
1,137.8,77.6,20.2,53.7,31.2,0.387,21,0
1,145.4,81.5,28.8,124.8,33.9,0.24,21,1
0,130.6,71.3,30.2,65.9,28.3,0.088,21,0
5,101.3,75.1,24.5,84.2,29.7,0.106,33,0
1,69.7,80.0,27.2,56.3,34.7,0.422,21,0
3,90.6,72.3,17.6,181.9,21.1,0.109,36,0
1,127.5,89.9,30.7,136.9,34.1,0.275,79,1
2,150.6,76.2,19.1,273.9,18.5,0.184,60,1
4,130.7,78.0,22.0,187.3,24.6,0.381,33,1
4,105.0,80.3,27.5,129.5,38.4,0.397,85,0
4,101.4,82.8,21.5,113.8,32.8,0.219,38,0
3,116.1,75.5,26.7,56.5,27.6,0.513,41,1
1,134.4,79.2,23.9,51.1,38.8,0.367,35,0
2,116.1,81.0,27.9,53.8,21.5,0.803,37,0
8,99.0,73.4,19.9,168.1,30.4,0.184,29,0
1,87.8,84.0,27.7,36.1,26.9,0.473,33,0
3,92.1,86.8,23.6,102.7,27.6,0.387,70,0
2,92.8,89.4,26.7,80.7,31.6,0.501,63,0
4,112.9,80.1,25.9,67.3,31.0,0.289,21,1
2,89.1,74.6,18.9,150.8,28.1,0.634,21,0
2,97.1,81.3,24.5,167.9,31.7,0.138,25,0
3,136.9,78.6,30.8,97.9,35.1,0.219,56,0
0,133.8,87.5,22.1,112.6,29.4,0.165,64,1
3,169.3,84.3,27.6,44.2,32.0,0.557,51,0
0,125.9,72.9,20.2,77.3,28.7,0.202,21,0
1,70.0,71.7,21.9,230.1,24.9,0.822,29,0
4,65.7,77.9,27.1,274.2,27.8,0.691,46,0
1,119.1,70.3,19.6,137.3,31.3,0.715,33,0
3,113.5,84.8,18.4,101.2,18.0,0.586,31,0
1,107.0,84.4,18.9,158.3,29.2,0.158,31,0
4,77.2,83.0,23.0,36.4,31.3,0.158,61,0
5,84.2,86.9,25.5,153.5,28.0,0.375,49,0
0,149.4,80.7,20.6,59.3,22.2,0.332,32,1
1,147.6,81.5,23.0,36.3,31.4,0.293,43,0
2,123.5,80.9,25.3,44.7,24.0,0.111,21,0
1,134.9,78.7,26.7,213.0,36.9,0.42,29,1
1,78.3,78.6,22.8,230.7,33.3,0.325,59,0
0,125.1,78.3,20.3,58.6,28.9,0.742,21,0
5,94.2,81.4,19.3,75.0,26.0,0.389,49,0
1,154.8,77.2,21.0,17.7,19.5,0.961,21,1
3,130.5,91.1,22.9,98.3,37.5,0.172,75,0
4,65.5,68.4,23.5,140.1,24.2,0.08,29,1
3,75.9,73.1,31.3,36.9,36.6,0.266,45,0
3,112.4,82.4,16.8,117.5,18.0,0.661,39,0
3,85.9,69.2,28.6,32.3,27.1,0.501,40,0
1,150.7,76.5,16.2,52.6,24.4,0.146,43,1
2,65.0,78.1,14.3,149.0,22.1,0.352,21,0
3,112.8,76.2,23.3,55.8,29.3,0.177,40,0
3,65.0,77.2,30.8,182.9,36.5,0.275,34,0
4,102.9,75.3,17.6,87.9,25.3,0.08,29,1
7,75.3,78.0,22.3,77.6,28.7,0.793,25,1
3,112.8,77.5,11.2,116.3,23.3,0.231,41,0
1,85.7,69.2,23.8,137.9,22.5,0.08,23,0
3,92.8,83.6,21.4,127.1,18.0,0.152,58,0
1,149.0,74.7,18.5,69.0,23.7,0.381,46,1
1,100.7,83.3,30.6,187.8,26.2,0.091,42,1
9,65.0,75.9,24.5,93.8,19.6,0.27,57,0
1,109.7,85.0,39.3,136.6,37.8,0.08,21,0
1,160.2,74.6,23.1,48.2,30.2,0.509,21,0
5,126.5,77.8,27.3,61.2,31.5,0.631,47,0
2,144.6,77.1,24.8,91.2,19.4,0.428,26,0
2,95.5,74.3,22.6,67.4,30.0,0.494,28,1
1,135.4,75.4,23.5,156.5,35.9,0.652,21,0
2,100.3,70.5,24.2,125.7,27.1,0.405,23,0
2,125.2,78.7,25.4,65.6,29.4,0.596,59,1
4,152.5,79.7,21.3,35.6,26.1,0.256,47,1
1,80.6,77.1,26.6,60.3,29.9,0.283,41,0
2,65.0,66.2,21.6,36.6,27.5,0.117,28,0
5,101.5,84.7,19.4,38.3,25.9,0.144,39,0
6,125.5,91.2,25.4,28.0,29.7,0.319,61,0
3,167.7,77.8,21.0,75.9,27.5,0.323,26,1
2,117.8,85.0,27.1,129.3,29.4,0.479,37,0
4,135.0,88.4,24.5,152.7,27.1,1.264,77,1
1,93.0,76.1,26.3,116.9,33.5,0.434,51,0
3,93.9,82.7,28.1,79.6,37.9,0.425,28,0
3,126.1,82.0,20.5,47.1,28.9,0.599,49,0
0,165.8,75.9,22.9,135.8,30.4,0.113,21,0
2,115.8,69.1,12.6,104.0,25.3,0.512,36,0
3,123.5,79.9,22.8,106.5,31.0,0.108,49,1
3,93.2,73.9,16.4,109.0,18.9,0.156,44,0
3,96.9,83.5,24.2,95.9,30.4,0.139,49,0
5,150.9,77.5,24.0,96.4,22.4,0.097,54,0
4,68.4,75.6,26.2,48.5,35.0,0.211,46,0
3,90.6,78.3,25.9,70.5,32.1,0.533,45,0
0,107.3,76.4,24.8,92.0,26.7,0.51,41,0
0,118.5,76.6,24.1,132.4,30.9,0.08,22,0
2,112.1,78.7,34.3,80.5,38.0,0.718,59,0
2,140.3,84.0,26.8,208.9,27.0,0.512,37,0
1,209.6,76.1,26.6,131.3,29.3,0.491,50,1
2,81.2,74.7,22.5,81.8,30.2,0.676,56,0
0,123.7,77.6,25.0,119.6,30.7,0.35,29,0
6,93.5,68.9,20.2,69.1,25.8,0.284,30,1
1,144.7,75.8,18.3,90.9,32.1,0.501,32,0
3,173.9,82.9,22.2,62.8,27.6,0.341,64,1
3,113.2,70.9,28.2,49.3,28.5,0.32,24,0
1,147.1,87.3,18.4,113.5,24.4,0.08,68,1
1,84.0,79.1,25.2,56.2,33.4,0.28,41,0
4,155.6,77.6,23.8,108.8,22.7,0.442,42,0
4,170.2,88.4,15.0,68.2,19.4,0.561,55,0
6,110.8,78.4,20.0,73.8,18.0,0.112,39,0
2,136.5,83.6,17.4,110.6,32.0,0.161,59,0
2,75.1,72.5,22.9,104.8,24.8,0.194,29,0
1,95.2,77.6,20.8,33.9,24.2,0.479,67,0
2,132.4,71.8,27.9,106.2,27.7,0.08,30,0
2,190.9,87.7,15.8,49.8,20.8,0.501,69,0
1,65.0,71.6,26.1,68.9,29.5,0.21,31,0
1,121.2,78.2,26.2,87.4,40.0,0.848,33,1
0,155.4,72.5,19.3,44.8,31.5,1.12,23,0
2,173.6,69.7,21.3,31.5,29.7,0.611,26,1
2,108.6,75.4,36.5,151.6,32.5,0.126,37,1
0,156.5,93.7,29.3,216.9,41.1,0.118,42,0
0,138.7,73.1,21.9,31.8,25.3,0.317,57,0
3,171.9,75.5,26.3,131.1,25.4,0.144,34,1
0,108.7,76.5,23.6,99.8,24.5,0.611,21,0
8,118.1,68.2,13.2,32.6,19.4,0.237,44,0
3,95.2,82.4,23.6,57.8,28.3,0.945,40,0
4,105.6,75.6,18.0,81.4,27.7,0.295,47,0
1,105.4,76.2,25.3,107.6,29.2,0.549,27,0
5,88.9,59.0,21.4,59.0,21.8,0.167,29,0
5,172.5,79.6,19.2,103.4,18.0,0.274,27,1
4,117.0,71.9,13.8,44.0,18.0,0.249,62,0
5,99.6,86.9,28.8,88.5,29.2,0.178,68,1
1,102.2,82.1,29.2,47.4,29.5,0.679,28,0
2,65.5,78.4,27.6,68.1,37.1,0.342,29,0
2,134.6,77.3,34.5,96.8,34.0,0.883,49,0
1,87.4,77.8,26.1,306.8,20.2,0.121,71,0
2,95.4,83.5,25.3,59.4,21.5,0.54,78,0
0,151.4,77.5,24.4,170.2,30.3,0.146,28,0
1,97.8,84.9,20.9,113.7,27.7,1.064,31,0
5,129.7,74.4,27.1,50.5,32.9,1.04,42,1
3,97.4,66.6,15.5,144.2,35.1,0.551,43,1
4,98.7,75.0,23.6,89.9,29.6,0.2,34,0
3,94.9,85.1,30.9,86.6,27.8,0.819,25,0
2,109.2,74.5,15.0,126.2,21.9,0.56,37,0
1,70.6,83.0,23.4,50.6,22.1,0.219,78,0
6,139.4,77.7,27.7,92.9,31.1,0.554,29,0
4,204.9,74.0,33.2,178.7,20.7,0.555,41,1
0,134.1,84.6,23.9,28.3,25.4,0.313,85,0
2,85.5,84.8,17.7,64.4,21.2,0.391,29,0
4,136.6,80.7,17.0,86.9,22.0,0.305,50,1
0,65.6,85.6,16.7,109.0,26.5,0.542,79,0
2,90.4,78.9,18.5,86.7,25.9,0.264,48,1
1,101.0,87.8,28.1,105.0,30.8,0.08,60,0
2,148.4,84.2,27.6,36.2,34.4,0.08,53,0
0,137.3,82.8,22.3,166.5,26.2,0.275,47,0
2,69.3,75.5,18.1,125.4,20.8,0.08,67,0
3,141.1,76.9,13.6,80.5,25.7,0.091,50,1
4,97.2,79.2,21.8,45.7,32.8,0.36,35,0
3,134.5,84.7,24.4,130.6,22.1,0.73,40,0
1,90.7,83.2,18.6,77.7,21.6,0.424,44,0
2,111.6,71.2,19.7,131.0,19.6,0.08,31,0
2,88.6,79.7,22.8,126.4,35.2,0.361,41,0
3,111.7,77.0,12.9,70.1,18.0,0.518,38,0
5,77.0,81.2,21.1,92.9,21.5,0.48,50,0
3,87.7,86.4,24.0,149.2,21.4,0.347,85,0
1,94.7,74.5,19.5,142.0,25.4,0.468,42,0
2,83.9,79.8,24.2,179.1,24.0,0.176,72,0
3,102.9,84.5,23.6,52.0,28.2,0.298,49,0
5,117.7,83.7,12.9,34.0,24.5,0.237,41,0
2,157.5,70.7,21.1,242.0,22.0,0.302,30,0
2,79.2,75.3,26.8,40.9,24.9,0.394,41,0
2,81.8,74.7,19.6,54.9,20.8,0.714,40,0
3,116.1,74.0,27.5,118.7,33.2,0.284,26,0
5,65.0,74.4,24.2,44.7,34.9,0.364,28,0
2,122.8,78.8,22.6,27.2,18.0,0.218,44,0
1,115.5,87.0,25.7,99.2,30.1,0.218,71,0
2,132.4,71.8,29.7,106.7,28.0,0.425,36,1
2,186.6,72.1,22.8,40.2,28.0,0.386,21,0
0,116.9,67.8,25.9,84.9,24.7,0.383,21,0
2,97.7,71.9,26.2,188.8,23.6,0.08,22,0
3,145.8,83.8,28.1,156.4,32.7,0.276,51,0
0,114.6,76.4,26.1,138.3,32.8,1.244,21,0
0,109.8,80.2,21.5,93.3,28.1,0.224,55,0
0,172.2,83.9,19.7,95.5,18.7,0.129,50,1
4,139.0,78.6,34.6,45.4,27.9,0.86,36,1
0,84.5,73.2,20.1,74.0,25.3,0.41,21,0
3,85.5,72.9,29.0,75.7,27.1,0.861,27,0
1,72.3,74.7,23.9,81.9,28.2,0.178,33,0
3,79.8,77.4,25.1,128.8,26.9,0.381,44,0
0,151.1,74.0,23.9,91.8,32.9,0.585,21,1
3,98.7,87.7,19.7,171.4,23.8,0.193,68,0
2,65.0,79.3,21.8,138.3,32.9,0.679,44,0
3,129.6,65.3,23.3,87.8,25.6,0.898,46,1
5,120.4,77.1,28.5,80.6,31.9,0.449,50,0
3,100.7,87.9,23.1,79.5,32.5,0.08,65,0
1,94.6,67.9,19.3,206.8,29.8,0.743,41,0
0,115.6,78.8,19.5,71.8,24.3,0.596,51,0
2,117.3,79.5,22.0,291.5,18.0,0.37,27,0
1,127.9,80.9,16.1,121.9,30.1,1.237,78,1
2,65.0,63.8,21.3,99.8,25.2,0.343,40,0
3,79.9,66.9,19.0,33.0,28.0,0.747,27,0
1,100.7,76.4,23.6,40.5,32.8,0.159,30,1
1,72.3,76.6,18.8,161.9,23.7,0.385,21,0
1,130.3,80.9,23.0,65.7,28.2,0.25,30,0
1,136.6,76.2,22.0,93.5,18.6,1.217,21,0
6,95.6,81.7,23.6,77.8,29.5,1.087,53,0
4,136.2,78.4,25.0,165.6,24.1,0.143,45,0
1,122.3,71.9,17.7,65.4,18.0,0.356,23,0
3,122.5,78.1,27.7,200.5,29.8,0.195,37,1
2,65.0,79.4,21.5,141.8,42.0,0.182,37,0
2,108.8,75.0,26.2,72.9,27.3,0.427,21,0
2,95.8,74.1,24.9,91.1,21.6,0.165,34,0
0,110.5,76.1,25.6,177.3,31.0,0.761,38,0
2,101.4,81.4,26.1,72.6,25.4,0.472,33,0
4,76.6,75.1,23.1,96.4,30.0,0.08,27,0
0,104.3,72.3,25.4,135.2,22.0,0.372,23,0
5,101.7,71.8,17.4,68.4,19.1,0.505,33,0
2,143.9,75.6,25.1,155.6,29.3,0.51,28,1
4,110.5,80.0,14.0,136.5,24.4,0.149,48,0
3,96.7,76.8,13.5,142.8,23.7,0.443,67,1
1,75.1,76.9,26.1,119.3,32.8,0.08,56,0
3,202.3,79.5,19.1,180.9,24.9,0.255,38,1
1,146.8,76.2,20.6,82.4,29.9,0.762,27,0
3,120.3,78.6,23.2,94.0,24.4,0.08,55,0
0,69.6,82.4,31.4,136.3,34.1,0.29,49,0
7,66.4,78.4,26.4,62.7,37.1,0.175,65,0
3,168.5,79.7,22.5,43.7,31.2,0.242,41,1
3,166.6,82.7,25.3,123.1,22.3,0.12,76,1
3,123.8,84.6,20.5,35.8,32.0,0.725,41,0
1,89.1,76.0,25.3,83.8,27.5,0.163,27,0
3,97.4,74.9,24.3,77.5,29.9,0.306,30,0
1,87.2,82.1,20.8,61.0,25.6,0.282,47,0
3,181.5,75.7,22.1,247.9,25.3,0.455,28,0
4,108.5,84.5,23.7,181.8,28.8,0.148,76,0
2,141.0,74.1,28.7,57.0,37.9,0.282,45,1
0,145.5,81.9,24.7,96.6,29.1,0.241,38,1
3,73.9,67.2,24.3,111.4,26.3,0.978,39,0
1,117.5,77.8,20.1,98.0,23.8,1.224,33,0
1,106.0,81.3,23.7,42.2,25.6,1.209,21,1
2,156.2,79.8,30.3,85.3,36.0,0.266,30,0
2,134.3,76.0,26.2,62.5,24.8,0.127,72,0
1,113.3,72.9,17.7,102.2,25.2,0.633,41,0
5,119.7,91.6,19.8,69.2,21.2,0.67,59,0
3,93.1,90.3,19.7,43.1,31.6,0.256,59,0
1,84.6,71.2,27.8,48.4,30.7,0.358,37,0
4,90.8,78.6,23.0,164.8,34.9,0.274,50,0
0,130.8,69.3,31.4,123.9,31.7,0.312,21,1
0,144.4,82.7,27.8,67.7,26.8,0.08,69,0
0,135.2,93.1,35.4,68.9,35.8,0.156,67,0
3,65.0,93.0,33.8,129.3,34.7,0.147,47,0
0,125.4,73.6,24.2,101.5,28.2,0.419,42,0
2,134.6,79.2,30.2,71.9,29.7,0.776,37,0
4,169.5,76.9,15.5,78.4,18.5,0.236,61,0
1,72.2,75.3,24.9,61.3,29.1,0.168,52,0
1,149.4,77.6,25.6,93.9,28.1,0.494,21,0
4,166.0,65.2,18.8,392.2,27.1,0.368,31,1
3,79.9,81.5,27.9,56.4,30.1,0.427,21,0
1,135.8,70.0,22.5,76.0,22.4,0.197,21,1
1,65.0,82.2,30.0,35.9,40.2,0.772,61,0
4,114.2,80.2,25.8,98.2,31.7,1.177,37,0
2,81.8,78.0,30.9,46.8,31.4,0.236,46,0
6,136.8,80.5,25.1,42.4,31.4,0.115,39,0
1,113.4,69.9,30.4,35.2,33.0,0.094,21,0
0,103.8,68.3,29.8,138.9,28.2,0.16,21,0
3,134.5,75.3,22.1,66.0,24.3,0.458,30,1
2,87.7,82.7,16.3,39.0,19.0,0.238,32,0
1,115.6,86.4,25.5,81.0,33.4,0.672,32,0
3,137.3,70.2,21.4,61.9,30.6,0.195,32,0
5,104.4,83.5,25.3,79.5,20.7,0.163,85,0
0,119.2,77.1,15.6,135.0,20.4,0.395,58,0
0,106.8,71.5,13.8,156.4,18.0,1.359,42,0
3,160.8,72.5,26.8,78.1,25.9,0.382,36,1
4,160.2,79.2,35.4,82.9,33.9,0.76,37,1
0,112.4,77.8,18.0,90.6,19.4,0.509,51,0
5,111.3,81.4,23.2,79.9,27.9,0.345,36,0
1,82.7,76.6,16.8,90.5,19.2,0.512,56,0
3,187.2,77.7,15.0,74.0,19.5,0.746,44,1
2,140.0,81.2,24.9,97.4,23.7,0.365,85,1
4,143.8,73.3,24.5,50.3,37.4,0.165,35,0
1,160.6,80.0,18.7,69.5,23.1,0.263,60,0
1,113.5,60.2,19.4,105.1,19.8,0.185,22,0
3,106.4,67.1,26.6,135.1,24.5,0.355,28,1
1,162.7,78.2,24.1,193.8,24.6,0.357,81,0
0,97.7,78.7,21.8,182.8,26.1,0.289,54,1
2,109.2,82.4,20.3,218.6,23.8,0.511,47,0
4,125.0,77.7,21.1,165.6,24.4,0.624,85,1
2,80.4,74.7,18.7,189.3,29.7,0.51,36,0
2,140.6,78.5,22.8,139.5,27.3,0.153,60,1
6,132.6,80.1,18.7,231.4,22.0,0.175,62,1
1,97.7,74.1,23.1,96.6,30.7,0.513,73,0
0,152.3,72.6,37.9,194.0,39.7,0.553,21,1
2,77.5,78.4,31.2,114.1,29.8,0.152,36,0
6,103.2,83.4,24.3,96.2,34.0,0.08,43,0
3,162.8,70.4,21.9,114.5,24.5,0.194,73,1
4,110.8,71.3,27.2,218.4,27.9,0.204,46,0
3,67.5,82.2,16.1,73.2,21.4,0.476,62,0
2,122.8,71.2,19.1,159.6,18.0,0.556,21,0
3,106.0,85.0,24.1,85.5,23.5,0.274,32,0
5,131.8,68.9,25.8,53.0,25.1,1.48,67,0
4,150.1,84.7,19.4,57.5,21.1,0.552,34,0
3,112.9,73.7,24.4,106.1,26.3,0.418,38,0
4,65.0,83.8,20.5,125.7,20.7,0.638,72,0
2,132.9,73.3,28.1,68.8,37.9,0.236,25,0
2,82.7,70.1,18.8,46.9,20.5,0.47,27,0
1,131.3,70.0,17.5,101.4,22.8,0.187,21,0
3,142.7,90.4,23.9,100.1,24.0,0.233,74,0
3,149.0,83.6,33.5,190.5,32.6,0.466,58,1
1,142.2,78.5,23.6,61.1,31.3,0.08,57,0
2,105.1,83.4,26.3,85.8,27.7,0.31,32,1
0,111.3,75.3,24.1,136.4,23.9,0.208,21,0
1,128.7,80.9,20.8,223.3,18.0,0.91,21,0
4,141.1,77.8,22.3,116.2,22.7,0.129,67,1
2,83.3,88.9,14.3,59.5,27.7,0.238,48,0
2,144.5,86.7,19.4,30.8,25.2,0.435,52,0
4,65.0,80.0,26.2,41.8,33.5,0.471,42,0
3,65.0,68.6,26.4,38.8,30.1,0.272,26,0
3,65.0,82.3,20.7,106.2,23.7,0.278,33,0
1,131.7,80.0,24.2,62.4,31.2,0.097,23,0
1,134.9,74.0,20.1,84.0,19.3,0.08,21,0
3,121.5,86.3,24.7,149.5,29.0,0.308,56,0
2,97.0,82.3,26.2,68.0,32.9,0.322,21,0
2,130.1,75.8,27.3,164.5,30.6,0.312,23,1
4,93.5,75.3,17.9,97.8,24.2,0.45,34,0
4,104.6,88.0,31.2,108.5,31.9,0.228,39,1
0,88.2,72.3,17.6,165.1,18.0,0.387,21,0
0,135.7,72.4,17.6,53.2,21.1,0.555,21,0
3,96.4,76.0,25.7,143.1,22.2,0.177,45,0
1,127.4,71.2,24.9,87.5,18.0,0.233,41,0
1,117.8,87.4,29.3,93.5,33.3,0.157,66,0
2,166.2,83.3,35.2,32.6,35.6,0.166,39,1
3,117.2,85.1,18.8,86.5,26.3,0.524,48,0
1,154.8,77.6,30.7,157.8,34.2,0.211,26,1
1,140.9,73.9,29.0,87.8,21.9,0.492,27,0
0,79.1,74.3,24.5,142.7,25.0,0.084,21,0
7,97.2,79.5,13.2,129.7,25.4,0.956,27,0
1,106.3,81.1,26.6,101.5,21.3,0.08,32,0
7,132.4,76.1,25.9,119.1,30.2,0.08,63,0
2,139.8,72.5,27.1,120.9,27.0,0.552,25,0
1,135.9,84.0,19.8,54.0,24.8,1.463,85,1
3,89.6,81.3,20.3,67.5,27.9,0.08,49,0
2,114.4,85.5,25.5,53.6,32.4,0.18,45,0
4,101.6,66.3,23.7,203.6,25.3,0.417,38,0
7,126.8,77.1,21.4,150.0,39.8,1.238,35,0
4,65.0,75.6,19.4,122.8,31.3,0.08,29,0
1,114.2,82.8,24.7,133.9,29.2,0.342,21,0
0,65.0,63.6,22.0,104.9,27.9,0.554,25,0
2,80.3,80.8,29.2,92.5,37.8,0.696,73,0
3,167.2,72.1,29.7,94.0,29.3,0.085,48,1
1,169.2,86.0,26.8,209.1,26.8,0.332,73,0
1,94.2,79.4,25.6,74.1,22.5,0.264,28,0
1,130.8,77.3,22.3,134.2,29.3,0.306,22,0
6,130.4,75.9,28.1,29.5,30.7,0.388,38,0
3,158.7,79.9,22.0,286.3,36.9,0.56,26,1
4,122.9,81.2,21.4,213.5,26.4,0.276,42,0
0,81.5,74.1,23.9,61.1,28.8,0.08,21,0
1,88.8,79.2,20.3,36.7,25.9,0.807,21,0
1,127.7,76.1,16.0,89.3,30.7,0.253,44,0
2,65.0,91.5,21.1,137.4,31.0,0.209,74,0
1,65.0,76.2,22.1,71.4,24.6,0.17,45,0
2,142.1,75.2,30.8,153.5,27.8,0.08,48,0
0,199.6,79.1,22.7,157.0,28.1,0.523,39,1
2,95.0,71.3,31.1,87.4,29.3,0.904,40,0
1,109.8,74.9,30.7,44.0,33.2,0.08,21,0
1,112.4,77.7,23.8,302.6,35.9,0.471,26,0
4,122.8,82.7,21.7,186.7,19.6,0.298,63,0
1,87.6,79.8,32.3,281.8,32.7,0.531,21,0
1,111.7,68.5,24.5,133.4,22.3,0.809,32,0
3,140.5,80.8,25.2,60.5,30.6,0.403,62,0
0,96.5,72.5,24.6,59.4,29.2,0.537,40,0
1,115.3,85.7,14.1,78.6,24.0,0.246,41,0
2,148.1,79.7,28.9,131.6,35.9,0.459,32,1
2,114.0,72.3,15.9,67.5,25.0,0.217,51,0
2,65.8,75.6,27.3,62.5,32.9,0.08,56,0
3,65.0,77.7,26.4,83.6,27.7,0.372,25,0
1,78.5,76.3,19.9,187.0,18.5,0.091,21,0
1,152.9,70.3,18.1,50.7,26.8,0.236,21,0
5,106.7,79.5,25.2,64.0,31.2,0.367,47,0
1,126.1,80.4,19.1,62.8,25.8,0.252,44,0
4,156.5,84.1,17.5,128.6,22.4,0.257,85,1
3,75.1,74.3,24.7,190.2,30.8,0.08,39,0
4,200.2,72.4,23.4,74.0,26.0,0.372,36,1
3,111.7,72.5,23.0,62.3,27.0,0.204,42,0
3,132.1,77.0,17.8,82.3,20.3,0.091,43,0
3,92.4,83.2,26.5,150.7,35.5,0.306,34,0
2,84.1,81.5,30.4,117.0,36.2,0.08,26,0
1,115.8,73.7,24.2,60.8,25.1,0.755,38,0
5,95.5,81.0,24.4,100.2,23.6,0.453,37,0
2,117.9,90.0,25.2,54.4,40.7,0.195,37,1
3,65.0,80.6,21.1,134.8,29.0,0.714,53,0
4,71.0,68.5,21.9,49.9,23.0,0.629,38,0
0,98.4,74.9,23.5,80.1,28.9,0.228,21,0
4,78.6,75.7,22.6,69.6,27.7,0.167,28,0
5,212.3,74.7,29.9,119.6,34.0,0.364,34,1
0,120.8,81.4,33.1,317.1,40.2,0.183,38,0
3,123.5,86.3,24.4,88.8,27.3,0.334,47,0
4,80.1,84.4,14.7,99.5,31.4,0.672,38,0
1,92.7,69.4,16.4,104.7,25.0,0.191,21,0
1,98.9,71.8,19.3,89.2,20.6,0.188,21,0
0,151.7,79.5,21.2,180.9,27.9,0.198,49,0
3,69.6,73.9,19.2,106.2,18.0,0.208,34,0
4,104.0,82.9,34.5,71.3,41.5,0.092,40,1
1,129.1,90.7,27.8,159.7,33.2,0.444,32,1
5,65.0,68.2,29.2,227.0,29.3,0.678,28,0
3,65.0,85.0,19.9,67.9,18.0,0.627,32,0
2,70.1,76.4,25.0,51.4,28.1,0.674,40,0
2,109.1,73.8,16.1,91.9,19.7,0.669,37,0
3,100.4,83.6,23.8,45.4,31.8,0.135,56,0
1,144.8,79.4,25.2,35.3,34.2,0.363,21,1
3,65.0,72.8,25.2,40.4,27.7,0.566,21,0
4,101.7,84.0,18.3,57.5,18.5,0.533,34,0
2,152.6,78.9,23.9,32.5,19.0,0.08,47,0
2,65.0,74.7,16.0,117.2,18.5,0.142,52,0
1,111.3,77.5,22.9,176.1,23.1,0.22,28,0
0,139.0,81.0,20.7,270.6,20.9,0.384,21,1
2,160.0,75.6,17.3,39.3,24.1,0.388,29,1
3,74.9,84.3,28.7,174.8,35.6,0.297,45,0
3,126.9,81.5,28.0,182.1,24.1,0.516,37,0
4,116.3,78.2,23.1,69.7,23.8,0.624,48,0
1,81.8,81.8,20.5,44.1,28.1,0.489,62,0
3,75.6,76.9,32.3,73.4,31.1,0.156,35,0
2,74.5,78.3,27.5,173.9,33.6,0.083,30,0
0,233.8,80.0,34.5,79.1,37.8,0.614,24,1
0,152.7,73.9,25.5,61.0,23.6,0.08,21,1
0,117.2,80.8,25.5,129.3,26.4,0.479,21,0
4,88.0,75.7,20.0,59.6,18.0,0.242,27,0
3,133.0,80.0,30.3,74.3,20.9,0.339,58,1
4,76.1,78.5,26.2,57.9,26.0,0.386,50,0
0,125.4,69.3,20.5,87.2,23.4,0.261,30,0
4,141.8,89.6,17.5,91.2,22.9,0.506,85,0
4,109.8,72.9,25.3,63.4,22.1,0.307,28,0
1,95.8,82.4,21.7,101.1,32.2,0.524,65,0
0,98.5,78.7,14.1,84.5,19.6,0.134,71,0
3,146.0,80.3,33.3,323.9,35.7,0.569,46,1
3,113.5,65.5,14.7,113.4,21.4,0.315,27,0
4,168.0,78.6,20.8,82.2,35.9,1.459,31,1
3,65.0,85.0,21.6,90.3,19.9,0.498,41,0
0,74.4,67.3,22.9,93.0,20.4,0.412,21,0
0,117.7,79.4,22.4,102.7,28.6,0.257,23,0
2,129.5,79.4,24.8,83.7,27.3,0.206,22,0
4,112.8,70.5,22.2,50.4,31.9,0.381,47,0
2,159.9,83.5,17.5,201.6,22.2,0.164,62,1
2,84.8,82.5,25.7,190.8,25.4,0.178,51,0
3,115.5,77.2,19.9,241.9,27.3,0.217,57,1
2,149.7,69.9,20.2,117.5,30.5,0.358,26,1
3,172.0,77.4,27.0,119.7,30.0,0.53,32,1
2,108.5,85.2,26.5,112.7,31.8,0.473,33,0
4,200.9,88.7,26.2,35.9,34.5,0.354,46,1
3,118.0,81.2,23.5,36.7,26.8,0.338,27,0
2,169.3,92.7,30.8,181.7,35.6,0.4,56,1
4,104.0,83.0,24.2,70.4,26.6,0.354,70,0
4,110.1,79.1,16.7,59.2,28.2,0.439,47,1
1,152.5,83.3,29.7,76.1,29.5,0.164,31,0
1,141.2,64.8,29.3,80.8,27.8,0.462,25,0
1,114.4,75.5,28.3,107.5,31.5,0.115,22,0
2,81.6,66.7,32.0,65.6,29.4,1.14,21,0
5,199.0,77.7,14.1,165.8,19.3,0.27,34,1
5,106.3,82.2,14.8,48.6,18.3,0.574,33,0
4,117.3,78.1,28.7,402.7,29.3,0.492,54,1
0,65.0,76.0,15.0,118.7,22.7,0.203,28,0
1,97.1,69.2,25.9,65.7,30.1,0.725,35,0
3,143.4,77.3,25.1,68.2,18.5,0.085,42,0
2,110.4,81.9,29.6,119.5,27.0,0.274,46,0
1,199.9,76.9,18.4,89.0,23.5,0.252,52,1
3,124.3,83.5,25.7,239.3,30.2,0.572,41,0
0,96.1,74.4,13.4,117.7,21.1,0.311,21,0
2,169.8,85.0,29.1,61.9,30.4,0.353,45,0
1,193.5,69.4,23.2,140.6,33.4,0.258,27,1
0,158.1,81.3,32.6,62.0,30.0,0.103,63,0
2,119.3,75.7,29.6,135.5,29.2,0.392,38,0
2,109.1,78.9,26.4,31.9,32.8,0.249,42,0
3,65.0,82.9,24.4,29.6,32.1,0.285,85,0
0,126.4,76.9,24.6,48.6,18.0,0.352,52,0
4,127.7,75.8,25.6,129.5,33.4,0.319,44,1
4,78.5,81.6,30.4,62.8,35.9,0.166,35,0
0,117.5,70.4,24.3,64.2,30.7,0.432,21,0
2,150.8,73.8,15.1,113.8,19.9,0.369,34,1
0,106.0,69.3,28.6,36.6,20.7,0.407,24,0
1,125.4,81.4,14.4,99.3,18.0,0.08,74,0
1,65.0,78.0,34.2,62.9,33.2,1.145,45,1
0,173.3,82.3,24.5,224.9,34.6,0.08,62,1
2,93.6,66.1,28.5,86.0,29.9,0.214,28,0
2,105.5,76.1,28.1,55.3,31.8,0.421,25,0
3,123.3,77.9,24.0,24.0,25.8,0.351,50,0
0,108.7,68.3,21.6,72.2,30.4,0.795,24,0
6,145.7,74.7,20.1,58.5,27.3,0.146,30,1
2,103.2,75.4,18.5,37.8,28.9,0.197,76,0
1,96.5,83.6,21.4,45.4,28.8,0.617,31,0
0,144.9,72.7,31.2,217.3,31.2,0.838,21,0
2,65.0,70.1,19.7,88.8,22.5,0.393,21,0
1,74.2,73.6,17.0,219.6,20.7,0.32,21,0
3,122.8,83.9,33.2,90.3,35.4,0.222,64,0
2,141.8,78.5,27.3,74.2,33.4,0.102,29,1
1,142.1,81.1,21.1,122.0,31.0,0.262,85,1
8,65.0,86.0,23.4,51.9,27.9,0.329,71,1
0,99.5,80.8,17.5,88.2,22.0,0.317,84,0
2,142.5,82.5,26.8,74.5,30.0,0.08,58,0
2,82.1,75.9,22.4,302.0,22.5,0.198,49,0
1,107.5,66.7,27.5,57.4,33.2,0.259,25,0
3,129.4,77.9,16.6,89.5,20.6,0.148,37,1
2,117.1,87.6,21.8,63.6,27.5,0.547,51,1
3,130.7,89.8,25.1,97.5,31.1,0.475,56,1
1,109.5,72.0,21.8,27.2,29.8,0.279,21,1
1,133.2,69.0,27.7,115.2,32.8,0.345,34,0
3,134.0,75.8,24.5,468.4,22.4,0.109,36,0
3,142.3,85.1,22.9,180.6,30.8,0.127,35,0
0,140.5,82.8,18.1,114.4,25.7,0.533,22,1
3,146.5,79.1,15.5,72.8,28.3,0.271,79,0
1,99.5,69.7,22.8,125.7,18.0,0.08,34,0
0,101.3,66.4,26.9,187.2,33.3,0.197,23,0
2,121.5,84.8,23.5,150.0,22.0,0.142,80,0
2,177.7,78.2,27.3,79.1,29.2,0.238,71,1
1,122.3,76.4,23.5,35.2,34.9,0.702,40,0
1,168.7,74.0,30.4,34.3,39.7,0.258,21,0
2,162.4,70.3,20.4,58.3,31.7,0.769,30,0
0,162.6,67.9,14.8,48.5,30.6,0.298,21,1
1,160.2,86.7,25.6,120.7,32.3,0.132,47,0
3,84.6,84.4,18.0,76.6,24.8,0.08,29,0
4,80.5,81.4,29.4,439.8,27.5,0.611,37,0
1,87.5,85.3,23.4,61.8,32.2,1.327,77,1
1,150.8,78.7,27.9,71.0,26.3,0.642,28,0
6,106.2,82.7,13.7,137.8,18.0,0.104,46,0
5,95.8,85.1,22.6,207.7,34.3,1.01,52,0
1,101.6,85.5,21.3,111.2,31.4,0.185,63,0
1,130.3,82.4,22.8,127.3,21.1,0.544,36,1
0,92.7,80.7,17.7,117.6,21.1,0.174,34,0
10,99.0,74.6,25.7,107.7,29.3,0.109,34,0
6,105.3,85.7,36.8,137.6,47.3,0.119,44,1
1,144.4,91.2,33.7,42.5,27.8,0.573,70,1
1,65.0,78.4,22.8,100.7,24.4,0.569,33,0
2,115.3,72.3,22.6,137.6,18.0,0.159,21,0
1,103.6,86.6,24.7,34.5,29.5,0.294,55,0
0,134.5,89.2,24.4,54.6,31.2,0.13,39,0
2,111.3,78.1,21.3,124.1,25.6,0.08,47,0
1,85.6,80.2,20.6,32.9,26.6,0.162,21,0
4,183.8,74.2,21.9,48.7,25.9,0.166,29,0
3,164.4,84.9,21.7,138.8,22.0,0.369,53,1
1,122.9,72.5,19.6,172.5,22.2,0.103,21,0
3,133.9,72.1,25.2,205.9,18.0,0.328,46,0
2,91.2,76.7,19.0,109.2,21.6,0.127,37,0
2,121.7,78.2,26.7,141.1,29.7,0.08,26,0
3,200.0,76.4,18.9,92.2,22.3,0.9,25,0
0,154.7,84.1,27.0,67.3,29.8,0.201,22,0
0,81.2,79.1,22.4,323.1,18.1,0.472,38,0
3,127.9,69.5,27.8,158.7,29.6,0.409,40,1
1,117.6,80.1,16.1,34.2,24.1,0.422,31,0
3,131.7,84.2,19.1,131.4,23.9,0.371,22,0
5,172.0,91.0,17.6,116.8,34.7,0.463,45,1
1,85.9,88.6,22.7,182.8,18.0,0.517,55,0
3,108.5,71.4,22.5,23.6,30.5,0.21,49,0
0,79.0,84.2,25.0,126.7,31.8,0.306,85,0
4,121.9,78.0,25.1,56.6,25.7,0.173,34,0
7,118.4,85.3,20.5,69.2,19.7,0.736,66,0
1,181.7,86.3,23.3,244.9,27.9,0.443,27,1
2,87.8,82.2,20.2,123.1,25.0,0.437,25,0
3,144.0,79.7,24.5,253.9,33.2,0.204,39,1
1,65.0,89.2,25.6,126.1,32.3,0.434,73,0
2,176.9,86.6,18.4,167.8,27.5,0.08,33,1
1,115.9,77.3,23.6,132.5,21.6,0.08,21,0
5,119.5,79.6,19.0,63.8,26.8,0.766,55,0
2,107.9,81.1,30.1,43.7,28.3,0.592,36,0
1,130.2,89.0,28.1,79.5,26.8,0.132,43,1
9,96.0,75.3,21.9,157.1,26.2,0.08,26,0
2,119.6,84.2,26.9,140.2,24.2,0.115,39,0
0,158.2,70.0,18.7,92.8,20.5,0.852,21,0
3,102.5,80.6,20.7,34.8,26.2,0.364,80,0
2,105.3,80.5,26.3,496.0,28.2,0.538,59,0
5,106.0,89.7,21.7,80.1,27.9,0.266,39,1
1,145.7,77.5,23.9,46.7,27.3,0.52,54,0
2,110.1,81.0,17.5,80.5,18.0,0.743,27,0
2,100.7,84.7,27.9,101.7,23.1,0.507,58,0
3,120.7,78.8,31.0,127.1,34.1,0.306,32,1
3,149.0,65.0,20.0,76.5,31.4,0.095,31,0
1,73.3,78.5,18.5,86.8,26.6,0.171,23,0
2,138.9,79.7,19.0,118.3,27.9,0.795,45,0
3,126.3,73.3,21.5,110.7,21.4,0.556,38,0
1,127.7,86.4,23.7,49.7,21.6,0.596,67,0
0,115.6,70.5,24.1,61.9,23.7,0.355,22,0
3,116.0,78.4,27.4,90.9,25.8,0.08,45,0
3,137.5,85.0,25.4,25.4,24.5,0.284,62,0
1,65.4,91.6,26.7,63.7,28.3,0.176,85,0
3,89.1,84.8,17.8,122.5,27.8,0.257,41,0
3,65.0,79.9,28.9,108.5,28.7,0.133,32,0
0,173.0,72.4,25.0,72.7,18.0,0.214,40,0
1,155.3,81.6,30.7,62.2,41.6,0.677,65,1
0,65.0,76.0,23.2,42.6,29.1,0.355,65,0
2,126.6,72.6,18.1,36.4,25.5,0.08,35,0
2,108.0,79.0,22.8,39.1,25.3,0.405,65,0
2,134.0,76.6,21.1,80.2,27.5,0.424,37,0
3,125.7,82.7,28.4,30.2,24.9,0.173,54,0
3,110.4,77.7,21.3,48.4,23.3,0.203,48,0
1,113.0,76.9,21.6,48.6,27.0,0.524,31,0
1,147.6,70.3,34.0,120.7,32.2,0.083,24,0
0,96.0,82.3,19.1,56.4,27.0,0.119,63,0
3,102.7,89.4,24.6,103.5,28.5,0.361,70,0
3,135.7,85.5,29.2,91.8,32.9,0.654,45,0
1,142.4,73.3,24.7,164.6,32.0,0.38,37,0
0,124.4,77.0,27.1,183.8,36.8,0.202,21,0
4,99.6,79.3,21.6,49.7,19.1,0.08,62,0
3,65.0,72.4,14.0,126.7,22.5,0.432,42,0
3,65.0,74.2,19.5,134.8,22.8,0.389,33,0
1,108.5,80.9,18.9,75.5,18.0,0.209,55,0
1,120.3,70.6,21.3,96.5,23.2,0.099,21,0
0,103.7,81.0,23.8,130.1,31.2,0.567,23,0
1,81.4,81.0,30.8,126.0,35.0,0.306,27,0
4,76.4,80.4,32.7,56.6,29.6,0.168,47,0
3,120.2,80.4,26.1,68.8,37.9,0.08,41,0
2,158.4,83.8,21.3,68.3,23.0,0.368,49,0
4,91.2,69.8,25.0,58.5,31.9,0.119,60,0
2,114.2,84.2,27.3,249.0,31.2,0.186,50,0
3,92.3,87.1,28.7,157.0,28.6,0.092,81,0
3,134.3,82.6,24.5,122.4,26.9,0.778,60,0
3,111.0,73.3,25.3,77.6,26.0,0.523,35,0
6,146.6,82.2,27.8,91.3,32.1,0.481,29,0
2,118.8,75.0,17.2,205.1,30.1,1.64,36,1
6,118.8,85.2,30.5,122.5,29.3,0.168,51,0
1,87.7,78.5,24.4,43.9,30.5,0.353,30,0
4,88.2,86.7,19.5,187.6,27.1,0.268,52,0
4,129.7,85.3,23.1,77.9,31.9,0.7,49,1
1,122.4,78.3,23.1,37.7,23.7,0.421,23,0
4,179.4,73.9,26.3,77.3,28.1,0.454,59,1
3,79.9,75.1,25.9,59.3,27.3,0.327,44,0
0,146.7,78.4,23.7,42.8,26.4,0.08,79,1
2,119.2,74.7,23.5,62.6,27.9,0.616,37,1
2,83.8,77.9,17.9,96.9,24.3,0.08,32,0
1,65.0,76.0,32.4,29.9,41.6,0.404,22,0
1,94.7,78.7,31.4,104.6,34.0,0.339,22,0
5,98.7,77.7,24.4,66.3,33.9,0.08,56,0
4,98.6,86.4,25.1,142.3,31.0,0.198,75,0
2,143.9,72.7,18.7,113.3,32.8,0.363,36,0
1,100.3,74.7,22.3,37.7,32.7,0.16,34,0
6,123.7,82.6,25.0,81.1,26.1,0.292,39,0
1,70.4,90.3,22.6,210.6,26.0,0.227,61,0
0,127.4,78.0,24.7,58.1,23.2,0.299,23,0
2,73.4,77.3,22.8,133.4,31.4,0.404,42,0
2,136.6,79.6,21.8,123.8,18.2,0.817,57,0
5,145.9,82.4,23.3,92.9,29.7,0.495,47,1
1,67.0,75.1,20.3,61.0,25.7,0.407,21,0
1,176.5,76.6,14.1,144.1,18.5,0.352,50,0
2,100.4,77.0,27.3,106.0,29.0,0.541,47,0
3,126.6,78.5,18.1,48.6,26.0,0.132,66,1
3,139.5,77.9,26.4,54.0,29.7,0.26,73,1
5,93.4,75.6,14.7,161.8,24.7,0.408,65,0
7,92.6,83.9,19.6,85.2,19.6,0.33,39,0
2,101.4,69.8,31.6,40.4,26.7,0.3,21,0
0,129.6,83.1,19.8,106.5,22.7,0.302,85,1
3,133.7,70.7,7.6,75.7,18.0,0.131,34,0
2,159.7,77.0,25.6,61.2,32.2,1.075,38,1
0,154.8,84.6,17.2,103.9,24.2,0.149,75,1
2,154.4,83.9,28.2,223.5,26.7,0.172,26,1
3,143.0,80.4,20.6,101.8,18.0,0.173,21,0
3,140.5,72.0,29.0,75.3,25.2,0.513,30,1
0,102.1,78.4,25.5,44.8,31.4,0.517,27,0
0,97.3,74.7,15.7,73.7,18.0,0.298,21,0
2,65.6,77.1,27.1,112.5,26.7,0.444,36,0
0,159.8,74.4,25.7,147.2,23.6,0.923,39,0
0,116.5,79.8,23.6,145.8,31.5,0.491,21,1
0,125.7,76.6,21.7,78.4,24.9,0.285,32,0
1,65.0,82.3,24.7,72.3,30.1,0.523,26,0
0,93.9,77.3,27.4,100.8,30.9,0.235,21,0
4,146.2,79.7,22.5,94.1,25.7,0.399,39,0
1,125.6,81.3,23.5,299.8,30.2,0.355,41,1
1,93.8,83.4,21.3,121.8,26.1,0.333,26,0
5,111.2,83.4,21.7,320.4,29.4,0.163,59,0
7,178.3,72.5,19.1,59.0,22.3,0.738,38,0
2,107.5,74.1,22.8,118.6,22.3,0.112,26,0
0,118.9,78.6,17.7,160.2,21.1,1.018,21,0
3,114.8,81.2,18.5,39.6,28.9,0.508,42,0
4,121.7,90.9,23.2,80.9,34.1,0.146,47,0
2,153.5,86.0,24.0,52.0,32.8,0.122,30,0
3,194.4,86.3,22.4,102.1,26.2,0.59,40,1
1,162.3,93.7,19.5,117.8,26.6,0.485,73,1
2,122.5,83.9,21.7,64.3,32.0,1.305,55,0
1,153.2,73.4,31.9,67.8,34.7,0.267,21,1
2,67.2,80.2,22.7,75.6,18.0,0.504,26,0
1,114.4,75.0,24.4,100.6,24.7,1.222,35,0
0,92.6,72.2,24.1,209.1,28.4,0.143,39,0
0,96.8,82.5,21.0,258.0,27.3,0.305,40,0
1,145.7,82.7,20.3,80.2,27.1,0.673,46,1
1,158.7,74.3,32.2,49.0,38.0,0.329,36,1
1,72.4,78.7,25.8,121.3,22.9,0.491,38,0
4,109.4,81.2,22.4,63.3,24.1,0.444,56,0
2,94.1,78.9,21.3,72.5,22.2,0.551,43,0
2,136.4,76.3,20.4,69.3,18.8,1.094,21,0
1,150.6,84.3,21.9,161.8,23.8,0.204,39,1
3,187.5,80.0,29.1,69.8,22.3,0.191,35,1
1,153.3,70.6,29.7,64.7,25.9,0.235,21,0
3,151.7,77.4,30.2,120.0,32.3,0.699,40,1
2,83.0,75.7,18.8,61.3,23.7,0.106,22,0
3,93.4,77.1,25.5,83.3,32.1,0.08,57,0
3,116.8,77.9,30.2,214.2,32.6,0.605,45,0
1,197.2,73.7,24.1,52.1,27.0,1.019,21,0
5,117.4,79.1,28.5,95.7,30.2,0.515,56,0
2,160.8,80.1,29.1,51.8,32.1,0.328,67,1
2,101.6,67.8,17.8,226.5,25.5,0.317,33,0
4,114.2,73.9,21.3,36.3,26.3,0.144,35,0
1,114.3,81.2,30.6,72.1,29.5,0.439,53,0
2,99.2,91.2,26.3,149.0,30.0,0.198,65,0
1,137.0,76.2,27.7,64.8,27.2,0.337,21,0
2,73.6,73.4,15.3,42.5,31.6,0.47,21,0
3,65.0,77.1,18.7,31.9,26.5,0.229,31,0
3,106.6,71.8,25.7,119.2,30.5,0.223,32,0
1,132.6,84.4,24.5,71.8,29.6,0.526,52,0
1,90.7,86.3,19.3,145.3,24.0,0.08,65,0
0,189.4,89.1,19.4,86.9,35.0,0.093,67,1
3,114.9,71.3,33.7,62.9,32.7,0.219,21,0
3,117.5,73.5,20.9,115.3,21.7,0.175,25,1
0,82.9,72.9,24.6,50.7,31.2,0.08,21,0
3,135.1,74.5,22.2,104.1,25.7,0.988,28,0
3,147.8,75.0,31.3,53.8,31.7,0.243,25,0
5,121.4,81.7,30.4,73.1,33.5,0.231,45,0
0,125.0,82.8,27.8,61.5,30.5,0.352,48,0
7,122.8,74.8,26.8,155.6,34.0,0.518,37,0
0,86.1,71.8,26.8,200.0,30.6,0.277,36,1
6,161.1,75.2,17.9,174.8,25.2,1.147,31,1
3,105.0,76.2,22.9,184.0,18.0,0.153,33,0
2,170.3,74.4,23.9,127.4,21.1,0.196,72,1
2,76.4,81.1,19.4,62.2,24.2,0.329,51,0
3,144.0,66.1,21.5,77.2,30.2,0.294,32,0
1,121.0,83.0,18.3,95.5,20.5,0.927,36,0
4,117.9,77.4,23.4,117.6,19.9,0.598,46,0
0,96.1,70.8,21.9,154.5,25.1,0.413,21,0
2,136.4,74.4,29.2,96.0,25.7,0.723,40,0
2,132.2,75.5,27.3,121.4,27.9,0.098,49,0
3,172.2,79.1,29.4,164.7,34.4,0.083,47,1
2,136.4,75.3,34.9,99.4,24.6,0.107,25,0
2,101.9,74.2,29.6,95.0,26.5,0.175,28,1
1,101.2,76.1,19.6,112.5,32.2,0.243,21,0
1,125.4,77.4,23.0,85.1,22.3,0.08,52,0
0,162.5,89.4,29.1,107.3,33.7,0.082,85,1
0,127.4,80.1,13.3,74.8,21.9,0.28,24,0
2,147.7,76.8,27.3,67.2,25.0,0.465,60,0
0,124.5,90.5,18.4,27.3,23.4,0.284,82,0
3,65.0,79.1,19.1,101.7,36.0,0.474,30,0
6,129.5,82.0,28.9,42.7,28.0,0.489,36,1
3,108.8,81.0,27.7,129.2,26.4,0.263,42,0
2,154.3,87.3,16.3,65.6,20.8,0.12,46,1
3,167.9,79.2,20.7,130.2,33.8,0.246,43,0
4,172.7,81.2,21.5,164.5,31.9,0.139,31,0
2,109.5,80.2,19.3,70.2,23.7,0.154,49,0
1,99.9,81.0,23.9,72.7,27.5,0.316,31,0
2,104.8,81.7,23.3,59.9,29.6,0.335,44,0
4,111.3,81.7,22.6,48.0,29.2,0.08,37,0
0,120.3,69.6,23.9,48.1,24.8,0.369,21,0
2,85.5,83.7,22.7,65.8,35.8,0.08,64,0
2,115.7,78.3,19.9,69.6,26.2,0.217,28,1
0,65.0,82.1,24.7,133.8,26.4,0.08,66,0
0,183.8,82.9,29.6,67.3,32.8,0.255,59,0
1,107.6,72.7,16.7,91.8,31.5,0.109,41,0
1,101.4,82.5,28.6,244.9,32.5,0.591,47,0
3,132.4,82.8,25.7,234.9,37.8,0.513,50,1
5,141.8,70.3,16.7,55.6,23.8,0.332,34,0
1,65.0,77.5,23.8,194.6,28.3,0.948,35,0
3,93.0,80.7,20.1,67.5,23.0,0.257,49,0
4,160.5,75.8,18.9,90.4,24.6,0.354,37,0
2,143.0,76.6,15.8,78.1,23.1,0.645,31,0
2,77.5,68.5,16.8,200.5,27.0,0.089,26,0
1,153.0,89.3,30.1,202.0,31.9,0.488,45,1
6,139.2,73.0,18.8,27.2,25.5,0.909,28,0
6,89.1,94.3,27.4,169.3,28.3,0.12,54,0
3,114.8,77.5,19.3,112.2,22.6,0.457,56,1
3,65.0,71.9,22.3,211.5,23.4,0.486,47,0
4,141.0,79.6,22.1,76.5,19.9,0.413,51,0
3,164.3,76.8,26.6,175.1,25.6,0.189,47,1
1,104.1,73.9,26.0,109.3,26.6,1.035,53,0
5,114.8,77.5,26.0,47.9,27.2,0.392,52,0
1,128.5,73.0,21.2,78.4,23.3,0.374,44,0
1,107.7,78.3,26.1,120.6,29.2,0.259,59,0
4,65.0,80.5,23.0,135.3,26.3,0.214,35,0
1,149.5,79.6,21.1,102.0,22.8,0.382,26,0
2,153.6,70.6,20.4,165.7,28.1,0.852,25,0
3,136.9,77.7,19.0,93.1,27.9,0.105,32,0
2,159.7,69.6,24.8,112.1,26.7,0.474,21,1
2,110.8,82.1,29.4,79.2,33.5,0.744,41,0
1,129.2,83.5,24.0,41.1,29.6,0.396,50,0
4,92.6,87.7,40.6,35.3,42.0,0.313,56,0
2,87.0,72.5,19.3,49.6,25.1,0.863,21,0
2,73.3,80.0,25.6,164.7,27.9,0.524,26,0
2,126.0,79.0,16.4,140.3,21.1,0.319,54,0
5,117.8,82.3,19.8,174.2,24.8,0.233,34,0
0,150.2,70.5,26.0,104.3,18.0,0.357,49,0
0,65.0,70.6,22.3,117.7,30.1,0.335,21,0
0,123.4,87.2,26.9,148.7,32.7,0.373,66,0
1,170.2,62.7,26.3,105.8,26.0,0.393,21,0
0,118.8,61.6,17.6,85.7,18.4,0.095,21,0
3,143.8,90.8,28.2,55.0,39.3,0.235,41,0
3,190.0,80.5,24.4,78.3,25.1,0.436,41,1
1,158.7,75.2,32.1,171.9,24.8,0.546,29,0
2,69.4,80.2,23.3,133.2,31.7,1.261,46,0
1,105.0,85.2,22.1,110.7,22.1,0.353,47,0
6,126.5,73.6,25.1,62.3,23.5,0.533,45,0
2,112.9,77.5,22.2,50.8,31.2,0.261,29,0
3,157.0,84.6,25.8,230.0,34.6,0.386,27,1
2,114.4,80.8,22.6,56.0,26.1,0.08,31,1
1,112.7,64.7,20.8,97.2,19.6,0.227,25,0
4,149.7,77.6,28.3,247.2,32.6,0.329,60,1
3,69.9,85.9,27.1,68.5,18.0,0.287,32,0
1,130.6,84.6,24.7,54.6,30.2,0.869,40,0
7,94.8,80.3,23.7,215.5,20.1,0.211,53,1
1,139.8,77.6,22.9,116.4,25.5,0.08,24,0
2,103.3,71.8,23.5,172.9,29.2,0.08,21,0
1,131.4,74.3,21.3,128.4,22.1,0.084,25,0
1,97.5,75.1,20.8,124.3,25.0,0.443,42,0
2,65.0,76.9,20.5,26.7,25.1,0.299,41,0
1,126.5,88.8,22.7,70.2,26.8,0.703,44,0
1,73.4,79.4,23.6,27.4,28.4,0.156,36,0
0,162.9,76.2,18.2,162.2,27.5,0.234,21,1
2,133.0,75.6,19.6,146.1,27.6,0.518,35,0
3,138.2,87.4,31.7,57.8,33.4,0.285,57,0
1,105.9,84.0,32.7,42.8,35.4,0.239,63,0
0,114.4,74.4,25.5,98.2,30.1,0.964,39,1
5,65.0,73.6,25.3,85.9,29.1,0.48,41,0
3,127.6,76.2,19.1,58.6,19.1,0.101,49,1
5,78.5,82.6,21.9,67.4,18.0,0.916,62,0
4,125.1,69.2,24.9,117.4,25.6,0.144,37,0
6,79.9,91.1,27.9,326.9,35.9,0.65,49,0
0,134.7,72.6,30.8,93.1,26.1,0.576,29,0
0,120.8,74.0,25.5,175.9,31.4,0.477,21,0
4,72.9,78.3,19.6,62.9,26.4,0.396,30,0
1,158.2,78.5,25.4,113.7,28.4,0.174,68,1
2,108.7,81.5,27.9,169.3,24.0,0.107,49,0
0,86.8,73.9,20.7,96.4,31.7,0.504,21,0
1,148.2,77.3,24.1,500.0,27.6,0.18,50,0
0,97.4,74.5,19.3,72.8,23.2,0.157,22,0
3,109.6,72.8,16.7,169.3,18.8,0.758,44,0
1,164.0,73.8,30.4,226.5,31.7,0.887,24,1
0,127.7,78.4,30.7,203.4,29.5,0.479,21,0
1,134.8,85.1,22.4,77.8,28.6,0.395,74,0
2,111.4,78.4,32.3,175.5,22.7,0.08,32,0
1,93.8,86.8,28.9,46.4,31.7,0.38,49,0
1,104.4,78.8,25.9,124.5,23.6,0.419,38,0
1,65.0,83.8,29.4,36.3,32.5,0.219,23,0
1,136.5,84.3,24.0,83.7,22.4,0.124,34,0
0,133.9,80.7,19.5,99.4,20.7,0.368,23,0
4,67.4,78.9,19.0,289.7,27.4,0.52,85,1
4,127.1,85.3,29.3,79.5,31.2,0.117,53,1
2,65.0,79.6,29.2,101.9,31.8,0.08,38,0
1,183.3,76.2,29.4,131.2,28.6,0.536,48,1
5,96.7,82.3,24.7,134.4,33.8,0.539,51,0
1,98.5,85.0,20.7,263.8,29.0,0.644,51,1
3,138.8,70.5,21.8,69.6,28.0,0.142,50,1
1,129.9,70.1,19.8,92.0,18.0,0.544,49,0
2,66.0,73.7,19.5,238.3,21.8,0.087,39,0
1,116.5,90.4,30.9,64.0,33.3,0.326,71,0
3,128.7,77.8,25.3,297.9,22.3,0.143,40,0
0,88.3,78.2,22.1,100.8,25.9,0.283,38,0
1,140.3,75.4,26.6,56.0,25.3,0.974,40,0
5,74.2,69.9,13.6,192.1,21.8,0.316,42,1
1,134.2,73.2,17.5,83.7,24.1,0.261,21,0
2,67.2,78.0,25.2,159.8,27.2,0.396,25,0
3,101.4,71.0,19.4,56.6,21.1,0.13,36,0
1,65.0,78.4,22.6,92.6,25.5,0.096,21,0
5,140.6,79.0,24.4,74.6,23.6,0.193,38,0
5,155.0,77.6,24.8,91.1,28.1,0.274,41,0
1,169.6,82.3,22.3,49.1,32.4,0.159,21,1
2,101.8,78.1,31.6,69.4,35.1,0.296,28,0
2,90.3,80.0,25.1,93.4,28.0,0.08,64,0
1,147.5,81.8,23.3,220.2,21.9,0.446,48,1
2,116.9,82.9,26.0,60.2,35.3,0.431,47,0
4,94.5,79.1,17.5,121.5,29.6,0.359,61,0
4,94.2,72.3,27.8,60.0,24.4,0.452,25,0
0,115.9,79.2,24.7,52.8,25.7,0.53,21,0
2,154.1,77.6,24.2,117.3,23.8,0.501,57,0
2,81.2,73.9,28.0,90.5,31.5,0.156,36,0
3,157.2,77.8,23.8,119.5,32.9,0.503,25,0
1,109.2,92.6,21.4,77.6,29.3,0.45,85,0
0,153.9,76.2,31.2,62.8,33.5,1.087,21,1
5,108.4,85.3,22.5,38.7,27.1,0.39,41,1
2,141.8,82.1,24.1,108.2,40.4,0.207,34,1
4,88.4,73.5,20.6,228.0,26.8,0.291,31,1
1,128.6,76.9,24.6,152.2,18.0,0.522,21,0
2,135.9,96.0,21.5,67.1,32.5,0.503,71,1
1,65.0,69.7,21.2,54.1,25.3,0.251,21,0
5,167.4,77.1,22.4,77.0,33.4,0.412,33,1
1,68.5,86.5,28.1,84.1,29.1,0.157,30,0
3,149.7,79.1,23.2,86.9,23.7,0.42,48,0
1,99.2,77.3,17.8,120.1,27.0,0.08,21,0
1,139.6,87.4,17.3,45.8,19.5,0.247,46,1
1,128.6,76.2,13.8,105.5,23.3,0.27,41,0
1,103.9,79.6,19.1,95.3,29.3,0.223,27,1
3,86.7,80.0,27.0,71.2,31.7,0.212,45,0
2,107.1,78.0,26.5,128.1,31.9,0.516,38,0
3,99.6,81.0,23.6,187.7,24.1,0.379,78,1
0,126.8,84.2,23.6,184.8,33.4,0.174,34,0
0,117.7,73.1,27.5,99.4,27.6,0.5,23,0
8,89.5,82.4,23.4,46.5,30.7,0.186,46,0
7,75.7,76.6,27.3,76.7,33.4,0.302,32,0
2,101.8,72.4,29.6,92.2,28.9,1.193,37,0
0,112.4,72.7,31.1,120.7,22.4,0.857,21,0
4,90.9,89.8,20.8,104.7,34.0,0.241,49,0
1,127.2,74.5,26.9,88.2,29.9,0.189,30,1
4,107.9,77.9,27.3,115.2,29.8,0.651,42,0
0,146.5,81.8,19.2,52.6,20.9,0.474,85,0
1,127.0,79.4,23.2,99.1,34.1,0.263,33,0
4,134.1,83.6,22.3,53.9,29.9,0.831,52,0
4,96.7,74.6,12.5,37.6,20.1,1.457,34,0
2,156.1,71.8,25.2,49.6,26.3,0.358,27,0
1,123.2,82.6,22.8,40.6,27.1,0.484,65,1
1,157.1,75.3,17.1,91.4,27.8,0.201,21,0
2,143.0,73.7,17.4,42.3,26.4,0.328,58,0
0,108.5,75.5,19.6,127.4,27.6,0.424,21,0
2,95.6,86.9,27.0,100.3,32.7,1.041,55,0
2,118.3,72.8,23.1,124.2,27.1,1.151,38,0
0,105.8,73.7,22.5,111.1,24.5,0.335,23,0
3,92.5,77.9,25.1,232.2,28.3,0.08,31,0
0,81.1,76.7,26.1,126.9,33.5,0.08,50,0
3,176.6,80.6,29.6,74.2,31.6,0.216,83,1
1,71.7,70.1,19.0,99.4,18.0,0.412,21,0
1,65.0,71.0,17.9,63.5,20.3,0.476,24,0
2,127.3,76.4,19.7,85.1,18.0,0.475,21,1
3,91.9,68.1,24.4,85.2,29.9,0.163,34,0
3,105.5,86.5,28.4,106.0,33.5,0.104,56,0
1,71.2,70.3,22.5,53.2,27.2,0.27,21,0
2,128.0,80.1,26.4,93.8,28.2,0.325,37,0
2,124.1,86.2,20.9,126.4,22.1,0.086,55,0
6,145.4,89.6,19.8,216.4,33.5,0.297,31,0
0,132.7,72.1,20.7,95.6,23.3,0.478,21,0
1,105.7,80.1,30.5,95.7,33.5,0.397,41,0
3,65.0,77.9,23.9,78.1,24.2,0.719,63,0
0,89.5,77.7,28.6,246.7,36.4,0.202,22,0
2,87.8,76.6,18.3,113.3,19.7,0.794,21,0
1,79.7,68.8,19.4,75.4,21.7,0.538,43,0
2,156.4,86.4,30.2,101.2,34.0,0.106,44,1
2,159.5,77.6,27.4,126.7,33.8,0.08,30,0
4,98.6,68.4,21.9,116.8,26.0,0.582,27,0
2,140.9,80.7,18.0,49.0,20.0,0.284,38,0
1,123.3,81.0,24.1,187.9,18.0,0.239,22,0
1,96.3,81.6,24.3,135.4,35.2,0.392,22,0
4,118.0,85.3,21.1,51.9,29.8,0.123,50,0
0,65.0,68.6,25.4,58.2,28.4,1.317,21,0
0,65.0,76.5,14.9,37.1,23.7,0.735,21,0
2,128.5,74.2,23.5,53.0,25.4,0.08,27,0
3,145.2,75.6,23.6,127.0,32.3,0.361,30,1
4,144.0,81.0,17.5,56.6,21.3,0.291,46,0
3,81.3,74.9,28.8,34.5,32.2,0.896,28,0
2,143.2,83.8,26.5,96.4,31.1,0.304,68,0
5,136.2,84.8,29.6,59.2,36.2,0.321,39,0
0,129.7,84.2,25.0,244.1,30.4,0.08,25,1
5,110.5,80.2,32.7,89.0,32.3,0.756,45,1
2,98.2,82.8,19.0,333.8,19.7,0.29,67,0
2,138.5,75.0,26.6,73.0,26.2,0.162,50,0
1,140.5,73.7,21.6,67.7,27.0,0.62,21,0
2,108.3,90.0,21.1,63.5,29.6,0.138,31,0
2,128.7,79.6,12.6,123.7,28.1,0.549,42,1
1,129.8,84.8,27.8,65.1,33.0,0.339,49,1
3,111.7,74.2,20.6,59.0,28.3,0.08,34,0
5,92.8,87.4,20.1,50.4,22.7,0.295,32,0
3,117.3,80.5,13.7,71.8,21.9,0.08,78,0
3,142.7,77.8,25.0,85.7,35.8,0.579,50,0
1,87.3,75.9,30.3,136.6,29.1,0.611,45,0
2,152.1,78.9,22.2,86.6,28.2,0.103,28,0
0,91.5,66.6,25.0,48.4,28.9,0.121,21,0
1,173.2,81.4,23.3,58.7,28.6,0.735,45,1
1,140.6,81.1,21.4,50.8,25.8,0.12,52,0
2,100.9,73.3,26.2,161.8,30.8,0.227,37,0
1,71.7,77.1,27.7,155.1,33.1,0.438,50,0
4,97.4,77.8,20.1,75.3,32.2,0.15,51,0
5,105.2,86.1,18.6,55.9,27.3,0.084,54,0
1,104.4,87.3,15.4,83.5,21.7,0.104,21,0
4,93.5,74.1,20.8,90.9,20.4,0.865,31,0
3,116.1,85.7,27.9,38.5,32.8,0.143,47,0
3,112.1,80.1,20.0,97.0,24.8,0.08,38,0
3,89.8,74.5,18.7,41.3,28.3,0.405,51,0
2,148.8,75.4,22.7,55.2,22.7,0.147,45,0
0,150.9,77.4,19.9,73.3,28.6,0.282,21,0
2,115.5,89.8,29.8,84.9,33.6,0.156,60,1
5,145.3,78.6,26.6,47.9,34.6,0.26,30,0
1,135.5,76.6,17.4,57.7,19.9,0.395,24,0
1,95.7,86.2,25.8,97.8,31.4,0.54,59,0
3,128.9,71.9,25.0,84.1,22.6,0.599,49,0
0,86.8,71.3,33.1,236.7,37.2,0.482,62,1
4,84.9,83.9,20.7,55.2,38.2,0.08,42,0
4,134.5,81.6,25.7,91.2,29.6,0.467,31,1
2,131.4,72.0,27.8,47.5,28.0,0.372,40,0
0,129.4,85.7,23.1,184.8,26.5,0.355,22,0
0,119.5,75.6,26.7,200.3,35.7,0.861,21,0
1,65.0,79.0,22.3,141.8,28.4,0.912,27,0
1,67.1,84.7,19.7,221.2,29.1,0.66,71,0
3,127.0,81.3,27.1,92.5,26.2,0.803,29,0
0,138.5,73.4,30.4,54.3,27.7,0.323,21,0
1,92.2,80.4,32.6,57.6,30.4,0.197,35,0
2,169.3,70.4,22.7,24.1,29.9,0.375,29,1
3,94.5,83.4,24.9,23.8,32.4,0.389,60,0
3,153.0,79.2,21.7,139.2,28.8,0.228,68,0
3,65.0,84.1,25.7,53.0,26.7,0.513,31,1
2,88.3,86.2,29.2,43.5,29.3,0.345,42,0
7,126.1,76.4,20.9,264.7,28.8,0.791,44,1
2,104.9,80.6,20.7,90.0,23.6,0.278,36,0
2,141.4,72.1,15.7,160.1,18.0,0.802,33,0
0,123.4,73.3,19.1,84.9,22.2,0.696,24,1
0,161.2,66.7,19.8,62.3,20.6,0.28,21,1
0,99.0,65.6,25.5,396.4,32.4,0.258,23,0
3,80.0,78.4,22.8,67.3,22.4,0.08,36,0
1,107.8,75.0,24.7,123.0,35.4,0.148,21,0
1,101.9,75.0,23.9,86.7,23.4,0.389,41,0
5,93.5,77.4,22.9,155.5,30.8,0.111,39,0
0,87.2,75.1,32.7,190.1,38.0,0.36,29,0
0,69.2,78.2,19.8,57.2,30.8,0.582,33,0
0,156.4,70.2,28.0,83.9,38.1,0.246,21,0
4,67.5,79.7,23.7,29.9,22.3,0.283,54,0
1,112.3,82.7,28.5,80.6,34.1,0.482,53,1
2,119.1,74.3,26.7,156.8,23.6,0.409,21,0
0,126.5,72.6,29.3,157.2,32.9,0.184,21,0
1,113.5,75.1,26.3,246.9,27.2,0.09,24,0
2,69.0,80.3,25.8,136.5,28.8,0.291,48,0
3,89.6,80.2,27.0,71.3,27.4,0.08,44,0
6,113.3,83.9,28.5,83.7,25.8,0.605,59,0
1,114.8,74.3,30.1,54.4,28.2,0.523,61,0
1,76.6,76.9,27.4,57.3,29.9,0.578,21,0
0,135.1,73.9,21.6,180.9,19.2,0.529,47,0
0,86.1,82.8,24.6,59.5,26.0,0.507,60,1
1,168.5,79.0,25.2,79.5,31.1,0.96,32,0
3,65.0,77.0,25.9,140.0,28.4,0.248,37,0
5,132.1,75.1,25.4,95.7,32.8,0.225,34,0
3,119.5,69.3,14.9,68.1,19.4,0.08,35,0
3,109.3,78.6,20.8,48.9,29.2,0.151,54,0
6,134.8,79.8,27.7,62.5,31.7,0.08,76,1
4,91.7,79.5,24.4,68.8,25.9,0.18,67,0
1,104.7,66.5,20.9,71.2,25.4,0.247,29,0
1,80.1,76.8,33.8,155.7,34.9,0.597,42,1
1,157.7,70.7,20.6,228.5,18.0,0.628,25,1
1,97.6,71.9,30.8,33.9,24.8,0.403,27,0
1,96.5,72.4,17.2,16.5,24.4,0.684,36,0
5,156.8,83.2,24.3,359.3,30.9,0.348,26,1
2,65.0,81.5,26.3,105.4,33.1,0.189,28,0
4,167.9,74.6,32.9,117.8,33.4,0.195,42,0
6,111.6,76.6,26.3,149.3,24.1,0.135,47,1
0,147.4,89.1,22.6,42.8,28.9,1.19,46,0
1,131.6,72.6,13.8,84.6,24.6,0.133,46,0
0,65.0,79.2,31.7,140.1,33.2,0.836,21,0
2,136.4,74.3,24.8,113.1,29.0,0.59,26,0
3,80.8,75.8,27.6,96.0,27.1,0.08,38,0
5,107.2,79.1,17.2,54.5,28.6,0.371,59,0
3,169.3,93.1,24.8,145.5,32.6,0.906,85,1
5,97.0,75.8,23.1,120.7,29.3,0.221,43,0
2,150.8,86.6,22.3,99.2,25.9,0.508,51,0
0,84.1,78.1,23.6,186.6,26.4,0.181,21,0
2,162.1,75.8,29.6,66.0,31.5,0.142,51,0
3,111.2,81.5,18.5,215.2,21.9,0.376,83,1
2,129.1,76.8,22.2,67.7,32.7,0.346,26,0
1,111.9,69.8,17.7,76.6,18.0,0.463,29,0
2,115.8,85.5,24.1,100.9,27.9,0.08,54,0
3,71.6,78.7,29.8,50.1,23.8,0.08,38,0
1,98.6,77.1,32.8,37.5,43.2,0.449,21,0
2,91.8,81.1,18.6,41.8,18.0,0.419,29,0
2,73.1,81.2,18.2,68.1,25.7,0.132,68,0
5,117.5,80.8,18.1,60.6,23.7,0.309,33,0
2,159.9,74.4,23.8,132.2,32.1,0.452,33,1
4,86.5,79.2,28.0,72.1,34.4,0.093,53,0
3,168.6,81.7,26.4,51.3,26.9,0.352,44,1
0,110.5,71.8,22.2,181.9,18.0,0.533,32,0
2,100.5,76.1,29.8,41.0,38.0,0.483,28,1
3,106.4,90.7,29.2,100.4,33.0,0.325,85,0
0,186.9,87.7,31.6,155.7,37.5,0.222,63,1
0,127.0,79.2,27.5,191.9,26.7,1.082,46,0
4,127.0,73.0,22.1,47.8,29.3,0.613,48,0
3,134.6,81.8,26.2,239.3,24.6,0.08,35,0
2,72.8,69.7,19.5,61.7,18.0,0.179,43,0
2,150.3,86.6,21.7,87.8,25.2,0.246,34,1
2,88.5,81.4,19.8,162.1,22.6,0.28,24,0
2,84.6,86.8,23.7,50.2,27.0,0.347,44,0
2,100.1,73.9,20.5,76.5,18.8,0.128,32,0
3,107.3,84.9,29.8,120.2,31.0,0.241,45,0
1,115.1,90.1,23.6,126.1,29.4,0.255,49,0
3,105.2,80.8,24.6,196.5,18.0,0.407,46,1
1,97.4,73.4,11.7,60.6,18.0,0.11,24,0
2,94.0,75.7,17.0,121.3,22.8,0.085,31,0
2,116.1,80.8,27.4,101.6,32.0,0.443,32,0
4,65.0,79.7,34.4,112.0,39.2,0.08,57,0
3,115.8,80.7,27.2,57.0,21.8,0.237,56,0
3,155.7,68.8,23.6,62.1,24.4,0.395,26,1
1,124.9,64.7,21.4,51.4,20.5,0.259,21,0
4,138.7,84.8,25.8,214.7,26.3,0.097,85,1
1,159.1,77.8,22.3,64.9,26.4,0.53,45,0
0,135.0,78.5,23.2,135.1,32.9,0.501,21,0
3,96.4,73.2,17.2,188.3,19.4,0.421,28,0
2,99.1,79.2,32.6,92.2,33.0,0.172,58,0
1,118.6,86.7,18.4,43.2,31.7,0.427,85,0
1,75.6,87.5,21.8,194.6,24.3,0.347,80,0
3,195.8,78.4,19.4,141.0,23.3,0.271,44,1
0,115.2,71.5,27.3,53.0,26.1,0.24,37,0
0,163.0,72.1,26.0,73.0,23.3,0.317,22,0
7,109.7,77.0,21.3,41.3,25.6,0.631,39,0
1,117.3,76.5,22.2,34.0,18.0,0.585,24,0
4,113.6,78.7,21.5,197.6,25.7,0.595,31,0
2,155.8,79.2,22.5,40.1,25.3,0.219,54,1
4,194.5,79.6,25.4,363.8,28.3,0.215,33,1
2,68.2,84.8,27.6,87.2,34.5,0.391,32,0
6,107.2,82.8,27.5,99.5,26.5,0.245,36,0
1,128.6,80.8,19.2,121.9,22.1,1.103,85,1
0,65.0,67.5,14.1,40.9,18.0,0.209,21,0
5,94.9,76.0,29.0,43.8,30.6,0.995,42,0
4,128.6,77.9,24.9,60.3,28.8,0.228,77,0
2,99.2,76.2,27.7,59.3,26.9,0.448,36,0
2,115.8,81.9,29.8,30.0,28.4,0.183,63,0
1,131.0,75.2,22.8,110.6,32.1,0.392,21,0
2,98.3,70.6,30.8,93.9,29.2,0.803,34,0
3,84.4,72.1,22.0,118.3,29.2,0.43,25,0
3,83.4,84.5,32.3,104.2,35.4,0.582,36,1
2,65.0,77.1,30.8,41.2,27.8,0.221,37,0
3,132.3,75.3,25.6,103.7,23.8,0.438,38,0
5,109.8,81.8,25.5,73.2,34.7,0.877,54,1
0,153.7,75.4,22.1,66.0,24.4,0.522,21,0
3,135.6,69.5,17.5,251.3,20.8,0.221,28,0
4,117.5,73.1,26.2,96.4,29.8,0.205,41,1
0,126.4,74.4,27.6,45.5,31.1,0.215,21,0
3,65.0,66.9,31.3,47.1,23.1,0.198,49,0
1,126.5,67.3,21.4,26.8,32.1,0.399,28,0
1,108.4,75.8,31.3,53.0,27.4,0.166,34,0
2,92.0,82.8,22.0,52.7,24.9,1.143,55,0
2,101.4,86.0,28.7,62.4,27.7,0.141,64,0
1,136.2,83.9,20.0,107.9,24.1,0.316,50,0
1,96.8,70.4,19.4,39.5,27.4,1.023,21,0
4,107.3,71.8,35.0,111.7,36.7,0.721,49,1
4,133.3,72.8,23.9,186.0,25.7,0.287,50,1
1,106.8,86.5,22.7,76.3,25.5,0.463,46,0
2,120.7,87.5,22.6,105.8,22.8,0.34,69,0
1,111.6,84.2,10.8,83.2,25.0,0.687,39,0
0,150.4,82.0,17.1,101.1,20.6,0.573,67,1
4,120.5,82.5,20.1,73.3,25.0,0.699,67,0
3,65.0,83.2,23.0,136.6,23.6,0.194,51,0
4,140.5,79.7,28.3,54.6,26.1,0.645,43,0
2,94.2,74.0,21.5,123.3,21.8,0.307,46,0
6,98.5,84.6,32.6,225.4,41.1,0.098,75,0
1,108.1,71.8,22.0,76.9,23.1,0.71,59,0
0,185.5,73.9,25.3,35.2,25.3,0.386,22,1
2,131.8,78.5,27.2,214.9,28.9,1.638,45,0
3,176.5,60.9,24.0,24.6,29.7,0.317,25,1
2,116.9,81.3,29.2,371.5,31.5,0.276,27,0
3,138.5,78.7,19.4,129.8,26.1,0.254,31,0
0,172.4,82.5,18.0,292.1,22.8,0.34,21,0
2,141.3,71.9,28.3,179.7,35.6,0.532,24,0
8,128.2,85.1,15.3,62.1,22.6,0.229,70,1
1,71.2,69.4,21.1,75.5,26.3,0.082,27,0
1,82.6,76.8,26.7,96.8,27.8,0.519,54,0
6,124.5,81.4,28.8,129.8,30.9,0.236,40,1
5,147.4,85.0,21.5,68.8,29.9,0.295,48,0
4,110.7,76.8,22.4,98.1,24.3,0.243,49,0
0,136.6,72.2,22.8,101.6,28.6,0.46,23,0
1,87.9,74.7,19.0,201.5,19.0,0.743,54,0
0,94.7,86.3,28.5,58.6,39.6,0.447,21,0
3,130.4,76.0,22.8,24.3,23.1,0.325,27,0
8,116.9,86.0,21.5,43.1,32.5,0.349,48,0
1,102.8,74.3,22.9,98.9,22.1,0.449,22,0
0,97.9,69.3,22.7,138.8,31.0,1.058,21,0
1,67.0,75.8,18.7,97.9,21.9,0.141,44,0
0,114.2,79.3,28.1,46.0,32.4,1.047,21,0
0,68.4,88.3,24.0,66.7,38.0,0.555,50,0
5,105.1,74.7,29.2,98.2,27.9,0.132,32,0
4,109.6,78.9,28.5,27.4,30.6,0.157,43,0
3,160.7,76.1,28.3,99.0,32.9,0.325,43,1
3,81.3,79.5,23.9,57.9,24.3,0.719,52,0
2,130.3,75.9,20.9,124.8,32.7,0.149,49,0
0,120.5,70.6,17.2,74.2,25.0,0.176,22,0
2,81.2,86.9,33.7,96.0,39.4,0.253,33,0
1,117.0,78.3,14.7,158.7,20.8,0.307,43,0
3,72.6,89.6,26.9,92.5,28.4,0.357,68,0
1,117.0,78.5,24.4,91.9,21.9,0.401,49,0
2,108.0,84.2,26.9,84.2,34.1,0.218,65,0
4,143.4,83.6,38.6,85.5,41.2,0.111,44,1
2,92.1,77.2,26.6,128.6,29.1,0.605,60,0
1,65.0,82.9,27.7,127.4,38.1,0.081,42,0
6,96.5,86.9,22.9,120.5,32.1,0.302,58,0
2,134.9,79.6,26.0,50.3,36.7,0.228,32,0
3,119.7,94.6,21.3,131.7,32.0,0.361,71,1
3,96.7,84.8,28.3,44.0,37.2,0.222,47,1
1,153.7,83.6,28.1,82.9,36.4,0.32,21,0
2,106.0,82.0,21.1,100.2,24.8,0.148,44,0
1,140.1,70.9,18.1,188.5,25.0,0.429,49,1
3,115.8,74.7,18.2,91.2,26.4,0.444,55,0
5,136.5,85.1,16.6,107.4,24.1,0.405,82,1
5,139.6,82.6,26.6,56.0,30.6,0.209,29,0
2,157.9,87.2,27.2,50.2,35.6,0.275,83,1
0,90.0,70.4,25.8,78.1,30.4,0.267,37,0
1,133.3,71.4,23.1,102.5,25.8,0.08,26,0
3,75.6,81.4,21.2,91.8,28.8,0.801,30,0
0,132.9,64.9,15.9,67.0,18.0,0.296,48,0
2,65.0,69.2,18.7,181.5,21.3,0.445,24,0
2,176.7,75.5,23.9,53.4,25.8,0.151,32,1
3,125.7,80.6,22.2,331.8,30.3,0.395,44,0
2,122.2,80.4,18.6,62.7,26.2,0.173,71,1
2,65.0,89.0,25.4,65.7,28.6,0.117,54,0
2,147.4,77.9,32.1,86.2,26.2,0.284,38,0
3,154.9,70.7,23.4,90.0,25.3,0.468,48,1
3,107.7,80.3,27.9,58.6,21.2,0.696,42,0
1,101.1,73.9,28.2,82.9,29.9,0.241,21,0
5,103.0,81.4,23.5,101.9,25.0,0.226,77,0
3,170.3,80.7,24.3,139.2,28.3,0.346,72,1
2,111.9,73.6,22.6,51.9,24.0,0.305,36,1
1,120.3,83.9,14.7,22.0,30.7,0.142,30,0
0,145.4,73.5,32.0,36.9,28.1,0.418,21,1
3,65.0,79.0,24.6,69.6,29.0,0.367,49,0
2,112.4,72.1,19.5,54.7,23.3,0.116,49,0
5,106.0,82.1,17.1,84.4,23.0,0.365,25,0
3,119.9,87.5,24.5,49.8,29.2,0.274,42,0
1,140.8,74.7,19.4,86.5,19.7,0.452,53,0
2,146.2,79.2,27.1,136.6,32.3,0.693,29,1
4,107.5,78.5,23.6,87.7,26.9,0.443,34,0
2,110.4,76.7,21.4,116.0,22.1,0.621,34,0
4,115.8,72.7,22.5,223.2,19.2,0.121,26,0
3,139.2,77.5,30.3,80.3,33.1,0.564,34,1
1,151.7,73.6,22.8,42.2,18.0,0.321,21,0
3,70.0,80.2,19.6,39.6,30.1,0.08,33,0
1,127.0,75.1,21.1,125.5,28.3,0.322,33,0
2,108.6,85.4,15.9,126.7,31.0,0.08,36,0
3,180.6,86.1,32.0,115.4,21.5,0.465,46,1
2,79.7,77.8,18.0,215.4,23.8,0.197,21,0
3,77.9,71.8,23.2,97.3,29.3,0.544,22,0
6,96.0,80.8,19.5,97.6,27.8,0.48,26,0
1,134.0,74.2,25.4,117.9,32.3,1.063,21,1
4,134.3,70.7,25.6,178.4,27.3,0.231,49,0
3,97.5,81.2,27.2,190.4,35.2,0.335,29,0
4,147.5,84.7,24.1,20.1,28.3,0.08,37,0
0,101.1,72.0,24.9,65.3,36.4,0.174,25,0
4,142.3,74.6,25.9,144.9,37.0,1.111,31,1
6,70.4,86.7,25.2,67.2,37.1,0.208,43,0
3,84.1,75.1,19.3,184.8,23.4,0.39,44,0
0,101.7,83.0,22.4,109.9,34.2,0.556,23,0
1,113.1,73.3,21.1,116.4,27.4,0.262,36,0
6,88.2,72.8,22.9,105.9,27.4,0.295,25,0
1,87.7,82.0,27.9,45.5,32.0,0.08,35,1
4,129.4,67.9,19.2,178.3,25.6,0.12,27,0
1,141.2,88.0,19.8,228.7,18.3,0.28,79,1
2,90.1,82.1,14.5,210.7,27.6,0.344,53,0
2,72.1,87.8,28.8,86.6,37.9,0.783,45,0
3,118.1,68.5,26.4,76.8,25.6,0.319,33,1
1,129.9,88.4,20.9,97.8,27.1,0.204,54,0
0,81.4,83.4,23.4,167.2,29.7,0.579,36,0
2,168.6,83.6,28.4,76.0,25.5,0.098,75,1
2,86.9,87.9,26.7,102.3,26.4,0.351,56,0
5,106.5,67.7,34.1,38.7,28.2,0.461,31,0
2,107.0,81.5,21.8,107.2,25.2,0.191,71,0
4,89.0,72.8,21.2,104.9,34.7,0.495,33,0
3,173.1,93.0,28.5,44.1,39.1,0.212,81,1
3,85.1,78.2,24.8,116.6,30.0,0.429,73,0
4,170.6,83.9,29.7,88.1,24.8,0.305,43,0
1,105.4,82.7,23.1,138.7,30.3,0.647,21,0
2,105.4,74.7,16.2,32.0,21.2,0.456,41,0
0,94.2,78.4,22.4,81.0,19.9,0.769,21,0
2,136.8,76.0,18.3,240.7,27.0,0.204,28,0
1,178.5,78.1,21.9,18.8,34.4,0.271,29,0
0,96.9,78.1,28.4,71.6,35.2,0.254,21,0
4,105.3,78.8,30.3,62.8,29.7,1.333,41,0
1,161.8,79.4,32.7,95.2,31.4,0.629,26,0
3,79.2,76.0,31.3,66.6,28.8,0.08,33,0
0,90.0,79.0,17.8,102.0,27.0,0.12,29,0
2,158.8,75.4,26.6,178.3,20.9,0.52,46,1
1,128.5,78.7,30.5,141.3,34.1,0.448,45,0
5,87.3,81.9,28.3,79.0,25.2,0.08,32,0
3,134.9,90.1,25.4,411.0,32.0,0.649,47,0
1,65.7,85.7,22.0,171.5,27.3,0.413,63,1
0,149.7,72.3,27.2,46.9,22.2,0.523,21,0
3,65.0,75.2,23.9,75.6,23.0,0.145,28,0
2,82.3,76.2,29.5,200.9,24.3,0.777,23,0
3,127.0,79.8,23.1,83.9,28.1,0.207,27,0
2,74.6,79.6,24.2,83.2,34.0,0.148,21,0
3,115.3,74.0,26.5,52.2,31.4,0.151,21,1
0,133.1,81.2,19.0,176.1,23.1,0.09,21,0
3,91.4,77.2,12.6,78.1,20.3,0.59,29,0
1,111.2,86.6,26.3,43.8,31.2,0.247,29,0
0,141.8,86.3,28.3,48.1,38.2,0.429,67,0
2,129.4,82.1,29.1,46.0,32.8,0.471,40,0
1,163.6,73.6,29.3,83.8,38.7,0.229,21,0
2,88.1,75.7,28.5,81.8,24.8,0.259,47,0
3,83.1,85.5,22.8,60.4,27.5,0.261,85,0
0,157.1,80.4,34.8,53.0,34.8,1.213,21,1
5,127.2,80.3,21.4,310.1,18.5,0.873,76,0
2,106.9,84.3,24.2,38.0,29.6,0.2,37,0
5,96.3,76.1,12.0,81.2,29.2,0.677,30,0
5,141.1,78.8,32.4,138.5,35.2,0.745,28,1
2,102.6,75.2,18.0,110.0,22.2,0.469,43,0
2,139.9,81.4,19.5,173.7,26.3,0.771,31,0
0,155.5,74.7,13.0,124.5,23.8,0.121,21,0
6,118.3,75.4,16.4,227.1,26.9,0.233,29,0
5,71.6,72.9,23.2,50.9,20.7,0.46,44,0
2,133.2,79.1,26.0,157.9,30.4,0.08,50,0
4,150.4,82.5,23.1,234.8,28.4,0.343,79,1
2,153.4,82.2,21.3,37.6,26.0,0.287,39,0
1,120.3,81.0,24.3,201.2,29.0,0.08,65,0
2,65.0,85.8,21.6,138.0,29.9,0.229,34,0
1,100.5,81.1,26.4,95.4,35.7,0.139,36,0
2,99.1,77.7,18.5,55.4,27.0,0.113,35,0
1,142.3,78.2,26.8,78.6,34.8,0.386,41,1
3,128.2,77.0,23.0,35.4,23.0,1.616,54,0
2,143.8,76.3,27.1,76.5,24.1,0.216,30,1
0,93.2,82.0,27.6,93.1,36.3,0.3,24,0
3,121.8,81.3,20.4,101.3,34.2,0.282,56,0
1,65.0,84.2,22.2,62.3,18.2,0.905,55,0
1,101.9,77.4,24.6,93.4,18.0,0.179,69,0
2,67.5,77.0,27.4,97.7,35.8,0.12,28,0
4,170.6,78.1,20.9,307.6,26.8,0.08,34,0
2,130.0,90.2,23.5,72.1,24.0,0.137,57,1
1,128.6,72.1,24.0,150.9,28.9,0.114,30,0
5,75.8,85.1,13.7,34.1,24.3,0.257,50,0
6,110.9,78.3,21.3,128.9,27.5,1.449,34,1
3,136.1,71.2,17.3,87.0,25.9,0.25,43,0
0,87.1,76.2,27.9,78.6,25.4,0.085,21,0
2,100.4,74.1,22.6,140.9,18.0,0.203,39,0
2,150.4,79.3,24.5,71.5,21.8,0.479,21,0
1,80.7,86.6,30.6,184.5,33.6,0.536,62,0
2,101.2,83.2,26.3,210.7,31.7,0.6,52,0
1,88.8,84.9,25.7,83.5,28.7,0.132,23,0
2,125.8,87.0,29.4,227.4,31.9,0.618,76,1
1,139.8,81.0,15.8,56.7,27.9,0.211,61,0
3,166.4,81.6,21.4,52.4,18.1,1.007,21,1
4,127.7,81.4,18.1,97.4,21.4,0.183,29,0
1,154.9,74.6,13.4,36.3,30.2,0.301,22,1
0,126.7,75.7,22.2,63.6,18.0,0.815,44,0
2,71.3,76.4,15.0,151.6,23.1,0.346,28,0
0,116.3,75.4,22.9,115.5,23.6,0.19,21,0
2,116.8,77.6,25.8,128.8,28.9,0.08,36,0
1,149.1,76.3,25.6,92.2,26.4,0.271,55,1
1,112.0,75.8,21.0,36.2,28.5,0.929,39,0
2,103.1,75.7,21.8,169.3,30.1,0.221,48,0
5,87.8,77.3,23.8,161.6,29.5,0.712,41,0
4,106.6,87.9,22.7,151.6,32.2,0.08,51,0
6,112.1,78.7,25.5,61.0,28.4,0.166,43,0
5,134.1,63.4,19.9,249.1,22.0,0.198,35,0
2,88.9,68.7,20.3,105.1,20.6,0.748,39,0
2,189.9,82.4,28.0,117.0,29.7,0.352,70,1
5,86.1,71.6,22.5,214.5,26.9,0.9,49,0
1,74.1,79.8,22.1,114.0,27.4,0.281,23,0
3,131.3,84.2,19.0,99.0,23.9,0.73,39,0
4,74.1,82.0,21.5,152.8,27.1,0.096,43,0
1,115.8,75.2,19.6,218.0,19.1,0.569,35,0
0,92.8,72.6,16.5,126.6,19.8,0.222,21,0
1,135.9,77.3,31.0,38.9,43.6,0.197,24,1
3,120.0,75.3,19.5,42.9,18.0,0.324,31,0
2,151.6,93.7,22.6,114.6,21.8,0.494,80,1
3,128.6,81.2,18.1,42.8,21.0,1.311,46,0
0,116.5,68.5,27.7,56.4,21.0,0.143,21,0
2,121.5,81.5,28.0,111.2,24.9,0.19,36,0
4,84.0,87.0,24.5,15.0,20.3,0.207,65,0
0,92.6,78.5,24.5,68.5,31.3,0.448,28,0
4,122.0,81.8,21.3,58.5,27.9,0.08,58,0
1,134.0,76.2,24.6,101.3,30.0,0.167,21,1
1,104.6,79.0,29.9,128.6,28.9,0.596,21,0
3,108.2,80.0,25.9,136.7,23.6,0.291,62,0
3,102.4,68.1,23.7,78.2,23.2,0.485,30,0
0,127.0,77.0,22.4,109.3,34.7,0.495,21,0
4,115.1,75.9,25.8,41.6,28.1,0.939,31,0
1,134.8,80.3,27.6,82.4,28.2,0.08,41,1
3,95.2,77.8,15.6,57.6,28.0,0.364,46,0
1,113.3,86.9,28.1,75.2,28.0,0.234,21,0
0,163.3,76.5,22.8,100.1,19.5,0.3,27,0
3,180.2,70.4,25.0,68.6,29.6,0.276,38,0
4,107.5,84.1,29.1,115.3,41.6,0.094,46,0
1,157.1,79.1,23.5,71.2,27.9,0.103,23,1
2,155.6,83.0,32.4,166.9,37.0,0.433,34,1
0,141.2,75.3,30.0,108.7,28.3,0.27,28,0
4,65.0,82.6,26.4,57.4,29.2,0.407,41,0
5,69.6,87.2,22.4,210.5,29.3,0.44,61,0
3,98.8,84.1,16.7,203.5,18.0,0.249,32,0
2,99.0,82.8,18.1,66.4,19.2,0.22,21,0
4,85.8,80.3,22.2,111.8,26.5,0.206,26,0
3,132.8,91.3,22.1,80.2,37.0,0.844,76,1
1,134.6,79.7,23.6,84.3,25.0,0.088,24,0
2,172.3,70.6,27.6,166.9,30.4,0.102,21,0
1,95.6,75.2,20.9,223.9,22.4,0.189,31,0
6,94.2,87.4,29.4,281.8,32.7,0.512,36,0
3,121.0,72.0,20.8,58.1,19.4,0.776,29,0
3,73.8,75.8,30.6,53.0,33.4,0.902,21,0
2,174.8,83.1,23.3,152.9,27.3,0.149,43,1
0,103.6,84.1,21.2,78.7,26.5,0.314,41,0
2,112.5,74.3,29.7,234.0,31.3,0.303,51,0
4,119.4,79.4,31.8,66.7,34.9,0.153,41,0
2,110.3,76.7,22.4,169.7,18.9,0.337,73,0
1,106.2,77.5,24.6,170.6,31.3,0.39,52,0
2,190.4,73.9,25.0,105.1,18.4,0.323,48,1
4,117.8,85.3,24.4,86.4,23.8,0.34,62,0
3,130.4,62.4,24.7,77.9,18.0,0.457,40,0
1,99.2,76.5,17.4,46.1,26.0,0.265,34,0
2,134.7,84.6,34.0,263.7,28.6,0.178,43,1
0,116.0,78.8,25.9,49.6,32.8,0.193,21,0
2,123.0,83.7,21.3,124.0,29.2,0.675,40,1
4,130.3,80.3,21.9,237.9,27.8,0.879,36,0
4,143.2,81.3,28.1,66.2,32.6,0.311,45,0
4,137.4,79.5,30.6,61.3,34.9,1.159,58,1
1,114.3,83.7,31.2,71.2,33.3,0.423,48,0
0,115.2,72.4,29.8,118.3,39.0,0.453,26,1
5,79.4,88.2,25.3,88.8,24.6,0.162,54,0
3,109.4,86.7,30.4,148.1,34.5,0.124,74,0
2,118.5,78.8,19.6,99.7,19.4,0.148,59,0
2,144.3,64.7,24.1,68.1,20.6,0.372,21,0
2,65.0,80.6,21.2,116.9,27.4,0.416,48,0
1,124.9,70.0,14.8,92.1,24.9,0.521,21,0
3,90.3,82.5,25.6,35.1,31.4,0.354,33,0
2,139.8,85.4,26.0,21.2,30.0,0.469,44,0
1,157.5,81.7,24.0,77.3,36.2,0.81,42,1
6,113.5,82.3,26.9,76.9,30.5,0.271,59,0
2,160.9,79.6,28.7,204.7,30.1,1.407,74,1
1,142.8,75.4,22.8,62.9,21.3,0.235,46,1
2,119.4,75.3,29.2,41.3,26.1,0.197,31,0
1,65.0,68.7,30.0,183.6,32.6,0.318,21,0
4,127.3,90.8,34.5,102.0,43.7,0.095,65,1
0,88.5,81.8,17.9,73.3,22.9,0.336,36,0
1,65.0,75.8,15.4,82.3,34.0,0.416,37,0
2,79.8,90.0,19.2,98.2,27.6,0.864,38,0
5,158.2,82.8,18.0,42.5,28.2,0.444,46,1
0,119.1,81.4,28.8,158.6,23.0,0.685,46,0
2,154.3,73.9,16.3,123.0,24.9,0.247,33,1
1,165.4,74.1,28.2,134.6,27.0,0.395,36,0
3,123.9,81.2,26.3,71.9,32.4,0.24,28,0
2,96.5,87.4,21.8,144.2,35.8,0.595,26,0
3,81.2,74.3,23.6,53.1,24.8,0.093,26,0
4,113.0,86.7,19.5,81.5,24.5,0.282,35,0
0,86.4,69.8,24.5,211.9,31.6,0.209,24,0
1,78.7,78.0,22.3,180.2,26.1,0.641,21,0
2,94.3,78.3,22.0,74.4,33.4,0.182,31,0
3,106.4,74.3,26.3,189.1,31.0,0.375,21,0
2,107.3,82.9,25.8,119.4,24.2,0.214,39,0
1,112.1,81.5,28.0,36.0,32.6,0.131,28,0
2,128.6,86.1,28.6,109.6,30.2,0.443,46,0
1,109.2,73.8,24.8,105.4,26.3,0.636,21,0
0,139.1,76.7,32.0,163.8,30.1,0.18,21,0
3,137.8,74.4,21.9,89.6,22.1,0.715,36,0
4,147.0,80.9,25.7,81.4,25.3,0.51,31,0
1,111.2,65.6,33.1,18.0,31.8,0.203,21,0
3,75.3,76.3,25.9,80.9,26.0,0.459,52,0
1,107.3,75.5,30.8,179.3,30.0,0.111,23,0
4,84.0,80.2,22.3,149.1,19.5,0.143,26,0
2,140.5,79.7,20.3,91.7,27.2,0.08,57,0
7,67.7,76.5,19.1,85.2,28.8,0.278,47,0
1,125.9,71.5,11.7,61.7,24.1,0.086,21,0
0,121.5,70.5,22.0,191.6,28.1,0.252,32,1
0,138.5,82.1,25.7,104.7,28.7,0.29,21,1
3,123.7,78.8,25.2,65.9,21.9,0.537,55,1
1,113.5,80.5,16.0,118.8,18.0,0.581,55,0
3,80.0,85.0,25.1,103.4,22.5,0.093,79,0
4,169.6,74.3,17.4,153.2,18.0,0.257,85,0
0,113.4,80.3,24.7,123.8,31.5,0.227,28,0
1,103.7,75.0,28.6,144.4,33.7,0.76,51,0
1,118.7,61.2,24.7,106.2,21.0,0.602,21,0
3,151.1,76.4,21.3,171.3,21.7,0.14,41,0
2,107.0,79.2,22.6,83.0,25.4,0.18,45,0
0,151.8,67.7,14.7,138.5,23.8,0.514,23,0
3,121.6,83.0,24.0,152.1,23.4,0.698,27,0
1,138.5,83.5,19.4,45.7,18.0,0.343,55,0
1,123.2,77.8,27.8,116.5,27.2,0.608,46,0
3,136.6,90.0,13.5,108.4,22.4,1.246,74,1
2,143.1,86.1,15.2,104.0,18.8,0.444,70,0
0,128.8,70.3,19.7,70.0,24.8,0.489,21,0
5,166.0,66.5,19.6,149.5,28.2,0.408,29,0
1,111.3,66.0,23.9,54.2,26.3,0.706,22,0
0,152.9,79.3,25.5,95.3,30.3,0.238,52,0
1,95.1,81.8,28.2,128.9,38.2,0.227,42,1
1,128.0,73.5,27.6,110.7,27.2,0.532,23,0
2,88.5,77.7,23.1,52.4,35.2,0.554,25,0
0,89.0,85.8,14.3,137.6,19.7,0.422,63,0
1,157.1,74.2,8.8,107.3,18.0,1.123,31,1
0,181.8,73.8,14.9,53.1,22.8,1.313,21,0
0,109.8,77.6,27.3,113.2,25.3,0.219,22,0
0,82.8,92.1,20.8,143.5,20.9,0.08,81,0
4,114.6,81.7,24.6,41.1,30.9,0.589,58,0
2,90.3,76.5,23.3,56.9,24.1,0.559,21,0
4,156.5,73.7,26.2,46.3,26.5,0.08,41,0
5,134.3,88.8,19.3,63.2,27.3,0.261,56,1
1,133.6,75.7,28.4,166.8,34.2,0.414,21,0
4,111.3,81.7,24.8,63.0,24.1,0.288,59,0
2,92.0,82.3,19.6,249.2,24.8,0.214,45,0
1,148.8,73.9,31.8,77.9,34.3,0.299,26,1
3,111.5,78.0,31.1,166.7,35.6,0.436,49,0
4,81.8,88.4,32.4,74.9,35.6,0.152,43,0
2,164.7,76.5,24.4,80.9,35.3,0.32,44,1
2,194.1,77.0,21.3,95.9,18.0,0.157,40,1
1,120.0,80.1,24.5,111.5,22.1,0.89,24,0
0,126.4,77.5,27.0,92.5,38.8,0.281,26,0
0,173.0,81.0,23.9,90.7,30.6,0.576,33,1
2,105.5,83.8,26.2,146.7,37.2,0.515,38,1
2,151.0,80.2,17.5,62.2,32.4,0.899,50,1
4,96.7,89.1,22.4,45.6,30.4,0.356,82,1
2,130.4,79.2,24.5,118.0,30.6,0.837,41,1
2,84.1,78.8,25.4,96.2,26.7,0.398,50,0
1,106.8,73.7,19.2,66.2,27.7,0.208,55,0
5,65.0,76.2,19.0,55.3,21.3,0.647,51,0
1,130.7,74.9,24.6,204.9,24.5,0.193,24,0
2,127.8,79.6,17.5,84.6,25.1,1.638,66,1
2,82.3,74.8,24.2,94.3,29.6,0.753,61,1
3,185.3,73.3,28.0,202.9,31.5,0.576,40,1
2,117.4,78.0,24.3,116.5,32.7,0.307,24,0
3,110.5,78.8,26.5,140.7,38.0,0.494,38,0
1,83.7,72.5,25.2,94.2,32.7,0.101,21,1
2,140.0,81.4,28.1,131.9,31.9,0.719,70,0
2,86.3,72.9,18.4,129.3,20.2,0.639,28,0
1,139.5,81.8,24.6,97.3,18.6,0.708,33,0
4,87.0,82.0,22.8,91.9,29.5,0.52,68,0
3,128.9,85.1,27.7,67.6,25.8,0.755,64,1
3,108.8,76.7,23.5,249.3,28.3,0.65,43,0
0,140.1,84.8,21.2,126.0,21.5,0.472,74,0
0,73.4,78.1,16.5,250.1,27.6,0.475,23,0
2,129.6,76.7,35.6,199.2,24.8,0.337,43,0
1,83.6,68.1,20.6,101.6,30.0,0.08,23,0
2,94.3,88.4,31.3,109.5,30.8,0.216,60,0
1,133.6,86.3,23.0,66.1,29.3,0.236,59,0
1,116.5,83.6,18.4,80.0,21.3,0.95,77,0
3,126.9,76.1,25.6,146.6,26.7,0.1,37,0
3,139.1,91.6,29.4,47.3,36.8,0.08,85,1
0,120.3,77.7,14.7,30.4,24.7,0.08,22,0
5,110.6,81.3,26.5,59.4,23.8,0.235,36,0
0,83.0,75.7,25.4,143.5,31.8,0.318,23,0
3,185.3,77.6,21.7,74.7,24.4,0.491,41,0
0,132.5,77.2,20.3,64.6,22.6,0.08,24,1
1,115.0,87.4,21.6,142.3,23.7,0.889,60,1
3,104.8,75.0,29.2,177.6,32.8,0.262,46,0
0,121.6,70.5,16.2,162.0,26.4,0.244,21,0
4,114.8,85.2,31.4,52.2,32.0,0.216,54,0
2,131.9,84.5,24.5,109.4,34.0,0.198,72,1
2,96.6,71.4,25.2,108.3,25.1,0.141,48,0
1,168.8,72.2,24.3,500.0,26.6,0.981,21,1
6,137.1,77.1,26.8,44.6,26.2,1.265,35,1
1,65.0,75.0,17.3,41.6,23.1,0.87,51,1
3,124.2,79.8,26.5,22.7,33.0,0.463,33,1
0,140.8,77.1,25.3,67.5,25.2,0.097,22,0
3,72.8,92.7,15.4,71.4,21.8,0.191,63,1
4,150.2,84.1,27.9,99.9,36.9,0.574,33,1
7,135.2,76.8,32.5,141.0,26.2,0.08,72,0
2,73.1,88.3,16.7,77.5,27.2,0.15,29,0
5,109.5,75.6,27.6,58.9,24.3,0.16,32,0
0,78.4,80.0,25.1,84.2,21.2,0.373,28,0
5,141.8,75.3,14.5,121.3,19.3,0.232,35,0
4,82.4,81.7,31.9,65.7,32.3,0.45,46,0
0,85.1,73.6,23.2,39.3,24.4,0.322,23,0
2,117.6,71.5,17.0,95.4,18.0,0.136,21,0
2,181.3,67.4,15.2,76.1,23.0,0.166,21,0
0,154.1,74.7,30.8,89.2,25.9,0.08,21,0
0,83.3,68.5,28.7,75.6,23.4,0.696,21,0
5,75.8,79.4,24.7,65.7,30.2,0.46,29,0
4,96.1,77.0,16.5,63.7,25.2,0.153,40,0
3,70.1,82.2,23.2,83.6,32.2,0.353,45,0
3,140.2,75.0,28.6,55.8,32.3,0.554,40,0
2,136.1,82.0,23.6,77.2,22.0,0.694,68,0
4,144.2,84.0,19.9,98.4,23.5,0.627,78,0
1,116.6,81.0,19.7,198.0,33.3,0.153,33,0
3,118.8,70.0,21.0,53.4,29.1,0.291,23,0
1,80.9,85.3,27.7,58.8,31.3,0.245,85,0
5,123.8,91.2,23.5,159.9,31.3,1.039,62,0
3,155.5,86.9,14.8,66.6,23.8,0.106,60,1
2,101.2,81.5,40.3,121.1,41.2,0.318,28,0
5,128.0,89.8,32.0,48.2,32.9,0.139,54,0
0,117.2,82.8,16.7,261.4,25.2,0.639,40,0
1,97.9,78.5,24.0,54.4,33.2,0.48,36,0
3,131.5,80.4,30.0,129.3,26.9,0.205,36,1
3,173.2,71.9,18.5,162.7,28.2,0.5,47,0
3,159.0,79.4,25.3,179.3,24.1,0.514,69,1
4,88.1,76.2,18.9,205.8,22.6,0.276,85,0
2,118.8,79.2,22.0,126.6,31.8,0.235,31,0
3,138.4,74.8,22.4,62.5,23.7,0.851,41,0
4,117.7,76.1,17.9,254.2,23.2,0.38,36,0
5,73.9,73.0,16.6,53.0,25.7,0.154,45,0
2,90.8,74.4,23.3,128.0,21.6,0.594,34,0
1,135.1,88.0,24.2,52.3,27.8,0.724,85,0
1,176.7,74.6,25.5,43.0,24.7,0.906,27,1
1,94.3,75.1,32.3,70.6,33.0,0.334,31,0
3,84.5,70.4,21.7,109.7,33.2,0.08,29,0
4,151.1,80.6,25.2,96.7,27.4,0.664,35,0
1,122.5,72.6,15.1,119.2,22.9,0.821,21,0
2,102.6,81.9,30.9,82.0,26.4,0.538,29,0
2,108.8,72.8,20.1,65.7,25.5,0.189,45,0
2,110.5,80.0,29.9,63.7,36.2,0.873,45,0
1,139.0,76.2,19.4,120.4,25.7,0.281,42,0
1,122.3,83.9,24.6,101.6,28.8,0.575,67,0
0,66.0,77.6,18.4,99.6,31.1,0.341,46,0
2,110.9,79.9,23.3,84.4,35.5,0.988,66,1
2,173.7,83.7,24.4,42.2,25.6,0.391,85,1
0,150.5,79.0,18.3,103.7,19.4,0.274,55,1
0,155.1,84.7,22.1,207.8,28.2,0.526,21,1
6,88.3,77.6,31.0,147.5,33.7,0.651,43,0
3,126.6,79.9,28.2,237.4,29.6,0.164,40,1
1,145.4,78.3,23.8,63.5,24.5,0.658,72,1
2,117.4,78.5,19.8,84.4,25.6,0.295,35,0
4,152.9,66.9,19.3,240.2,22.8,0.752,25,0
2,87.6,86.6,26.1,76.9,26.2,0.263,30,0
1,121.8,69.6,18.3,121.4,22.7,1.079,21,0
1,96.0,60.0,28.3,128.5,29.6,0.189,21,0
2,162.3,86.5,35.4,145.8,30.3,0.509,85,1
1,113.2,82.0,14.8,93.7,28.0,0.278,38,0
0,108.3,69.9,22.8,30.8,32.3,0.699,21,0
5,78.6,82.8,25.8,137.1,34.3,0.341,75,0
2,141.5,93.8,29.2,117.0,35.4,0.305,81,1
0,129.1,81.2,27.8,89.8,28.2,0.159,40,0
1,114.4,81.7,21.7,62.8,24.5,0.41,21,0
3,134.3,60.6,20.3,69.4,18.0,0.161,30,1
0,149.3,76.1,21.7,48.2,25.0,0.239,34,0
4,121.5,74.4,13.4,56.7,20.5,1.549,38,0
0,129.2,77.3,27.4,92.7,27.7,0.225,22,0
2,132.3,74.4,28.2,209.7,32.0,0.569,57,1
1,65.0,67.8,21.3,218.4,31.6,0.171,21,0
1,130.1,89.9,19.5,91.3,32.0,0.351,61,0
3,65.0,76.7,19.9,240.4,19.3,1.034,67,0
3,115.2,69.8,21.2,60.5,19.4,0.08,31,1
7,133.0,87.0,29.6,127.8,34.6,0.356,36,0
1,65.0,84.7,15.6,95.5,18.0,0.84,71,0
5,116.7,78.3,29.6,91.2,31.3,0.69,50,0
2,103.7,79.2,20.9,86.6,26.5,0.304,32,0
1,107.0,80.9,30.3,84.3,25.7,0.384,34,1
1,139.9,76.1,24.7,52.3,28.6,0.446,47,1
1,175.8,91.1,30.4,132.0,37.5,0.519,82,1
6,138.5,85.1,20.7,51.3,23.1,0.406,34,0
4,115.8,71.7,25.8,106.1,25.3,0.849,32,0
1,71.9,84.5,23.8,88.4,33.7,0.365,38,0
2,158.8,78.6,22.7,69.9,22.7,0.221,38,1
4,109.8,81.6,29.7,80.3,32.2,0.348,43,0
1,65.0,83.3,21.5,91.5,27.3,0.434,36,0
3,78.0,82.9,25.8,89.7,18.0,0.621,63,0
1,74.4,66.6,19.8,74.2,28.1,0.49,24,0
2,79.3,73.6,23.1,158.2,28.0,0.279,45,0
3,147.4,79.9,19.1,63.5,28.7,0.735,46,0
0,121.3,71.2,21.4,226.6,31.3,0.173,25,0
0,132.3,91.2,25.4,127.6,30.8,0.312,45,0
4,65.0,76.0,28.5,146.5,27.5,0.57,47,0
0,139.6,70.9,17.7,139.8,33.8,0.807,21,0
1,135.2,70.8,26.9,67.8,25.5,0.797,23,0
2,65.0,81.8,21.5,111.3,29.1,0.208,73,0
1,75.2,74.7,13.4,24.1,22.7,0.198,28,0
0,151.4,70.6,22.3,146.3,18.0,0.591,21,0
1,95.9,75.7,23.3,100.0,23.2,0.314,21,0
2,147.3,68.8,20.7,99.3,28.0,0.35,22,0
2,115.3,82.2,18.4,62.7,18.7,0.745,36,1
0,98.6,73.6,22.4,87.5,22.6,0.557,21,0
1,110.5,79.8,25.4,107.8,37.0,0.748,50,0
7,65.0,75.6,20.3,281.3,25.9,0.25,25,0
2,127.2,76.7,27.0,36.4,30.0,0.516,43,0
3,76.6,82.0,21.7,128.8,22.7,0.425,68,0
0,65.0,86.4,19.4,94.2,19.9,0.221,67,1
0,67.6,68.5,29.8,49.6,21.9,0.612,43,0
0,85.9,79.5,24.1,251.9,33.3,0.701,21,0
1,133.7,83.4,22.0,74.3,25.9,0.288,37,0
5,89.4,81.1,25.4,150.1,28.2,0.189,44,0
2,139.1,86.1,23.6,154.6,23.6,0.207,85,1
0,143.3,80.4,28.6,33.9,31.6,0.237,21,0
2,145.9,75.4,29.7,64.9,35.2,0.418,37,0
3,173.8,81.1,20.0,60.5,39.9,0.269,50,1
3,130.1,66.2,29.7,92.4,31.1,0.786,40,0
0,133.6,85.3,18.9,37.9,22.2,0.684,42,0
1,94.4,73.3,16.1,55.7,18.0,0.207,26,0
0,65.0,84.5,32.6,44.3,34.8,1.319,56,0
2,125.3,75.6,19.3,77.6,18.0,0.768,38,0
2,71.2,65.0,26.4,34.3,27.1,0.633,41,0
5,70.3,83.1,28.8,132.9,33.1,0.295,59,0
5,77.7,79.5,28.0,50.4,36.8,0.319,32,0
7,135.7,80.8,23.0,154.7,22.6,0.125,65,0
1,145.9,82.1,26.5,87.4,28.4,0.521,21,0
1,120.1,80.2,26.2,29.5,26.8,0.68,43,1
1,79.5,71.6,22.7,129.4,23.5,0.102,25,0
1,105.9,73.7,30.2,51.0,34.3,0.488,22,0
2,160.1,93.9,26.7,42.7,30.6,0.442,81,1
0,106.5,68.5,18.2,128.3,20.9,0.895,21,0
1,98.9,78.1,29.2,213.1,26.4,0.192,39,0
0,158.3,68.5,21.9,77.1,25.4,0.362,21,0
2,188.0,84.7,20.2,80.6,29.9,0.237,63,0
3,104.5,75.3,29.6,175.4,38.0,0.222,31,0
4,65.0,81.2,27.9,299.5,29.3,0.347,59,0
2,117.5,76.3,17.9,74.5,26.0,0.098,49,0
0,104.2,90.6,30.0,218.1,27.0,0.394,85,1
0,162.4,82.9,25.9,26.9,29.7,0.925,21,1
1,74.0,71.9,15.2,67.8,18.0,0.232,23,0
4,85.6,78.8,30.6,48.0,33.6,0.46,58,0
1,103.2,77.1,25.6,117.7,28.4,0.275,43,1
2,137.2,77.8,23.7,100.5,26.8,0.349,34,1
3,81.1,85.7,25.3,125.9,25.3,0.128,85,1
5,149.3,77.6,28.3,129.1,27.1,0.226,37,0
1,99.3,74.9,28.5,126.9,22.3,0.567,25,0
2,66.6,76.8,17.4,183.0,18.5,0.289,59,0
1,87.9,81.0,31.8,51.2,30.4,0.669,38,0
5,71.3,76.8,19.8,69.4,23.4,0.328,39,0
2,73.7,87.4,20.9,28.2,28.7,0.212,51,0
1,176.7,78.6,28.8,84.0,26.4,0.233,52,1
0,119.4,84.0,27.9,76.0,34.6,0.441,23,1
2,149.0,80.4,21.9,174.8,30.1,0.205,33,1
1,101.8,73.8,25.3,202.7,33.6,0.344,21,0
2,134.5,83.7,23.5,148.0,31.7,0.22,44,1
2,89.2,90.3,35.5,104.9,37.2,0.282,81,0
1,169.8,77.2,21.0,54.4,18.9,1.477,23,0
0,106.9,68.7,22.0,38.6,35.6,0.212,21,0
4,88.0,72.0,22.7,141.4,23.2,0.754,27,0
3,74.2,82.4,23.5,130.5,21.5,0.241,33,0
0,78.3,87.5,22.2,163.3,20.6,0.186,52,0
2,74.2,68.5,26.5,96.3,25.2,0.345,32,0
2,170.2,83.8,16.5,53.5,29.8,0.213,44,1
3,108.0,81.1,30.7,243.5,35.1,0.403,29,0
4,105.7,71.4,22.3,62.8,18.0,0.13,34,0
3,220.4,81.5,22.1,35.6,29.2,0.325,25,1
3,163.8,76.1,22.2,123.2,22.1,0.203,21,0
3,74.9,78.8,26.5,77.2,20.6,0.301,53,0
3,158.1,68.6,19.8,36.4,24.5,0.228,30,1
3,103.6,81.0,24.5,63.0,28.0,0.532,46,0
1,110.8,82.0,23.5,183.0,23.9,0.328,25,0
2,96.0,69.1,25.9,26.7,20.7,0.409,37,0
1,110.2,74.9,18.4,145.9,25.2,0.33,21,0
2,95.7,76.4,26.6,87.2,30.7,0.344,31,0
4,104.1,73.2,23.9,92.2,29.7,0.53,26,0
5,101.6,81.0,19.0,151.9,24.7,0.789,62,1
0,130.0,71.0,20.5,123.4,26.5,1.117,21,0
2,131.1,74.4,24.9,63.8,23.3,0.108,35,0
3,119.3,74.2,25.8,81.7,28.7,0.414,43,1
3,162.4,87.8,25.4,28.1,32.3,0.864,58,1
4,149.2,85.7,28.3,59.2,23.2,0.629,55,1
3,157.2,83.2,23.2,68.8,24.7,0.738,36,1
2,91.2,81.4,31.7,129.3,30.6,0.097,39,0
3,78.0,85.1,35.4,77.0,41.4,0.183,62,0
2,123.9,79.5,28.6,201.3,31.3,0.583,36,0
5,128.3,82.8,22.0,61.4,26.5,0.139,41,0
2,83.1,72.2,23.4,41.8,21.8,0.302,63,0
1,125.6,83.7,35.9,106.1,33.3,0.783,85,1
2,65.0,83.6,11.7,75.5,23.0,0.505,42,0
3,104.1,79.7,21.1,100.3,26.4,0.121,47,0
2,73.4,79.9,29.1,165.3,25.4,0.451,54,0
6,128.3,80.7,21.7,91.3,27.0,0.146,63,0
3,140.3,80.9,20.7,82.9,22.3,0.523,59,0
2,65.0,77.1,30.6,243.6,32.7,0.588,28,0
3,65.0,83.1,19.5,39.2,29.9,0.636,43,0
0,165.7,76.4,23.3,149.8,25.8,0.116,59,1
0,77.5,90.9,23.3,192.9,26.2,0.119,68,0
2,97.4,83.8,24.3,94.2,25.6,0.611,35,0
4,81.3,82.2,23.9,125.8,28.2,0.98,43,0
2,152.2,80.6,18.5,30.8,23.2,0.192,45,1
1,145.1,69.9,20.4,64.6,21.7,0.251,38,0
7,104.0,78.5,23.1,119.2,26.2,0.089,42,0
0,136.8,67.6,23.0,49.3,31.0,0.297,21,1
5,124.0,81.4,28.8,297.0,35.9,0.089,85,1
2,124.8,83.8,18.1,160.9,28.5,0.183,34,1
2,135.1,73.0,26.5,60.2,32.0,0.08,36,0
0,114.7,68.7,25.7,75.7,32.0,0.577,21,0
1,98.5,69.2,21.5,192.3,29.3,0.341,21,0
3,143.5,80.9,22.9,34.0,30.0,0.451,47,0
3,120.1,87.7,23.8,53.3,25.3,0.413,59,0
5,114.6,72.8,24.0,50.2,23.5,0.438,54,0
4,118.6,74.6,13.3,130.7,22.2,0.08,25,0
6,95.1,77.0,28.3,143.4,26.5,0.69,53,0
1,72.8,68.0,28.2,72.2,29.0,0.321,35,0
4,94.7,77.4,26.2,252.2,25.6,0.369,31,0
1,122.1,61.6,19.7,76.6,27.2,0.179,21,0
1,112.2,77.6,21.9,88.4,19.3,0.935,26,0
1,80.1,84.7,24.3,71.5,40.0,0.182,47,0
4,69.9,90.6,28.8,89.5,36.3,0.303,43,0
0,76.1,75.4,24.9,79.2,26.6,0.289,40,0
2,109.4,78.7,24.7,91.3,29.1,0.268,21,0
4,166.1,78.4,31.4,42.7,36.6,0.306,41,1
2,76.4,83.2,27.6,107.8,31.9,0.582,28,0
3,137.8,79.5,26.9,106.9,24.4,0.323,43,0
2,70.3,81.0,31.5,126.4,30.3,0.249,63,0
1,139.6,74.6,20.0,367.0,19.9,0.477,30,0
2,93.1,69.8,27.9,49.1,29.0,0.903,39,0
0,112.1,93.8,19.9,29.4,29.1,0.25,85,1
5,137.5,80.3,21.2,66.7,18.0,0.15,42,0
0,117.7,63.1,30.5,110.4,33.1,0.256,37,0
5,122.8,73.1,25.5,68.4,29.9,0.08,25,0
1,118.2,85.5,23.9,171.3,25.7,0.08,53,0
0,174.2,75.9,19.0,78.5,26.0,0.474,23,1
2,74.1,84.5,25.7,60.4,32.1,0.227,65,0
6,110.5,81.5,18.0,195.7,24.3,0.263,50,0
2,115.3,78.5,20.0,162.6,24.0,0.396,29,0
5,86.5,72.4,20.8,168.7,23.4,0.26,25,1
3,140.6,77.8,25.6,245.0,31.8,0.08,26,0
1,101.0,75.6,21.7,98.8,31.0,0.458,21,0
5,141.0,75.3,23.3,57.2,21.2,0.088,46,0
1,117.7,72.5,25.6,36.8,28.3,0.308,21,1
1,103.3,77.9,28.4,143.2,29.1,0.091,36,0
3,170.1,79.3,25.3,133.6,34.0,0.242,35,1
2,65.0,77.4,22.3,85.4,25.3,0.694,32,0
2,134.8,86.1,13.9,140.0,24.6,0.195,46,0
1,159.8,75.5,32.7,95.1,30.4,0.891,29,1
2,67.3,73.7,23.4,122.0,24.6,0.093,41,0
3,114.1,81.7,30.2,100.8,31.2,0.238,65,0
0,130.2,81.1,26.2,77.4,28.8,1.181,48,1
2,87.3,67.4,25.4,28.0,18.0,0.329,31,0
1,133.0,76.7,25.5,159.1,26.1,0.643,37,0
2,160.6,72.9,15.3,115.4,28.7,0.173,32,1
3,138.5,77.2,16.6,207.6,31.4,0.465,35,1
4,175.1,76.3,26.4,117.3,24.7,0.347,41,1
0,81.2,66.4,24.4,155.2,23.0,0.13,21,0
0,107.7,80.5,23.5,62.7,22.8,1.589,21,0
0,66.2,72.2,26.0,198.0,28.6,0.187,24,0
1,99.9,74.7,30.9,129.6,27.7,0.585,47,0
2,131.4,75.8,20.4,70.1,23.7,0.618,50,1
6,123.4,79.8,24.6,107.9,30.0,0.508,53,1
0,97.4,75.5,25.2,89.3,28.6,0.099,24,0
0,111.0,78.4,20.2,95.5,24.3,0.502,39,0
4,65.0,77.7,25.2,90.8,24.3,1.068,31,0
2,116.2,84.8,29.8,73.9,37.0,0.505,35,0
2,164.8,73.8,13.3,63.6,18.0,0.105,31,0
1,65.6,72.8,18.2,72.7,19.1,0.203,42,0
4,114.2,75.9,27.0,137.0,26.4,0.777,27,0
4,158.7,87.1,24.7,140.7,32.9,0.887,61,1
4,82.3,77.9,29.0,110.5,22.7,0.256,62,0
1,108.6,81.7,30.9,129.5,30.7,0.091,46,1
1,152.3,82.0,13.6,134.8,18.0,0.554,58,1
0,198.1,76.7,22.8,73.1,26.1,0.432,21,1
2,123.4,76.9,22.6,116.5,29.2,0.488,63,0
2,126.1,84.4,27.1,126.2,32.2,0.216,44,0
2,77.5,88.2,22.9,108.8,30.8,0.706,28,0
2,126.7,72.7,18.3,242.7,18.0,1.002,26,1
3,104.9,82.7,28.8,96.2,27.6,0.105,73,0
3,125.8,85.6,29.6,388.8,23.5,0.657,54,1
2,130.4,74.8,23.7,52.1,26.9,0.331,35,0
0,107.7,73.4,18.5,57.6,25.8,0.237,21,0
5,156.5,83.3,25.0,54.4,31.3,0.293,65,0
2,132.5,76.4,27.6,66.4,27.3,0.168,21,0
2,91.9,71.7,26.7,137.8,28.8,0.227,31,0
3,75.6,77.6,20.7,129.4,27.8,0.508,35,0
5,161.4,68.4,15.0,86.9,18.0,0.533,26,0
3,150.6,78.5,26.9,110.5,27.7,0.4,34,0
2,124.0,79.1,26.4,40.7,27.3,0.108,37,0
7,73.4,75.4,24.3,93.9,30.2,0.816,34,0
1,105.4,79.0,16.3,198.0,30.1,0.098,43,0
0,131.7,87.0,19.6,117.1,18.0,0.281,74,1
1,85.4,68.0,18.6,183.8,21.5,0.542,21,0
1,175.3,81.0,26.7,71.6,27.9,0.603,40,1
0,76.4,72.0,31.6,38.4,30.5,0.323,21,0
1,77.3,78.2,21.5,88.3,25.8,0.539,21,0
6,122.1,81.5,15.4,171.5,30.3,0.194,56,0
2,155.3,78.0,27.0,140.0,38.3,0.762,42,1
0,65.0,75.1,31.5,125.7,30.3,0.335,21,0
4,88.0,81.0,31.6,228.1,35.2,0.36,34,0
0,65.0,71.1,19.9,256.9,26.0,0.402,21,0
1,156.9,76.7,24.2,92.0,30.9,0.527,24,0
1,88.1,74.1,24.7,65.0,33.1,0.539,21,1
3,168.3,72.5,18.0,55.3,33.2,0.204,35,0
1,65.0,79.1,16.0,53.5,18.0,0.353,51,0
4,80.8,85.1,19.9,129.7,24.3,0.56,48,0
1,103.2,64.3,27.3,108.7,32.2,0.431,31,0
3,129.5,82.1,18.5,31.6,19.5,0.509,57,0
6,116.6,83.7,16.8,36.5,23.0,0.368,67,0
3,94.1,76.4,27.1,80.5,30.7,0.343,51,0
3,65.0,81.0,27.6,80.0,23.4,0.296,29,0
1,106.0,79.6,17.2,99.9,21.2,0.523,35,0
2,108.6,87.3,28.8,153.2,35.0,0.139,73,0
0,99.3,75.7,17.5,150.5,24.8,0.118,32,0
2,157.7,82.5,17.7,100.0,21.4,0.091,48,0
1,106.5,75.4,20.2,114.7,21.4,0.45,26,0
3,161.3,84.9,19.9,175.9,34.4,0.215,58,1
6,131.1,66.7,21.1,140.6,29.3,0.428,25,0
1,132.7,76.9,33.1,227.3,34.8,0.32,36,1
6,142.3,76.2,20.8,70.9,26.1,1.042,48,0
5,126.6,83.2,23.4,52.6,28.0,0.08,79,0
0,102.4,85.3,17.5,97.8,22.5,0.243,41,0
3,130.4,85.5,33.7,108.4,32.6,0.146,33,1
0,142.8,77.1,19.7,132.7,21.8,0.146,32,0
3,131.3,81.9,34.2,59.0,37.6,0.289,57,0
3,67.6,86.2,21.8,97.3,21.4,1.416,46,0
1,140.9,80.2,22.4,115.9,20.1,0.675,50,1
6,138.8,84.0,24.0,54.2,29.4,0.416,70,1
2,142.0,79.0,21.8,104.0,23.3,0.148,38,0
6,104.9,82.4,21.2,94.0,24.7,0.197,44,0
2,91.3,85.0,22.6,117.8,33.3,0.415,32,0
3,113.7,74.9,32.7,89.6,35.7,0.47,26,1
1,145.1,64.3,26.1,90.0,28.0,0.326,28,0
0,68.7,70.4,23.6,147.6,25.8,0.257,21,0
4,116.1,78.8,24.3,196.9,25.7,0.232,47,0
4,65.0,84.8,28.8,155.3,29.9,0.08,45,0
2,69.7,77.4,25.7,83.6,18.0,0.202,47,0
2,149.8,70.5,23.5,40.4,27.0,0.374,25,0
2,123.5,76.2,24.2,68.1,21.6,0.331,28,0
2,79.1,72.0,18.3,127.3,29.0,0.394,28,0
0,135.5,80.1,18.5,103.1,26.3,0.198,60,0
2,95.3,81.6,17.9,74.8,28.0,0.552,41,0
4,128.4,80.1,27.3,29.0,28.5,0.384,38,0
3,129.0,88.2,25.5,62.0,29.8,0.389,52,0
5,136.5,77.0,25.3,199.5,23.1,0.261,28,0
3,143.9,82.1,30.2,26.8,34.0,0.469,44,1
2,108.6,89.9,25.3,148.3,28.2,0.462,84,1
0,107.7,77.4,20.6,88.7,28.6,0.957,64,0
0,158.0,68.3,26.4,64.4,27.2,0.459,44,1
3,86.9,78.4,18.7,83.3,24.3,0.993,39,0
2,131.4,78.5,25.0,138.4,30.7,0.11,47,0
8,93.8,73.7,26.8,72.9,28.8,0.548,68,1
2,116.6,78.1,33.4,93.1,38.8,0.422,66,1
2,171.7,76.8,18.0,121.2,23.4,0.702,73,1
4,75.6,77.9,28.1,72.1,35.2,1.061,42,0
0,69.1,76.6,20.2,83.1,27.4,0.123,21,0
4,160.1,88.2,20.6,56.5,27.1,0.379,81,1
3,122.7,76.6,20.7,76.3,22.7,1.072,25,0
3,92.5,75.9,25.1,47.7,29.6,0.404,21,0
1,110.9,77.2,25.9,160.9,26.5,0.472,52,0
1,108.6,79.9,24.9,28.6,30.2,0.322,21,0
2,105.9,77.9,25.2,49.0,22.4,0.08,38,0
0,158.3,82.5,25.8,36.1,28.7,0.207,21,0
0,85.9,82.8,27.8,102.4,27.6,0.216,32,0
3,107.9,75.4,26.7,187.4,25.0,0.784,74,0
1,80.6,83.4,26.2,184.0,28.1,0.415,44,0
2,108.3,81.1,24.6,51.7,27.5,0.294,38,0
0,94.1,84.8,22.7,100.5,30.5,0.555,46,0
0,125.1,77.8,24.1,89.2,32.3,0.217,21,0
1,110.4,72.8,22.1,110.9,30.3,1.343,27,0
4,133.7,83.5,23.8,87.9,28.4,0.094,30,0
1,158.0,67.5,26.0,94.2,21.8,0.257,49,0
2,77.4,77.0,18.0,74.6,23.8,0.508,23,0
4,119.6,76.7,23.3,95.6,32.4,0.373,41,1
3,65.0,83.2,23.2,77.8,29.8,0.326,36,0
0,116.7,76.3,27.8,44.8,25.4,0.216,28,0
2,132.6,74.7,33.9,241.7,32.4,0.42,29,0
0,104.5,72.0,28.0,41.8,23.9,0.08,36,0
2,127.6,84.5,25.9,98.9,22.8,0.347,21,0
3,125.2,81.3,22.2,46.7,33.0,0.357,53,1
0,133.6,77.8,26.3,54.7,34.9,0.467,25,1
2,76.5,74.9,16.9,59.9,24.8,0.461,33,0
1,149.8,91.9,23.0,109.1,31.5,0.442,72,0
4,104.7,83.6,28.4,220.9,32.3,0.415,53,0
1,65.0,69.2,23.3,97.2,28.3,0.199,21,0
1,85.6,78.8,26.7,301.2,26.4,0.755,21,0
3,74.7,83.4,29.8,18.8,24.2,0.22,47,0
3,97.8,85.3,26.7,111.3,28.3,0.164,34,0
1,87.5,84.0,19.0,135.5,26.1,0.631,41,0
1,66.0,79.8,24.5,40.2,33.3,1.129,52,0
3,65.0,90.6,34.1,156.1,33.5,0.124,56,0
3,114.2,79.7,19.3,98.9,27.2,0.603,31,0
4,160.5,77.9,26.8,109.9,30.4,0.593,36,1
3,119.3,77.7,26.9,64.6,29.8,0.193,45,0
3,96.0,89.8,34.6,163.4,36.1,0.612,46,0
3,81.1,83.0,26.1,101.0,27.5,0.247,41,0
5,74.1,73.4,23.9,41.6,29.7,0.181,69,0
1,106.6,74.5,15.8,65.9,26.8,0.225,46,0
1,108.6,86.4,27.2,153.9,31.0,0.161,52,0
4,132.7,75.9,20.3,82.1,24.9,0.137,42,0
2,103.6,76.1,21.1,126.6,21.0,0.266,23,0
3,159.4,76.4,27.9,157.6,38.5,0.643,27,1
2,73.6,77.3,24.3,148.0,23.8,0.548,21,0
1,79.0,80.4,29.2,102.5,21.0,0.321,59,0
2,128.1,79.0,26.7,241.6,29.9,0.373,21,0
1,99.3,77.9,25.4,125.0,27.8,0.417,35,0
7,97.1,64.3,21.5,142.6,21.6,0.136,31,0
4,90.0,77.1,22.4,102.5,28.4,0.195,31,0
4,70.7,76.5,17.4,97.6,24.3,0.316,32,0
1,65.0,77.5,15.4,106.0,20.7,1.106,75,0
1,93.5,67.3,21.8,85.2,30.1,0.461,21,0
0,78.6,89.7,19.7,82.7,28.1,0.155,65,0
2,124.5,76.9,18.3,90.8,31.0,0.704,34,0
1,113.2,76.0,18.9,101.4,23.1,0.562,54,0
1,94.3,78.3,21.9,96.9,32.2,0.455,39,1
1,98.6,78.8,19.5,40.1,22.2,0.311,21,0
1,149.9,80.8,18.7,77.1,27.7,0.319,68,0
5,88.8,83.1,26.6,127.4,25.0,0.317,63,0
2,145.0,87.2,22.6,204.0,22.7,0.127,22,0
5,158.3,78.0,31.7,143.4,30.8,0.166,49,0
3,124.3,79.1,28.3,70.6,30.3,0.287,28,0
1,102.8,80.5,24.1,157.3,26.2,0.548,21,0
2,108.7,76.6,24.1,118.5,26.4,0.474,25,0
1,139.6,73.1,25.5,51.1,27.7,0.193,66,1
3,104.0,88.4,16.8,133.4,28.0,0.382,55,0
2,191.5,68.1,21.7,127.0,22.6,0.672,32,1
2,89.7,84.6,22.6,97.6,26.1,0.322,66,0
4,137.4,79.1,21.7,181.5,22.7,0.192,61,1
5,145.1,83.8,26.5,188.7,30.7,0.11,25,1
2,65.0,86.3,20.6,121.5,18.0,0.752,73,0
1,121.7,73.0,16.5,144.8,26.8,0.21,31,0
1,105.2,78.9,15.7,64.1,31.2,0.121,33,0
2,104.7,76.9,23.5,148.8,28.5,0.218,21,0
1,147.0,77.0,19.4,163.0,23.7,0.567,28,0
6,108.0,73.9,15.1,93.8,18.0,0.444,35,0
3,161.0,78.8,24.2,42.0,29.4,0.33,43,0
6,74.7,75.0,29.0,170.0,32.7,0.417,21,0
2,77.6,81.9,23.5,151.6,26.8,0.299,26,0
3,105.1,81.2,20.6,58.7,32.1,0.815,74,1
1,95.0,80.2,23.7,85.4,28.7,0.45,59,0
2,88.6,89.3,20.9,263.9,27.4,0.343,64,0
3,65.0,76.9,20.4,63.6,30.1,0.08,36,0
2,148.3,72.6,27.3,54.1,27.6,0.192,43,0
2,126.7,85.5,27.2,74.9,34.4,0.292,49,1
4,131.4,81.1,23.9,140.3,31.0,0.213,73,1
0,90.2,81.9,27.0,29.7,27.8,0.528,21,0
3,132.6,78.0,34.4,98.9,37.4,0.165,29,0
2,184.6,76.6,22.4,64.0,24.6,0.406,42,0
1,133.5,79.8,33.9,124.3,30.2,0.102,39,1
1,115.1,74.9,29.2,81.3,30.5,0.938,26,0
4,118.3,82.4,29.6,179.5,33.2,1.508,47,1
4,154.4,71.4,24.8,138.8,29.5,0.08,30,1
2,78.2,74.2,24.0,84.6,26.3,0.874,38,1
5,111.5,84.1,19.3,138.0,27.3,0.374,46,0
1,116.1,79.6,20.2,60.6,30.2,0.731,30,0
4,126.9,79.8,31.6,56.5,39.5,0.307,53,0
3,91.6,82.9,26.9,148.5,19.3,0.9,57,0
0,65.0,72.5,24.1,80.6,33.0,0.356,26,0
3,116.9,74.7,18.0,147.2,33.3,0.084,30,0
1,190.7,89.6,23.6,39.9,32.1,1.391,23,0
4,128.7,84.8,24.5,38.4,27.9,0.573,37,0
2,77.7,77.1,12.9,81.8,25.2,0.428,43,0
1,99.2,90.3,18.1,67.2,24.9,0.613,32,0
1,106.4,77.2,31.2,81.1,32.8,0.604,42,0
5,165.5,82.5,23.6,108.8,32.3,0.08,29,0
4,110.8,83.2,21.1,156.9,18.9,0.956,30,0
3,150.1,71.4,21.8,60.3,22.9,0.359,44,1
2,121.3,71.1,19.8,138.3,26.8,0.294,31,0
2,117.6,69.8,17.2,53.6,24.7,0.821,36,0
2,82.9,84.7,22.3,30.8,31.2,0.456,45,0
4,140.5,87.7,22.2,76.0,24.7,0.552,42,0
0,97.6,74.2,29.1,190.3,43.0,0.101,21,0
3,151.0,75.9,21.3,68.1,25.0,0.174,29,0
3,115.9,85.0,22.9,105.5,22.7,0.439,60,1
0,112.0,78.2,23.1,72.8,33.2,0.08,21,0
2,91.3,75.5,22.1,146.9,26.2,0.913,21,0
6,100.0,79.3,26.7,59.3,32.4,0.152,48,0
1,100.3,80.5,29.1,68.1,34.8,0.296,42,0
4,116.5,68.0,22.8,95.9,33.4,0.178,21,0
2,165.8,83.3,27.2,71.2,25.1,0.62,39,0
3,68.8,69.8,15.7,33.5,19.1,0.152,28,0
2,119.2,83.9,22.5,54.2,36.6,0.104,47,0
1,171.8,81.1,27.6,79.2,20.2,0.108,21,1
1,77.3,76.9,23.3,96.1,38.7,0.281,33,0
1,101.7,75.0,20.3,172.2,26.8,0.369,29,0
2,142.5,77.6,19.6,78.8,26.0,0.283,53,0
0,76.4,74.9,23.8,60.0,24.7,0.106,21,0
3,163.5,64.1,24.8,184.4,27.9,0.324,38,0
6,155.2,72.8,21.8,64.0,24.0,0.229,48,1
4,123.6,81.6,21.5,132.7,30.0,0.609,79,0
2,65.0,81.1,13.0,57.5,27.1,0.811,30,0
5,99.6,75.6,31.2,232.6,21.5,0.388,43,0
3,146.7,72.7,14.7,94.6,22.3,0.344,21,1
0,103.3,76.2,28.7,180.3,25.9,0.392,37,0
5,115.3,76.4,16.6,87.1,18.0,0.114,62,0
5,179.9,84.1,18.0,73.7,18.8,0.106,80,0
1,125.2,76.5,22.2,74.6,34.4,0.437,45,1
1,122.5,79.9,27.4,44.5,34.2,0.964,21,0
1,102.9,88.2,29.8,61.2,32.7,0.15,66,0
1,165.4,75.8,22.7,96.5,31.2,0.564,21,1
0,147.9,79.9,30.7,54.2,30.1,0.521,21,0
3,99.8,84.9,20.6,95.7,30.1,0.586,69,0
3,91.9,73.3,24.2,95.6,23.9,0.187,36,0
3,88.9,75.8,22.1,84.6,33.2,0.3,28,0
3,100.3,79.2,19.8,124.8,22.3,0.243,51,0
1,90.2,77.1,26.0,123.3,41.4,0.123,40,0
3,118.9,86.9,20.7,144.8,24.7,0.213,59,0
3,142.2,82.0,17.3,100.2,22.3,0.681,41,1
2,89.7,76.2,27.9,134.5,45.6,0.568,42,0
2,92.5,82.7,23.7,120.1,21.6,0.299,58,0
2,95.6,80.0,29.1,68.0,31.9,0.517,36,0
0,125.6,64.6,23.8,76.9,29.4,0.834,24,0
1,82.7,87.0,26.6,43.2,31.1,0.293,52,0
2,67.5,77.0,26.0,127.6,33.9,0.194,33,0
3,107.2,84.4,23.8,109.0,31.9,0.211,43,0
1,117.4,60.5,23.5,59.5,19.1,0.672,21,0
5,110.7,74.8,23.1,69.5,29.4,0.165,35,0
5,111.5,82.3,15.5,39.9,29.2,0.475,29,0
0,141.7,81.1,20.0,210.6,31.8,0.296,21,0
4,152.6,87.7,25.7,155.1,27.5,0.755,36,1
6,113.0,80.4,23.6,113.1,22.9,0.402,36,0
7,118.9,79.3,14.7,56.7,22.6,0.284,44,0
2,173.8,80.2,20.2,89.3,26.9,0.268,61,1
0,106.9,77.9,25.3,81.6,20.9,0.216,57,0
2,101.6,76.9,29.5,110.6,24.4,0.575,30,0
5,71.8,69.5,23.0,58.0,24.9,0.692,41,0
1,136.8,82.8,24.7,33.9,26.1,0.969,47,0
1,68.9,80.5,31.6,54.6,40.6,0.275,30,0
2,94.7,70.3,18.6,67.6,22.2,0.513,21,0
4,82.6,72.4,18.8,112.0,18.0,0.121,34,0
2,73.9,85.5,27.4,109.8,29.4,0.13,62,0
2,163.4,74.9,24.1,42.9,23.0,0.633,21,0
1,119.4,69.7,17.0,60.0,33.8,0.08,23,0
2,65.0,73.9,27.3,44.3,26.6,0.535,25,0
1,125.1,69.2,26.1,154.2,28.0,0.222,23,0
5,147.2,75.8,20.7,307.7,20.1,0.243,51,0
2,130.1,64.1,27.2,97.2,27.8,0.62,27,0
0,151.2,80.0,28.4,206.8,34.5,0.213,51,0
2,133.0,82.6,29.3,146.9,32.4,0.995,38,1
1,140.2,71.7,22.7,127.3,28.5,0.232,21,0
2,112.0,81.8,26.5,27.4,20.7,0.173,31,0
5,163.2,81.1,12.9,75.2,30.2,0.285,58,1
0,141.0,80.9,30.3,74.6,29.6,0.217,40,1
6,124.0,80.9,28.3,36.2,34.6,0.552,32,0
2,88.0,80.5,26.2,126.5,29.2,0.43,63,0
1,148.8,80.6,23.3,100.0,30.7,0.28,22,1
1,153.1,69.1,23.4,46.7,25.4,0.08,28,0
1,183.7,73.3,21.5,43.5,24.4,0.296,55,0
7,113.4,81.0,23.1,78.9,30.1,0.329,50,0
1,127.9,79.0,24.7,260.7,28.9,0.12,21,0
3,127.4,87.9,24.0,97.6,29.0,0.549,46,1
1,65.0,77.6,26.8,156.5,28.3,0.555,27,0
1,142.6,59.1,20.6,54.2,18.0,0.471,21,0
2,130.4,77.3,31.7,95.5,30.8,0.08,32,0
2,101.0,83.7,24.5,169.6,31.2,0.484,82,0
1,89.0,82.0,24.9,255.3,24.2,0.165,58,0
1,78.6,72.1,25.1,139.3,31.3,0.679,37,0
0,135.4,68.8,19.5,44.9,26.6,0.512,21,0
0,93.3,75.3,16.3,191.5,28.2,0.348,21,0
1,131.7,78.8,22.5,110.4,23.7,0.821,38,0
2,112.7,73.2,24.3,54.9,27.4,0.377,45,0
5,124.1,89.6,17.9,90.8,18.7,0.306,51,1
5,157.3,78.9,20.7,163.6,25.9,1.274,49,1
3,132.0,86.1,21.6,201.9,37.6,0.105,50,0
2,129.0,74.8,25.9,98.0,28.4,0.163,42,0
4,97.9,81.6,22.5,112.4,25.7,0.085,62,0
0,131.3,73.8,23.4,218.6,25.5,0.368,29,0
3,114.2,80.7,22.8,93.2,23.8,0.387,38,0
0,73.4,74.4,29.2,65.5,28.2,0.438,21,0
2,110.0,79.8,22.1,47.4,22.0,0.163,29,0
1,154.1,83.7,20.1,87.9,31.7,0.206,57,0
4,86.7,75.6,23.9,89.0,32.2,0.5,50,1
0,126.2,84.3,26.1,134.1,31.3,0.375,21,0
6,111.7,87.4,28.5,70.9,32.9,0.229,85,0
5,115.6,79.9,25.3,34.5,32.7,0.153,40,0
4,108.7,73.2,31.4,47.0,29.3,1.257,40,1
1,123.9,76.7,28.4,246.1,34.9,0.549,28,0
3,82.6,76.4,28.9,172.2,30.2,0.406,31,0
2,132.9,78.9,19.9,193.7,24.3,0.501,40,0
3,101.0,80.6,19.6,52.9,27.2,0.226,48,0
3,120.8,88.7,27.2,77.2,32.4,0.216,43,0
4,122.6,77.5,24.3,144.3,30.1,0.165,29,0
0,123.4,78.9,17.2,38.9,24.6,0.121,24,0
0,107.7,80.7,25.4,32.5,27.8,0.518,23,1
3,75.0,88.6,20.3,44.3,23.3,0.49,59,0
4,97.6,76.2,23.4,61.5,32.0,0.161,56,0
9,103.6,86.7,28.5,158.4,34.9,0.08,46,0
4,65.0,80.8,15.0,111.1,18.9,0.52,59,0
0,97.9,79.0,13.6,130.0,29.8,0.08,35,0
2,150.4,73.8,20.7,69.2,21.6,0.475,54,1
2,82.0,81.1,23.8,44.0,19.9,0.166,47,0
1,139.4,68.1,27.9,91.0,34.7,0.355,55,1
2,97.5,74.7,27.0,70.4,33.7,0.86,22,0
2,96.3,69.0,23.5,72.5,28.7,0.108,21,0
0,108.9,84.7,22.3,128.0,24.7,0.455,42,1
3,125.0,82.7,22.9,94.7,25.9,0.431,32,0
0,101.0,72.9,24.7,65.7,24.1,0.754,21,0
4,98.2,80.1,27.5,90.5,38.4,0.277,64,0
3,159.2,80.6,28.3,50.9,38.2,0.615,56,0
4,119.0,72.8,21.6,57.7,32.0,0.106,44,0
6,70.2,72.1,22.6,75.6,27.9,0.08,25,0
1,65.0,70.6,18.8,39.1,20.7,0.279,21,0
1,161.2,78.0,20.0,116.5,26.4,0.953,21,1
0,144.6,73.6,21.5,37.3,27.6,0.531,29,1
3,120.7,77.8,29.2,48.6,23.8,0.644,51,1
2,119.6,75.4,25.8,65.1,35.0,0.133,32,0
2,114.7,81.9,26.9,99.4,37.8,0.236,47,0
1,118.1,87.7,25.7,80.3,26.7,0.272,48,0
2,121.8,79.1,23.8,20.6,33.2,0.591,50,0
2,148.4,71.8,24.7,58.0,29.2,0.292,21,1
3,145.3,76.8,24.9,195.0,23.4,0.616,26,1
2,121.3,86.4,22.3,115.4,33.9,0.162,46,1
2,121.9,82.4,28.8,46.7,36.2,0.141,70,1
3,141.9,80.8,22.6,65.3,30.6,0.713,61,0
1,133.7,75.9,26.3,138.7,25.1,0.08,43,1
3,112.2,78.5,20.5,67.3,32.0,0.26,64,0
2,65.0,83.5,20.8,51.7,26.2,0.08,43,0
1,137.2,72.8,26.1,56.9,32.5,0.515,21,0
3,150.7,92.7,25.5,103.1,35.7,0.348,50,0
4,106.6,78.9,17.8,107.4,24.0,0.486,62,0
3,79.5,85.0,25.4,172.2,30.8,0.36,79,0
1,145.0,85.0,23.1,99.5,26.0,0.19,28,0
3,145.5,91.6,28.0,123.2,34.0,0.694,21,0
1,87.6,76.9,24.0,70.3,27.8,0.638,54,0
4,130.2,83.8,27.5,56.5,35.9,0.192,45,0
3,100.4,83.3,32.3,52.2,41.2,0.738,43,1
3,126.0,83.5,18.3,77.4,23.2,0.3,64,0
0,159.7,90.3,28.5,69.5,29.4,0.671,54,0
2,130.1,87.8,33.2,46.1,34.2,0.212,47,1
4,95.1,73.0,21.4,57.3,26.5,0.08,30,0
1,97.8,80.0,27.0,249.9,31.1,0.782,52,0
1,178.4,78.0,19.1,54.6,25.5,0.098,21,0
2,155.9,72.4,18.1,79.9,19.0,0.134,42,0
2,101.0,79.5,30.2,20.0,31.6,0.301,37,0
0,111.7,76.8,20.1,70.4,31.7,0.234,21,1
1,104.0,79.2,27.1,152.1,23.2,0.259,45,0
2,121.0,82.8,21.7,72.5,25.6,0.973,28,0
5,140.3,80.1,17.7,51.9,26.6,1.055,45,1
0,131.6,82.7,28.8,50.1,31.4,0.212,23,1
1,137.5,84.2,23.4,114.6,33.0,0.145,54,1
0,92.5,84.7,21.0,150.8,30.4,0.356,74,0
0,118.8,68.7,31.3,338.0,21.5,0.288,21,0
1,142.2,70.0,22.6,19.5,25.9,0.312,23,0
0,163.6,71.9,26.2,58.8,26.5,0.509,21,1
5,65.0,78.6,16.4,91.0,26.0,0.08,34,0
3,129.9,85.7,27.4,147.1,32.9,0.557,44,0
3,154.0,84.3,28.6,183.4,34.7,0.44,51,0
2,65.0,72.5,21.0,59.5,32.9,0.206,42,0
2,158.7,81.4,27.7,71.8,35.3,0.136,50,0
4,185.7,78.1,15.8,65.0,27.9,0.386,36,1
0,120.9,72.3,20.6,110.2,24.8,0.697,28,0
1,132.3,69.8,24.5,144.9,21.2,1.144,23,1
5,84.0,75.7,23.5,158.0,25.9,0.368,34,0
2,180.5,77.9,11.9,107.9,23.1,0.08,24,1
0,124.1,84.9,28.6,50.2,37.7,0.684,44,1
0,65.0,73.9,25.8,125.3,32.3,0.127,24,0
3,145.9,84.7,22.0,318.8,22.5,0.322,30,1
1,86.0,73.5,16.4,185.3,26.6,0.357,59,0
0,98.9,84.7,23.0,54.8,24.5,0.177,62,0
1,124.3,83.3,23.4,152.9,24.1,0.08,61,0
3,115.8,69.3,16.5,379.8,25.5,0.452,36,0
3,125.6,71.7,21.4,213.7,25.7,0.178,29,0
4,129.3,75.0,19.0,58.7,25.2,0.325,47,0
0,158.1,79.9,24.1,70.8,27.8,0.76,24,0
1,71.7,75.1,15.8,118.4,25.9,0.505,52,1
1,132.2,67.0,31.5,55.0,33.9,1.246,27,0
3,120.3,72.0,31.2,86.2,27.7,0.306,34,0
1,107.8,83.0,23.6,89.1,27.5,0.649,52,0
0,74.7,76.5,32.0,109.3,25.1,0.371,21,0
4,127.7,68.7,23.2,62.7,26.9,0.76,28,1
3,84.5,76.6,24.2,316.8,20.5,0.08,44,0
3,65.0,84.3,27.5,75.3,26.1,0.132,48,0
4,108.8,76.8,30.4,204.3,34.3,0.138,45,0
1,134.0,76.0,25.3,176.2,23.6,0.313,33,0
4,91.9,76.4,17.4,92.6,29.3,0.429,55,0
0,65.0,76.6,22.5,29.1,34.2,0.247,23,0
0,114.2,74.5,23.2,68.9,29.0,1.367,23,0
2,153.4,84.8,19.4,92.3,25.7,0.363,44,0
3,91.9,71.1,28.0,153.8,31.1,0.178,22,0
2,71.2,82.3,23.5,70.4,27.4,0.265,76,1
3,65.0,80.3,31.6,67.8,32.3,0.487,28,0
4,92.2,86.9,20.6,74.2,29.3,0.18,54,0
0,115.8,83.0,21.1,104.4,18.7,0.532,21,0
2,99.9,74.6,21.8,116.6,24.5,0.119,68,0
0,123.1,77.8,22.1,69.0,28.8,0.476,38,0
1,118.4,86.0,25.0,68.8,33.3,0.158,28,0
2,147.0,84.7,35.0,68.4,31.9,0.229,32,0
3,110.6,74.4,27.4,102.9,32.6,0.31,26,0
1,134.8,82.2,14.5,183.0,26.6,0.42,34,0
2,116.3,76.2,27.0,280.3,24.0,0.355,21,0
1,120.8,77.9,20.9,109.4,24.4,0.108,28,0
2,120.5,78.3,20.1,98.5,23.6,0.378,54,0
3,82.2,82.6,28.8,121.1,39.6,0.216,41,0
1,112.3,79.5,33.0,205.2,37.6,0.097,23,0
4,94.8,73.8,18.5,20.4,20.9,1.11,34,0
3,88.3,92.6,29.5,44.5,29.8,0.435,62,0
4,127.6,80.9,21.3,193.4,26.8,0.349,30,0
2,130.8,83.9,26.1,54.4,25.9,0.519,22,0
3,94.8,79.8,32.3,82.8,30.9,0.202,48,0
1,137.3,69.7,23.0,106.2,24.8,0.1,21,0
0,100.7,77.2,17.2,88.3,24.9,0.512,33,0
4,143.7,85.1,25.8,73.5,30.3,0.399,64,0
5,185.1,77.8,28.3,37.1,34.9,0.08,34,0
1,130.3,76.7,27.0,56.0,38.8,0.744,56,1
2,111.5,74.3,30.9,138.0,30.5,0.22,21,1
1,93.0,69.0,23.2,91.2,22.8,0.254,33,0
3,121.5,73.4,33.0,192.1,31.6,0.171,32,0
2,83.7,82.7,24.4,132.0,25.5,0.885,46,1
3,107.4,88.3,20.3,70.5,27.6,0.08,39,0
2,86.3,91.8,23.7,120.2,36.2,0.245,68,0
1,141.9,73.1,26.3,99.7,35.3,0.301,29,0
2,98.0,81.2,26.3,93.5,32.6,0.262,38,1
6,114.0,78.6,32.1,47.8,36.7,0.402,32,0
2,65.0,76.8,22.7,31.6,18.0,0.226,37,0
3,104.0,77.1,29.3,81.5,23.8,0.08,36,0
0,103.2,78.1,23.8,55.5,31.2,0.41,24,0
2,85.6,87.0,17.6,83.7,27.4,0.368,52,0
1,105.6,84.5,33.3,84.4,33.9,0.301,27,1
0,65.0,79.1,13.5,201.8,21.1,0.405,26,0
0,78.1,73.3,28.5,87.4,34.2,0.18,21,0
4,65.0,78.1,28.5,80.6,30.5,0.504,29,0
3,139.3,68.6,29.3,139.6,28.3,0.39,27,0
1,114.1,77.2,18.7,247.0,18.6,0.971,21,0
0,65.0,74.3,30.1,44.5,39.8,0.953,21,0
2,146.7,74.7,22.8,127.3,21.1,0.228,34,0
2,128.6,77.5,20.0,143.9,20.0,0.597,67,1
1,111.6,80.7,23.7,167.6,31.1,0.292,21,0
2,125.9,87.2,29.4,127.2,33.8,0.754,37,0
3,110.9,71.3,24.9,92.7,27.0,0.947,33,0
2,103.7,78.2,25.1,48.5,23.0,0.902,49,0
4,117.6,77.9,21.6,225.3,25.1,0.602,51,0
2,116.8,89.0,25.1,161.8,29.9,0.451,85,0
2,88.9,79.3,21.1,26.7,24.4,0.162,42,0
3,138.8,75.6,29.4,135.4,34.4,0.3,25,0
1,89.6,71.4,16.2,110.2,23.2,0.588,28,0
0,105.3,68.6,18.4,34.4,18.9,0.476,30,0
3,142.1,73.9,30.4,115.0,36.3,0.412,27,1
1,149.7,84.2,20.5,46.3,23.8,0.575,74,1
3,145.2,89.9,31.2,97.7,30.3,0.148,50,1
0,65.0,66.8,29.3,110.7,30.5,0.229,21,0
3,109.0,77.3,28.7,58.8,24.0,0.744,46,1
2,77.9,77.2,26.2,98.7,31.0,0.293,22,1
6,81.5,71.8,26.2,79.0,25.2,0.422,51,0
3,94.5,80.1,21.3,155.5,23.7,0.175,60,0
1,105.7,64.8,27.7,82.9,27.3,0.19,33,0
4,97.2,82.5,31.8,56.2,37.2,0.08,28,0
4,65.0,86.2,21.2,47.0,29.2,0.264,69,0
2,123.2,85.9,31.7,274.5,32.6,0.714,27,0
2,112.0,72.7,20.3,37.4,27.9,0.328,25,0
0,154.4,69.6,21.3,83.7,24.6,0.208,23,1
4,112.2,76.2,24.0,321.5,29.4,0.473,36,0
0,65.0,72.8,29.6,59.0,26.8,0.478,42,0
4,71.4,78.5,16.5,284.4,25.1,0.441,56,0
3,65.0,86.2,24.9,308.9,31.7,0.148,47,0
0,106.4,76.6,25.9,57.8,29.9,0.08,47,0
1,165.7,80.7,30.4,134.6,24.1,0.09,64,1
1,131.0,70.6,23.0,58.0,32.4,0.309,23,1
0,119.5,76.9,15.9,58.2,27.5,0.27,21,1
3,79.9,77.9,22.3,147.2,32.1,0.131,48,0
2,128.7,79.5,19.6,89.0,23.9,0.919,35,0
2,105.7,81.3,21.9,69.7,22.8,0.213,56,0
1,123.5,76.4,19.9,155.3,25.0,0.736,37,1
0,131.4,78.9,26.2,96.3,27.7,0.24,28,0
4,100.0,88.6,25.7,44.1,26.5,0.481,49,0
3,124.0,82.0,28.9,79.9,34.5,0.356,39,0
4,174.1,75.0,16.6,116.9,23.1,0.166,37,0
4,155.4,84.9,25.6,90.2,18.0,0.789,85,1
5,144.1,94.8,15.6,129.7,27.5,0.587,62,1
2,191.2,91.1,28.8,128.0,30.3,0.309,51,0
3,177.6,70.7,18.6,86.0,25.6,0.08,39,1
3,163.7,72.1,19.7,108.2,28.7,0.123,38,1
3,81.6,68.4,16.7,162.0,23.2,0.636,32,0
6,77.0,76.7,26.9,60.9,22.4,0.388,41,0
3,74.5,75.0,17.8,115.6,30.6,0.707,30,0
2,142.4,82.1,25.1,40.5,30.9,0.551,21,1
2,139.1,68.1,23.2,226.9,30.7,0.602,36,1
3,129.6,86.0,29.0,107.7,30.6,0.08,43,0
2,81.0,91.7,25.5,109.8,29.8,0.117,56,0
4,145.9,74.7,24.6,60.7,26.7,0.207,25,0
2,105.5,66.8,25.7,45.3,31.3,0.643,38,0
2,108.2,87.2,22.5,251.3,23.0,0.23,47,0
1,137.9,83.4,24.0,41.7,34.3,0.261,47,0
3,109.7,86.7,24.6,88.3,32.4,0.224,72,0
3,112.0,76.8,27.6,60.1,19.3,0.08,33,0
1,69.5,73.7,21.7,33.0,32.0,0.08,24,0
2,66.5,76.3,24.6,72.6,32.0,0.473,39,0
2,147.8,79.1,27.3,113.8,40.7,0.199,33,0
1,125.3,77.1,24.0,172.9,21.8,0.7,31,0
1,85.5,72.4,18.4,54.6,20.2,0.569,29,0
4,126.1,74.5,24.1,173.1,33.1,0.08,43,1
1,115.8,70.2,24.5,97.8,30.0,0.375,27,0
0,75.9,85.3,24.4,89.0,20.1,0.472,51,0
2,111.5,90.6,32.0,47.0,38.7,1.245,50,0
0,123.6,78.7,21.6,88.8,25.5,0.28,44,0
3,65.0,71.3,24.1,110.3,25.3,0.119,23,0
5,143.5,77.8,22.9,68.7,31.8,0.387,42,0
2,121.7,81.6,26.6,74.5,39.9,0.289,58,1
2,169.5,79.5,16.5,75.3,24.9,0.521,53,0
6,155.7,80.2,20.5,57.0,30.8,0.305,50,1
3,166.6,69.6,20.6,86.1,22.1,0.248,38,0
1,92.5,73.2,27.5,126.0,27.3,0.474,37,0
3,133.9,90.1,24.2,58.6,37.1,0.889,62,0
3,117.3,80.6,33.8,233.7,35.7,0.096,42,0
2,164.5,79.5,27.9,127.2,25.1,0.196,43,0
1,158.8,79.8,26.2,172.9,32.5,0.308,85,1
1,168.9,79.1,24.9,223.6,28.5,0.934,32,0
0,107.3,74.1,23.4,61.9,27.1,0.814,21,0
3,75.7,74.9,16.7,49.2,18.0,0.245,34,0
2,86.2,82.1,21.8,97.0,25.2,0.737,35,0
5,128.3,70.7,18.0,338.2,21.8,0.44,42,0
4,75.9,82.8,32.2,37.6,29.2,0.517,46,0
2,121.7,81.4,17.6,90.8,23.1,0.536,21,0
3,108.5,77.0,14.4,176.6,18.0,0.793,47,0
3,65.0,75.8,26.3,60.7,29.4,0.386,36,0
2,123.3,73.4,28.1,451.7,30.7,0.44,33,0
0,136.8,69.3,22.2,241.6,23.4,0.547,21,0
1,153.6,79.0,14.7,140.7,18.0,0.881,68,1
1,97.6,75.1,33.2,111.6,25.8,1.548,31,1
3,81.3,72.8,19.0,69.7,22.8,0.208,50,0
1,102.5,85.2,15.3,46.6,19.7,0.377,25,0
2,76.4,77.5,26.1,72.9,26.5,0.32,43,0
2,132.5,78.0,24.8,151.1,25.4,0.729,33,0
1,118.5,79.8,31.5,149.4,23.2,0.276,49,0
1,76.7,71.3,23.8,30.9,29.2,0.323,33,0
2,101.5,80.3,16.8,97.3,28.1,0.204,25,0
1,165.0,84.4,25.0,166.6,25.2,0.124,37,1
3,113.0,82.1,27.8,237.5,28.6,0.212,36,0
3,91.8,83.3,23.3,184.5,27.0,0.672,42,0
5,98.1,92.8,20.7,134.5,22.4,0.384,56,0
2,120.6,85.5,27.5,46.0,27.9,0.475,22,0
6,173.3,89.9,19.9,112.4,30.8,1.696,54,1
0,81.4,77.2,24.2,139.7,26.3,0.927,21,0
1,160.7,80.1,26.1,116.5,41.1,0.203,48,1
6,105.1,75.3,21.0,137.9,27.3,0.5,49,1
0,156.2,79.7,24.9,107.3,29.9,0.432,30,1
3,78.0,62.3,24.2,97.1,28.6,0.337,26,0
6,164.7,72.7,22.3,72.2,31.0,0.308,25,1
4,172.0,82.8,24.6,55.7,30.7,0.164,39,1
5,174.7,72.3,19.4,84.1,24.2,0.641,50,1
2,114.9,79.3,18.3,129.1,28.9,0.324,35,0
1,115.1,78.8,28.6,150.2,25.9,0.802,21,0
2,91.4,74.1,26.7,112.1,24.4,0.426,29,0
1,83.8,75.2,27.0,69.7,26.5,0.434,28,0
3,143.8,77.9,26.6,43.1,26.4,0.42,46,0
2,115.5,77.8,25.4,109.1,34.7,0.138,47,0
0,130.4,80.4,23.8,62.0,23.0,0.224,40,1
3,128.6,81.8,21.8,82.2,28.8,0.08,54,1
1,73.6,89.6,14.5,203.4,28.8,0.219,56,0
3,76.1,74.7,31.1,205.5,26.1,0.341,30,0
3,140.2,79.4,28.1,51.0,33.8,0.437,25,1
3,128.8,76.7,24.4,97.2,30.4,0.198,36,0
1,111.2,85.1,14.3,91.6,18.7,0.656,40,0
0,127.8,76.8,23.3,26.2,35.7,0.08,29,0
7,161.4,74.6,34.0,21.8,40.6,1.012,85,1
0,144.5,85.8,25.9,74.3,38.5,0.285,66,1
3,123.4,78.5,25.4,101.2,30.1,0.151,28,0
3,129.3,71.5,20.4,187.8,21.5,0.286,22,1
0,162.2,82.3,23.6,140.1,28.4,0.213,27,0
3,101.8,83.5,28.4,74.2,20.4,0.347,57,0
1,122.4,83.4,28.7,122.5,33.1,0.306,57,0
8,114.2,89.2,31.7,104.9,30.6,0.415,66,1
0,94.7,72.0,30.2,94.2,39.7,0.458,24,1
1,108.6,72.9,27.7,102.9,32.1,0.359,46,0
2,82.4,74.1,19.9,66.8,23.0,0.358,26,0
1,149.0,91.5,31.5,40.5,35.0,0.144,73,0
5,101.0,79.1,21.9,65.8,27.2,0.79,25,0
2,121.8,70.0,18.6,99.7,26.7,0.384,21,0
1,148.5,68.4,24.7,250.2,29.2,0.271,22,0
2,159.2,80.2,17.4,69.8,24.9,0.091,37,0
3,116.9,81.5,15.6,123.2,24.4,0.256,50,0
2,112.0,79.8,25.7,183.9,40.9,0.684,49,1
1,137.6,79.4,25.8,155.4,34.3,0.653,22,0
3,128.2,73.2,19.6,170.0,31.0,0.606,31,1
4,78.4,76.0,24.9,67.3,27.9,0.628,29,0
0,167.7,72.1,22.9,93.4,19.7,0.712,21,0
4,122.6,72.7,28.9,32.0,33.1,0.354,29,0
1,141.1,72.1,26.4,60.0,24.7,0.466,65,0
0,126.3,68.6,19.9,87.5,26.2,0.81,21,0
2,131.4,80.1,25.0,149.4,32.5,0.161,41,0
2,109.7,90.9,15.9,58.6,18.9,0.111,66,0
1,137.3,83.0,21.4,148.9,26.8,0.328,64,0
3,136.7,81.3,27.2,54.7,28.6,0.437,74,0
3,142.3,85.7,22.6,162.3,31.5,0.123,43,0
3,71.2,84.9,20.8,97.1,25.1,0.366,46,0
2,76.0,74.1,26.2,84.1,19.1,0.32,29,0
1,118.9,74.3,21.0,54.9,28.6,0.171,21,0
3,102.2,80.4,23.3,328.3,22.7,0.234,35,0
5,154.6,81.4,32.6,67.7,30.5,0.215,60,0
2,87.0,72.5,24.6,93.6,33.6,0.166,21,0
1,143.6,77.1,28.7,134.0,28.6,0.392,30,1
3,65.0,78.5,16.7,15.8,20.7,0.629,48,0
1,66.4,71.7,26.2,100.0,28.8,0.214,37,0
3,114.3,84.2,28.4,81.7,28.7,0.17,63,0
1,126.3,80.5,26.6,52.9,23.5,1.011,57,0
0,135.6,76.8,30.3,63.7,34.8,0.34,21,0
2,146.2,77.9,25.2,75.2,28.7,0.102,39,1
4,125.3,73.3,23.9,79.3,28.6,0.645,26,0
1,112.3,77.8,26.0,172.1,27.7,0.286,26,0
0,89.5,78.7,29.9,108.4,37.1,0.217,21,0
1,65.0,85.8,26.1,47.3,36.0,0.388,42,0
0,136.9,93.0,19.8,161.0,25.7,0.229,63,0
0,86.8,77.2,21.6,31.5,32.7,0.863,43,0
1,119.6,71.6,21.1,59.8,27.3,0.304,21,0
2,142.8,83.1,23.9,78.0,31.4,0.243,36,0
3,211.4,87.5,27.9,132.5,23.7,0.259,47,1
2,112.6,79.5,23.4,49.7,26.5,0.229,35,0
3,79.4,81.9,21.4,72.8,18.7,0.08,43,0
5,119.9,72.7,21.5,62.4,27.5,0.298,27,0
1,65.0,77.3,29.0,282.4,22.7,0.176,33,0
1,109.7,71.7,22.3,213.6,20.2,0.12,32,0
0,115.7,74.5,20.6,138.2,28.1,0.405,68,0
0,119.9,60.0,17.7,99.2,21.6,0.08,22,0
2,153.7,81.0,25.2,125.9,23.9,0.115,21,0
2,137.9,86.4,25.2,105.4,38.1,0.152,67,1
4,92.9,72.0,22.1,86.6,22.1,0.641,39,0
1,158.1,87.8,28.1,115.6,25.8,0.758,21,1
4,155.9,80.9,28.9,208.4,21.8,0.119,55,1
4,87.9,76.1,36.8,69.6,35.2,0.744,48,0
0,65.0,84.9,20.2,88.6,28.7,0.285,73,0
4,65.0,85.7,25.0,126.3,33.7,0.096,41,0
5,134.6,84.6,24.1,165.2,29.9,0.789,85,0
3,147.7,75.1,32.1,51.4,28.7,1.0,35,0
1,102.1,87.8,27.8,76.8,30.6,0.321,48,0
5,114.3,78.1,9.8,44.3,18.0,0.604,51,0
2,132.6,82.4,20.1,53.3,21.2,0.221,85,0
5,124.8,72.5,26.4,54.6,30.2,0.669,30,0
4,126.9,71.3,32.7,96.2,29.2,0.423,30,0
3,182.7,71.2,28.4,80.8,21.5,0.157,51,1
0,109.9,75.3,16.1,154.1,28.1,0.125,21,0
2,121.0,80.0,29.8,59.8,26.0,0.641,26,0
5,96.9,78.6,28.3,100.9,33.1,0.268,35,0
2,150.1,81.8,21.3,212.3,28.9,0.823,72,1
2,163.9,71.8,16.5,90.5,29.5,0.431,51,1
3,122.6,81.6,21.2,42.5,23.5,0.678,39,0
1,127.5,69.4,26.9,101.0,25.7,0.264,29,0
0,159.2,66.6,19.6,264.4,22.9,0.187,21,1
3,102.5,92.3,25.9,40.9,27.6,0.318,85,0
4,125.0,83.1,31.5,95.3,27.5,0.098,36,1
2,65.0,73.8,28.6,79.9,31.3,0.229,26,0
1,119.3,90.1,24.2,135.1,34.2,0.127,85,0
1,108.4,76.7,19.4,47.5,27.2,0.753,21,0
1,153.5,89.0,17.3,113.2,18.0,0.157,64,0
3,109.5,73.5,31.5,45.0,34.9,0.315,38,0
1,104.9,82.9,31.9,189.2,31.1,0.109,51,0
3,166.4,73.1,24.5,84.6,22.8,0.136,47,0
4,108.6,91.2,30.8,141.0,50.0,0.144,51,0
1,135.5,94.5,22.1,114.3,28.0,0.238,85,1
3,160.5,91.6,18.4,57.6,24.1,0.131,85,0
0,96.4,68.5,28.6,73.6,25.1,0.24,27,0
0,142.7,76.8,31.6,39.9,33.0,0.633,47,1
1,91.3,73.8,27.4,87.1,24.2,0.297,21,0
1,135.8,84.5,18.3,48.5,19.4,1.219,54,1
2,142.7,90.3,30.4,110.0,34.4,0.478,59,1
0,97.4,70.6,13.7,113.2,27.4,0.148,21,0
1,65.0,75.8,19.5,37.6,24.7,0.98,37,0
1,81.2,87.4,23.9,193.5,32.5,0.556,51,0
3,120.0,77.0,22.1,115.4,28.2,0.359,44,0
3,80.9,68.9,22.3,116.2,25.8,0.135,21,0
1,101.8,79.1,25.1,75.1,26.1,0.763,21,0
2,131.4,81.5,22.3,58.5,29.5,0.216,35,0
3,105.9,82.9,30.1,35.2,33.7,0.641,30,0
2,117.6,76.4,16.1,102.9,29.9,0.307,32,0
1,93.7,79.5,30.6,155.8,37.3,0.561,21,0
5,175.2,71.2,25.1,194.6,20.0,0.254,38,1
1,91.9,79.8,22.1,49.3,22.5,0.493,73,0
0,113.4,74.9,16.1,77.6,18.0,0.184,21,0
3,132.3,79.1,17.5,133.4,25.1,0.552,34,0
1,81.5,85.8,32.6,97.1,36.7,0.246,49,0
2,115.5,72.8,27.8,145.2,31.0,0.448,21,0
4,108.3,83.1,24.4,168.0,32.0,0.08,38,0
1,139.7,83.4,23.4,102.1,29.3,0.366,58,0
3,116.2,81.2,22.2,124.6,23.8,0.08,23,1
2,96.3,81.7,24.3,32.8,35.7,0.296,40,0
0,124.5,88.1,23.8,51.3,24.5,0.213,56,0
5,151.0,88.5,30.9,76.9,26.6,0.537,85,0
6,105.5,79.2,28.8,256.8,38.0,0.709,39,0
4,117.0,76.9,25.7,141.9,30.5,0.129,26,0
0,112.5,71.1,29.4,105.7,32.3,0.196,21,0
0,127.7,73.8,25.3,136.2,25.0,0.296,26,0
2,90.7,75.5,22.3,80.7,19.9,0.424,21,0
2,174.7,90.9,15.9,124.4,20.1,0.097,75,1
5,158.7,78.9,14.9,42.8,24.1,0.277,55,1
0,104.1,82.1,23.2,109.5,26.0,0.135,21,0
1,182.7,75.2,20.7,103.1,27.5,0.288,26,1
4,65.0,81.6,30.9,43.3,28.7,0.337,39,0
3,142.8,67.6,24.3,74.4,28.1,0.433,58,0
0,233.2,83.7,21.9,106.8,31.2,0.08,47,1
2,107.2,92.4,27.8,100.8,29.0,0.381,45,0
1,143.4,87.0,30.7,66.4,33.0,0.391,41,1
0,143.5,76.5,27.3,268.3,29.9,0.174,22,0
5,108.0,76.3,20.5,98.0,28.3,0.114,39,0
2,133.1,80.2,15.0,202.5,23.8,0.42,37,1
3,169.6,76.0,25.8,115.5,30.5,0.524,21,1
3,87.6,79.4,21.4,82.8,20.5,0.17,74,0
0,131.6,77.3,25.7,173.9,34.4,0.479,28,0
2,146.0,77.7,26.3,196.6,33.1,0.123,21,1
3,93.6,79.0,21.0,152.3,26.1,0.35,30,0
3,119.1,74.0,15.8,136.0,25.3,0.786,33,1
3,131.8,77.8,23.3,70.1,32.8,0.474,36,1
1,93.4,84.6,24.7,119.2,27.2,0.149,33,0
3,163.0,76.2,25.9,67.1,32.4,0.644,37,1
1,124.8,80.4,22.9,135.8,33.3,0.518,40,0
0,93.6,80.5,27.3,181.0,23.3,0.08,39,0
5,79.7,66.7,18.9,123.8,19.3,0.929,45,0
2,107.5,84.8,24.6,66.3,26.9,0.382,46,0
5,106.2,92.6,23.4,75.1,32.4,0.656,46,0
3,129.0,77.2,27.4,91.7,27.2,0.223,51,0
4,78.1,83.0,30.2,128.1,33.1,0.816,27,0
2,95.8,81.6,20.6,68.6,21.3,0.38,27,0
0,164.7,78.2,20.2,54.5,18.0,0.49,58,0
4,66.8,79.3,26.2,86.9,27.9,0.08,31,0
4,96.8,75.2,20.6,113.6,21.8,0.411,35,0
7,77.2,83.3,17.5,69.0,25.0,0.453,34,0
3,122.9,92.3,26.0,58.6,26.5,0.632,85,0
3,138.8,83.7,26.1,207.2,33.3,0.482,24,1
1,230.0,79.5,28.6,97.9,31.7,0.113,24,1
3,147.1,70.2,24.3,144.1,25.1,0.646,37,0
5,76.9,77.8,28.7,83.4,33.8,0.609,34,0
1,133.7,68.1,33.9,80.7,39.2,0.083,21,0
0,112.2,72.1,23.1,52.0,27.6,0.203,36,0
5,100.6,85.4,31.3,188.4,34.5,0.313,38,0
0,115.7,83.9,26.8,101.4,39.1,0.643,29,0
5,143.6,74.8,27.8,138.4,31.5,0.973,35,0
2,141.7,73.4,22.8,106.2,25.9,0.28,26,0
0,71.8,80.2,22.1,151.8,30.5,1.117,21,0
1,116.4,78.6,23.3,37.3,22.5,0.439,31,0
2,83.1,71.7,25.3,131.2,23.9,0.499,23,0
0,120.2,69.8,21.6,138.0,25.3,0.228,21,0
2,100.9,83.4,24.8,58.0,27.7,0.427,21,0
3,141.2,79.4,27.6,80.8,29.1,0.545,41,0
4,106.2,75.6,17.9,72.5,22.2,0.854,30,0
3,92.6,88.9,32.6,134.5,36.8,0.221,58,0
0,116.9,72.2,23.9,59.9,26.9,0.259,21,0
3,114.4,70.5,26.9,205.6,25.1,0.211,31,0
2,109.9,81.3,35.5,85.2,36.3,0.293,41,0
2,100.7,75.0,29.6,148.0,32.2,0.497,27,0
1,65.0,78.0,27.7,49.7,29.8,0.174,37,0
2,177.2,78.0,25.6,169.3,29.8,0.243,21,1
1,72.0,83.2,24.5,91.3,28.0,0.344,30,0
2,122.7,75.7,22.9,141.4,27.5,0.188,25,0
5,127.1,77.5,21.8,58.4,28.7,0.664,56,0
1,184.7,79.1,21.5,80.8,32.0,0.203,40,0
1,189.0,73.6,17.1,58.9,23.7,0.639,52,0
2,128.0,82.4,30.4,82.7,30.3,0.37,61,0
3,82.2,77.5,25.7,90.9,24.1,0.196,29,0
4,83.2,73.7,23.7,87.9,35.6,0.082,39,0
1,95.1,69.2,22.7,73.2,25.9,0.088,22,0
3,114.1,82.3,24.9,75.3,25.2,0.186,44,0
2,100.1,79.9,22.3,101.0,18.0,0.111,47,0
0,84.0,76.7,23.6,102.7,24.9,0.134,43,0
2,117.8,70.1,25.4,52.7,32.9,0.092,29,0
2,88.0,80.8,22.9,139.0,35.8,0.08,77,0
1,159.3,73.8,22.9,87.0,18.0,0.286,38,1
2,88.3,88.6,22.0,133.1,21.3,0.368,85,1
0,93.1,79.6,29.4,90.4,30.3,0.309,22,0
1,118.6,78.3,23.1,150.3,25.3,0.913,49,0
3,73.2,74.7,28.6,128.7,40.7,0.08,56,0
1,103.1,75.4,30.4,198.5,30.8,0.115,22,0
1,66.9,89.8,27.5,58.9,33.8,0.099,33,0
2,113.1,67.0,35.8,89.3,33.8,0.161,21,0
3,88.5,79.5,24.9,102.7,27.5,0.378,62,0
3,99.2,73.7,16.4,157.8,23.4,0.338,36,0
3,119.4,81.0,35.3,292.5,40.6,0.08,25,0
4,102.2,75.9,22.9,46.0,24.4,0.236,57,0
2,138.5,86.3,24.1,163.0,24.3,0.367,37,1
1,83.3,82.1,18.2,41.6,29.1,0.109,53,0
2,99.9,79.9,21.9,47.2,25.7,0.418,45,0
1,104.6,79.2,26.8,109.3,22.4,0.692,23,1
5,140.8,79.9,19.5,106.7,28.7,0.341,29,1
3,148.8,73.5,23.2,69.3,28.8,0.176,25,1
1,83.9,75.9,25.6,231.0,28.6,0.838,21,0
3,102.1,63.8,21.8,115.6,19.7,0.156,21,0
1,65.0,89.8,21.3,107.7,20.0,0.198,84,0
3,115.0,75.5,27.5,174.1,27.2,0.102,42,0
4,116.4,80.6,24.5,72.9,34.1,0.206,45,1
3,160.3,84.4,32.6,149.8,32.9,0.621,60,1
2,109.4,81.8,24.3,153.1,27.7,0.08,29,0
3,111.1,73.2,25.1,60.0,21.2,0.158,21,0
3,100.7,88.0,32.7,149.0,32.8,0.403,51,0
0,131.9,76.7,26.4,89.5,38.2,0.216,21,1
5,123.2,88.4,26.7,93.3,32.1,0.374,51,1
1,128.8,74.9,26.5,140.3,37.1,0.558,21,0
2,183.5,79.9,33.9,262.8,32.0,0.114,21,1
3,67.4,85.5,26.3,91.0,36.4,0.226,27,0
4,65.0,93.3,26.7,155.4,29.6,0.4,50,0
1,137.8,84.0,13.7,57.8,19.7,0.171,73,0
5,113.5,90.8,29.1,108.3,28.5,0.276,45,0
1,96.6,79.6,22.5,77.9,30.6,0.087,28,0
0,147.4,80.4,23.1,95.2,21.3,0.738,55,0
1,120.4,77.7,17.0,192.5,18.0,0.659,21,0
1,102.0,70.8,25.7,86.0,28.2,0.252,24,0
3,143.6,88.2,24.7,71.9,28.9,0.153,39,0
1,139.1,86.6,28.1,291.8,27.7,0.662,52,1
1,135.8,67.8,22.9,139.7,35.5,0.118,34,0
0,74.3,74.7,29.7,110.8,32.9,0.186,32,0
2,88.7,70.5,15.6,95.8,34.3,0.72,33,0
2,124.4,75.5,28.2,66.7,33.4,0.223,59,1
3,130.1,73.7,24.3,89.1,25.7,0.433,26,0
0,159.9,76.4,20.7,179.8,26.0,0.129,23,1
5,96.6,71.3,20.0,81.8,23.6,0.669,33,0
3,114.9,79.6,24.5,141.4,31.7,0.201,63,0
0,152.5,84.3,8.2,41.9,18.0,0.394,27,1
4,110.6,77.8,22.2,177.2,26.0,0.522,33,0
1,120.3,77.6,24.2,75.3,26.2,0.274,21,0
1,113.6,74.7,18.1,136.2,25.5,0.268,34,0
0,133.2,78.4,24.1,115.3,27.9,0.809,41,1
0,131.2,68.3,15.3,78.1,23.0,0.384,21,0
3,65.0,80.2,33.7,318.7,33.8,0.268,59,1
1,135.7,67.7,29.2,118.7,33.0,0.323,41,0
6,168.7,71.9,35.3,283.8,32.2,0.149,29,1
1,70.6,86.4,28.9,169.9,32.2,0.234,41,0
5,125.9,78.1,28.1,102.1,41.4,0.44,46,0
0,133.5,76.1,21.1,34.3,28.6,0.284,21,1
5,72.8,81.0,18.4,180.5,27.3,0.239,42,0
3,90.6,84.6,35.3,43.7,38.7,0.518,62,0
0,93.2,76.5,25.4,48.0,25.6,0.229,26,0
3,122.0,70.4,17.0,216.4,24.3,0.498,29,0
2,71.3,83.6,24.4,30.0,31.7,0.098,32,0
3,93.0,75.9,17.3,56.4,28.2,0.293,52,0
0,126.6,76.7,29.3,169.9,38.5,0.416,22,1
1,142.6,76.6,25.4,66.3,29.6,0.304,45,1
2,116.0,71.8,20.6,62.4,25.7,0.26,32,0
1,81.4,81.7,26.1,44.0,32.5,0.663,74,0
1,106.3,81.9,23.4,88.8,21.0,0.086,33,0
1,121.5,82.0,27.1,67.3,24.9,0.887,21,0
1,163.7,82.4,27.8,85.0,32.4,0.633,49,0
0,128.6,65.2,20.9,132.1,21.9,0.513,44,0
2,181.8,76.0,21.5,95.1,25.7,0.232,40,1
5,141.5,74.4,26.0,151.3,32.9,0.324,61,0
2,153.9,72.8,29.7,60.7,34.3,0.891,21,1
1,94.2,81.2,24.0,94.4,32.3,0.101,24,0
4,139.4,80.0,15.5,226.3,18.0,1.131,37,1
2,120.8,71.7,28.3,208.1,29.7,1.043,39,1
4,193.4,80.9,28.5,115.6,34.4,0.724,34,1
3,103.9,79.5,26.7,48.0,38.6,0.801,21,0
2,172.0,71.6,13.1,92.9,21.2,0.15,30,1
2,170.0,81.5,17.1,86.1,20.6,0.818,72,0
1,96.6,72.9,17.9,131.1,29.2,0.32,21,0
3,125.0,73.7,23.2,422.2,20.0,0.625,36,0
4,69.2,84.3,29.0,75.5,26.5,0.834,45,1
4,173.0,71.8,30.1,101.8,30.2,0.165,52,1
3,65.0,85.2,22.7,33.5,32.9,0.138,49,0
4,65.0,76.2,19.4,56.6,30.4,1.488,29,0
1,110.1,81.0,32.4,143.9,32.9,0.163,24,0
2,84.9,90.4,28.1,52.3,32.6,0.223,75,0
4,83.1,89.3,22.8,32.6,29.0,0.121,54,0
4,104.1,77.0,28.5,285.5,29.4,0.349,38,0
2,145.6,87.0,30.7,104.3,36.6,0.199,66,1
2,146.9,71.5,25.2,86.7,31.6,0.819,21,0
1,129.7,78.4,23.8,67.5,32.0,0.247,21,0
0,131.0,69.3,20.7,92.1,28.8,0.322,21,1
1,116.2,75.7,17.5,104.3,20.3,0.08,39,0
2,148.2,77.5,21.7,140.2,26.4,0.561,40,0
0,119.0,72.4,20.9,68.1,29.3,1.213,21,1
1,89.9,89.0,23.7,64.0,34.4,0.298,53,0
0,106.3,80.7,32.4,57.1,36.7,0.329,21,0
4,122.7,75.0,27.9,107.2,26.1,0.162,43,0
1,142.4,74.1,34.4,147.9,33.8,0.499,47,1
5,125.5,74.5,24.1,163.1,22.5,0.617,39,0
1,75.7,68.8,26.5,118.7,29.3,0.146,21,0
0,142.0,86.2,31.8,79.8,33.1,0.47,61,0
3,103.2,78.8,23.7,111.3,38.7,0.75,29,0
4,131.8,77.8,27.0,97.3,22.0,1.204,29,0
1,65.0,73.6,16.3,156.6,21.7,0.546,26,0
5,133.5,82.0,23.7,100.6,37.2,0.117,50,0
4,146.0,68.0,28.2,195.6,36.7,0.551,28,1
1,98.6,78.2,25.0,252.6,28.7,0.601,21,0
2,127.9,73.1,26.1,130.6,30.3,0.383,56,0
5,121.4,75.2,20.4,38.7,25.4,0.304,36,1
2,92.4,88.4,27.1,69.9,26.7,0.08,57,1
2,145.5,70.5,10.8,77.5,18.1,0.687,37,0
4,108.2,79.5,19.0,114.2,27.7,0.133,26,1
1,102.5,72.0,24.4,78.6,28.3,0.4,21,0
1,134.2,83.5,31.8,63.5,38.9,0.289,39,1
2,121.5,71.9,25.8,88.3,35.8,0.405,32,0
2,136.5,74.0,22.1,64.4,30.5,0.295,51,0
4,120.0,80.1,14.9,33.6,22.3,0.089,28,0
3,128.3,73.1,17.1,183.5,24.9,0.461,44,0
2,112.9,76.4,26.3,109.3,26.3,0.772,36,0
0,93.8,85.5,24.2,163.3,33.2,0.429,24,0
5,92.1,69.8,18.8,37.9,18.4,0.743,29,0
1,93.7,77.7,19.4,54.8,26.4,0.481,21,0
0,98.6,69.8,28.7,55.7,27.2,0.325,77,0
2,213.4,78.3,21.1,15.0,19.4,0.249,43,1
3,132.6,75.4,17.3,128.6,32.7,0.283,21,0
1,92.2,84.6,18.0,46.8,18.0,0.6,75,0
0,147.6,75.9,21.0,50.9,26.3,1.283,21,0
2,175.2,74.1,22.1,131.4,27.3,0.357,27,0
4,98.4,70.3,26.7,79.8,35.4,0.809,33,1
2,100.3,83.2,30.2,63.0,31.3,0.795,37,0
1,65.0,75.6,25.1,199.3,18.0,0.482,50,0
1,106.0,71.2,25.0,86.3,22.5,0.54,21,1
2,140.7,74.8,10.7,81.6,19.1,0.374,37,0
4,104.2,79.1,20.2,82.8,26.9,0.516,32,0
1,81.8,78.5,22.0,70.5,23.3,0.629,40,0
2,67.4,77.5,23.1,74.9,26.3,1.672,31,0
1,125.0,80.8,24.0,82.7,21.4,0.424,29,0
1,95.1,70.3,21.0,47.7,23.5,0.143,34,0
3,179.9,84.3,22.2,37.5,31.6,0.403,73,0
2,116.7,78.2,25.5,402.7,31.6,0.312,30,1
2,90.1,70.1,21.8,129.8,22.2,0.285,60,0
5,143.2,66.2,20.4,140.6,18.0,0.629,39,0
4,180.3,82.4,26.3,237.7,33.6,0.358,38,1
0,172.8,76.3,20.6,52.4,27.3,0.08,40,1
3,85.6,68.4,17.4,57.8,24.0,0.08,45,0
1,74.5,72.2,15.9,70.7,21.2,0.244,31,0
5,73.6,78.3,20.0,137.5,25.8,0.08,58,0
2,137.4,80.7,29.2,104.2,26.7,0.993,45,1
0,105.7,70.0,17.7,162.7,31.3,0.733,21,0
2,93.1,77.3,26.7,159.3,39.9,0.08,21,0
2,141.4,78.0,26.4,140.5,24.1,0.428,72,0
3,86.8,89.1,23.2,66.5,34.6,0.08,40,0
3,147.5,66.6,24.9,128.4,24.6,0.216,21,0
3,82.9,73.0,22.9,154.2,25.0,0.119,30,0
2,103.9,75.0,17.6,51.0,18.0,0.457,54,0
4,159.4,75.7,20.5,115.7,18.3,0.208,34,0
1,119.0,79.8,20.9,20.7,18.0,0.195,35,0
2,82.0,79.0,24.8,81.1,34.3,0.162,49,0
4,163.5,70.1,24.9,84.3,30.5,0.242,42,1
2,151.3,89.2,30.9,123.4,36.3,0.42,47,1
4,161.0,80.9,18.5,75.3,20.1,1.062,49,1
5,65.0,67.9,19.4,81.2,26.2,0.45,26,0
1,124.6,68.4,24.5,311.0,25.6,0.08,27,0
1,92.5,67.1,24.0,70.2,27.0,0.13,24,0
2,95.6,73.4,19.8,70.9,20.2,0.143,28,0
5,135.6,81.7,23.1,102.8,32.4,0.311,34,0
7,65.0,70.1,23.0,130.0,21.4,0.211,35,0
1,120.1,78.5,14.8,92.6,24.9,0.466,65,0
2,164.1,83.3,25.4,69.0,35.0,0.709,41,1
1,119.6,74.7,24.6,81.6,28.7,0.351,35,1
0,150.0,76.3,24.7,87.5,32.7,0.321,22,0
5,118.9,65.6,16.5,38.4,27.0,0.448,32,0
4,87.7,80.9,33.3,94.4,33.3,0.525,75,0
4,176.8,80.8,24.8,69.0,30.1,0.618,74,0
2,108.8,74.2,24.3,39.4,18.0,0.174,31,0
1,74.7,80.0,18.0,77.4,18.9,0.412,21,0
4,70.6,74.1,17.2,216.3,22.1,0.456,29,0
3,109.1,79.1,24.2,131.6,27.1,0.651,65,1
3,143.0,87.4,20.7,103.4,22.2,0.204,34,0
2,114.7,77.9,30.7,191.3,34.0,0.641,49,1
2,67.1,79.6,34.2,70.7,30.6,0.632,36,0
1,117.7,81.3,21.7,69.8,26.8,0.103,21,0
2,149.9,72.5,15.9,321.4,28.3,0.199,37,0
1,110.9,80.4,28.8,126.9,35.7,0.238,52,0
5,161.6,73.4,19.4,79.8,19.1,0.213,28,1
3,88.2,80.5,26.5,107.3,32.5,0.117,52,0
3,143.7,78.1,23.1,66.0,29.3,0.291,38,1
5,130.5,92.5,26.8,37.1,43.1,0.189,51,0
0,131.9,83.1,20.6,81.9,33.8,0.261,42,0
0,129.2,69.8,33.0,188.0,29.7,0.392,23,0
3,104.5,82.7,18.6,109.6,26.8,0.427,32,0
3,124.6,77.8,33.1,59.1,31.3,0.08,31,0
1,101.3,70.4,24.2,103.6,22.6,1.107,27,0
1,123.8,79.9,17.0,65.1,18.0,0.095,41,0
2,124.3,92.2,29.3,81.8,28.4,0.285,81,1
1,107.5,93.1,17.6,166.6,29.6,0.304,58,0
6,110.4,77.5,13.8,120.9,20.3,0.08,61,0
1,69.3,74.4,16.9,79.6,18.0,0.476,26,0
5,116.7,88.7,20.5,159.3,30.6,0.136,62,0
4,133.9,87.0,17.8,92.8,31.6,0.281,71,1
1,122.7,73.7,25.0,146.4,23.4,0.363,26,0
2,119.6,80.3,20.3,116.6,19.6,0.386,44,0
2,69.0,83.9,21.9,80.5,34.4,0.394,45,0
2,127.2,76.6,23.2,64.6,32.8,0.182,33,0
2,75.7,76.3,21.1,40.2,28.5,0.36,39,0
3,91.0,82.4,33.4,60.5,41.8,0.264,46,0
3,78.1,83.3,31.4,271.2,29.8,0.33,34,0
3,82.0,76.5,26.0,36.1,27.3,1.191,57,0
1,119.6,73.2,20.3,121.1,23.4,0.1,21,0
2,71.7,87.0,24.8,94.0,25.8,0.585,31,0
4,75.6,74.0,19.4,45.8,19.8,0.52,50,0
6,165.6,82.8,24.3,185.2,23.5,0.31,77,1
4,174.7,90.9,36.3,74.9,37.1,0.288,58,1
2,146.8,77.9,24.5,36.2,28.6,0.438,39,1
3,105.4,74.7,26.9,310.6,31.0,0.224,34,0
1,151.5,67.4,9.9,210.9,18.0,0.181,32,0
3,132.1,82.9,30.7,46.9,37.7,0.445,32,0
1,65.0,75.7,22.0,64.7,31.7,0.213,21,0
2,152.1,79.0,24.0,77.4,25.9,0.783,76,1
2,75.0,79.7,31.0,48.9,36.9,0.515,36,1
4,98.6,70.7,16.8,132.9,18.0,0.496,25,0
0,124.7,78.4,31.6,35.2,41.3,0.174,44,0
2,124.4,72.4,32.2,53.5,26.5,0.08,26,0
4,127.3,79.6,17.6,33.8,19.6,0.473,54,0
3,153.3,70.7,20.5,64.9,23.5,0.423,25,1
1,123.7,81.0,19.6,109.7,20.2,0.307,51,0
3,120.1,83.3,28.4,44.7,32.9,0.125,32,0
3,164.1,75.5,21.3,92.7,25.1,0.768,41,1
1,112.5,84.2,25.9,39.8,18.0,0.417,53,0
4,111.3,76.5,22.7,141.3,18.3,0.563,28,0
2,129.3,78.1,19.7,98.0,18.0,0.249,52,0
1,179.0,82.0,23.7,83.6,33.2,0.395,21,0
3,93.0,75.9,26.4,142.7,29.5,0.384,68,0
2,65.0,73.8,23.5,119.4,21.2,0.197,56,0
2,114.7,76.9,22.4,80.8,25.1,0.433,35,0
2,159.7,80.8,21.3,133.9,27.2,1.351,60,1
4,133.7,82.0,26.2,180.5,24.9,0.206,58,1
2,98.5,81.4,24.2,94.6,23.9,0.819,37,0
4,115.2,78.2,24.0,146.4,23.9,0.199,36,0
1,83.5,81.8,27.4,37.1,37.9,0.411,24,0
3,65.0,71.5,22.4,54.3,24.6,0.988,37,0
3,105.9,76.7,30.2,32.4,37.1,0.555,21,0
1,83.1,80.6,16.1,112.3,25.3,0.511,51,0
0,105.0,77.4,31.8,86.2,31.3,0.251,51,0
1,67.4,81.5,20.4,101.3,33.9,0.751,21,0
3,170.1,90.5,21.4,125.4,27.8,0.324,65,1
6,145.3,72.0,25.9,29.5,25.2,0.578,27,1
3,98.0,86.0,28.2,121.1,31.4,0.187,85,0
1,116.5,79.2,18.3,108.3,25.2,0.22,41,0
3,149.0,85.9,25.8,148.9,26.6,0.32,66,0
2,124.8,74.5,32.0,81.7,32.2,1.07,23,1
4,103.9,73.8,19.0,110.5,23.8,0.324,32,0
0,130.1,80.2,24.9,93.2,35.1,0.475,28,0
3,106.6,65.3,25.3,56.3,29.5,0.084,21,0
0,110.4,71.4,25.0,15.0,27.4,1.461,21,1
2,170.9,86.5,26.2,73.4,29.6,0.357,35,0
2,128.7,67.9,21.9,99.4,21.1,0.218,43,0
1,112.5,75.2,32.3,101.1,33.1,0.235,22,0
1,83.1,72.1,24.6,55.8,29.7,0.278,31,0
0,132.3,73.8,24.9,161.2,39.7,0.253,26,0
1,148.2,81.5,34.7,187.4,30.9,0.59,36,0
3,151.9,75.6,27.3,67.0,25.3,0.91,49,0
1,197.1,79.0,12.8,216.5,20.6,0.296,38,1
1,83.6,73.8,25.4,80.9,23.7,0.251,28,0
3,65.0,89.6,31.1,38.7,33.0,0.145,57,0
4,147.0,82.1,24.7,99.6,28.8,0.192,43,1
0,76.6,80.3,16.3,57.0,19.0,0.08,39,0
1,78.0,65.1,18.2,50.0,18.3,0.76,22,0
5,132.8,87.1,28.5,81.2,35.4,0.328,54,0
3,125.0,75.0,22.6,83.5,26.7,0.389,45,0
1,94.5,80.7,26.6,131.6,27.1,0.091,46,0
3,88.7,67.2,22.6,180.1,26.3,0.472,33,1
2,116.0,76.6,22.2,99.3,28.8,0.739,30,1
2,99.6,88.8,30.9,18.6,31.2,0.405,76,0
6,119.0,72.9,14.6,114.4,24.7,0.275,30,1
2,83.0,73.7,26.4,49.1,34.0,0.129,21,0
2,86.9,81.1,23.9,116.1,19.8,0.591,40,0
2,65.5,59.8,27.7,84.6,35.0,0.807,36,0
0,126.7,80.0,23.2,88.4,29.7,0.426,58,1
2,94.3,86.9,26.3,63.7,20.8,0.178,34,0
2,138.3,88.2,29.4,96.7,36.2,0.383,48,0
4,65.0,95.7,26.6,175.2,29.8,0.396,67,0
4,70.6,76.8,26.6,240.4,33.0,0.551,43,0
1,109.4,72.6,23.4,75.5,18.0,0.243,23,0
0,93.3,80.1,23.9,83.4,23.2,0.238,21,0
1,80.4,70.5,23.7,63.0,26.2,0.186,44,0
1,106.0,75.6,23.7,81.1,27.8,0.456,31,0
1,105.8,86.9,22.4,99.3,32.1,0.488,41,0
1,142.9,77.9,23.3,88.6,32.4,0.218,37,1
0,123.5,78.2,22.0,58.2,18.0,0.346,21,0
1,151.0,74.8,21.7,39.4,24.1,0.734,34,0
0,164.1,73.7,23.0,57.6,25.0,0.556,22,0
3,94.7,73.1,26.5,85.8,29.7,0.614,29,0
3,150.3,83.8,18.3,205.2,32.7,0.145,54,0
3,143.0,74.8,22.6,65.8,32.2,0.432,38,0
5,113.7,82.3,16.0,93.4,32.4,0.527,47,1
9,131.8,79.9,24.1,29.7,25.8,0.336,39,0
4,121.2,76.6,23.8,25.9,30.8,0.799,32,0
1,113.1,73.4,19.4,21.9,18.0,0.261,41,0
0,123.3,76.1,33.1,268.5,30.5,0.645,21,0
3,125.4,77.6,26.4,103.9,36.0,0.24,51,0
5,147.7,74.8,16.5,50.0,18.9,0.361,25,0
5,81.6,77.6,20.8,64.5,27.3,0.649,46,0
6,139.4,78.9,28.5,71.4,34.2,0.354,32,0
1,78.2,76.1,30.0,201.7,31.6,0.385,21,0
5,112.3,79.0,27.4,100.8,34.5,0.11,27,0
3,123.4,74.7,18.0,103.0,29.0,0.438,46,0
1,65.0,78.5,28.6,190.7,35.6,0.522,85,0
3,105.7,78.7,28.8,133.0,30.7,0.449,36,0
2,129.3,86.6,25.2,148.8,26.7,0.08,82,1
0,111.5,76.0,23.0,22.4,28.9,0.867,21,1
3,85.6,72.8,22.2,47.4,32.3,0.229,33,0
1,138.2,75.9,22.3,361.8,26.9,0.323,36,1
2,89.7,76.2,22.4,54.7,26.2,0.309,47,0
3,121.7,81.6,24.1,116.6,27.5,0.082,27,0
2,111.5,74.0,18.5,59.6,18.0,0.656,43,1
4,112.3,69.8,20.3,116.8,20.1,0.579,33,0
3,120.4,74.8,11.3,287.3,20.5,0.498,62,0
4,95.2,81.4,23.1,105.7,30.4,0.326,40,0
4,144.0,84.1,40.1,444.9,37.1,0.496,85,1
2,89.0,75.1,28.9,161.0,23.5,0.359,33,0
2,141.8,83.5,30.7,40.8,27.4,0.13,60,0
2,103.1,81.5,25.1,30.2,29.0,0.462,68,0
2,65.0,75.4,21.5,20.7,18.0,0.151,21,0
0,90.0,89.3,25.4,72.3,29.1,0.779,50,0
1,156.9,78.9,20.2,65.0,34.3,0.358,21,0
2,152.0,76.9,25.5,80.5,22.6,0.132,33,0
1,65.0,73.2,25.1,77.2,26.7,0.391,21,0
1,91.3,79.7,28.8,195.5,31.7,0.379,62,0
0,65.0,67.9,15.4,35.7,22.4,0.206,28,0
1,118.2,78.3,20.6,136.6,27.3,0.433,21,0
0,93.3,82.5,27.5,110.9,32.4,0.361,40,0
5,126.3,81.9,18.8,173.0,18.0,0.495,66,0
1,136.6,79.0,20.6,123.5,29.0,0.08,21,0
2,163.4,73.3,21.1,231.3,24.5,0.356,53,0
0,170.2,76.6,21.5,52.0,33.0,0.273,21,1
1,176.5,91.5,32.0,131.2,37.6,0.268,68,1
3,144.7,76.1,15.8,128.8,19.7,0.08,44,1
1,110.3,72.7,22.6,65.5,19.3,0.296,21,0
2,65.0,77.4,22.9,82.7,23.6,0.288,51,0
4,89.6,75.1,18.5,86.2,30.7,0.104,29,0
1,71.6,78.3,31.5,151.7,27.1,0.091,24,0
7,129.7,85.8,27.4,86.6,36.1,0.707,28,1
4,181.7,75.3,19.1,105.7,19.9,0.263,49,1
0,86.4,75.2,24.0,34.5,22.6,0.531,23,0
0,67.5,87.2,30.6,341.6,37.7,0.901,21,0
2,82.1,66.7,29.4,85.6,26.7,0.421,29,0
4,171.5,77.2,33.0,49.3,38.8,0.423,63,1
1,155.4,85.6,20.4,87.8,31.8,0.464,63,0
3,149.2,85.5,27.4,73.1,28.4,0.252,28,0
4,71.9,81.8,29.7,68.2,30.9,0.29,28,0
3,144.6,70.8,24.7,112.4,18.0,0.552,27,0
2,116.8,78.2,26.5,39.7,34.4,0.513,27,0
2,142.4,79.5,23.7,59.3,29.3,0.173,27,0
2,81.0,71.7,19.4,103.8,18.0,0.203,41,0
5,114.2,87.7,22.6,234.0,27.7,0.269,64,1
0,96.2,78.0,24.4,28.8,26.2,0.08,23,0
2,137.1,87.3,31.5,76.1,33.7,0.459,25,0
1,185.5,88.3,20.3,147.7,23.7,0.478,43,1
0,73.3,85.5,23.9,161.1,29.8,0.489,50,0
1,108.3,71.1,19.9,132.2,23.7,0.822,21,1
5,148.2,91.1,17.3,59.0,18.0,0.424,74,1
1,101.9,76.0,24.9,76.4,19.6,0.341,21,0
2,88.7,71.9,25.8,61.6,26.8,0.179,32,0
1,118.1,66.7,28.2,69.5,25.4,1.444,21,0
1,102.1,73.8,25.5,113.5,29.6,0.143,21,0
2,171.0,71.8,27.6,185.8,24.9,0.525,21,1
0,125.2,73.4,21.2,65.7,21.5,0.289,59,0
4,131.0,73.1,21.8,27.9,25.9,0.134,38,0
5,87.3,77.6,20.3,187.0,18.0,0.466,60,0
2,119.4,80.4,25.1,56.6,27.0,0.431,35,0
2,112.9,76.5,15.2,61.8,18.0,0.459,59,0
2,137.0,76.1,24.1,130.9,29.4,0.515,34,0
3,136.3,73.5,23.1,33.9,29.6,0.252,21,0
2,97.0,74.4,27.5,75.4,34.3,0.726,47,0
1,119.1,80.7,22.6,155.5,24.7,0.253,36,0
2,146.2,78.3,29.2,62.1,31.0,0.136,33,0
0,95.2,77.6,27.3,95.7,18.2,0.605,24,0
2,176.0,77.2,29.0,62.4,29.1,0.574,50,0
0,77.5,65.5,20.8,43.5,23.5,0.221,21,0
0,106.8,73.8,22.6,27.4,24.4,0.08,50,0
3,86.3,83.2,23.0,103.2,36.4,0.443,39,0
1,131.3,72.9,21.7,302.5,23.0,0.196,50,0
2,115.4,80.9,28.7,126.5,30.1,0.574,40,1
4,72.0,80.1,26.4,76.2,27.5,0.25,62,0
1,181.7,91.1,33.4,232.2,32.4,0.927,45,1
3,96.3,71.3,24.9,97.6,21.4,0.433,39,0
0,65.0,77.6,15.1,50.1,19.3,0.232,21,0
4,122.6,86.1,25.5,76.8,20.7,0.225,63,0
2,119.0,72.5,22.4,81.9,19.1,0.404,21,0
1,94.8,89.7,21.3,161.2,25.3,0.203,21,0
3,88.2,72.3,22.8,110.3,26.5,0.224,52,0
1,114.3,76.5,32.2,55.8,30.9,0.703,37,0
1,81.3,80.7,27.2,50.9,30.7,0.146,21,0
2,142.3,71.9,25.8,104.8,19.0,0.289,28,0
0,139.7,84.8,23.9,123.7,30.3,1.057,61,0
2,117.3,85.9,20.0,102.2,23.4,0.433,40,0
2,78.0,70.7,27.1,145.7,30.8,0.08,38,0
2,79.0,79.3,23.7,37.7,18.0,0.08,26,0
4,126.5,86.6,22.3,103.4,26.2,0.487,53,0
1,128.5,75.7,19.9,84.8,28.7,0.4,35,0
3,115.8,75.4,24.3,84.1,25.0,0.394,49,0
3,131.9,75.4,16.9,34.1,28.0,0.184,25,0
4,131.9,81.4,23.0,58.1,33.4,0.535,85,1
2,115.7,81.4,28.5,117.3,25.8,0.336,66,0
2,117.6,82.7,21.4,45.4,32.4,0.124,40,0
2,65.0,86.2,24.7,252.0,31.3,0.155,43,0
2,116.0,77.1,23.0,113.8,23.4,0.366,28,0
2,110.0,81.0,21.2,180.9,18.0,0.08,50,0
3,89.1,75.5,22.4,57.9,27.6,0.237,21,0
4,133.8,89.3,26.1,45.1,34.3,0.815,74,0
2,113.0,72.5,36.0,249.1,33.7,0.178,49,0
4,124.3,70.2,31.1,59.2,29.2,0.089,23,0
5,65.0,87.6,21.6,64.1,24.3,0.08,73,0
0,109.3,81.0,26.0,27.9,31.4,0.281,83,0
5,135.6,74.7,25.9,29.1,20.1,1.156,45,0
4,102.8,76.1,22.0,81.5,29.7,0.243,25,0
1,109.4,73.6,15.4,68.2,33.0,0.08,38,0
2,122.6,81.1,30.4,57.2,27.1,0.612,47,0
3,114.7,78.7,20.0,111.7,21.6,0.209,43,0
3,157.0,85.1,29.1,135.2,27.1,0.328,23,0
1,132.2,75.6,21.3,139.0,29.4,0.579,47,1
1,129.9,80.7,22.0,82.2,22.0,0.08,61,0
1,125.3,71.4,21.2,48.6,25.2,0.08,21,0
0,155.0,80.3,23.1,84.7,32.1,0.465,21,1
3,128.9,71.3,23.6,117.8,32.8,0.095,27,0
3,80.2,79.2,19.8,102.5,28.2,0.478,34,0
4,148.2,81.8,19.3,77.3,23.0,0.08,54,1
1,90.3,80.4,17.1,64.5,18.0,0.94,61,0
4,133.3,75.0,30.3,53.9,29.0,1.005,25,0
6,78.0,76.1,16.7,127.4,19.1,0.515,41,0
1,65.0,75.7,21.3,175.5,28.3,0.434,60,0
1,106.3,88.0,23.1,45.4,24.0,0.107,85,0
3,168.3,77.7,20.5,139.4,31.1,0.218,41,1
4,83.0,94.5,12.3,61.1,21.3,0.598,42,0
4,80.1,78.8,19.1,232.1,19.5,0.08,45,0
3,92.2,73.4,26.2,71.3,29.5,0.226,32,0
3,65.0,78.5,26.0,139.5,27.3,0.329,39,0
2,157.4,78.0,30.9,52.4,31.4,0.172,21,0
1,175.0,78.5,31.8,115.3,34.6,0.633,28,0
1,109.5,78.6,23.2,54.6,24.9,0.211,47,0
2,90.6,71.5,26.0,104.4,31.6,0.609,24,0
1,99.7,82.6,21.5,95.5,18.5,0.796,54,0
1,82.6,70.1,22.7,140.4,20.6,0.645,21,0
4,118.2,81.8,27.8,117.8,27.5,0.888,53,0
2,143.4,83.0,22.9,97.8,25.4,0.153,53,0
1,169.7,99.8,17.1,62.3,18.0,0.214,85,1
2,90.1,74.4,23.2,41.9,37.2,0.891,32,0
3,86.3,84.9,18.9,53.6,18.0,0.595,37,0
2,134.2,78.8,26.2,69.2,24.9,0.494,71,0
2,106.5,88.1,34.1,64.5,32.6,0.206,67,0
2,113.0,78.0,21.5,203.5,26.2,0.259,58,0
4,105.9,83.7,25.6,128.3,30.7,0.374,44,0
3,123.8,82.9,19.3,24.3,23.2,0.5,70,0
5,131.5,93.3,24.1,106.0,28.2,0.419,85,0
3,114.7,81.4,28.9,105.6,35.1,0.72,49,0
3,92.0,77.6,27.4,176.6,24.8,0.585,38,0
3,148.2,93.1,30.5,69.4,30.1,0.487,51,0
2,110.0,82.0,25.1,173.4,26.0,0.727,41,0
4,160.5,79.5,23.8,111.4,28.2,0.653,33,0
4,81.5,97.8,26.2,95.8,30.0,0.265,54,0
3,99.2,69.9,24.3,99.8,20.7,0.802,29,0
2,70.4,79.6,24.0,69.3,21.5,1.061,48,0
0,137.7,71.9,13.9,128.0,24.0,0.604,21,0
3,128.3,83.2,17.4,238.5,31.2,0.623,75,1
4,132.8,79.4,24.0,53.2,32.7,0.489,26,0
0,103.3,71.2,24.5,45.6,36.9,0.461,21,0
2,139.8,86.2,25.4,97.9,25.3,0.461,66,0
4,132.8,80.6,20.2,319.1,24.4,0.635,71,1
3,97.6,87.7,23.4,90.7,28.2,0.704,43,0
2,176.3,71.7,23.8,367.8,21.4,0.473,36,1
2,116.0,80.7,23.6,44.9,32.8,0.096,32,0
5,121.3,76.8,21.6,125.9,22.2,0.08,42,0
5,143.3,79.6,22.1,77.5,21.3,0.504,37,0
4,90.8,73.3,23.7,124.4,19.9,0.689,35,0
1,114.6,79.8,20.9,77.6,23.8,0.562,24,0
0,93.1,72.3,23.4,34.2,25.7,0.086,21,0
7,76.0,76.1,24.9,196.8,23.2,0.363,39,0
4,132.3,76.0,12.9,124.3,21.7,0.116,42,1
5,65.0,74.0,34.9,101.4,35.7,0.286,26,0
3,65.8,74.9,22.6,331.1,25.7,0.127,28,0
3,139.0,84.6,27.8,120.3,29.3,0.683,41,0
1,66.4,70.6,24.8,105.8,30.0,0.321,24,0
1,95.7,83.2,19.4,106.0,24.4,0.258,59,0
2,123.3,81.7,28.9,60.2,20.3,0.319,47,1
3,131.2,70.5,22.4,72.9,24.4,0.293,26,0
3,131.3,80.1,27.9,192.7,29.5,0.501,46,0
0,136.7,67.9,22.1,61.1,21.9,0.216,24,0
3,81.0,74.2,31.0,111.8,30.4,0.453,53,0
2,131.3,79.5,26.9,116.3,18.0,0.288,25,0
1,99.9,73.0,30.0,59.4,27.3,0.384,35,0
2,65.0,78.0,27.9,82.5,30.9,0.793,40,1
7,167.6,83.5,27.6,78.9,33.4,0.405,71,0
5,100.7,72.4,21.2,113.2,19.2,0.501,25,0
1,115.0,79.8,27.4,38.6,29.3,0.33,25,0
0,89.2,75.4,27.8,149.6,36.6,0.191,21,0
1,131.8,95.9,30.9,153.2,40.0,0.685,80,0
3,101.6,81.4,23.6,47.8,27.5,0.628,38,0
5,90.6,80.8,19.1,114.7,22.3,0.461,60,0
1,195.7,80.6,37.1,242.2,35.8,0.304,28,1
4,65.0,74.8,26.6,77.1,31.2,1.182,30,0
3,98.0,80.8,28.5,73.8,38.4,0.307,37,0
1,121.1,73.7,32.3,223.0,37.5,0.549,37,1
4,76.6,84.1,12.7,48.1,18.4,0.158,50,0
3,90.7,89.0,28.6,102.0,30.1,0.242,38,0
2,122.7,83.2,28.7,76.6,29.1,0.365,31,0
2,65.0,83.8,19.1,140.4,32.6,0.289,81,0
1,162.2,74.3,34.2,124.9,27.7,0.731,24,0
0,120.8,87.0,32.4,37.1,38.5,0.232,26,1
1,119.6,72.9,25.0,64.4,26.4,0.176,24,0
1,114.1,83.4,21.8,135.5,26.4,0.096,51,1
1,95.9,73.7,21.4,54.4,33.4,0.461,46,0
2,105.0,77.2,24.4,97.5,26.9,0.267,35,0
0,118.3,72.3,21.5,108.5,27.5,0.256,24,0
3,97.1,80.4,20.1,248.5,21.7,0.634,40,0
3,102.6,78.5,25.1,91.7,23.1,0.263,55,0
4,128.1,73.3,19.2,87.4,20.4,0.65,72,0
0,69.2,74.8,20.1,194.9,24.8,1.467,28,0
2,132.9,68.3,25.1,108.1,22.6,0.491,35,0
3,190.3,78.3,18.4,277.4,21.4,0.417,45,1
7,179.5,84.2,19.0,180.9,25.6,0.57,31,0
1,124.4,77.8,28.6,67.4,32.8,0.776,21,0
3,75.0,77.3,18.0,62.8,21.2,0.08,35,0
1,159.3,80.8,20.6,109.9,29.5,0.375,21,0
0,108.9,81.0,25.1,155.5,32.4,0.384,57,0
3,160.5,78.0,22.9,136.1,19.8,0.27,32,0
2,90.6,70.8,26.3,44.5,21.2,0.099,36,0
1,96.2,78.5,26.1,175.2,37.5,0.124,26,0
3,130.4,69.3,26.1,77.7,28.9,0.602,37,0
2,93.0,79.4,18.5,30.7,30.6,0.672,64,0
5,175.1,87.2,24.0,131.6,24.7,0.134,59,1
1,133.0,69.3,22.4,117.0,24.9,0.147,22,0
0,171.7,73.7,20.2,92.3,18.0,0.389,21,1
4,78.7,72.7,19.1,164.3,24.8,0.27,35,0
6,87.1,80.0,27.4,82.5,32.7,0.383,32,0
3,202.2,83.2,12.5,49.9,25.1,0.24,31,1
5,65.0,74.8,28.7,73.5,38.5,0.08,29,0
0,158.5,75.5,16.6,51.5,25.3,0.08,21,0
3,121.4,79.6,22.4,54.3,18.1,0.344,85,0
2,101.4,91.5,29.0,97.8,31.7,0.147,80,0
5,146.9,76.7,32.2,122.6,33.9,0.431,31,1
3,167.1,82.1,19.0,50.9,23.1,0.531,40,0
3,117.3,87.6,27.7,92.2,33.5,0.316,57,1
2,124.1,73.5,20.6,57.3,24.8,0.686,40,0
3,120.4,73.7,29.1,58.3,35.2,0.305,30,1
1,112.6,71.7,23.8,67.4,33.2,0.105,21,0
4,65.0,74.3,23.3,26.9,28.1,0.179,38,0
1,87.2,84.3,27.1,105.2,32.9,0.08,21,0
2,154.8,84.9,25.5,50.3,33.0,0.581,62,1
0,98.3,83.3,37.6,134.3,42.4,0.162,37,0
1,82.0,80.6,28.4,35.1,27.4,0.702,47,0
3,103.6,79.5,17.1,70.5,18.3,0.462,32,0
5,107.1,85.7,25.0,94.7,23.5,0.264,54,0
3,69.2,81.1,27.8,50.7,31.4,0.08,27,0
1,109.7,76.4,26.0,61.2,24.6,0.72,43,0
1,118.0,68.0,18.5,149.2,24.0,0.537,31,0
2,92.0,73.1,25.7,52.9,27.3,0.097,34,0
1,125.2,87.0,32.9,88.5,38.3,1.028,57,0
5,204.2,75.4,20.9,100.2,22.0,0.355,26,1
5,105.1,76.3,19.0,44.6,18.0,0.655,44,0
3,75.7,85.1,31.8,87.4,37.6,0.113,65,0
2,148.7,72.5,30.2,87.4,30.9,1.223,56,1
1,146.0,75.3,25.3,138.2,18.0,0.169,28,0
2,151.9,74.3,24.3,174.4,25.2,0.642,47,1
0,126.2,66.8,26.4,111.1,30.7,0.458,21,1
1,96.3,81.0,21.1,51.5,26.5,0.2,58,1
0,120.0,82.9,23.0,178.0,24.5,0.173,85,0
2,96.7,72.6,26.0,102.4,28.2,0.182,43,0
2,158.0,89.0,24.0,114.3,39.5,1.049,67,1
0,147.0,71.7,27.8,69.0,26.3,0.586,21,0
2,65.0,77.0,17.7,118.8,24.2,0.446,23,0
3,100.8,62.7,20.2,207.1,26.9,0.519,32,0
3,141.8,75.9,27.8,90.5,24.0,0.717,35,0
4,75.8,82.6,23.9,208.3,18.0,0.093,43,0
8,115.9,77.1,17.9,141.0,27.1,0.304,28,1
0,65.0,83.5,17.0,207.5,26.8,0.233,40,0
1,102.1,85.8,23.8,123.8,23.5,0.177,57,1
2,114.0,81.5,25.9,93.1,22.9,0.157,47,0
2,77.4,76.7,21.4,31.1,25.0,0.255,31,0
5,119.1,87.0,22.5,97.3,36.0,0.26,52,0
3,131.8,80.3,28.8,23.1,40.6,0.099,31,1
1,85.4,73.1,22.5,88.3,32.2,0.408,39,0
2,138.1,84.8,26.0,135.1,26.1,1.123,55,1
4,147.9,80.7,17.6,167.3,21.8,0.181,34,0
0,108.7,76.4,21.7,59.4,26.1,0.12,21,0
1,65.0,74.1,29.2,60.7,37.7,0.592,38,0
2,94.5,89.7,23.1,217.8,31.1,0.854,56,1
3,123.9,82.8,29.2,100.2,31.8,0.135,58,0
0,78.0,76.6,18.4,118.2,24.7,0.373,22,0
5,109.9,84.7,25.1,180.5,29.5,0.44,51,1
2,87.6,79.3,30.1,133.7,31.7,0.24,33,0
3,114.5,73.6,16.2,63.4,26.1,0.284,69,0
0,107.8,64.7,17.6,68.4,19.2,0.137,21,0
2,113.5,90.0,17.8,59.6,26.4,0.102,50,0
1,130.5,78.3,14.8,363.8,18.0,0.786,32,0
4,106.2,77.9,29.3,123.7,31.5,0.426,28,0
3,168.1,80.4,21.0,155.2,25.0,0.103,56,1
3,160.1,87.7,30.6,71.1,31.3,0.481,60,1
0,129.2,71.5,24.5,83.7,27.6,0.624,21,0
1,130.4,91.5,31.2,219.8,36.2,0.575,57,1
1,97.3,72.4,32.8,58.5,31.1,0.515,36,0
5,126.9,79.7,29.3,62.4,35.4,0.952,38,0
0,132.3,79.8,27.7,97.3,31.4,0.086,21,1
2,132.9,81.7,26.7,54.5,22.7,0.313,49,1
3,148.5,89.3,26.8,60.8,20.8,0.08,85,0
6,127.9,82.4,16.7,106.2,33.2,0.808,29,0
0,125.2,82.2,25.9,70.3,29.1,0.885,63,1
5,155.7,75.1,16.9,136.4,21.5,0.299,37,0
2,118.2,75.4,26.4,63.3,26.6,0.79,29,0
1,95.8,80.0,17.2,231.0,26.1,0.416,21,0
2,133.3,88.5,27.6,456.4,34.5,0.08,67,1
1,136.1,93.5,24.0,144.0,26.6,0.359,39,0
0,103.1,73.4,25.5,207.5,29.9,0.186,30,0
2,103.1,82.5,13.0,30.7,26.1,0.137,33,0
2,119.2,77.8,22.9,51.2,23.8,0.239,51,0
0,155.8,76.9,26.6,182.0,34.0,0.264,30,0
2,99.1,65.2,21.4,99.0,24.6,0.08,24,0
4,70.6,79.6,21.4,78.7,32.0,0.402,35,0
5,68.0,92.6,22.9,94.8,35.6,0.233,35,0
2,73.5,75.5,18.1,54.5,30.5,0.258,35,0
1,77.1,80.7,18.6,107.7,24.4,0.819,30,0
1,98.1,70.0,14.3,308.9,20.3,1.205,64,0
2,98.4,89.9,34.9,164.7,42.2,0.232,85,0
2,130.9,74.9,24.8,257.5,33.0,0.617,22,1
0,155.4,76.1,27.9,122.3,31.1,0.271,21,1
1,143.3,75.5,27.1,38.6,39.3,0.2,33,1
2,92.3,72.9,28.1,39.7,35.3,0.38,21,0
0,95.9,75.0,24.0,22.2,32.6,0.591,21,0
2,194.3,81.0,32.1,285.1,28.3,1.064,29,1
1,66.6,86.1,14.6,75.4,27.4,0.327,50,0
4,144.3,72.6,30.7,170.2,36.1,0.279,33,1
0,87.6,74.9,18.0,66.9,21.2,0.15,21,0
2,140.0,81.7,26.8,108.6,33.5,0.08,33,0
5,152.9,72.5,23.9,91.5,18.0,0.358,34,0
1,121.2,78.0,17.5,91.3,20.9,0.978,34,0
3,149.4,79.7,21.0,57.7,27.6,0.727,60,0
4,221.2,81.1,28.5,34.7,36.4,0.455,55,1
2,71.8,65.4,19.8,106.6,28.0,0.188,39,0
1,149.3,92.4,21.2,83.4,26.6,0.742,85,0
0,152.5,73.0,16.0,68.4,23.9,0.08,21,0
2,69.1,85.0,28.5,45.7,34.2,0.312,29,0
1,126.8,82.9,25.5,64.9,29.9,0.091,35,0
1,110.2,76.4,25.2,198.7,27.5,0.337,37,0
0,135.9,83.0,35.0,63.6,36.8,0.465,21,1
1,122.6,73.6,21.5,255.7,19.8,0.208,37,0
1,142.4,77.1,27.7,18.0,36.3,0.337,21,0
2,87.2,81.5,16.6,49.4,20.0,0.193,27,0
4,184.6,69.1,23.1,154.1,23.9,0.297,39,1
0,122.0,71.5,24.3,89.0,32.1,0.743,21,0
3,167.6,88.2,25.8,45.3,31.5,0.486,43,0
2,130.1,78.8,30.1,134.3,30.8,0.08,25,0
3,157.7,78.7,19.5,114.3,26.3,0.493,31,0
0,116.4,80.3,31.1,93.5,33.8,0.373,47,0
5,154.6,74.1,24.6,43.1,31.6,0.193,36,1
3,83.5,82.0,26.7,75.9,35.1,0.209,43,0
2,148.2,80.9,26.1,37.4,27.1,0.151,45,1
1,92.1,82.6,29.0,62.4,31.1,0.08,36,0
3,109.8,86.0,25.6,102.8,35.8,0.347,44,0
1,80.7,76.7,23.9,278.2,38.1,0.328,27,0
4,94.2,71.2,23.4,93.0,24.8,0.679,46,0
5,105.6,77.7,25.1,114.2,21.5,0.201,34,0
5,134.7,84.7,20.6,41.0,22.4,0.482,65,0
3,126.7,73.8,28.2,100.7,21.0,0.379,40,0
0,103.1,84.3,34.1,192.9,45.0,0.406,29,1
1,134.1,83.2,34.4,51.5,39.8,1.062,47,1
3,130.5,82.3,22.9,74.4,28.7,0.798,66,1
0,104.3,74.5,20.8,218.5,23.0,0.218,30,0
1,102.6,74.5,20.9,40.7,27.2,0.286,27,0
1,104.2,83.2,27.3,118.4,29.0,0.539,21,0
5,180.2,76.5,22.5,85.0,18.6,0.128,40,0
3,94.8,72.4,24.9,58.0,28.4,0.08,32,0
2,150.4,75.9,31.4,98.4,30.7,0.2,47,0
1,91.0,76.1,30.3,115.5,23.6,0.774,47,0
0,101.3,82.4,24.3,82.6,26.7,0.096,21,0
2,130.4,81.4,32.5,206.7,32.1,0.109,55,1
3,136.8,80.3,23.4,53.6,28.5,0.571,26,1
1,125.9,69.0,19.9,47.5,24.0,0.28,30,0
0,137.7,67.7,26.6,124.2,28.4,0.377,21,0
3,135.7,82.9,26.0,108.6,36.2,0.139,43,1
1,135.1,68.6,36.2,77.6,36.3,0.569,21,1
0,98.3,71.6,25.2,95.0,22.2,0.177,28,0
1,105.1,75.1,25.3,204.8,35.8,0.947,21,0
5,115.2,77.5,27.5,101.4,26.7,0.113,57,0
2,151.2,74.6,31.3,140.3,30.0,0.08,31,0
0,137.0,80.5,23.2,40.3,32.3,1.01,21,0
0,118.4,74.2,13.2,435.2,19.5,0.314,21,0
3,120.8,82.1,34.4,34.3,29.5,0.382,53,1
1,80.9,82.5,28.9,130.0,34.8,0.493,24,0
1,107.2,73.9,23.2,58.8,28.7,0.237,30,1
1,99.1,76.4,27.0,136.7,29.5,0.327,38,0
3,143.3,86.5,25.9,49.6,32.8,0.875,32,0
0,121.7,65.5,27.7,50.2,26.2,1.371,21,0
0,154.3,73.0,23.4,60.0,28.0,0.218,49,1
2,189.3,74.0,26.7,139.2,29.7,0.471,33,0
1,141.7,75.7,24.4,113.3,30.3,0.151,43,0
3,85.1,79.8,22.0,131.2,24.8,0.679,51,0
0,108.8,74.0,30.5,51.7,33.7,0.299,21,0
2,65.0,82.8,21.0,122.4,23.9,0.38,51,0
3,172.1,89.5,10.2,161.5,23.9,0.121,85,1
1,188.3,80.8,29.8,29.3,27.8,0.08,45,0
2,85.1,81.8,30.8,80.7,32.4,0.575,65,0
2,101.9,79.7,19.8,139.3,21.7,0.509,56,0
2,97.0,81.7,26.0,169.7,26.2,1.899,50,0
5,88.0,73.8,20.8,500.0,22.5,0.626,57,0
3,68.3,82.3,19.8,105.7,25.5,0.161,62,0
3,142.3,94.6,23.7,63.3,23.5,0.669,63,1
0,80.7,78.3,27.2,81.4,27.9,0.183,21,0
3,114.9,79.6,22.3,54.6,18.2,0.783,59,0
0,90.0,84.9,30.5,134.1,31.0,0.273,33,0
3,65.0,86.1,23.7,86.2,32.4,0.268,64,0
2,95.1,75.8,23.3,75.9,20.7,0.134,46,0
0,69.3,85.7,18.1,125.1,27.9,0.375,21,0
3,115.1,85.1,29.7,75.9,33.7,0.254,68,0
1,134.3,64.3,24.3,74.3,19.9,0.436,26,0
4,133.5,80.2,35.1,126.1,37.7,0.382,32,0
2,123.1,82.1,29.4,117.3,29.3,0.33,75,0
3,135.8,80.1,24.2,100.2,23.8,0.432,40,0
1,85.0,81.2,18.7,168.7,24.4,0.255,32,0
2,105.0,83.4,31.7,56.1,28.6,0.723,36,0
0,105.0,79.8,26.3,144.9,26.8,0.321,31,0
1,68.4,85.4,23.7,361.6,31.0,0.344,53,0
4,88.9,74.6,14.0,88.2,24.6,0.737,32,1
6,79.6,73.4,18.3,78.7,24.5,0.319,37,0
2,110.3,75.6,23.1,149.7,28.9,0.08,48,0
3,133.2,78.1,16.0,78.8,23.8,0.08,46,0
1,101.4,73.7,16.9,48.6,25.9,0.388,27,0
4,84.3,79.8,25.2,20.2,32.5,0.622,53,0
0,118.5,73.2,19.9,43.6,18.2,0.089,29,0
0,101.3,78.5,21.3,67.5,28.7,0.474,22,0
3,93.1,81.1,31.0,53.7,31.1,0.371,21,0
3,165.1,88.1,22.0,170.7,34.1,0.195,34,1
3,148.6,79.5,26.2,94.2,28.0,0.114,21,0
3,119.6,73.5,21.9,57.3,26.9,0.57,25,0
1,98.8,76.2,14.2,68.6,20.9,1.18,37,0
2,100.8,81.6,25.4,112.0,25.0,0.353,61,0
0,88.4,79.4,25.6,41.8,33.0,0.085,33,0
1,92.1,76.4,24.9,80.5,21.9,0.456,21,0
2,111.7,77.4,22.2,37.7,18.0,0.435,35,0
3,65.0,76.0,29.3,363.0,34.3,0.217,60,0
2,159.9,68.5,18.4,117.7,26.1,0.259,32,1
4,127.7,89.9,22.1,82.3,32.7,0.097,66,0
3,87.3,83.8,18.1,89.2,21.8,0.215,37,0
2,161.0,77.0,25.0,120.2,27.3,0.472,51,1
2,135.2,67.9,20.9,208.0,24.6,0.362,41,0
4,139.7,82.6,19.5,48.2,29.7,0.506,64,1
2,104.0,84.3,23.9,196.7,28.3,0.253,85,0
1,131.8,75.6,25.0,130.2,31.4,0.167,30,0
3,65.0,75.5,20.6,64.1,26.3,0.418,40,0
2,125.1,84.4,26.8,108.3,33.3,0.324,61,0
3,103.8,77.3,17.4,67.6,23.6,0.504,42,0
0,145.5,71.2,32.0,80.6,32.5,0.291,21,0
2,102.8,67.6,28.1,88.4,34.3,0.299,33,1
0,97.2,78.3,16.7,249.0,29.0,0.308,42,0
3,152.8,81.6,16.1,87.3,22.7,0.264,72,1
5,150.7,68.8,15.2,104.4,18.0,0.224,39,0
0,140.0,76.6,20.2,172.0,26.2,0.091,24,0
1,129.2,75.0,18.2,79.7,21.5,0.34,42,1
4,136.9,80.7,25.3,349.6,24.6,0.571,69,0
1,107.2,76.9,34.9,98.9,39.7,0.645,28,0
7,87.3,70.6,23.4,116.6,26.3,0.189,29,0
6,125.4,75.4,16.3,66.0,19.6,0.08,28,0
1,65.0,78.4,16.4,71.2,24.2,0.678,21,0
0,157.5,79.9,31.2,148.4,32.8,0.899,38,1
4,111.9,76.4,22.1,165.7,28.9,0.168,36,0
1,109.8,74.4,25.0,26.0,31.3,0.138,21,0
4,85.1,71.9,40.0,78.6,37.8,0.179,25,0
2,156.9,81.0,18.9,56.7,27.1,0.08,41,0
2,137.7,77.5,22.8,74.2,35.8,0.149,50,1
3,123.1,82.7,23.9,78.0,31.2,0.273,57,0
2,132.6,72.1,20.5,43.5,24.3,0.355,52,1
1,118.5,78.5,29.2,103.7,35.4,0.178,37,0
0,141.7,69.8,28.3,68.5,28.7,0.346,21,0
5,103.9,75.8,32.8,100.9,34.9,0.511,34,0
0,115.7,72.3,26.7,64.2,26.5,0.316,21,0
2,132.5,77.0,17.5,282.5,18.0,0.509,41,0
1,70.0,77.4,14.0,82.2,18.0,0.353,27,0
1,73.9,69.2,28.3,112.5,30.4,0.27,21,0
3,173.9,70.1,22.7,106.1,24.6,0.346,44,0
1,87.2,73.4,25.8,90.9,18.0,0.104,69,0
0,163.9,79.1,16.0,113.6,30.3,0.397,21,0
0,103.6,77.8,17.5,112.5,31.9,0.424,46,0
1,79.8,78.4,22.8,42.9,28.0,0.634,31,0
1,153.3,80.6,26.8,91.5,26.7,0.081,26,0
1,134.5,75.4,29.3,218.8,31.8,0.367,26,0
0,138.1,72.9,17.7,250.9,26.5,0.198,31,0
3,77.0,75.1,26.9,62.0,25.6,0.381,31,0
0,129.3,79.2,25.6,190.7,21.1,0.115,37,0
0,65.0,71.5,21.6,129.5,20.1,0.251,24,0
4,127.7,72.1,23.6,63.9,27.7,0.559,27,0
5,86.4,72.6,16.1,104.2,23.1,0.38,48,0
2,160.8,79.4,30.1,47.1,36.8,0.59,23,1
2,145.0,74.3,29.3,83.2,27.9,0.203,42,0
3,120.9,70.4,26.5,170.1,21.6,0.263,32,1
4,149.6,89.3,33.3,60.9,28.9,0.362,29,0
2,191.7,86.8,24.8,24.4,26.8,0.442,78,1
0,113.4,77.5,25.7,45.8,29.9,0.393,21,0
2,126.0,84.0,21.7,73.7,29.9,0.613,71,1
4,75.1,74.8,18.3,179.6,23.4,0.08,54,0
3,87.3,80.5,25.9,79.8,29.0,0.252,27,0
0,85.7,91.4,27.9,80.4,38.6,0.501,54,0
1,116.7,71.4,21.5,95.7,23.4,0.252,21,0
1,127.0,69.4,16.9,177.3,25.2,0.294,26,0
0,93.3,74.4,21.1,172.9,20.4,0.464,24,0
5,124.1,75.1,31.1,42.3,34.5,0.468,44,0
1,147.0,83.7,21.5,170.4,27.1,0.23,51,0
2,120.8,78.8,21.1,33.7,19.1,0.239,44,0
1,149.9,73.4,18.8,62.4,20.8,0.326,40,0
0,65.0,80.6,20.9,48.5,22.6,0.24,56,0
1,65.0,83.1,24.3,96.5,34.4,0.381,52,1
3,135.3,76.2,23.3,40.7,28.3,0.859,27,0
4,122.9,73.4,22.9,86.3,26.4,0.68,29,0
2,117.6,74.9,25.6,171.4,23.4,0.5,51,1
3,118.7,76.7,19.6,84.9,27.6,0.342,36,0
2,78.8,77.1,20.3,133.4,24.1,0.592,38,0
2,65.0,81.7,32.3,66.4,34.9,0.178,40,0
0,144.8,73.5,22.6,49.4,28.4,0.374,21,1
0,150.1,78.0,17.6,95.2,21.8,0.341,27,0
3,93.1,74.4,19.8,119.6,23.6,0.08,46,0
3,65.0,75.9,32.5,186.2,36.7,0.53,26,0
3,110.6,85.0,25.4,85.5,26.4,0.167,33,0
3,93.3,81.6,40.6,176.2,36.0,0.577,46,1
3,141.6,84.0,20.6,41.3,28.7,0.178,57,0
1,84.4,90.6,25.6,66.1,29.9,0.107,60,0
3,137.9,85.1,24.1,112.7,24.5,0.425,62,1
3,118.4,81.0,26.4,65.0,32.0,0.356,35,0
1,156.7,75.3,21.7,120.9,20.9,0.225,33,0
2,132.9,68.5,30.5,52.4,23.4,0.148,21,0
3,102.5,84.3,23.2,72.3,29.4,0.832,69,0
3,127.0,77.7,22.5,94.3,25.9,0.507,33,0
5,115.3,84.4,22.9,153.6,27.7,0.542,68,0
5,66.2,79.7,21.8,127.2,30.4,0.175,42,1
4,134.6,81.4,14.0,100.6,27.3,0.18,59,1
2,113.5,71.2,20.2,65.3,28.0,0.694,36,0
3,65.0,87.3,34.0,87.3,37.7,0.448,48,0
2,68.9,77.0,14.2,80.6,18.0,0.149,59,0
3,97.0,84.5,22.9,43.0,24.8,1.259,29,0
3,143.0,71.1,23.3,272.1,26.5,0.477,62,0
2,94.6,78.4,27.3,197.8,32.7,0.588,22,0
1,138.9,81.1,23.0,50.7,31.7,0.493,77,0
5,140.3,77.3,29.6,98.2,18.0,0.216,40,0
1,109.2,72.9,29.3,76.0,33.7,0.297,27,0
5,139.5,80.4,23.0,95.1,28.1,0.085,53,1
7,113.5,92.9,28.3,120.5,31.5,0.164,43,1
1,91.2,77.3,16.1,83.8,24.5,0.41,21,0
2,108.0,73.3,26.7,259.0,30.9,0.08,31,1
1,90.1,77.1,30.1,122.9,29.8,1.174,23,0
0,141.0,72.5,21.9,96.8,26.9,0.298,24,0
1,130.2,85.9,31.4,66.6,36.5,0.08,23,1
1,164.5,75.1,30.6,84.7,40.2,0.213,47,0
4,113.0,77.7,31.8,293.0,27.3,0.361,55,1
1,127.7,76.3,14.7,112.2,18.6,0.703,26,0
1,124.8,70.4,32.5,107.3,30.4,0.421,21,0
1,132.3,67.8,20.8,78.1,23.4,0.714,21,1
1,129.3,80.9,25.1,106.0,29.3,0.191,85,1
1,91.1,84.1,29.2,136.2,30.0,0.776,40,0
2,119.5,80.7,24.6,117.5,28.4,0.243,53,0
2,116.3,79.1,24.1,48.0,21.8,0.48,34,0
1,185.9,72.0,16.5,167.0,19.6,0.542,21,0
2,65.0,73.9,19.5,67.4,21.5,0.24,45,0
1,140.4,83.7,28.3,93.8,27.0,0.803,74,1
6,164.3,75.7,32.6,114.6,35.4,0.362,27,1
0,86.0,75.3,22.3,109.9,25.9,0.28,21,0
0,184.5,68.8,19.7,32.5,33.6,0.08,21,1
2,121.1,74.4,18.8,174.3,18.0,0.273,55,0
5,109.0,76.7,26.2,80.4,30.1,0.229,43,0
1,118.8,68.4,33.1,104.2,36.5,0.392,62,0
1,121.8,75.8,25.1,52.9,22.6,0.308,37,0
4,123.6,78.1,28.0,89.2,26.6,0.323,50,1
3,78.1,79.0,22.2,66.2,28.3,0.241,31,0
0,130.3,74.6,23.1,88.4,31.5,0.282,21,1
2,65.0,83.4,23.1,41.2,21.3,0.122,51,0
2,102.2,85.0,22.1,172.5,20.7,0.292,55,0
1,104.6,72.2,20.7,269.3,31.3,0.105,28,0
1,117.4,95.2,23.5,163.1,30.4,0.436,71,1
2,113.1,77.6,16.8,112.2,22.2,0.399,72,0
1,124.2,72.2,30.6,69.2,30.9,0.229,23,0
2,72.7,82.0,27.5,34.5,26.8,0.464,24,0
0,116.3,66.0,28.4,216.9,22.6,0.196,24,0
3,86.7,82.4,25.2,110.6,23.0,1.049,35,0
3,125.3,76.7,27.1,59.0,25.9,0.206,31,0
2,171.5,80.0,35.5,87.7,43.2,0.098,21,1
1,118.7,75.8,20.9,52.1,28.7,0.336,25,0
1,165.5,77.6,21.4,50.4,23.0,0.693,21,0
0,123.5,66.5,17.3,98.8,23.1,0.531,21,0
2,94.4,75.5,24.4,59.3,30.9,0.661,21,0
1,122.6,76.1,22.7,86.8,27.1,0.299,83,0
7,65.0,83.8,18.6,65.8,27.3,0.451,79,0
1,123.2,78.9,20.9,61.7,25.0,1.062,52,0
3,155.8,73.9,21.7,55.3,20.9,0.389,28,0
2,83.2,72.3,26.9,144.7,28.0,0.876,21,0
3,149.9,76.0,32.3,88.2,38.9,0.38,37,0
1,86.2,81.7,18.2,52.7,26.9,0.662,46,0
4,110.7,72.7,22.5,77.1,27.0,0.576,26,0
1,81.2,72.1,26.0,127.4,30.8,0.203,44,0
2,115.5,79.3,23.2,75.2,27.5,0.53,21,0
1,210.4,75.0,22.2,150.1,22.7,0.333,28,1
4,96.4,77.0,19.9,88.7,24.9,0.354,33,0
2,110.0,84.4,21.6,109.1,24.5,0.193,80,0
0,115.8,76.9,30.7,73.6,32.1,1.195,24,0
1,110.7,80.3,25.3,187.4,24.1,0.405,45,0
2,151.6,83.1,18.2,201.7,21.1,0.36,85,0
2,95.2,74.3,23.9,91.0,33.8,1.561,23,1
1,125.6,74.2,29.1,77.0,32.3,0.159,21,0
2,102.7,76.2,23.2,91.8,29.2,0.34,26,0
2,166.5,77.2,24.9,82.7,23.7,0.842,38,0
3,123.3,71.1,20.4,102.1,18.0,0.878,75,0
2,119.7,82.4,23.8,41.0,39.7,0.271,28,1
3,138.2,85.5,36.1,127.2,40.3,0.08,55,0
5,161.6,81.0,24.4,71.1,28.3,0.08,82,0
1,147.8,72.7,27.1,111.7,28.4,0.595,42,0
3,143.2,80.0,20.3,66.3,23.2,0.431,60,0
3,155.4,64.7,18.1,64.2,18.0,0.194,25,1
0,115.2,74.8,28.7,119.8,26.1,0.301,45,1
4,181.1,78.2,16.1,54.9,18.0,0.485,50,0
1,142.2,68.1,34.4,64.2,31.8,0.454,21,0
0,133.4,78.3,30.5,77.3,29.4,0.097,24,0
3,111.9,71.4,28.0,147.2,22.9,0.507,32,0
3,67.4,73.0,27.9,59.6,32.0,0.34,21,0
3,117.5,82.4,31.6,107.5,33.9,0.142,26,0
3,87.6,81.3,28.2,31.7,27.6,0.104,34,0
0,100.9,81.1,20.0,65.3,26.2,0.214,21,0
4,119.3,82.3,24.8,78.4,27.1,0.394,78,0
3,158.4,80.4,34.6,292.1,37.3,0.08,58,1
1,111.3,86.6,20.9,49.8,27.9,0.389,85,0
0,83.9,76.5,23.1,143.0,30.7,0.544,21,0
3,69.1,96.6,31.5,39.7,38.2,0.661,46,0
4,80.7,78.5,19.7,112.3,22.2,0.08,26,0
0,183.8,75.7,22.8,73.9,18.0,0.177,21,1
5,97.0,72.5,25.7,39.3,28.0,0.465,56,0
1,65.0,89.6,29.5,178.7,31.3,0.472,38,0
0,124.6,72.1,22.8,120.7,22.8,0.08,31,0
2,95.8,75.8,15.3,70.5,30.3,0.505,43,1
0,114.5,77.6,27.6,174.5,34.7,0.135,24,0
1,143.3,71.5,11.6,74.3,18.0,0.154,24,0
4,154.5,76.6,21.9,64.5,21.9,0.268,27,0
0,112.0,88.3,22.4,153.7,29.6,0.678,61,0
1,125.9,74.7,30.0,121.1,22.1,0.55,59,0
2,157.2,78.7,18.5,46.0,24.9,0.215,21,0
5,90.2,81.4,27.3,97.4,29.4,0.122,77,0
2,74.6,81.6,21.8,84.4,21.0,0.095,37,0
4,130.8,84.6,19.9,192.3,18.0,0.19,45,0
0,82.2,81.8,14.2,76.7,24.8,0.229,26,0
0,101.1,80.7,21.9,59.2,28.9,0.08,38,0
0,115.2,89.3,30.9,125.4,31.7,0.23,21,0
1,121.6,72.6,20.8,163.6,20.5,0.513,25,0
2,105.8,77.2,28.8,70.0,22.6,0.643,54,0
1,146.9,82.9,23.0,125.5,31.6,0.894,55,1
3,112.5,72.6,20.9,91.4,20.9,0.45,46,0
2,65.0,74.1,18.9,41.3,22.2,0.38,30,0
0,122.3,69.4,32.4,158.6,35.4,0.303,21,0
2,119.8,77.8,20.0,67.7,25.1,0.442,65,0
2,105.7,90.0,24.8,53.2,21.2,0.515,57,0
0,107.3,67.5,31.7,86.0,28.3,0.275,21,0
2,99.1,79.6,29.8,72.2,30.8,0.347,55,0
2,87.7,73.6,30.2,66.3,30.0,0.439,31,0
3,163.2,79.8,20.4,58.0,26.9,0.52,51,0
2,135.0,72.9,24.2,70.0,23.1,0.114,21,1
4,136.7,80.3,29.6,166.7,36.5,0.162,27,1
2,108.0,77.9,27.2,38.9,33.2,0.406,39,1
3,86.5,87.2,15.2,40.0,24.0,0.115,78,0
3,65.0,81.3,14.7,124.3,27.4,0.827,85,0
3,151.6,79.2,17.2,120.1,23.0,0.284,39,0
1,181.1,88.2,22.0,73.9,28.5,0.456,60,0
3,71.7,73.3,31.9,126.0,28.3,0.235,41,0
1,65.0,78.5,26.6,227.7,29.3,0.102,41,0
1,136.0,84.5,25.9,154.3,35.4,0.289,47,0
2,172.3,87.8,29.4,81.8,31.5,0.185,36,1
3,90.9,84.4,25.1,40.6,23.2,0.22,54,0
2,177.6,75.5,16.5,148.0,21.5,0.423,22,1
2,130.8,78.1,25.9,117.1,29.0,0.228,36,1
4,65.0,91.9,26.1,43.6,31.4,0.734,81,0
3,151.9,76.4,29.7,500.0,39.6,0.555,61,1
1,107.1,78.3,18.2,162.8,20.1,0.884,43,0
3,110.8,80.9,24.4,68.9,32.3,0.336,57,0
3,106.3,90.3,22.6,108.5,24.7,0.256,71,0
0,117.6,83.7,30.9,113.0,37.2,0.309,21,0
2,87.6,89.3,27.1,91.2,25.5,0.386,33,0
1,77.6,67.6,29.2,38.7,34.0,0.431,27,0
1,134.3,76.6,30.0,76.0,41.3,0.335,21,1
3,75.9,81.5,23.4,54.5,30.2,0.292,85,0
1,80.7,72.1,24.5,73.9,23.4,0.62,48,0
1,65.0,82.2,27.1,31.3,24.2,0.777,57,0
2,145.0,81.9,24.3,120.5,22.3,0.08,27,1
8,191.0,78.7,24.3,183.6,23.9,0.85,32,1
2,72.2,77.8,22.8,81.9,23.6,0.9,37,0
3,91.6,81.3,20.6,201.2,40.8,0.34,45,1
4,114.6,77.5,24.3,127.1,23.2,0.08,53,0
0,141.3,74.3,21.4,80.5,28.3,0.329,21,0
4,112.7,86.4,22.4,54.4,29.9,0.341,51,0
3,167.7,79.5,27.2,36.7,29.7,0.101,33,1
2,91.1,97.5,35.4,73.3,37.5,0.291,73,0
0,115.1,85.5,21.7,162.2,19.5,0.388,66,0
3,116.2,87.0,23.3,204.2,20.4,0.996,43,0
2,65.0,85.7,26.9,81.6,22.4,0.67,38,0
2,111.0,82.3,24.5,61.2,35.4,0.242,32,0
2,124.9,79.4,29.2,40.1,30.5,0.177,45,0
4,66.7,84.0,30.9,123.7,38.3,0.633,64,0
3,91.2,74.6,23.4,94.0,18.0,0.16,38,0
4,173.2,73.8,26.5,64.1,30.8,0.644,29,1
5,91.0,84.3,30.2,106.3,30.0,0.28,38,0
3,119.0,79.9,24.7,99.6,18.5,0.763,43,0
0,105.3,84.1,19.1,149.9,30.0,0.442,21,0
2,95.2,76.9,25.7,188.8,30.2,0.085,21,0
0,76.7,82.2,25.9,30.2,24.0,0.672,29,0
7,126.6,87.6,26.3,148.0,30.4,0.233,73,0
0,85.2,79.7,16.9,82.2,21.5,0.222,63,0
1,101.8,83.3,31.4,48.4,31.5,0.08,21,0
0,154.4,75.1,29.0,46.6,34.0,0.247,23,1
2,86.7,84.6,24.1,81.1,22.9,0.187,52,0
2,151.7,79.8,24.8,106.3,32.6,0.148,31,0
4,100.4,84.0,19.3,72.5,19.5,0.912,46,0
2,108.3,77.4,27.2,62.5,28.2,0.372,21,0
6,129.8,78.1,19.2,50.6,27.7,0.108,38,0
3,69.9,81.1,23.1,121.5,25.5,0.384,36,0
1,138.1,81.4,26.7,185.0,25.4,0.254,57,0
4,83.1,79.3,22.1,155.4,36.6,0.303,45,1
2,120.8,76.5,15.9,105.5,18.0,0.687,40,0
0,77.5,81.5,28.0,87.6,36.1,0.09,21,0
3,126.7,83.3,18.1,79.7,20.3,0.134,82,0
2,70.4,85.9,26.0,59.5,36.9,0.241,51,0
2,97.0,76.6,27.2,66.7,33.1,0.669,26,0
3,97.4,71.0,29.0,62.4,29.7,0.909,39,0
3,131.3,75.7,27.7,156.3,34.2,0.231,31,0
2,161.2,74.2,16.8,50.5,24.9,0.472,34,1
1,100.2,88.0,25.5,69.2,30.5,0.405,62,0
1,103.8,74.8,16.7,191.7,26.8,0.631,23,0
2,91.9,81.2,24.3,87.1,29.3,0.157,51,0
2,165.0,84.3,23.0,72.9,32.2,0.301,63,1
2,106.0,78.7,25.1,123.4,30.8,0.127,48,0
2,129.9,72.2,19.9,138.2,25.4,0.366,35,1
1,127.0,77.4,25.2,83.3,28.1,0.5,25,1
2,89.0,74.2,24.1,72.3,26.8,0.161,27,0
4,132.4,73.2,25.1,70.8,24.0,0.236,40,0
4,154.6,77.3,27.6,52.6,33.2,1.042,38,0
1,100.7,76.7,32.1,84.3,34.7,0.238,54,0
1,145.7,78.5,26.4,88.6,40.5,0.377,21,0
1,124.1,79.2,16.6,32.5,23.5,0.462,62,0
1,77.0,94.4,33.3,73.8,33.5,0.242,85,0
8,164.5,82.9,25.8,72.7,29.6,0.556,36,1
4,139.1,70.4,23.0,65.5,26.0,0.08,34,0
0,74.1,88.0,22.7,78.2,32.3,0.838,35,0
3,85.0,81.6,28.0,80.1,27.8,0.335,39,0
1,156.3,75.3,22.8,83.0,27.0,0.125,32,0
0,83.5,78.2,28.8,183.3,27.2,0.08,21,0
1,72.1,76.3,28.0,59.0,23.6,1.151,35,0
0,65.0,81.9,26.3,92.8,34.5,1.058,23,0
0,93.6,72.6,24.8,54.7,28.4,0.268,40,0
4,137.6,87.8,25.0,147.3,31.8,0.368,65,0
1,123.1,72.5,23.0,115.0,36.3,0.21,23,0
0,74.5,98.0,26.5,81.6,22.6,0.08,77,0
1,105.8,84.1,30.9,57.0,41.3,0.08,31,1
6,135.0,79.1,31.4,61.7,28.0,0.339,25,0
2,87.5,78.5,22.1,103.9,29.9,0.558,51,0
1,109.3,78.9,28.5,65.8,31.8,0.08,30,0
3,170.3,69.9,21.1,35.9,22.6,0.774,37,0
1,117.1,72.9,22.1,144.8,23.1,0.462,38,1
0,166.6,80.6,25.5,163.4,26.1,0.72,49,1
6,89.9,79.7,27.0,43.0,28.2,0.981,36,0
5,101.4,82.6,18.0,34.5,23.1,0.353,34,0
2,155.2,63.5,21.9,222.4,19.9,0.414,31,1
4,116.9,84.1,22.0,250.9,33.9,0.233,47,1
4,75.7,77.4,16.6,75.7,21.5,0.414,29,0
4,180.0,81.6,23.9,131.7,32.5,0.156,66,1
2,123.9,83.6,18.8,81.7,21.0,0.508,38,1
0,175.1,70.8,19.9,53.8,23.8,0.094,21,1
1,93.4,82.9,21.0,99.2,26.5,0.459,43,0
1,109.4,83.2,30.0,74.0,40.1,0.952,46,1
2,136.6,83.0,26.1,72.1,28.5,0.093,66,0
3,159.9,77.7,23.0,282.6,29.0,0.216,26,0
0,148.2,75.2,26.9,148.7,26.7,0.824,24,0
2,65.0,77.1,22.5,183.0,22.6,0.082,50,0
3,92.4,83.5,30.1,260.8,31.3,0.277,61,0
2,119.8,78.9,27.0,271.4,27.7,0.303,25,0
1,139.4,82.8,20.3,100.9,35.2,0.251,42,0
5,103.6,72.3,27.8,147.9,21.2,0.367,36,0
2,102.4,73.8,32.1,95.2,34.9,0.534,26,0
2,122.1,84.9,23.1,71.5,28.8,0.367,35,0
0,87.3,84.8,17.7,174.1,23.2,0.404,59,0
4,94.1,80.6,32.0,78.4,29.2,0.256,38,0
1,120.1,75.4,26.5,152.5,23.0,0.19,34,0
1,113.7,79.5,28.8,145.8,34.1,0.826,49,0
1,77.8,87.4,18.7,84.0,26.9,0.799,62,0
0,123.4,74.8,25.9,51.7,23.1,0.08,23,0
3,128.3,75.0,23.9,230.6,24.4,0.425,43,0
2,159.1,82.1,29.3,57.7,23.2,1.374,31,0
0,113.6,74.4,25.8,104.9,36.0,0.409,38,0
5,151.3,77.3,18.8,103.7,21.3,0.435,51,0
5,65.0,71.5,24.9,71.4,27.1,0.121,33,0
2,113.2,82.5,20.1,83.9,28.9,0.183,36,0
0,99.0,82.2,22.2,53.1,25.1,1.023,57,0
6,99.2,74.9,19.0,163.6,20.1,0.452,46,0
3,128.7,78.7,28.3,86.7,39.0,0.838,36,1
2,65.0,75.5,25.6,92.5,25.7,0.374,40,0
1,65.0,81.6,16.3,57.3,20.3,0.462,38,0
1,133.9,83.1,17.7,73.6,23.2,0.556,21,0
4,121.0,86.1,23.2,37.2,28.2,0.445,40,1
2,91.6,74.5,20.5,80.5,26.5,0.319,21,0
1,156.6,81.9,27.0,108.6,19.8,0.103,61,1
0,147.8,73.6,29.0,86.7,29.2,0.28,21,1
7,126.1,72.0,26.1,236.8,21.1,0.283,31,0
3,70.4,79.8,27.5,36.1,31.8,0.292,28,0
2,157.9,83.1,21.0,77.7,29.6,0.329,71,1
0,65.0,82.7,25.2,60.5,25.8,0.815,60,0
1,79.3,75.7,31.3,52.0,45.4,0.535,21,0
2,140.9,71.6,21.9,41.6,24.4,0.582,37,0
0,67.2,70.2,26.6,89.0,26.8,0.103,21,0
1,159.1,71.7,31.6,60.2,36.1,0.099,40,0
3,176.7,76.8,28.4,182.0,31.9,1.24,50,1
2,135.4,80.4,19.4,211.5,22.6,0.08,42,0
2,91.4,77.4,26.3,52.2,29.6,0.94,51,0
3,73.5,73.7,24.6,87.3,33.0,0.147,33,0
3,66.3,68.2,17.3,162.7,18.0,0.103,42,0
4,124.6,82.7,25.4,87.1,25.3,0.08,51,1
1,118.3,87.4,28.2,209.8,37.5,0.13,30,0
0,121.5,80.4,33.3,208.1,23.7,0.78,24,0
0,159.8,84.7,23.2,33.1,35.7,0.263,27,0
1,140.1,76.8,19.6,177.2,23.4,1.524,35,0
1,124.7,71.2,26.2,50.9,28.7,0.253,38,0
3,118.1,81.8,22.7,138.2,27.9,0.21,43,0
1,82.4,74.8,17.0,136.5,23.5,0.168,26,0
1,130.9,80.0,20.1,84.2,18.0,0.515,51,0
4,122.6,82.4,23.4,215.9,32.0,0.08,78,0
0,149.7,77.1,22.7,56.6,24.3,0.535,28,0
1,123.6,82.1,30.6,74.8,38.7,0.36,85,1
1,191.3,83.3,24.2,56.6,25.9,0.212,83,1
3,153.2,75.4,28.8,51.5,26.7,0.08,38,0
6,65.0,77.9,23.2,50.5,30.1,0.592,35,0
2,122.7,73.3,13.9,134.0,23.3,0.316,27,1
1,155.7,76.2,29.6,82.4,27.3,0.343,55,1
4,95.3,73.9,21.9,54.4,18.5,0.138,39,0
2,94.4,88.2,30.0,77.2,32.4,0.216,41,0
3,168.8,68.1,18.7,78.2,19.0,0.953,25,0
2,83.6,79.4,24.6,177.7,32.3,0.329,55,0
2,134.0,74.7,24.8,56.7,25.7,0.794,34,0
1,111.7,85.0,23.0,27.0,23.9,0.162,22,0
3,137.3,76.4,22.3,68.4,25.0,0.716,36,0
2,96.6,83.8,27.5,167.2,30.0,1.319,25,0
3,93.7,80.8,25.6,150.9,29.8,0.373,66,0
1,150.5,82.7,24.7,51.6,25.2,0.309,83,0
1,165.9,82.4,18.2,95.3,22.9,0.08,37,0
2,109.3,69.1,23.2,109.5,20.9,0.131,59,0
1,129.0,74.7,16.6,57.1,18.0,0.51,59,0
0,142.1,81.1,37.3,108.8,34.3,0.228,21,1
1,121.3,80.8,25.5,87.2,29.2,0.181,27,0
0,137.2,76.8,27.2,53.7,34.4,0.19,39,1
1,170.0,83.9,27.3,95.4,33.0,0.314,31,0
2,72.9,81.3,31.6,106.8,33.2,0.409,26,0
6,147.1,92.7,18.1,82.0,24.9,1.099,60,1
3,183.5,83.4,26.8,46.6,28.3,0.08,30,0
3,149.2,75.8,15.8,185.2,22.1,0.505,44,1
0,75.4,84.9,26.8,123.0,30.6,0.142,58,0
2,167.9,75.9,22.9,72.8,28.4,0.261,68,1
0,114.5,77.0,24.9,183.8,30.2,0.446,22,1
1,134.2,67.6,28.3,39.5,26.9,0.336,23,0
4,148.3,75.7,29.2,247.1,33.8,0.174,41,0
1,161.8,87.6,28.6,78.1,24.7,0.097,21,1
0,88.8,78.0,24.8,62.2,22.3,0.188,23,0
2,117.1,80.7,27.3,53.1,35.8,0.694,63,1
2,124.2,80.8,23.7,144.7,30.5,0.388,49,1
2,87.2,69.1,16.7,87.7,25.6,0.08,35,0
4,140.1,72.2,19.3,102.6,18.6,0.473,46,0
0,106.8,73.9,27.6,83.7,25.2,0.434,51,0
2,117.7,60.1,13.3,59.9,18.0,0.37,21,0
3,99.3,76.1,20.7,121.8,22.4,0.197,30,0
6,133.6,89.1,21.5,118.5,25.0,0.136,85,1
1,96.2,93.0,32.9,174.4,31.1,0.365,67,0
2,113.8,78.8,25.3,68.1,27.4,0.371,42,0
2,115.4,72.0,18.6,41.4,22.7,0.3,43,1
3,97.8,80.2,26.1,182.8,34.1,0.516,37,1
2,65.0,68.6,18.5,171.1,21.5,0.468,21,0
2,136.9,67.5,16.6,90.2,18.0,0.326,28,0
3,114.1,85.8,28.2,217.7,32.3,0.822,45,1
1,103.8,79.2,23.9,169.2,25.0,0.08,30,1
0,114.0,69.3,32.2,64.1,31.5,0.614,22,0
1,141.9,80.4,18.4,198.3,23.3,0.361,24,1
2,184.0,80.6,26.5,229.6,23.3,0.418,68,1
1,65.0,75.2,21.1,64.6,20.8,0.169,29,0
5,128.6,89.2,32.7,80.2,28.5,0.207,62,1
1,99.9,93.3,21.5,134.0,31.3,0.342,43,0
1,160.8,80.9,26.8,60.3,32.8,0.364,33,1
4,72.9,72.8,30.9,135.4,35.6,0.588,26,0
3,118.1,80.9,20.4,65.5,30.4,0.25,50,0
1,110.0,85.1,13.6,84.7,21.9,0.202,58,0
1,79.2,74.2,28.4,103.2,34.5,0.464,52,0
1,94.2,75.8,23.7,96.4,28.3,0.209,21,0
5,105.2,72.4,24.1,192.5,32.4,0.225,29,0
2,119.8,75.7,17.7,53.1,25.3,0.08,31,0
0,65.0,75.2,31.3,88.7,28.3,0.353,21,0
3,106.0,82.6,23.3,62.4,28.3,0.213,46,0
1,139.4,79.3,13.7,66.5,21.5,0.103,49,0
1,157.4,69.4,9.1,55.2,18.0,0.445,48,0
1,125.1,84.3,21.6,51.6,25.2,0.283,45,0
2,132.5,74.9,30.2,77.8,35.5,0.477,32,0
1,74.6,80.1,21.2,111.1,26.0,1.016,25,0
6,104.2,77.1,28.7,96.0,27.5,0.812,32,0
6,75.2,83.3,22.6,237.6,27.2,1.541,43,0
2,109.0,91.6,21.0,152.2,33.0,0.093,64,0
3,188.5,73.5,23.2,35.4,21.0,0.206,39,1
2,161.8,81.7,28.0,159.2,32.0,0.192,38,1
3,140.3,83.9,21.9,80.5,26.5,0.566,21,0
6,125.2,76.3,23.5,79.3,27.4,0.456,44,0
1,107.0,77.5,30.0,91.5,29.9,0.657,66,0
3,135.9,76.0,24.1,150.4,27.1,1.025,35,1
3,95.7,75.3,24.8,58.4,29.1,0.326,34,0
4,184.3,69.1,25.5,148.2,24.1,0.099,31,1
2,141.6,79.3,25.9,98.8,34.0,0.537,51,0
0,146.0,79.3,17.0,117.7,28.1,0.306,21,1
3,99.2,83.2,26.7,70.0,33.0,0.589,62,0
0,100.3,75.6,30.1,45.7,30.5,0.362,34,0
3,91.3,87.6,25.5,193.9,32.6,0.679,45,1
4,75.0,80.4,28.1,108.2,32.6,0.709,53,1
0,159.5,71.3,20.4,81.6,28.9,0.633,24,1
3,136.9,75.4,28.6,152.8,32.6,0.091,37,0
2,101.8,84.2,17.9,119.8,29.9,0.434,33,1
0,95.7,78.7,23.8,45.6,38.6,0.524,21,0
4,161.8,81.3,21.8,100.3,28.3,0.264,58,0
1,131.6,73.8,28.0,67.7,29.7,0.194,32,0
0,101.5,73.3,26.7,122.3,31.7,0.148,21,0
3,152.2,77.0,24.5,117.5,24.8,0.268,38,0
1,175.9,70.6,21.9,47.3,32.3,0.995,21,1
2,96.5,83.8,11.7,77.9,25.3,0.197,30,0
1,101.6,72.4,18.3,70.7,25.1,0.528,43,0
1,107.9,74.9,23.2,56.6,25.0,0.44,21,0
4,124.5,72.4,14.3,154.4,18.0,0.452,49,0
1,113.9,80.5,24.6,64.4,29.8,0.195,39,0
1,68.3,89.3,19.5,35.8,27.7,0.246,53,0
2,85.7,83.8,29.9,59.6,28.0,0.099,52,0
0,119.1,72.5,29.9,60.4,30.3,0.08,30,0
3,163.3,82.1,19.4,175.3,27.4,0.874,30,1
2,121.9,91.1,23.7,98.5,31.4,0.2,46,0
0,144.7,66.6,28.2,43.3,24.2,0.297,22,0
1,125.9,73.8,25.2,194.6,21.2,0.607,22,0
3,109.9,73.1,24.2,159.0,26.3,0.212,28,0
0,87.0,80.1,25.3,134.5,28.5,0.353,21,0
1,127.0,84.1,23.2,25.9,29.3,0.267,21,0
0,154.4,75.1,31.9,96.3,29.1,0.211,21,0
2,74.5,79.0,33.1,275.1,40.5,0.148,32,0
1,133.3,73.7,20.8,162.0,18.0,0.433,31,0
3,97.2,81.3,22.9,48.2,29.2,0.883,56,0
6,126.3,75.4,26.9,212.9,25.4,0.08,32,1
5,91.3,74.8,20.6,102.5,31.2,0.544,36,0
1,119.6,90.2,24.8,121.0,30.0,0.818,76,1
1,84.7,73.5,24.0,94.7,26.2,0.357,21,0
4,146.0,78.6,16.2,118.3,21.5,0.424,41,0
4,116.8,74.5,21.7,108.2,24.8,1.021,34,0
3,172.2,79.6,22.6,60.8,25.9,0.527,43,0
3,124.8,78.8,12.3,74.1,21.1,0.226,28,0
1,83.0,80.2,29.3,176.4,32.9,0.087,32,0
0,65.0,79.2,27.9,242.3,34.9,0.596,63,1
1,160.5,81.7,26.4,151.0,23.5,0.552,46,0
3,95.9,66.4,7.7,83.0,18.0,0.42,33,0
3,83.4,70.8,23.5,41.2,24.4,0.389,25,0
2,158.0,73.9,16.2,117.5,19.2,0.306,22,1
3,101.1,75.9,27.0,90.7,30.8,0.319,29,0
1,144.2,74.9,15.2,57.2,23.6,0.557,34,0
2,126.3,84.2,22.4,64.0,18.7,0.191,76,0
3,65.0,70.9,20.3,58.8,20.8,0.351,39,0
4,135.5,79.7,21.4,64.0,19.8,0.447,27,0
1,83.9,82.1,22.3,114.3,31.5,0.7,21,0
4,75.5,78.5,16.3,36.0,23.1,0.12,25,0
2,65.0,74.8,21.5,87.7,26.6,0.222,29,0
5,78.0,81.3,20.6,154.6,27.9,0.397,41,0
0,103.6,79.7,17.6,150.6,21.3,0.68,30,0
3,117.5,83.1,25.7,150.9,19.0,0.523,77,0
2,119.8,74.5,25.1,47.1,26.1,1.188,33,0
2,143.3,81.1,24.6,60.3,34.2,0.819,57,1
1,65.0,76.2,19.7,359.5,24.5,0.129,21,0
2,65.0,76.9,27.6,40.3,38.1,0.165,36,0
3,194.4,71.0,24.8,324.1,25.4,0.5,25,1
1,113.2,76.9,19.9,43.0,21.7,0.194,58,0
5,132.1,70.1,17.8,94.4,24.2,0.161,31,0
1,68.9,80.4,10.1,147.5,18.0,0.161,64,0
3,136.8,77.8,23.9,64.7,30.0,0.085,49,0
1,148.5,75.0,23.6,106.8,25.8,0.08,29,0
1,65.0,76.5,24.2,51.7,23.2,0.713,22,0
1,130.6,80.4,25.6,114.8,36.1,0.441,26,0
4,130.0,74.1,25.7,62.9,24.3,0.737,32,0
1,65.0,69.3,24.4,171.2,31.8,0.32,49,0
2,120.8,81.1,27.1,103.3,26.7,0.35,37,0
0,94.1,86.0,32.3,83.6,32.3,0.183,53,1
3,129.7,83.7,28.2,84.6,29.2,0.08,66,0
3,137.4,81.6,25.6,134.8,30.3,0.459,38,0
0,130.0,74.9,30.6,98.8,24.8,0.216,23,0
2,105.2,86.1,21.5,103.7,28.7,0.084,44,0
2,101.1,78.2,19.9,80.3,25.4,0.461,81,1
1,121.8,76.7,19.3,109.9,20.7,0.261,54,0
3,106.7,71.7,13.1,127.7,21.8,0.08,42,0
2,67.7,71.6,23.3,94.2,24.5,0.195,24,0
1,121.2,75.7,26.5,123.9,28.6,0.71,34,0
0,109.2,68.4,25.8,39.0,30.6,0.193,21,0
0,109.1,81.5,21.9,33.3,32.9,0.212,21,0
2,103.6,74.7,29.1,119.3,36.2,0.12,44,0
0,108.7,74.6,20.6,70.5,23.8,0.148,21,0
1,94.2,77.0,22.4,61.3,35.1,0.316,31,0
1,142.4,64.8,19.6,93.0,21.0,0.191,21,0
0,101.0,75.7,23.4,168.0,27.8,0.233,22,0
2,117.6,73.3,26.7,71.1,21.0,1.007,38,0
0,92.4,73.2,20.3,103.1,23.6,0.37,26,0
1,80.0,74.9,18.7,62.7,19.7,0.637,21,0
3,111.4,76.0,19.1,51.0,27.6,0.383,28,0
1,136.6,74.0,19.1,99.7,22.7,0.423,21,0
4,148.2,87.5,21.9,36.6,24.1,0.497,62,1
3,137.9,82.4,26.8,41.2,24.0,0.091,50,1
6,84.8,83.9,23.5,50.6,24.5,0.131,50,0
3,116.8,69.6,27.9,73.7,31.2,1.101,25,0
1,112.3,73.1,28.6,79.3,34.0,0.358,45,0
4,138.3,69.8,32.3,121.9,20.7,0.313,40,0
4,131.3,74.0,21.7,89.3,27.5,0.386,26,0
2,95.0,78.7,29.7,77.6,29.1,0.085,36,0
2,126.1,59.5,23.8,173.2,27.6,0.347,21,0
1,133.3,69.7,26.0,50.9,39.2,0.814,22,1
4,125.5,67.2,22.2,82.6,26.3,0.08,35,0
5,113.8,76.1,20.8,75.2,20.4,0.103,29,0
2,94.0,75.9,23.6,79.4,24.2,0.271,43,0
0,102.1,75.0,25.7,67.2,28.5,0.97,26,0
0,184.3,78.9,21.4,35.1,29.8,0.193,31,1
2,77.1,73.1,18.1,61.5,25.1,0.152,36,0
3,175.2,83.4,23.3,159.6,28.4,0.218,25,1
1,175.0,81.8,30.5,212.3,35.5,0.124,31,1
3,73.4,84.7,28.2,45.8,38.1,0.429,40,0
3,95.1,82.2,23.1,80.9,34.7,0.248,70,0
4,105.2,75.5,30.2,30.2,33.4,0.182,25,0
2,95.3,80.1,28.5,163.7,31.5,0.08,29,0
2,95.6,75.7,22.6,67.5,26.6,0.08,54,0
5,137.3,87.5,20.5,413.5,27.0,0.08,60,1
3,123.2,72.2,25.9,218.2,32.5,0.574,46,0
4,132.6,85.5,29.8,68.0,32.4,0.08,59,0
0,110.1,81.1,25.8,209.7,30.3,0.606,24,0
5,107.9,87.5,29.3,106.7,33.3,0.895,57,1
7,91.0,84.9,24.7,54.0,18.0,0.168,51,0
1,130.3,67.0,26.1,116.7,29.5,0.257,21,1
4,147.6,69.1,22.2,89.3,20.5,0.454,31,1
0,78.3,70.4,30.6,52.7,26.1,0.573,21,0
0,140.1,73.1,26.7,94.0,27.3,0.303,39,0
4,123.8,79.4,24.8,60.2,25.6,0.968,56,0
2,78.0,73.0,28.3,89.4,23.1,0.267,29,0
4,68.8,80.4,26.8,105.3,32.1,0.08,23,0
2,106.1,67.7,21.4,83.8,30.6,0.345,22,0
5,98.5,75.2,29.4,229.0,34.3,0.988,36,1
3,148.4,83.1,20.9,39.0,25.8,0.431,46,0
4,102.5,77.8,22.5,81.1,26.8,0.518,70,1
2,97.7,80.4,30.7,98.2,41.9,0.171,21,0
2,100.9,75.4,30.2,92.0,25.6,0.204,66,0
2,107.5,78.3,13.9,302.3,19.0,0.471,40,0
3,123.9,85.2,23.1,89.8,32.3,0.096,55,0
1,149.1,80.5,39.1,83.4,32.8,1.176,50,1
2,75.5,75.5,20.9,150.7,33.8,0.155,37,0
4,127.7,80.2,31.6,32.1,33.4,0.184,37,0
2,72.2,80.2,20.7,83.9,22.6,0.882,43,0
2,148.5,78.8,26.7,49.4,31.3,0.175,33,0
3,65.2,79.1,16.9,54.0,30.3,0.518,34,0
1,154.2,78.2,29.4,159.9,31.3,0.507,21,1
2,145.2,79.8,31.2,92.7,26.9,0.18,47,1
0,89.9,79.1,32.8,178.5,33.3,0.342,25,0
4,97.9,70.4,19.9,89.3,30.3,0.26,57,0
3,65.0,74.4,25.3,265.5,29.5,0.093,55,0
2,65.0,73.7,31.2,64.1,24.9,0.08,29,0
4,105.4,86.0,29.6,116.7,32.1,0.182,48,0
4,121.1,73.0,26.1,49.1,26.8,0.344,45,0
2,148.3,71.8,23.3,93.0,29.0,0.567,28,0
1,106.0,85.0,19.9,81.8,27.1,0.403,49,1
2,110.7,72.6,24.2,152.3,31.7,0.313,69,1
0,74.8,95.0,22.0,34.4,28.4,0.215,58,0
1,110.3,68.1,24.4,85.7,22.4,0.49,21,0
3,118.1,78.9,26.9,55.2,32.8,0.68,46,1
4,133.8,83.1,27.9,56.8,32.1,0.171,54,0
3,113.5,72.4,19.3,108.2,30.0,0.39,27,0
1,145.1,76.3,27.4,139.2,28.8,0.08,57,0
3,115.7,73.3,23.5,51.8,23.1,0.992,26,0
3,110.7,70.4,19.6,137.6,27.7,0.407,32,0
0,140.6,75.3,22.3,193.8,23.8,0.133,26,0
1,140.8,83.2,14.6,78.3,30.3,0.339,24,1
1,104.7,74.8,24.9,363.8,31.4,0.375,43,0
2,172.6,76.3,32.1,73.1,33.7,0.362,21,0
1,123.4,76.4,19.7,75.7,28.3,0.61,33,0
2,118.6,88.7,27.9,44.2,30.3,0.346,43,0
1,105.0,75.7,17.8,63.5,25.6,0.085,26,0
3,129.3,73.1,17.4,113.1,21.2,0.845,62,0
1,142.9,75.3,20.8,181.7,24.1,0.339,34,1
2,118.0,86.5,29.0,88.6,30.9,0.444,73,0
0,122.0,82.2,22.4,249.6,26.0,0.544,21,0
2,79.2,81.2,19.0,105.9,18.9,0.22,44,0
3,88.2,79.0,23.9,70.9,27.1,1.082,40,0
5,90.3,78.3,20.4,209.6,25.7,0.085,31,0
4,122.9,75.3,23.0,206.8,26.6,0.08,37,0
0,78.8,78.9,16.6,122.4,29.9,0.281,47,0
2,65.0,84.1,25.6,36.0,38.9,0.943,51,0
3,70.3,69.5,24.1,79.2,21.3,0.264,35,0
3,132.0,85.7,27.7,139.8,35.7,0.627,44,0
1,168.6,72.2,27.4,51.7,28.0,0.469,25,0
2,145.4,78.8,24.4,101.8,33.6,0.177,51,0
4,80.4,85.1,24.8,121.2,29.8,0.08,67,0
3,87.6,85.7,28.0,83.0,27.7,1.165,53,0
3,94.8,79.1,26.0,141.8,29.9,0.08,26,0
1,65.5,68.1,12.5,64.0,19.6,0.464,23,0
0,108.5,77.4,27.4,40.0,24.8,0.08,85,0
3,129.6,82.2,29.2,72.2,28.8,0.085,65,1
2,83.5,75.6,21.6,374.1,20.2,0.62,51,0
2,76.7,84.4,24.8,165.0,27.8,0.08,69,0
1,139.9,78.5,21.3,78.3,22.7,0.51,37,0
0,86.0,73.8,17.6,102.0,30.0,0.229,51,0
5,89.7,81.1,26.3,117.3,30.1,0.43,61,0
1,65.0,86.5,19.9,86.2,34.8,0.207,33,0
4,144.4,88.8,26.8,92.7,29.5,0.15,46,0
2,157.1,74.6,16.7,104.5,21.5,0.261,58,0
1,104.5,67.4,23.2,49.4,24.4,0.282,22,0
5,112.9,75.9,15.9,98.4,20.4,0.665,31,0
2,130.3,89.7,33.1,91.0,29.6,0.588,58,0
2,136.1,73.8,22.3,66.3,24.9,0.336,41,0
6,112.4,75.7,27.0,182.8,27.6,0.426,38,0
0,96.2,70.5,32.1,182.1,26.6,0.67,36,0
2,109.9,81.8,23.4,123.8,20.4,0.08,60,0
1,102.6,76.9,22.4,139.2,29.2,0.807,24,1
2,122.6,78.2,19.8,66.6,32.2,0.191,30,1
0,80.3,70.9,21.2,46.3,23.5,0.983,21,0
3,152.3,79.1,24.7,37.4,25.8,0.524,32,1
2,178.1,67.8,16.8,128.1,31.4,0.328,40,1
0,91.8,66.5,28.0,136.7,23.5,0.236,21,0
5,89.9,67.4,17.2,43.1,26.9,0.535,25,0
4,87.8,84.7,27.6,171.6,29.9,0.27,41,0
1,99.8,84.6,20.4,269.6,32.8,0.511,45,0
2,170.8,83.1,24.3,93.6,28.4,0.364,76,0
2,96.6,77.0,18.4,97.2,23.3,0.258,48,0
5,119.1,75.1,20.7,71.1,29.0,0.312,34,0
1,100.0,81.7,19.7,51.9,25.0,0.498,39,0
2,65.0,84.8,16.3,229.3,27.0,1.061,40,0
2,97.2,78.1,22.3,119.6,21.5,0.08,30,0
2,113.5,81.1,20.0,144.2,22.7,0.491,42,0
2,163.7,80.8,25.0,261.2,30.7,0.546,29,0
0,65.0,81.3,24.2,64.4,28.8,0.473,42,0
0,145.2,76.4,30.2,116.2,25.4,0.384,36,1
2,122.2,72.8,12.0,236.9,22.9,0.159,34,0
2,111.7,90.8,29.0,88.6,34.3,0.302,34,0
2,81.5,76.9,22.3,104.0,30.3,0.561,52,1
5,154.2,82.4,25.8,130.6,39.3,0.313,50,1
1,125.6,80.7,14.9,76.1,23.0,0.914,33,0
2,113.5,74.9,26.6,88.2,19.9,0.339,51,0
0,111.6,79.7,28.2,160.1,29.5,0.193,36,0
3,144.6,76.1,19.3,28.6,26.8,0.47,36,0
4,87.4,74.3,29.1,85.2,26.4,0.279,30,0
0,160.5,79.8,28.0,95.6,21.5,0.108,72,0
2,185.1,73.5,23.0,224.3,27.6,0.663,69,1
4,105.1,84.9,21.1,48.5,24.2,0.176,27,0
1,156.2,78.4,18.0,109.0,22.2,0.995,32,0
5,96.1,82.6,24.7,71.0,24.2,0.08,44,0
2,78.5,76.6,15.5,65.8,19.2,0.409,47,0
3,96.2,70.3,26.7,67.6,32.7,0.157,23,0
0,128.0,77.7,24.1,141.9,27.0,1.665,24,1
0,107.1,75.0,29.1,63.8,26.8,0.558,21,0
1,127.7,82.2,33.0,122.3,34.5,0.377,48,1
2,123.1,70.5,17.1,169.0,24.4,0.384,21,0
1,101.1,67.4,25.2,34.9,21.5,0.377,27,0
4,75.5,82.5,22.8,202.7,30.5,0.097,54,0
1,113.7,70.4,25.2,126.4,21.4,0.08,53,0
3,70.7,86.0,18.2,55.9,18.0,0.19,70,0
3,117.0,81.2,23.9,308.9,30.8,0.685,81,0
2,125.5,94.5,19.0,69.4,28.7,0.749,85,0
3,65.0,65.6,24.4,72.7,25.3,0.21,32,0
2,155.4,67.3,17.8,70.6,20.6,0.344,28,1
3,103.9,77.4,31.4,50.9,30.4,0.08,45,0
0,131.1,84.0,25.2,136.1,24.8,0.295,21,0
0,93.9,76.2,30.8,89.1,31.7,1.234,33,0
2,101.7,76.5,33.8,126.1,30.5,0.184,40,0
5,166.2,80.6,18.4,245.2,23.0,0.146,46,1
2,71.5,76.6,9.9,170.0,20.3,0.448,48,0
3,98.5,80.3,22.6,140.2,29.8,0.753,33,0
1,116.4,74.4,24.6,241.6,29.5,0.08,21,0
0,65.0,82.3,33.0,43.5,29.3,0.198,22,0
0,85.1,67.5,22.0,69.7,27.4,0.234,21,0
2,140.9,72.1,30.0,326.5,32.8,0.345,29,0
0,73.8,77.6,31.1,65.7,45.0,0.465,21,0
1,119.9,78.6,22.2,324.5,36.8,0.717,30,0
1,125.7,85.8,23.4,191.2,28.9,0.159,44,0
0,131.1,73.9,25.8,84.6,31.7,0.771,21,0
2,81.0,75.6,25.4,82.2,26.2,0.404,39,0
5,120.0,76.7,20.0,180.4,18.0,0.269,33,0
2,77.4,83.8,28.9,153.8,35.9,0.752,43,0
5,105.4,80.1,29.6,139.6,23.7,0.379,48,0
2,142.7,77.5,15.7,60.7,20.2,0.826,32,0
3,87.7,81.3,29.2,160.6,33.4,0.841,37,1
5,131.9,78.8,33.0,325.3,40.7,0.08,33,0
2,112.5,73.2,28.8,37.9,30.2,0.343,30,0
4,139.2,69.0,19.8,145.9,26.2,0.426,27,1
1,65.0,75.2,32.0,60.9,33.3,0.08,46,0
3,152.6,87.2,20.4,50.5,29.4,0.08,65,1
2,65.0,89.7,17.9,145.9,20.4,0.6,61,0
0,75.7,71.7,19.5,76.9,21.9,0.14,21,0
3,151.6,82.1,25.7,136.5,24.8,0.498,64,1
0,112.6,74.7,28.6,78.2,29.6,0.938,24,0
1,100.8,80.8,22.8,90.7,31.9,0.297,40,0
0,145.1,69.5,26.2,170.0,25.4,0.143,43,0
1,110.9,74.2,27.0,81.1,33.2,0.228,21,0
3,83.2,76.6,28.4,35.0,35.4,0.281,34,0
4,154.9,74.2,23.0,64.1,26.6,0.221,66,0
0,123.4,72.7,31.1,95.0,19.7,0.235,21,0
2,74.0,91.5,29.4,125.6,31.5,0.77,85,0
1,90.3,77.4,33.0,77.1,37.4,0.129,21,0
3,82.9,83.0,24.0,96.5,25.0,0.237,43,0
0,77.1,74.7,26.2,93.8,36.7,0.391,21,0
3,110.7,74.1,23.4,152.2,24.2,0.224,46,0
3,112.6,76.1,28.8,78.4,26.7,0.346,60,1
1,128.6,85.9,32.5,144.8,34.3,0.313,53,1
1,132.9,81.5,26.1,113.1,26.1,0.08,21,0
3,142.1,72.5,18.9,95.7,20.0,0.311,57,1
0,147.6,85.5,30.1,101.5,31.3,0.121,33,0
0,130.6,77.6,18.2,103.5,20.6,0.116,21,0
1,126.4,92.9,23.8,155.5,32.6,0.349,66,0
4,146.0,94.6,24.5,48.8,31.8,0.256,85,1
2,128.2,71.1,23.2,78.6,35.6,0.418,39,0
3,84.5,79.1,24.1,40.5,22.6,0.632,31,0
2,70.4,70.2,27.9,50.0,22.7,0.348,25,0
2,82.2,82.5,22.8,79.4,27.5,0.081,52,0
4,125.1,82.8,29.1,108.5,25.2,0.123,58,0
2,105.2,77.9,16.2,57.6,18.6,0.222,31,0
1,122.3,83.8,22.0,126.0,25.9,0.223,72,0
1,106.8,78.2,21.6,85.4,27.8,1.016,50,0
2,85.6,86.1,31.6,109.1,30.3,0.53,39,1
1,65.0,76.2,23.2,70.0,28.6,1.307,43,0
0,76.0,78.6,18.2,128.7,26.4,0.154,23,0
2,170.9,78.0,34.0,177.1,36.2,0.254,51,1
1,145.8,69.2,20.8,182.9,25.6,0.122,23,0
2,91.0,72.1,24.6,82.2,24.0,0.574,29,0
2,97.9,70.9,20.0,315.1,26.4,1.092,36,0
3,98.9,78.6,30.3,87.1,30.6,0.5,80,0
4,149.9,81.6,26.8,133.9,24.9,0.582,42,0
1,144.1,80.0,22.2,180.6,30.4,0.245,25,0
2,145.8,87.2,31.2,176.1,30.5,0.08,43,0
3,82.6,77.3,17.2,189.4,23.9,0.416,48,0
0,172.1,91.1,27.1,184.3,24.9,1.285,62,1
0,105.7,79.0,33.1,79.4,37.8,0.237,37,0
1,141.8,79.0,27.7,83.3,28.2,0.756,26,1
1,124.3,86.5,20.7,85.4,18.0,0.242,85,1
4,65.0,88.3,18.9,118.1,23.4,0.5,43,0
6,98.5,76.1,26.6,24.5,30.8,0.204,25,0
3,113.7,81.6,25.5,297.7,27.2,0.354,37,0
3,88.6,74.3,17.2,146.6,27.5,0.08,29,0
1,67.6,78.6,28.6,83.6,31.4,0.543,64,0
1,100.3,81.7,18.7,57.3,23.1,0.457,48,0
2,156.8,78.6,18.3,69.4,28.3,0.196,32,1
2,132.7,78.9,17.4,58.5,26.5,0.253,58,0
4,97.2,79.1,26.8,103.1,28.8,0.287,35,0
2,122.0,66.9,18.9,38.5,25.5,0.214,36,1
3,71.4,78.9,21.9,341.2,25.7,0.755,26,0
7,114.3,77.8,20.3,91.9,30.0,0.396,26,1
1,65.0,81.7,26.8,121.2,22.4,0.427,85,0
3,76.9,90.3,21.5,50.5,24.3,0.212,57,0
2,140.4,75.2,26.9,155.0,36.3,0.214,21,1
0,95.6,84.3,25.2,99.1,30.4,0.08,23,0
0,100.1,87.4,23.5,53.7,32.3,0.464,21,0
1,111.4,81.4,22.0,126.6,27.8,0.576,38,1
3,163.9,74.6,25.8,87.3,28.3,0.247,31,0
1,65.0,85.3,30.7,67.1,23.0,0.463,70,0
5,84.7,71.4,34.6,68.0,29.0,0.109,32,0
3,190.4,87.1,29.6,73.0,29.0,0.316,83,1
3,151.4,80.4,24.2,73.3,32.1,0.138,36,1
5,130.9,78.5,21.1,112.1,26.0,0.54,85,0
5,122.5,82.5,21.6,31.3,27.4,0.856,34,0
3,106.1,76.9,31.5,69.9,42.2,0.311,34,0
2,70.2,80.9,24.8,125.1,27.7,0.426,56,0
3,100.6,84.9,21.2,48.9,22.9,0.08,53,0
0,110.2,79.6,32.2,85.5,30.4,0.566,21,0
1,150.7,67.1,19.1,195.0,28.4,0.08,39,1
2,125.2,78.5,23.2,43.1,22.7,0.178,30,0
5,116.1,72.9,31.1,57.9,29.8,0.329,30,0
6,93.1,83.0,24.8,161.5,33.1,0.33,39,0
2,99.0,78.2,22.8,186.1,23.8,0.551,33,0
2,65.0,79.8,28.0,136.9,34.4,0.123,41,0
1,121.4,69.0,19.1,76.1,24.0,0.579,23,0
1,74.3,78.9,21.8,100.9,23.0,0.272,21,0
4,102.9,83.9,14.6,70.3,28.2,1.563,57,0
5,146.8,81.9,28.6,107.2,31.5,0.277,61,1
3,122.5,74.5,22.6,180.7,32.1,0.149,56,0
2,124.7,77.2,27.4,133.4,29.2,0.248,38,1
2,153.3,83.8,19.4,88.8,21.3,0.288,31,0
6,135.9,76.8,20.5,157.6,22.6,0.194,28,0
3,109.8,65.9,24.1,82.0,25.7,0.231,25,0
1,65.0,78.0,26.6,168.7,30.5,0.127,36,0
2,100.7,88.6,24.8,86.8,25.3,0.948,61,0
1,111.4,81.8,33.8,39.9,32.9,0.884,27,0
2,114.3,76.5,26.2,112.8,37.9,0.461,61,0
0,65.0,76.1,30.5,99.7,22.4,0.315,21,0
2,120.2,86.1,22.8,249.7,27.8,0.212,42,0
4,137.7,76.3,32.0,240.3,30.7,0.408,45,1
4,102.3,78.3,35.8,138.6,32.1,0.524,29,0
1,128.5,77.8,14.6,58.6,28.7,0.388,22,1
0,92.7,75.0,24.2,97.0,26.9,0.66,54,1
1,121.8,71.6,19.4,37.5,18.9,0.422,38,1
0,174.1,66.1,20.8,95.1,25.3,0.373,85,1
0,100.8,84.0,20.1,41.4,30.8,0.147,61,0
3,77.3,84.0,26.0,176.7,34.9,0.361,61,0
0,137.8,73.2,23.1,120.7,21.3,0.227,21,0
2,105.4,68.0,27.7,107.0,34.4,0.316,27,0
2,89.1,71.6,19.6,197.7,33.0,0.299,21,0
1,90.1,77.6,28.8,113.9,28.5,0.798,21,0
0,121.7,75.5,22.4,99.1,23.2,0.131,37,0
2,115.5,77.2,37.2,45.3,35.2,0.246,53,0
0,155.2,67.9,20.9,157.1,27.0,0.301,23,0
1,127.4,66.7,17.9,103.2,30.1,0.29,21,0
1,144.8,69.6,17.1,148.9,23.1,0.155,24,1
3,114.7,78.2,18.5,63.9,19.6,0.08,35,0
3,129.7,78.8,25.2,59.2,31.2,0.316,33,0
3,112.5,80.1,25.2,133.3,29.7,0.7,38,0
0,172.0,68.2,28.3,145.8,30.0,0.652,45,1
1,129.1,75.1,22.8,213.5,21.6,1.316,37,1
5,67.6,82.8,27.0,58.8,31.8,0.286,55,0
1,108.1,82.1,27.8,128.1,31.5,0.241,23,0
1,121.4,75.9,24.6,108.6,41.2,0.537,33,1
3,113.7,73.8,16.7,58.3,26.1,0.824,48,0
2,140.8,85.0,18.8,60.1,18.1,0.537,42,0
2,98.8,87.4,25.3,123.9,25.1,0.688,79,0
1,115.1,74.3,17.1,140.5,25.3,0.378,24,0
2,143.5,92.5,21.5,74.6,28.1,0.187,49,0
5,69.6,77.6,25.2,69.3,31.2,0.08,27,0
5,83.9,70.9,29.6,43.8,24.5,0.281,26,0
3,176.0,91.0,26.1,482.7,33.3,0.604,59,1
2,102.9,71.3,20.1,67.2,27.5,0.201,37,0
2,141.7,73.5,14.1,53.1,18.0,0.301,42,0
4,149.3,68.4,16.4,137.0,27.3,0.08,28,0
1,73.5,68.6,15.8,81.2,24.1,0.246,29,0
0,87.5,78.6,29.1,84.4,28.2,0.163,21,0
2,115.3,77.2,24.4,58.4,33.3,0.364,41,1
1,93.4,73.8,21.1,121.1,21.1,0.139,22,0
2,127.9,79.9,30.4,52.9,26.6,0.128,35,0
2,131.9,91.8,28.8,49.0,36.5,0.156,55,1
1,121.5,77.3,21.0,77.1,25.4,0.304,21,0
1,113.4,83.3,23.6,75.3,24.0,0.242,85,0
2,133.4,82.2,32.9,135.6,37.8,0.43,26,0
1,153.2,76.6,26.4,43.8,30.3,0.541,35,0
2,156.7,79.2,31.3,152.1,35.3,0.36,42,0
3,123.6,81.2,25.1,153.1,23.8,0.346,25,0
3,86.9,71.5,25.1,166.4,25.2,0.08,30,0
4,109.4,80.5,22.0,48.7,22.0,0.812,60,0
2,136.7,74.6,23.9,53.7,30.3,0.313,52,0
4,150.2,75.2,19.7,126.4,23.7,0.933,33,0
3,149.1,66.1,21.9,322.7,22.6,0.395,37,0
0,109.4,75.3,20.9,92.2,28.3,0.205,40,0
4,122.2,76.7,25.4,116.5,29.4,0.283,48,0
3,131.6,78.2,26.9,52.5,27.1,0.08,49,1
2,161.8,77.1,29.5,102.5,28.1,0.08,49,1
1,90.8,85.6,26.2,86.3,36.1,0.271,31,1
4,129.7,83.3,26.9,128.5,33.2,0.327,39,0
2,98.5,82.7,22.5,143.7,27.2,0.261,57,0
4,152.4,84.8,24.9,116.0,31.0,0.787,85,1
2,114.0,89.8,30.9,69.0,32.3,0.365,39,0
1,122.6,86.9,27.4,53.1,29.3,0.3,29,0
3,88.2,73.0,21.3,159.0,23.3,0.719,25,0
0,101.3,68.1,20.8,122.9,18.0,0.12,49,0
2,178.5,81.8,19.8,172.5,37.5,0.33,21,0
2,134.7,83.9,22.7,79.1,27.7,0.474,49,0
1,121.0,89.7,28.5,40.4,30.1,0.149,50,1
0,158.9,73.0,19.3,24.1,22.7,0.421,29,0
2,163.3,80.8,20.8,38.5,26.2,0.249,42,0
4,113.7,77.5,16.6,57.3,23.1,0.468,34,0
0,90.6,66.2,22.8,81.4,22.0,0.093,21,0
2,110.1,78.0,19.1,73.3,29.3,0.201,48,1
4,103.5,75.0,22.2,103.3,29.3,0.354,46,0
5,118.2,67.4,25.9,39.0,28.2,0.526,30,0
1,123.7,85.3,23.1,149.9,28.1,0.387,85,1
4,195.7,77.4,28.5,206.5,30.4,0.512,37,1
0,81.8,71.5,19.0,99.8,18.0,0.308,21,0
0,73.1,85.1,24.5,71.7,31.9,0.109,59,0
3,96.2,84.1,37.3,86.3,39.9,0.597,53,0
1,65.0,80.8,18.0,208.4,19.4,0.134,55,0
0,65.0,67.7,21.2,154.2,18.0,0.088,23,0
5,72.6,70.8,15.0,144.8,18.2,0.608,41,0
0,151.3,76.6,29.5,80.2,32.9,0.378,37,1
0,71.7,66.9,20.9,84.8,21.0,0.56,34,0
3,65.0,80.1,25.1,56.0,28.6,0.689,66,0
4,88.0,78.0,25.2,49.3,30.2,0.238,38,0
6,127.8,81.9,19.0,98.5,26.5,0.427,31,0
6,98.6,74.7,13.0,56.6,24.9,0.216,31,0
1,104.1,67.6,29.4,35.9,25.7,0.34,22,0
4,96.6,73.9,16.9,135.3,20.3,0.197,39,0
2,72.6,87.4,20.3,67.9,32.0,0.868,68,0
2,85.4,68.1,25.2,116.9,33.5,0.547,32,0
3,88.8,78.5,25.3,95.0,28.6,0.921,42,1
5,135.3,73.0,24.1,42.3,22.8,0.622,34,1
7,79.2,83.8,19.2,53.0,27.2,0.431,36,0
5,147.6,82.0,27.8,106.7,26.4,0.214,54,1
0,136.9,68.4,23.9,26.3,24.2,0.201,22,0
1,65.0,82.5,24.3,62.7,27.6,0.246,21,0
4,127.3,83.2,22.0,65.0,25.9,0.292,59,1
1,116.8,69.6,26.9,132.8,33.7,0.264,29,0
2,158.5,74.8,20.7,86.2,22.5,0.374,31,0
4,88.8,90.4,25.1,373.7,26.3,0.484,85,0
3,135.9,77.4,22.5,120.8,22.7,0.309,53,1
0,140.5,78.5,23.7,69.8,27.2,0.547,24,0
3,65.0,75.8,20.8,83.7,28.9,0.768,61,0
1,156.9,69.6,23.4,30.9,26.0,0.153,53,0
0,91.5,82.5,29.2,79.4,32.3,0.18,21,0
2,130.0,82.1,28.0,50.2,36.7,0.293,40,1
3,107.9,72.3,21.2,56.7,18.0,0.4,22,1
2,108.9,82.3,27.4,71.8,32.4,0.221,36,1
4,89.2,81.6,27.4,217.3,27.2,0.302,85,1
4,96.0,80.3,24.3,172.2,27.4,0.664,55,0
2,129.4,77.9,22.2,59.3,26.0,0.623,58,1
6,160.4,86.3,21.4,30.3,30.8,0.302,34,0
2,76.0,87.0,24.6,74.2,27.8,0.387,58,0
2,98.0,85.0,27.0,40.3,31.9,0.39,26,0
1,123.4,77.9,20.8,69.5,27.6,0.49,40,0
3,121.7,81.8,20.8,64.5,30.5,0.399,54,0
3,131.0,70.7,33.4,150.4,31.8,0.512,53,0
0,152.2,72.9,22.9,139.7,26.8,0.222,21,0
0,65.0,77.4,28.0,77.3,31.7,0.202,81,1
1,96.7,78.8,26.4,97.7,30.2,0.143,24,0
3,148.4,80.6,20.0,108.9,28.5,0.083,85,1
3,109.3,78.4,19.7,56.3,23.7,1.245,54,1
2,78.2,84.9,19.3,25.0,22.9,0.08,52,0
4,74.5,76.0,22.8,151.6,29.6,0.451,25,0
3,114.6,75.5,17.6,132.0,31.0,0.304,29,1
2,101.8,83.0,25.7,106.2,25.7,0.482,78,0
1,184.0,80.9,23.0,137.5,31.5,0.12,73,1
2,110.0,75.7,18.5,58.7,23.7,0.133,35,0
2,90.6,74.0,25.4,63.1,26.8,0.284,33,0
5,155.0,80.3,26.6,45.3,24.3,0.412,34,1
1,112.5,73.9,27.3,115.1,23.9,0.148,61,0
4,139.8,78.6,22.0,101.2,23.1,0.275,58,0
0,175.2,88.4,35.7,87.7,46.4,0.612,44,1
3,162.3,78.7,30.0,93.0,33.7,0.595,40,1
3,126.9,74.5,26.0,46.6,30.2,0.764,34,0
3,138.3,83.3,21.9,58.2,25.3,0.586,85,1
0,158.1,77.8,22.1,54.4,21.3,0.359,21,0
2,84.4,74.0,16.9,148.4,19.1,0.113,31,0
2,73.2,72.6,26.2,44.8,26.6,0.395,43,0
1,179.4,67.8,25.4,91.3,32.6,0.302,21,0
3,75.0,74.4,19.6,149.0,21.7,0.1,29,0
3,187.6,92.0,29.4,72.0,30.6,0.404,85,1
2,92.8,74.4,24.5,169.2,28.6,0.241,56,0
1,86.1,79.5,22.7,69.7,28.3,0.277,28,0
2,140.4,90.8,33.1,187.7,42.1,0.213,28,0
0,65.0,75.0,22.5,98.9,29.0,0.524,21,0
1,197.3,81.0,22.4,111.3,28.7,0.13,30,1
3,176.6,78.0,20.4,69.4,24.3,0.205,48,1
4,164.3,82.2,25.4,69.7,23.9,0.1,44,1
2,66.2,76.4,27.0,75.3,21.4,0.29,31,0
2,156.4,76.3,19.0,107.7,20.3,0.98,24,0
0,153.1,75.7,32.5,69.9,26.2,0.58,34,1
2,120.3,79.7,26.1,74.3,30.4,0.771,34,0
2,141.9,84.6,16.8,46.1,18.0,0.08,53,0
4,134.8,81.6,24.9,97.5,26.7,0.846,41,1
1,76.2,78.4,18.7,93.7,23.1,0.263,39,0
1,101.0,85.5,27.2,188.5,31.8,0.859,63,1
3,105.4,86.1,19.2,185.5,25.3,0.905,73,0
3,66.5,80.1,26.1,134.7,32.1,0.305,44,1
4,139.1,75.7,23.9,46.1,24.3,0.853,45,0
5,151.1,79.7,21.6,67.1,30.1,0.735,35,1
3,129.5,75.4,20.9,70.2,27.5,0.426,25,0
2,175.0,75.1,18.2,159.2,30.1,0.817,55,0
4,126.1,81.3,22.1,171.0,33.0,1.175,50,1
3,115.7,78.4,29.0,99.1,37.7,0.539,37,1
5,97.3,83.8,23.9,40.7,28.2,0.151,42,0
1,123.8,86.3,20.7,176.6,27.3,0.879,61,0
1,65.0,85.3,31.3,40.5,35.3,0.278,66,0
0,171.4,68.1,20.3,72.1,23.8,0.374,21,0
2,127.6,77.7,20.7,139.3,30.1,0.384,28,0
3,151.3,78.5,28.9,173.9,24.3,1.803,37,1
0,151.7,73.8,12.3,98.3,26.7,0.447,22,0
1,138.6,73.8,22.4,76.3,23.5,0.08,42,0
0,82.3,78.8,28.2,51.6,31.2,0.677,28,0
4,65.0,71.4,23.9,62.3,26.3,0.145,43,0
1,184.9,74.4,17.5,65.5,20.8,0.676,29,1
1,115.6,76.0,21.7,47.6,20.6,0.38,29,0
1,104.2,75.4,24.9,98.7,28.2,0.207,43,0
0,106.6,78.3,27.2,50.1,33.4,0.086,56,0
4,100.2,79.4,18.6,54.9,18.0,0.322,49,0
0,114.5,80.1,26.5,37.2,26.0,0.349,37,1
2,112.6,83.9,20.0,132.5,24.2,0.356,21,0
2,118.7,68.2,21.7,82.8,32.4,0.444,29,0
4,107.2,78.7,22.9,97.3,22.2,0.146,27,0
0,143.4,76.5,22.2,99.3,27.4,0.084,52,0
4,138.2,76.2,17.7,63.9,20.5,0.216,40,0
1,97.9,92.4,31.1,51.2,34.1,0.118,41,0
3,121.2,72.0,21.8,238.3,22.4,0.749,25,0
6,77.7,88.3,28.7,73.3,33.9,0.08,67,0
2,135.0,75.0,25.7,64.1,27.8,1.371,41,0
1,169.1,71.9,21.7,444.8,22.6,0.097,24,1
3,143.3,80.0,24.1,63.5,30.8,0.214,25,1
3,112.4,67.6,22.1,81.9,31.7,0.355,43,0
1,84.1,78.6,26.7,57.1,36.9,0.464,24,1
3,136.9,73.9,24.6,169.3,30.6,0.217,28,0
0,96.0,79.5,22.7,65.9,31.1,0.222,21,0
1,115.9,82.3,32.9,112.9,32.1,0.175,51,0
0,139.5,84.2,15.9,144.6,18.0,0.492,24,0
6,89.3,82.4,27.5,117.4,29.6,0.681,72,1
4,118.4,84.5,31.1,50.0,33.0,0.08,46,1
1,81.8,70.4,22.4,149.3,28.8,0.159,21,0
1,104.6,73.9,23.1,111.6,24.7,0.562,49,0
5,100.7,75.0,15.7,91.9,23.6,0.176,67,0
4,154.2,68.5,30.2,99.2,27.3,0.147,36,0
1,121.9,85.7,22.7,39.5,26.8,0.386,71,1
2,93.8,70.7,32.1,267.7,28.6,0.388,46,1
1,101.9,80.6,25.5,200.1,27.5,0.519,28,0
3,147.9,88.5,28.6,175.6,31.0,0.225,85,0
1,65.1,81.9,19.5,81.4,20.3,0.25,21,0
1,89.3,74.5,28.1,91.5,31.9,0.08,32,0
3,81.8,84.8,24.9,155.8,34.5,0.225,37,0
3,120.6,87.4,21.0,105.8,18.3,0.198,83,0
1,119.3,66.1,25.8,51.4,25.1,0.536,52,0
3,110.5,76.7,29.3,46.8,32.1,0.21,48,0
6,112.8,70.9,23.9,43.4,29.8,0.119,26,0
0,72.3,74.9,27.1,53.6,21.2,0.351,35,0
2,85.4,72.8,22.1,60.2,30.8,0.621,29,0
5,134.0,81.5,24.5,88.5,18.0,0.147,47,0
3,68.5,86.3,27.8,187.1,30.3,0.08,62,1
0,106.7,89.5,23.3,65.2,34.9,0.243,85,0
2,145.9,70.6,27.7,133.0,27.4,0.132,30,1
0,122.1,68.4,19.1,87.7,31.9,0.17,21,0
3,93.4,78.4,32.2,71.5,29.3,0.396,32,0
3,138.2,82.4,21.5,116.9,23.4,0.296,59,1
2,92.1,75.0,19.0,78.4,24.4,0.08,25,0
3,117.0,83.1,23.0,100.2,25.8,0.198,37,0
3,90.3,86.7,22.7,26.6,26.1,0.795,48,0
4,67.6,72.5,30.1,73.3,33.9,0.368,30,0
0,111.3,82.5,31.0,116.7,35.7,0.151,41,0
0,153.8,68.5,29.8,152.0,32.3,0.12,23,1
6,151.6,83.3,33.3,176.3,35.6,0.083,64,1
3,138.6,87.8,33.5,203.3,29.0,0.126,33,1
4,138.1,81.1,17.8,121.4,18.0,0.722,41,1
1,139.4,76.4,26.2,125.5,27.5,0.08,21,0
0,108.6,75.4,25.5,67.7,23.2,0.199,22,0
1,75.2,86.9,29.1,111.9,31.2,0.658,58,0
2,120.4,84.6,28.9,169.5,26.7,0.439,30,0
0,145.1,84.0,20.2,253.3,29.2,0.693,24,0
0,142.7,77.3,25.8,54.1,27.8,0.846,21,0
5,122.6,91.1,26.2,75.9,24.5,0.598,64,1
0,125.9,77.4,25.5,111.4,22.9,0.25,51,0
7,70.3,86.1,23.1,91.5,24.8,0.19,49,0
4,164.9,93.7,27.4,40.0,29.9,0.204,75,0
2,111.4,82.7,30.1,142.8,35.1,0.441,32,0
1,65.0,73.8,20.6,60.6,29.9,0.669,21,0
1,110.6,88.8,36.9,71.0,41.5,0.533,38,0
3,117.6,84.4,23.3,39.2,31.0,0.31,81,1
3,132.2,73.2,20.8,34.1,28.7,0.096,39,1
3,112.7,87.1,30.7,124.0,33.8,0.248,62,0
0,96.5,73.4,18.4,43.1,19.6,0.322,21,0
1,98.1,73.7,18.9,80.6,24.0,0.727,26,0
1,115.1,86.6,28.4,125.2,30.9,0.09,56,0
1,109.2,85.2,21.5,126.2,23.5,1.345,41,1
2,178.8,73.4,31.7,37.0,35.4,0.754,36,1
1,104.5,88.3,24.2,128.2,24.8,0.183,61,0
4,90.4,76.5,31.6,53.7,32.0,0.623,56,0
2,149.7,72.1,20.9,167.9,28.1,1.052,41,0
2,115.1,75.7,35.8,154.1,38.2,0.49,21,0
4,144.1,76.1,22.9,75.1,31.6,1.826,38,1
3,112.2,81.8,22.8,104.4,30.7,0.578,46,0
1,137.9,72.1,25.0,60.4,25.5,0.395,21,0
2,155.4,75.5,18.5,122.3,24.4,0.542,45,1
5,160.7,93.5,23.0,112.8,27.9,0.347,63,1
3,139.4,80.2,27.0,80.0,30.6,0.652,38,1
1,65.0,73.8,18.3,237.8,29.4,0.512,23,0
1,66.6,68.8,18.0,34.1,19.5,0.244,21,0
3,124.6,72.3,29.3,75.2,25.7,0.176,45,0
0,68.3,83.4,27.9,64.2,29.3,0.161,21,0
3,80.3,79.4,23.9,56.9,22.2,0.431,49,0
1,143.8,80.4,18.6,73.5,29.7,0.145,80,0
0,93.8,72.3,26.6,33.1,25.1,0.414,21,0
1,96.8,77.3,25.7,36.7,30.8,0.513,27,0
1,102.3,62.2,21.6,84.8,26.3,1.476,34,1
2,153.8,86.2,16.9,83.1,27.8,1.004,82,0
3,155.4,78.4,23.8,83.8,28.5,0.713,40,1
4,189.8,76.0,29.8,29.7,30.4,0.08,30,1
3,142.4,75.2,23.3,54.8,32.2,0.806,59,0
0,165.5,77.0,25.7,86.6,21.0,0.553,31,0
1,92.4,75.3,27.0,30.0,27.4,0.185,26,0
1,69.9,82.2,25.4,54.8,28.3,0.504,49,0
2,134.4,87.1,36.3,113.6,44.7,0.08,61,0
0,108.9,68.0,26.7,91.5,32.5,0.193,21,1
2,168.4,74.5,29.0,124.3,28.2,0.182,26,0
0,102.7,83.8,22.8,101.6,20.7,0.08,41,0
1,95.4,81.4,27.6,50.4,26.5,0.097,35,0
0,105.5,90.7,30.4,80.3,40.2,0.08,37,0
1,113.6,73.6,15.7,105.4,19.3,0.115,23,0
6,116.0,78.6,26.3,31.5,26.4,0.299,51,0
1,119.8,78.5,27.0,106.9,34.8,0.184,72,0
6,158.1,78.8,26.0,99.2,39.7,0.396,25,0
2,78.2,76.9,18.6,208.2,26.4,0.08,51,0
1,143.3,85.5,26.0,26.6,30.9,0.734,58,0
0,137.4,79.6,33.1,144.0,32.9,0.364,41,1
2,125.2,90.9,25.1,131.8,31.3,0.643,50,1
2,129.4,74.6,24.2,21.0,29.2,0.171,27,0
7,100.7,87.2,33.7,57.8,35.2,0.185,70,0
2,70.4,84.7,33.8,165.5,34.1,0.568,61,1
1,127.2,79.3,26.9,80.4,30.2,0.26,64,0
0,99.8,76.7,27.9,101.2,37.1,0.18,21,1
2,133.6,83.1,25.8,51.6,28.5,0.482,47,0
3,104.8,85.1,26.8,156.1,28.8,0.199,28,0
1,142.3,91.4,22.0,106.4,26.4,0.08,73,0
3,148.9,69.8,23.5,56.4,18.0,0.253,26,0
4,144.5,77.5,28.9,139.1,28.9,0.275,42,1
2,155.1,70.7,22.8,176.5,28.6,0.624,21,1
4,114.6,66.9,22.8,103.3,21.1,0.259,42,0
2,147.0,74.3,23.5,258.3,23.8,0.138,21,0
2,103.2,82.0,34.5,65.3,33.2,0.363,48,0
1,97.6,68.8,26.0,145.1,20.2,0.258,35,0
4,117.7,67.5,30.9,92.2,27.4,0.498,32,0
2,157.0,90.7,19.3,37.6,32.3,0.546,74,1
2,108.5,88.2,28.9,95.2,21.5,0.342,85,0
1,143.9,73.8,23.1,110.6,28.0,0.194,21,0
2,83.0,77.3,23.7,73.2,29.7,0.597,32,0
0,65.0,87.8,24.9,48.1,32.3,0.302,54,0
0,99.5,74.7,23.9,62.5,29.2,0.278,44,0
2,113.4,78.2,30.6,124.7,30.1,0.865,53,1
2,146.9,82.6,29.6,69.7,24.9,0.308,36,0
4,107.6,80.2,31.8,59.7,29.9,0.441,62,0
3,166.7,83.9,30.7,84.7,31.9,0.146,41,0
0,131.0,84.5,23.7,38.9,19.9,0.212,46,0
1,107.6,80.0,23.3,88.9,30.0,0.168,21,1
8,122.5,78.8,37.2,75.1,42.7,0.438,39,1
3,81.3,72.5,23.5,88.5,24.6,0.189,55,0
2,107.8,79.2,24.6,34.7,28.4,0.331,43,0
4,109.3,83.2,21.4,71.5,23.3,0.258,85,1
0,121.2,84.8,29.8,94.0,34.3,0.08,40,0
0,105.6,74.9,25.8,99.4,30.3,0.448,47,0
2,129.9,86.3,20.9,93.6,27.1,0.995,41,0
4,65.0,85.4,26.6,70.1,31.9,0.255,37,0
3,150.4,87.1,26.4,73.2,32.7,0.445,55,1
3,114.3,81.3,14.5,198.1,21.1,0.108,36,0
0,139.4,77.6,23.7,112.6,30.0,0.306,21,1
5,148.3,82.9,20.6,45.0,29.5,0.23,72,0
3,120.9,79.9,20.7,93.0,27.6,0.136,28,0
1,142.7,69.6,22.2,216.3,27.6,0.08,21,0
4,126.5,79.3,17.9,161.1,32.0,0.722,49,0
4,125.2,81.4,21.4,75.5,19.7,0.142,76,0
2,99.4,75.9,29.0,55.5,24.8,0.384,50,1
1,153.7,81.5,20.6,61.9,28.2,0.08,68,0
0,118.5,72.0,16.7,83.9,24.6,0.423,24,1
0,159.6,71.9,17.2,89.5,27.1,0.342,21,1
4,79.3,78.2,26.0,111.5,25.7,0.226,32,0
0,96.0,72.5,24.1,49.4,33.3,0.42,60,0
2,79.7,78.1,19.9,153.9,27.5,0.131,48,0
5,149.8,84.1,29.4,66.3,37.0,0.207,50,0
5,134.1,82.4,21.8,103.6,27.5,0.547,40,1
3,65.8,83.8,22.4,153.5,33.6,0.235,32,0
2,88.0,86.5,25.1,75.7,30.6,0.588,41,1
4,78.7,77.3,28.9,125.8,35.4,0.483,35,0
2,147.9,83.1,26.4,66.2,25.8,0.639,31,1
1,153.7,75.9,23.7,81.1,28.7,0.317,45,1
4,100.0,75.3,12.5,164.3,20.4,0.418,33,0
1,65.0,73.1,23.6,71.3,19.7,0.356,43,0
0,65.0,71.2,24.4,141.7,32.3,0.08,21,0
0,156.9,84.1,26.7,56.9,23.5,0.154,41,0
0,154.5,82.8,22.6,53.6,33.0,0.288,33,0
2,164.9,83.6,26.1,108.6,27.3,0.08,69,1
1,111.0,78.1,23.6,47.3,32.5,0.284,21,0
3,65.0,75.2,24.8,85.7,32.0,0.081,40,0
1,130.7,79.1,20.6,64.0,18.0,1.0,55,0
4,99.4,76.2,20.0,58.4,25.9,0.447,36,1
1,171.7,76.8,28.0,117.7,21.8,0.267,33,1
3,137.0,83.8,16.4,120.6,18.0,0.283,55,0
1,121.4,71.7,21.9,71.5,23.8,0.285,47,0
2,102.3,77.4,15.4,123.2,18.5,0.231,49,0
4,158.0,73.7,23.3,160.9,27.3,0.594,31,1
3,92.1,72.9,25.7,170.3,23.3,0.08,29,0
7,70.6,69.6,32.3,60.3,30.3,0.382,43,0
2,117.6,80.0,23.1,36.1,28.0,0.248,57,0
1,149.8,63.9,27.7,125.4,32.5,0.163,21,1
5,167.5,96.3,28.3,79.7,32.2,0.679,36,1
0,65.0,74.5,26.4,92.2,32.1,0.272,30,0
2,155.7,73.6,22.0,94.1,29.2,0.139,38,1
3,113.0,85.6,13.8,69.4,25.6,0.778,52,0
5,140.9,69.8,27.1,251.4,24.8,0.582,25,0
1,69.3,81.8,21.3,104.9,23.7,0.387,50,0
2,102.7,80.6,21.7,110.5,26.4,0.275,32,0
2,135.7,82.9,32.5,92.4,32.3,0.08,61,1
2,115.0,69.1,24.1,149.1,32.8,0.082,26,0
4,111.1,87.6,23.9,51.7,19.1,0.384,56,0
1,104.2,87.6,24.9,64.6,28.6,0.306,21,0
3,115.2,75.4,17.7,91.7,27.9,0.349,41,1
3,115.7,83.3,18.8,163.6,21.7,0.324,50,0
3,78.8,83.7,29.5,95.8,31.7,0.471,26,0
1,97.2,71.5,27.4,56.4,38.1,0.304,21,0
7,134.0,78.5,23.7,197.5,25.1,0.389,30,0
4,110.8,82.2,19.7,60.0,27.3,0.33,38,1
3,130.8,81.9,33.6,95.4,30.4,0.149,33,0
0,109.7,85.1,33.8,78.1,41.1,0.08,29,0
4,96.7,86.6,26.5,89.6,32.4,0.426,55,0
2,147.7,83.9,16.5,49.3,23.9,0.496,64,0
2,135.6,88.6,28.9,113.2,23.3,0.218,62,0
4,111.5,83.6,26.9,123.8,27.5,0.779,47,0
1,139.8,87.5,24.5,119.8,27.1,1.219,49,1
0,134.9,71.3,29.8,79.6,31.7,0.139,24,0
2,96.7,68.4,19.0,183.9,27.5,0.529,37,0
1,120.3,83.3,32.4,100.3,28.7,0.332,40,0
4,127.1,74.5,30.7,162.4,23.4,0.151,43,0
0,130.6,75.5,27.1,101.6,26.7,0.115,43,1
4,171.3,77.2,18.3,120.2,30.2,0.306,38,1
3,135.6,80.1,27.5,112.9,39.5,1.382,46,1
4,136.0,72.1,23.4,62.0,27.3,0.149,42,0
3,80.3,82.9,28.6,171.1,29.0,0.563,42,0
2,199.9,80.6,15.4,101.1,24.8,0.471,27,1
1,73.8,72.6,22.6,119.5,23.2,1.301,22,0
1,97.3,78.3,29.5,81.1,30.3,0.301,43,0
4,98.7,75.6,20.7,54.7,30.1,0.136,31,0
0,104.9,69.9,19.8,20.2,20.3,0.531,28,0
3,86.9,83.3,24.4,90.8,20.0,0.422,51,0
3,65.0,82.2,27.7,151.5,32.8,0.201,37,0
3,152.7,76.5,21.7,146.0,23.3,0.15,68,0
3,98.5,78.7,21.4,142.2,28.3,0.545,49,0
4,65.0,75.1,25.3,27.8,29.1,0.191,26,0
1,105.9,82.6,30.0,104.5,28.4,0.415,51,0
1,129.2,74.2,28.5,41.7,26.1,0.615,45,0
1,65.0,75.6,22.5,152.6,31.0,0.597,26,0
2,134.8,72.9,30.0,81.2,34.1,0.334,29,1
4,125.1,82.8,22.9,241.2,27.5,0.325,50,0
0,87.1,71.3,18.9,104.6,19.9,0.268,21,0
0,124.1,68.3,15.2,169.4,21.3,0.208,21,0
7,167.0,80.1,30.4,101.8,35.3,0.761,41,1
1,116.8,69.7,19.7,108.7,23.2,0.429,40,0
4,99.0,79.7,30.4,150.0,32.7,0.159,43,0
4,88.7,77.1,16.3,90.2,20.1,0.228,40,0
2,173.1,77.1,19.7,98.9,20.6,0.365,46,1
1,108.3,84.0,17.1,131.6,29.9,0.158,64,1
5,107.4,77.2,12.9,215.5,23.5,0.198,38,0
0,143.2,76.1,26.9,53.4,34.8,0.265,21,0
1,133.3,62.8,21.4,48.9,27.4,0.413,21,0
2,70.9,77.0,13.2,114.2,22.6,0.693,32,0
1,121.5,74.1,16.6,82.1,20.6,0.476,33,0
1,99.4,73.8,32.5,131.4,37.8,0.317,21,0
0,152.7,70.6,22.3,100.6,26.4,0.168,21,0
3,78.2,78.0,26.0,62.3,27.0,0.629,31,0
1,140.4,87.1,26.2,148.8,26.3,0.581,76,1
2,65.0,76.1,25.8,128.0,28.7,0.116,45,0
1,135.7,78.3,24.7,49.0,28.8,0.12,43,0
4,139.8,84.8,19.0,79.0,27.7,0.162,35,0
2,86.2,73.3,17.9,156.7,18.0,0.613,32,0
4,142.7,80.6,25.6,111.4,31.5,0.493,47,0
0,111.0,67.6,28.4,68.5,26.1,0.286,21,0
2,65.0,90.8,24.0,215.8,33.3,0.552,85,0
0,124.5,76.3,30.3,218.5,36.5,0.137,22,0
3,89.2,85.0,26.2,147.6,27.4,0.13,49,0
0,144.8,75.1,22.7,152.1,28.5,0.326,23,0
0,156.9,73.8,18.0,40.3,25.7,0.162,40,1
2,101.8,84.2,18.9,35.1,20.3,0.737,52,0
0,80.1,72.0,29.4,62.8,35.4,0.464,21,0
0,114.2,70.8,23.0,90.3,25.3,0.164,24,0
1,138.4,73.6,28.9,26.6,28.7,0.202,25,1
2,95.5,72.1,22.6,160.0,18.0,0.128,34,0
1,129.7,63.8,20.2,245.2,21.4,0.08,42,0
4,143.7,84.3,15.0,68.8,18.0,0.137,77,1
0,151.0,67.0,21.6,125.1,28.3,0.379,29,0
2,127.2,83.9,19.0,161.5,22.5,0.297,75,0
1,65.0,84.4,17.8,129.4,24.9,0.19,45,0
3,105.5,82.1,24.3,125.2,28.3,0.286,22,0
2,108.3,77.8,23.1,171.9,19.0,0.113,35,0
0,117.8,86.2,23.0,177.9,24.5,0.08,21,0
1,65.0,73.3,22.8,83.4,28.8,0.674,32,0
4,89.5,75.1,29.9,111.0,28.2,0.734,31,0
3,109.2,77.7,21.0,230.4,18.0,0.128,40,0
3,129.1,82.6,24.7,68.7,29.8,0.31,49,0
3,187.3,84.2,22.5,119.9,21.3,0.666,36,1
1,136.1,73.0,24.2,46.1,28.5,0.794,23,1
7,83.1,95.7,18.9,54.1,28.6,0.422,85,0
1,88.4,88.1,23.0,55.8,35.0,0.537,68,1
2,93.2,89.0,22.8,75.1,27.5,0.108,79,0
2,102.5,78.0,23.0,61.2,25.0,0.099,35,0
0,122.2,75.5,23.6,117.2,21.9,0.183,44,1
4,84.8,77.8,21.3,125.4,29.5,0.458,34,0
3,108.0,68.0,20.7,57.7,19.4,0.204,41,0
0,108.6,83.8,27.9,136.9,23.3,0.48,42,0
1,125.8,87.4,16.8,38.6,18.0,0.526,21,0
3,102.0,83.2,21.8,48.7,19.2,0.094,33,0
2,90.5,71.5,31.6,77.6,32.6,0.474,59,0
3,92.5,75.5,25.0,55.4,22.7,0.251,56,0
3,127.5,73.6,19.4,108.9,25.6,0.299,32,1
4,91.8,84.1,19.1,180.9,22.3,0.277,42,0
4,137.4,77.4,26.9,147.6,33.2,0.901,34,0
1,126.7,79.7,22.2,70.6,25.4,0.587,50,0
1,80.1,74.3,21.6,74.9,27.7,0.08,21,0
4,154.6,78.7,24.5,104.3,23.1,0.487,47,1
5,117.6,88.4,18.7,87.7,38.5,0.339,70,1
4,93.7,75.4,17.5,62.1,20.0,0.168,27,0
4,173.6,81.5,21.9,129.1,24.5,0.768,65,1
2,114.6,77.8,25.1,91.2,35.2,0.281,43,0
2,126.5,68.2,23.2,49.3,26.6,0.165,36,0
1,115.5,72.7,25.0,203.2,29.9,0.19,32,0
3,161.1,81.2,32.3,100.4,30.9,0.38,66,1
2,172.0,75.3,19.3,22.5,30.4,0.794,34,0
2,123.3,87.1,27.8,132.4,33.5,0.244,74,0
1,117.3,73.3,20.5,89.7,31.8,0.249,70,0
2,144.9,75.5,16.1,78.3,18.0,0.196,30,0
1,99.5,77.5,25.9,39.6,31.5,0.42,35,0
4,122.9,70.0,22.9,186.2,25.4,0.364,21,1
1,94.1,77.9,30.6,79.0,30.2,0.31,37,1
1,175.6,73.1,16.9,24.9,21.0,0.322,39,0
4,149.8,76.8,24.8,51.1,31.7,0.356,61,1
0,172.0,81.0,27.6,92.5,25.1,0.214,72,1
3,99.3,81.2,29.6,94.1,24.9,0.08,52,0
2,144.1,84.8,23.5,61.7,32.2,0.372,59,0
4,128.5,71.3,23.5,120.9,24.4,0.417,35,0
0,124.8,81.0,26.4,46.7,27.5,0.304,21,0
1,168.0,72.0,17.1,86.0,28.3,0.111,43,1
3,85.8,74.0,22.2,98.4,28.9,0.401,61,0
0,95.6,76.8,18.3,54.0,25.7,0.511,21,1
1,97.9,86.1,23.0,156.9,25.7,0.51,40,0
1,68.8,78.7,17.4,174.0,24.8,0.205,21,0
4,65.0,79.7,23.6,94.0,32.3,0.1,26,0
0,109.6,73.3,21.2,102.0,28.3,0.108,41,0
1,138.8,87.3,21.5,143.7,32.8,0.726,73,1
1,107.9,66.6,27.0,115.1,31.6,0.281,38,0
2,88.8,78.2,24.4,87.1,31.2,0.348,51,0
2,153.9,77.4,22.5,145.4,24.8,0.55,43,0
2,78.7,65.3,31.8,228.5,27.9,0.607,27,0
3,65.0,78.5,21.4,79.8,18.0,0.752,46,0
0,66.2,68.0,16.0,72.3,19.2,0.262,21,0
0,165.0,62.8,19.4,179.2,18.0,0.221,38,1
3,108.5,81.3,21.6,63.2,25.7,0.432,66,0
3,155.7,85.1,20.3,49.7,34.6,1.061,41,1
0,154.0,76.0,27.3,83.9,31.0,0.686,43,0
2,65.0,68.6,25.3,154.0,23.6,0.272,32,0
0,117.0,79.2,28.2,227.4,35.0,0.237,21,0
2,139.7,79.8,15.5,97.5,26.2,0.229,34,1
1,80.6,79.4,28.1,103.2,35.6,0.427,55,0
4,73.8,82.6,26.4,102.3,18.5,0.438,45,0
0,131.1,80.0,25.2,86.0,27.7,0.278,21,0
1,76.7,73.8,21.2,92.7,21.9,0.236,21,0
3,124.2,76.0,24.5,128.3,26.8,0.107,27,1
2,139.1,62.9,18.0,147.0,18.0,0.08,34,0
3,143.4,71.2,20.1,289.2,23.7,0.434,35,0
4,140.8,77.6,30.5,154.3,32.6,0.871,36,1
5,156.0,78.7,26.4,107.7,30.5,0.645,38,1
3,82.8,86.2,29.2,84.2,30.4,0.644,46,0
5,169.0,76.3,18.1,38.0,26.9,0.324,31,1
1,98.6,80.8,23.1,25.8,24.2,0.341,24,0
0,80.4,91.3,21.1,60.7,26.1,0.713,48,0
0,149.4,71.5,20.3,279.5,29.9,0.434,56,1
1,134.9,68.2,28.1,102.6,30.6,0.525,29,0
1,65.0,78.2,18.2,54.5,18.8,0.357,85,0
5,143.0,86.2,23.6,106.2,28.1,0.32,71,0
1,124.1,73.5,23.6,60.8,29.5,0.912,22,0
1,116.1,78.2,16.6,155.1,23.7,0.589,21,0
2,99.8,72.0,21.8,417.9,30.5,0.333,35,0
0,156.9,69.1,20.7,81.6,21.4,0.652,43,0
5,165.7,84.3,23.3,83.1,29.3,0.426,85,1
2,135.7,78.2,20.4,82.8,18.0,0.812,83,1
2,75.1,81.9,14.7,141.6,24.6,0.224,51,0
4,75.9,81.2,27.4,51.4,23.7,0.755,32,0
3,88.6,89.6,28.5,80.4,34.8,0.08,63,0
1,145.8,78.4,25.3,59.5,25.6,0.118,40,0
2,104.6,62.4,17.9,78.0,21.9,0.746,21,0
0,134.9,76.0,27.8,208.1,33.0,0.129,21,0
4,96.0,84.0,18.6,53.6,27.8,0.359,32,0
4,159.8,84.7,22.1,182.8,29.1,0.327,58,1
0,78.1,77.2,17.0,73.3,23.9,0.214,23,0
0,107.9,70.7,26.8,70.8,35.2,0.454,32,0
2,107.4,86.1,24.0,75.6,25.6,0.501,71,1
0,136.9,89.0,21.1,240.4,25.8,0.41,45,1
4,126.5,90.3,27.0,112.7,29.7,0.384,79,0
2,162.4,75.5,27.4,42.3,30.2,0.1,47,0
3,156.5,80.2,29.0,141.4,40.5,0.108,59,0
2,92.6,75.0,26.0,74.8,33.6,0.352,32,0
3,116.4,86.1,25.0,102.4,28.8,0.686,73,0
1,114.8,66.8,24.2,46.2,21.7,0.115,51,0
0,97.7,65.8,17.4,42.6,21.6,0.805,36,0
3,65.7,80.2,28.6,101.3,27.8,0.194,67,0
1,114.4,86.1,27.1,67.7,37.5,0.311,50,0
1,143.0,81.8,28.2,80.7,35.0,0.48,38,0
4,121.2,76.2,20.4,93.4,30.3,0.218,48,0
1,125.8,83.4,13.8,55.8,19.4,0.437,25,0
7,160.9,88.1,18.5,295.8,21.8,0.684,63,0
1,87.1,77.7,18.1,219.5,25.4,0.29,84,0
1,89.6,70.9,20.5,166.9,27.1,0.271,21,0
2,101.3,80.2,22.9,150.9,25.2,0.08,29,0
1,149.5,82.9,28.0,121.0,34.0,0.169,28,0
4,143.7,84.3,37.1,77.1,35.1,0.236,53,0
5,123.5,80.5,24.5,78.8,25.3,0.87,42,0
5,160.7,82.1,27.4,107.0,25.0,0.586,31,0
5,85.3,77.9,21.7,94.1,25.4,0.417,33,0
1,101.5,79.2,25.2,45.3,25.0,0.429,30,0
2,126.6,73.3,24.8,99.2,29.6,0.482,50,0
6,108.5,83.8,24.2,52.7,25.8,0.752,41,0
2,142.1,74.6,27.1,94.1,33.4,0.563,32,0
6,170.3,77.1,24.3,85.4,26.3,0.4,30,0
1,112.1,83.9,26.8,65.7,23.2,0.503,67,0
5,128.1,77.2,37.1,62.2,27.5,0.329,62,0
3,144.7,75.5,24.2,78.6,26.5,0.389,50,0
2,139.5,83.4,24.3,135.8,27.7,0.321,59,1
1,171.7,71.1,19.7,133.7,26.1,0.893,21,0
0,128.3,73.2,20.3,107.3,18.0,0.217,23,1
1,116.7,75.4,27.2,34.7,23.9,0.541,21,1
3,83.9,74.4,26.4,205.1,32.3,1.086,38,1
1,126.2,84.9,22.7,64.5,24.6,0.529,60,0
0,85.6,68.9,16.6,161.3,18.0,0.397,31,0
1,84.3,79.9,28.9,93.1,28.0,0.108,64,0
1,128.2,78.5,24.7,75.1,32.5,0.08,29,0
0,104.4,78.2,28.1,82.7,36.5,0.372,36,0
2,65.0,68.7,27.7,46.2,31.4,0.386,31,0
5,189.3,77.5,24.2,41.3,33.2,0.211,34,1
6,68.5,80.5,22.6,57.7,32.0,0.157,36,0
2,106.9,74.7,27.2,84.9,28.3,0.094,21,0
1,77.0,77.3,16.9,56.8,21.2,0.49,45,0
1,106.8,77.1,14.7,235.3,26.9,0.369,36,0
1,100.9,84.1,20.2,42.2,31.3,0.101,73,0
0,93.5,82.8,21.9,200.6,27.8,0.08,49,0
3,111.9,80.3,21.3,82.2,33.9,0.828,44,0
1,81.0,82.0,18.8,154.9,28.8,0.412,71,0
0,132.2,81.7,22.4,80.0,25.6,0.371,67,1
3,128.9,77.8,27.3,140.2,29.8,1.1,74,0
2,117.1,86.2,17.8,62.6,23.3,0.156,30,0
0,132.3,79.9,23.2,108.7,27.9,0.138,21,0
0,148.1,71.2,21.5,34.1,26.0,0.763,21,0
4,70.0,76.5,21.7,134.9,21.7,0.138,59,0
0,166.5,76.0,27.8,154.9,31.5,0.537,21,0
5,168.5,84.2,17.4,126.8,22.3,0.09,42,1
2,142.5,86.0,18.1,102.8,29.0,1.116,55,0
1,104.6,66.7,18.1,109.2,25.5,0.383,21,0
3,183.1,83.2,29.0,89.6,29.2,0.293,62,1
2,150.8,75.2,29.9,39.3,27.7,0.64,47,1
0,67.1,86.3,16.1,150.5,24.2,0.21,62,0
5,103.0,83.2,25.1,185.9,27.3,0.382,42,0
2,134.4,78.8,18.4,239.5,27.9,0.713,24,0
2,74.4,81.7,32.6,57.1,34.4,0.379,31,0
4,150.3,80.2,27.8,121.3,37.7,0.186,56,0
1,108.7,69.0,27.3,103.9,22.1,0.24,21,0
1,83.4,76.7,25.7,89.6,23.8,0.08,29,0
3,109.4,66.6,18.0,134.7,18.0,0.213,28,0
2,97.3,78.6,24.2,212.2,21.1,0.402,36,0
2,65.0,79.7,19.5,47.3,22.3,0.402,50,0
3,113.7,80.8,17.5,117.8,18.0,0.506,62,0
0,101.6,65.7,21.1,115.8,18.7,0.456,21,0
2,118.7,74.9,21.0,92.0,25.9,0.373,25,0
3,80.5,69.1,12.4,79.0,24.6,0.273,21,0
3,120.2,73.8,18.2,69.1,25.0,0.48,37,0
2,192.3,78.9,19.0,88.8,22.7,0.081,21,1
2,75.0,90.9,26.7,69.8,42.9,0.213,44,0
4,117.1,80.2,28.3,88.5,29.6,0.418,23,0
1,125.2,83.8,18.2,57.8,27.2,0.165,65,0
1,117.1,70.0,24.4,196.8,34.5,0.279,21,0
3,114.2,84.2,22.0,58.8,26.5,0.362,25,0
2,117.5,87.3,17.3,70.6,19.9,0.08,74,1
1,101.3,65.8,15.7,66.7,23.3,0.182,41,0
4,168.8,87.6,29.9,35.9,36.3,0.118,30,0
5,128.2,84.2,21.3,105.6,25.6,0.25,85,0
1,95.1,77.3,24.8,209.2,18.0,0.69,33,0
3,153.8,94.9,27.8,114.3,31.7,0.195,49,1
1,91.8,76.7,29.3,28.6,29.3,0.412,26,0
0,78.7,72.7,20.0,44.9,24.2,0.456,23,0
1,101.5,80.9,27.4,55.2,28.5,0.401,50,0
0,160.9,90.3,34.8,137.8,34.8,0.437,78,1
0,79.2,73.7,25.3,107.1,31.5,0.522,30,0
0,105.8,80.3,19.5,191.9,26.3,0.143,23,0
1,96.3,84.1,24.2,37.9,34.0,0.378,58,0
2,142.4,86.4,27.0,60.3,35.8,0.08,30,0
2,80.6,84.3,24.5,134.9,22.1,0.383,45,0
2,135.2,80.0,21.9,86.1,39.6,0.518,30,0
2,72.3,83.0,20.7,272.7,28.1,0.421,32,0
1,150.0,82.1,22.4,94.7,31.2,0.21,25,0
2,132.9,77.9,26.6,31.5,28.1,0.11,51,0
3,138.5,86.4,26.8,60.4,30.7,0.843,45,0
2,120.8,76.7,24.7,78.8,30.5,1.047,45,1
3,80.9,84.9,22.5,53.6,24.7,0.295,27,0
0,140.4,85.5,26.7,60.0,28.8,1.17,43,0
2,133.8,95.1,27.4,106.8,33.7,0.408,82,0
0,90.6,68.1,27.0,196.5,24.6,0.501,23,0
3,75.4,81.7,28.0,108.5,33.0,0.528,26,0
0,117.2,64.9,19.1,43.0,19.5,0.367,26,1
0,119.7,87.0,24.7,155.6,31.2,0.516,40,0
1,138.4,86.0,30.7,200.5,42.8,0.169,22,1
2,95.0,71.6,21.5,119.2,29.9,0.68,47,0
1,127.3,64.9,20.4,129.1,20.1,0.419,21,1
3,146.4,85.7,27.8,78.0,32.4,1.326,54,0
3,65.0,78.3,30.3,98.3,36.1,0.265,44,0
5,65.0,89.2,23.6,218.2,30.5,0.958,81,0
2,120.7,77.0,21.8,176.6,25.4,0.199,23,0
2,124.1,91.6,18.3,53.5,22.4,0.603,59,0
5,94.8,84.4,20.0,41.9,28.0,0.281,36,0
4,67.7,83.5,21.7,100.8,30.7,0.523,33,0
2,173.3,76.7,17.4,142.9,18.0,0.141,23,0
4,117.1,84.1,30.0,49.5,35.0,0.198,30,0
5,118.6,71.8,17.5,160.3,18.0,0.087,31,0
0,99.0,75.7,20.4,112.7,33.0,0.177,21,0
2,110.2,77.0,24.5,248.2,31.8,0.428,44,0
3,106.2,78.3,23.0,75.8,33.4,0.538,41,0
5,158.9,78.3,19.8,92.2,20.1,0.435,49,1
0,194.4,69.6,27.4,191.6,33.2,0.167,28,1
3,89.7,94.2,30.1,77.7,40.7,0.404,55,1
3,149.9,87.5,19.5,134.8,26.7,0.08,67,1
4,166.6,69.2,19.1,46.5,29.0,0.183,34,1
0,88.5,71.6,18.1,201.5,19.7,0.601,23,0
3,97.0,74.6,22.3,193.5,23.2,0.747,39,1
1,76.7,80.4,30.9,104.4,25.9,0.166,38,0
4,96.0,80.1,20.3,124.1,20.2,0.216,35,0
1,87.2,79.7,15.8,70.8,21.6,0.45,49,1
3,108.0,70.9,19.9,134.2,25.2,0.517,32,1
1,74.2,78.5,26.8,92.4,30.6,0.568,22,0
1,134.3,77.7,25.3,112.0,19.7,0.203,40,1
4,142.0,90.1,21.9,215.2,27.2,0.313,50,1
2,101.2,77.7,18.2,97.2,18.8,0.148,52,0
1,80.8,82.8,27.6,207.0,27.2,0.358,31,0
5,121.5,72.8,34.7,122.2,35.2,0.476,43,1
2,123.7,82.5,28.7,178.5,29.0,0.682,68,0
4,92.3,75.2,20.8,58.0,34.2,0.203,67,0
4,101.6,86.3,26.0,113.9,27.6,0.08,60,0
1,100.1,76.6,21.1,98.2,29.5,0.453,21,0
2,140.4,78.2,22.5,47.5,22.9,0.369,32,1
2,121.3,85.4,26.9,140.1,31.3,1.664,65,1
0,65.0,89.6,18.4,211.8,24.1,0.114,21,0
4,191.4,79.1,18.1,47.3,20.8,0.564,36,1
2,101.1,74.7,17.5,67.9,27.2,0.508,28,0
1,139.1,66.8,17.4,41.6,19.2,0.152,43,0
0,117.0,71.7,23.0,28.4,31.0,0.112,21,0
0,98.9,94.6,27.6,84.3,38.1,0.594,63,1
2,145.6,85.9,25.7,112.5,25.9,0.103,37,1
2,172.8,76.1,27.0,91.8,26.2,0.327,22,0
3,79.2,61.7,21.2,54.5,30.3,0.831,26,0
4,89.9,84.4,24.9,51.7,30.8,0.258,44,0
2,164.5,74.3,23.0,58.7,28.2,0.643,25,0
1,181.2,84.5,24.1,84.8,18.6,0.171,76,1
1,127.0,88.9,23.3,65.9,34.1,0.08,35,1
5,158.2,92.6,25.7,89.7,33.4,0.108,70,1
1,99.9,68.6,23.0,391.2,20.8,0.183,40,0
1,65.0,77.8,18.0,133.3,18.0,0.694,51,0
2,112.8,78.3,29.9,124.7,42.5,0.08,49,1
6,160.7,81.7,14.2,100.2,23.5,0.369,30,1
2,91.9,71.0,18.7,171.8,19.7,0.284,51,0
1,166.9,68.9,27.5,64.0,18.0,0.158,31,0
0,155.0,81.3,22.3,62.4,24.7,0.147,21,0
3,120.6,70.7,23.4,141.3,30.5,1.926,34,1
2,206.9,75.0,27.2,88.0,38.0,0.168,21,0
4,110.1,77.7,28.7,87.9,25.4,0.27,30,0
2,73.4,71.9,20.0,175.8,18.0,0.511,37,0
0,104.5,84.1,28.5,217.5,29.9,0.228,24,0
1,127.1,83.9,23.6,59.1,29.1,0.339,48,0
1,93.7,74.8,22.1,35.1,23.7,0.216,31,0
1,93.0,70.3,12.5,56.1,25.8,0.892,21,0
0,130.4,81.5,22.8,64.6,28.3,0.386,24,1
1,142.3,76.9,28.1,82.1,31.9,0.08,39,0
1,124.5,82.2,26.3,45.6,30.6,0.275,33,0
3,113.7,87.1,25.5,127.6,29.0,1.061,43,1
2,96.8,84.1,24.0,128.2,27.8,0.43,39,0
1,92.1,85.1,32.9,56.0,38.2,0.216,23,0
1,106.7,78.6,16.5,93.7,30.5,0.507,28,0
3,74.8,80.6,26.4,196.9,33.6,0.165,54,0
3,95.9,83.4,33.7,80.6,32.3,0.248,25,1
2,124.9,78.6,19.2,212.4,29.4,0.214,71,0
1,78.1,70.9,34.7,148.0,35.7,0.775,21,0
2,65.0,70.3,23.1,85.1,23.3,0.863,54,0
3,100.2,80.0,25.4,132.0,32.0,0.596,36,0
1,76.7,81.9,20.8,40.5,20.3,0.364,23,0
1,98.0,79.5,22.5,56.1,27.9,0.114,39,0
4,142.1,73.4,19.2,66.4,18.0,0.127,25,1
4,141.9,70.9,23.0,118.7,20.6,0.154,29,0
3,113.2,79.6,19.7,134.1,25.2,0.571,31,0
2,133.5,83.9,25.6,80.0,37.5,0.262,52,0
7,178.0,78.6,19.2,129.8,26.6,0.355,28,1
0,106.9,85.6,26.9,57.1,31.5,0.25,41,0
0,84.0,79.1,18.3,190.8,35.8,0.234,53,0
3,136.4,84.5,21.1,81.6,26.3,1.026,38,1
0,98.9,82.3,35.8,93.2,37.0,0.433,44,0
2,80.3,74.3,28.3,125.5,27.3,0.327,37,0
4,107.0,84.3,16.6,59.8,21.9,0.274,47,1
0,127.6,77.4,28.9,82.1,33.6,0.425,21,1
5,126.6,85.2,26.0,47.0,31.0,0.62,68,0
1,70.7,76.8,31.2,153.1,25.9,0.495,27,0
5,128.8,66.7,20.6,48.3,22.2,0.287,36,1
1,68.3,73.0,18.2,150.7,33.0,0.249,21,0
2,73.7,73.3,14.0,129.6,21.4,0.346,29,0
2,157.9,81.9,25.6,117.8,18.0,0.961,42,0
2,65.0,75.5,21.6,99.7,33.9,0.454,72,0
2,65.0,82.4,20.4,84.9,32.4,0.322,48,0
3,129.0,84.9,31.7,53.6,31.2,0.557,30,0
0,95.8,80.9,26.4,84.3,26.0,0.338,21,0
1,102.5,88.3,26.6,144.2,31.3,1.316,64,0
4,162.6,77.7,21.5,105.4,23.4,0.2,30,0
0,149.1,76.6,23.6,55.8,28.5,0.109,42,0
1,144.9,82.1,31.3,60.1,37.3,0.08,30,0
5,115.9,76.1,25.3,51.8,27.3,0.941,45,0
2,131.4,87.4,31.3,155.3,30.1,0.293,63,0
2,99.5,70.9,16.2,92.5,20.2,0.377,51,0
1,95.5,79.8,27.2,110.9,24.9,1.214,33,0
1,114.8,83.6,20.0,108.9,26.3,0.18,65,0
2,134.4,89.3,30.0,38.9,33.6,0.27,79,1
1,164.7,86.8,30.4,132.7,38.8,0.713,57,1
0,149.3,68.6,22.8,32.5,29.4,0.674,31,0
4,136.5,80.7,16.3,139.3,18.0,0.31,54,0
4,111.3,80.9,27.8,112.1,21.0,0.433,57,0
4,106.6,72.1,34.9,79.4,33.9,0.255,33,0
1,122.3,84.5,17.8,49.3,23.7,0.915,79,1
1,120.7,83.2,24.8,66.8,31.8,0.286,62,0
3,80.7,74.5,32.3,102.1,29.5,0.205,34,0
4,103.0,85.3,20.0,92.1,27.7,0.64,31,0
4,115.9,79.9,23.9,140.1,29.0,0.08,56,0
2,135.6,83.9,26.1,72.1,28.5,1.095,85,1
3,113.0,72.2,25.0,36.5,20.2,0.102,21,1
2,176.6,75.9,24.7,94.8,25.9,0.888,46,1
0,95.5,71.9,21.3,166.2,39.2,0.174,53,0
2,122.8,71.4,19.9,411.4,21.4,0.08,63,1
0,111.1,87.8,21.8,263.0,21.3,0.188,53,0
2,128.3,72.2,20.1,236.6,25.0,0.746,30,1
1,115.3,76.6,31.4,42.9,37.9,0.654,21,0
3,105.1,69.9,26.1,36.3,22.5,0.441,32,0
3,132.8,76.7,23.0,141.4,24.8,0.172,53,0
1,88.8,73.3,20.3,160.9,21.9,0.349,28,0
1,72.9,79.3,17.2,54.4,24.6,0.585,67,0
5,145.7,79.5,25.8,116.6,26.0,0.767,35,1
5,115.7,80.0,20.1,67.0,30.2,0.243,28,0
3,163.2,73.2,31.3,222.6,18.5,0.537,48,1
7,115.2,75.2,17.9,81.9,28.9,0.469,34,1
0,68.5,80.5,25.4,56.5,22.1,0.508,30,0
3,128.5,81.8,20.7,94.5,30.0,0.115,84,0
1,65.0,75.6,17.1,135.3,19.3,0.484,28,0
4,65.0,65.6,23.0,142.9,26.0,0.41,32,1
3,115.7,78.8,21.0,76.4,22.4,0.385,48,0
3,121.5,85.9,24.3,55.1,28.1,0.513,67,1
5,119.3,90.2,29.7,125.6,36.2,0.327,46,0
3,90.7,76.8,26.7,114.6,30.8,1.304,39,0
3,89.6,83.4,28.3,93.3,30.9,0.189,85,0
3,201.3,66.5,22.7,102.1,27.1,0.215,31,1
2,78.9,78.5,25.5,76.8,26.4,0.106,31,1
3,89.3,77.4,26.1,142.3,26.7,0.812,28,0
4,161.5,77.6,21.8,36.7,26.1,0.622,45,1
1,89.3,80.8,27.9,138.3,24.1,0.145,25,0
0,106.7,76.9,18.0,74.0,23.5,0.197,22,0
5,116.4,67.0,13.1,154.3,23.4,0.253,32,0
0,104.0,69.5,19.1,190.1,25.9,0.244,21,1
3,151.8,76.2,24.4,170.5,22.3,0.776,42,1
1,147.4,68.2,12.2,78.5,28.6,0.508,45,0
2,139.9,78.4,24.3,251.0,19.2,0.455,48,1
1,161.6,77.9,33.9,66.1,29.5,0.463,55,0
4,111.3,73.6,20.8,95.0,27.4,0.411,32,0
2,155.6,85.8,30.9,99.4,36.6,0.806,63,1
2,130.0,91.7,37.4,52.3,34.6,0.156,61,0
0,86.0,75.1,22.4,101.2,21.7,0.324,23,0
2,130.8,83.6,26.5,111.8,27.4,0.722,37,1
1,101.0,80.9,32.2,87.6,29.3,0.217,21,0
4,66.7,85.3,23.3,52.4,24.2,0.169,64,0
4,66.8,79.0,19.9,71.2,22.5,0.161,54,0
1,84.2,78.9,28.1,305.4,28.8,0.287,70,0
0,165.0,79.4,31.0,55.4,31.1,0.08,21,0
0,65.0,77.6,20.3,60.8,27.7,0.12,47,0
2,106.5,77.0,20.1,53.1,26.6,0.1,29,1
0,132.4,74.3,29.8,70.2,26.5,0.176,21,0
2,110.3,81.4,19.4,97.7,21.3,0.568,58,0
0,103.9,68.7,19.9,62.5,31.4,0.08,21,0
4,89.2,86.0,26.2,60.5,28.6,0.135,44,1
2,162.2,82.3,17.6,79.5,28.2,0.287,29,1
4,100.5,77.8,15.7,428.6,30.1,1.035,41,1
3,75.7,75.6,29.4,128.5,42.0,0.208,55,0
2,99.2,80.7,28.4,45.3,37.9,0.122,41,0
1,123.6,74.8,26.9,87.2,30.0,0.115,24,0
0,90.4,85.0,26.9,75.3,24.1,0.27,85,0
5,128.2,69.8,24.7,124.6,32.2,0.529,32,0
2,113.6,72.2,24.3,123.9,26.3,0.494,27,0
6,126.8,93.9,24.8,160.8,28.2,0.389,36,0
1,159.9,80.9,28.3,36.6,32.2,1.632,21,1
1,65.0,77.6,25.2,75.1,30.3,0.082,28,0
2,101.6,73.0,24.9,122.9,28.6,0.897,33,0
5,86.6,86.0,27.0,100.4,30.7,0.354,42,1
1,91.8,86.7,27.1,125.6,33.5,0.699,38,1
2,118.9,92.0,16.3,143.7,20.3,0.591,47,1
3,114.4,75.8,25.7,152.5,30.5,0.603,37,1
3,65.0,61.5,23.3,53.0,22.6,0.362,60,0
0,76.5,83.0,17.3,118.7,29.9,0.325,50,0
0,150.5,63.7,25.9,390.4,21.0,0.553,45,1
3,71.3,84.5,27.8,125.2,27.7,0.306,65,0
2,137.0,83.7,27.2,166.8,28.2,0.257,65,1
1,65.0,80.2,23.6,76.5,27.0,0.211,40,0
8,65.0,79.5,24.0,268.7,31.1,0.38,32,0
2,131.4,71.6,22.8,109.1,25.8,0.359,41,0
0,162.8,71.6,23.7,76.5,26.2,0.451,35,1
4,145.8,77.3,17.2,74.2,27.0,0.134,31,0
2,98.3,82.7,20.1,55.4,23.9,0.691,41,0
2,91.0,71.5,18.3,86.4,25.0,0.103,44,0
0,128.6,81.5,21.8,71.1,31.5,0.833,49,0
1,65.0,84.8,24.2,53.7,31.7,1.121,69,0
2,129.2,76.7,22.9,80.6,23.2,0.08,42,0
1,97.2,77.6,28.3,94.4,31.2,0.56,37,0
4,167.0,76.9,15.8,60.2,19.4,0.82,57,0
1,124.5,69.4,21.4,71.5,25.7,0.105,25,0
1,109.4,65.0,22.4,99.3,21.3,0.567,21,0
0,122.3,80.9,23.2,87.4,27.9,0.943,46,0
3,103.5,77.1,25.2,256.2,27.5,0.086,32,0
2,130.8,85.9,20.1,127.4,35.2,0.509,33,0
1,86.7,75.9,34.4,97.2,34.7,0.08,25,0
1,149.4,77.0,24.1,80.5,25.0,0.217,62,0
0,103.4,74.3,25.6,82.0,27.8,0.589,21,0
0,141.6,71.2,21.0,108.9,22.6,0.206,48,1
6,139.5,81.9,25.2,123.4,23.9,1.015,37,0
3,119.9,74.4,12.2,58.8,19.0,0.374,71,1
3,137.1,84.9,25.7,68.8,30.6,0.08,57,1
1,100.8,75.7,24.0,77.7,23.5,0.151,22,0
3,135.6,67.2,25.6,97.5,23.4,0.356,50,0
4,65.0,80.7,20.4,66.0,24.9,0.278,46,0
2,81.2,76.3,23.4,97.0,24.8,0.31,36,0
1,109.2,81.9,22.4,83.2,22.6,0.08,49,0
1,65.0,77.5,27.2,128.6,31.9,1.103,28,0
3,117.8,76.3,22.6,104.2,27.7,0.73,39,0
3,182.9,72.8,22.3,120.9,23.8,0.452,38,1
2,92.2,80.8,25.7,159.5,27.1,0.182,26,0
3,116.4,76.8,25.9,100.2,26.4,0.648,32,0
4,84.3,85.1,23.6,62.4,26.5,0.827,30,0
4,149.6,77.0,21.6,102.9,30.7,0.387,44,1
6,107.9,87.9,25.4,63.9,29.6,0.826,64,0
0,114.6,86.4,29.8,71.6,38.0,0.328,21,0
3,108.2,79.7,13.3,219.4,22.1,0.177,45,0
2,106.7,68.4,28.0,40.9,36.8,0.427,29,0
4,75.6,84.9,24.2,156.4,29.4,0.534,56,0
2,120.8,81.4,14.5,49.6,27.0,0.098,45,0
0,106.7,87.0,23.7,100.6,22.5,0.277,21,0
3,67.4,81.3,19.9,148.2,24.3,0.324,41,0
0,65.0,77.1,18.9,28.5,28.2,0.17,35,0
2,109.6,72.4,20.1,61.7,21.6,0.15,21,0
2,105.3,81.4,27.3,62.7,27.0,0.849,30,1
1,72.8,85.2,17.8,64.0,37.8,0.482,40,0
2,141.5,75.1,26.9,83.0,29.0,0.128,30,0
2,98.3,83.2,19.4,45.6,30.0,0.369,59,0
3,132.8,70.2,20.2,106.1,21.8,0.828,35,0
3,88.1,81.5,17.5,128.4,30.2,0.08,29,0
2,103.0,77.0,17.4,62.6,18.9,0.08,41,0
4,95.6,83.3,21.4,59.2,18.0,0.324,43,0
1,102.7,85.5,26.4,86.6,30.0,0.138,56,0
2,122.2,73.8,17.5,87.0,28.2,0.501,38,0
1,106.2,85.2,23.1,105.3,35.1,0.218,42,0
4,135.0,68.4,13.1,143.6,18.0,0.386,32,0
4,77.9,85.9,15.8,56.2,32.0,0.191,72,0
2,91.8,96.4,25.8,49.1,26.3,0.462,45,0
5,125.8,83.5,25.5,176.4,31.4,0.405,40,0
3,143.8,79.1,27.9,39.3,19.7,0.524,30,1
1,117.8,77.0,27.3,50.8,30.1,0.464,59,0
2,138.8,74.0,24.3,114.2,18.9,0.248,21,0
2,86.5,81.9,25.9,45.4,35.1,0.913,41,0
0,99.4,75.0,24.6,111.6,24.3,0.487,28,0
3,133.3,76.7,24.9,126.2,26.4,0.139,53,0
4,103.4,75.4,24.3,124.6,29.5,0.852,43,0
2,100.3,73.2,27.7,98.6,22.5,0.548,41,0
1,102.7,71.8,25.6,47.5,31.6,0.788,23,0
2,76.3,82.6,34.9,42.7,33.9,0.295,36,0
2,81.3,76.2,24.2,275.6,18.8,0.236,44,0
4,92.9,80.3,21.1,123.3,25.0,0.508,56,0
2,160.7,71.1,23.4,115.7,24.3,0.752,47,0
3,101.4,81.8,16.0,76.6,21.8,0.156,53,0
0,103.7,78.2,28.3,92.2,27.2,1.048,21,0
2,136.3,83.0,35.5,21.3,29.7,0.326,40,0
3,114.8,75.6,21.4,109.9,22.9,0.182,57,0
0,99.6,74.2,28.4,50.2,36.4,0.759,21,0
3,112.2,88.0,23.3,62.5,27.4,0.08,34,0
0,85.9,72.6,23.1,64.5,28.3,0.979,44,1
1,76.7,85.6,21.6,108.8,28.6,0.319,60,0
3,145.9,85.2,17.6,112.8,19.7,0.358,39,1
1,125.0,76.1,18.0,136.2,18.8,0.334,37,0
3,65.0,83.2,27.8,178.8,34.1,0.086,43,0
1,140.6,84.4,30.5,272.6,34.7,0.093,45,0
0,108.2,72.2,23.9,49.7,32.8,0.091,25,0
3,106.6,78.5,21.3,84.2,25.0,0.08,30,0
0,144.5,74.4,27.8,41.9,23.3,0.46,21,1
1,83.5,79.8,22.2,173.0,24.5,0.08,28,0
1,116.7,78.4,13.1,84.7,18.0,0.333,22,0
1,160.8,77.7,24.8,195.5,25.8,0.14,25,1
1,105.6,92.4,25.6,179.4,26.9,0.469,85,0
4,101.5,82.3,20.3,110.7,26.6,0.573,59,1
0,167.6,75.3,22.4,51.6,23.6,0.948,23,1
0,97.6,80.7,16.1,64.8,28.7,0.206,21,0
2,137.1,91.0,23.5,142.8,33.1,0.604,29,1
0,74.0,69.9,17.1,109.7,21.9,0.308,21,0
3,140.4,80.3,16.7,207.6,24.6,0.383,42,0
3,97.3,81.0,21.5,73.6,18.0,0.08,42,0
3,144.2,74.4,26.6,95.4,34.4,0.212,25,1
2,97.4,80.1,22.3,108.7,24.4,0.19,50,0
3,131.8,94.2,23.6,228.5,28.0,0.404,51,0
4,65.0,73.6,20.2,88.4,24.6,0.145,27,0
3,111.5,72.4,21.8,89.6,28.0,0.413,24,0
4,117.5,80.0,24.9,42.8,30.4,0.08,31,0
3,83.4,73.1,20.8,232.7,23.8,1.231,48,0
4,116.1,98.2,28.4,140.0,30.0,0.283,85,0
2,200.5,76.6,23.6,69.6,18.0,0.08,47,0
0,82.4,80.5,19.5,56.9,31.4,0.113,22,0
2,129.5,85.5,23.7,74.7,22.7,0.499,43,0
6,96.1,78.2,27.3,32.1,30.6,0.179,39,0
1,153.6,77.5,31.3,378.3,30.1,0.418,38,1
0,123.5,72.5,32.0,46.9,42.3,0.726,21,0
2,99.0,79.5,26.2,113.6,32.4,0.902,43,0
2,119.0,80.3,21.0,120.3,34.2,0.221,37,0
0,169.2,73.9,26.4,98.5,29.0,0.196,21,0
2,99.7,96.8,15.1,58.3,28.4,1.754,75,1
0,143.5,74.2,16.0,164.8,18.0,0.849,21,0
1,80.7,85.2,28.3,63.9,35.1,0.08,46,0
0,128.3,73.1,27.9,49.8,38.2,0.08,35,0
5,112.0,73.7,19.9,125.2,27.4,0.181,32,0
2,153.2,82.3,27.3,129.7,23.6,0.347,63,0
5,113.3,84.0,18.0,63.6,24.2,0.273,56,1
2,155.7,80.0,25.5,45.9,26.4,0.352,35,0
0,89.3,79.8,22.3,187.3,23.1,0.268,25,0
0,76.7,81.4,27.4,81.5,28.9,0.267,30,0
4,84.1,68.0,30.3,131.2,32.7,0.797,33,0
3,130.0,81.7,22.8,82.3,26.8,0.668,56,0
0,80.4,98.4,22.2,79.7,30.0,0.179,44,0
4,65.0,79.9,32.5,286.4,32.8,0.18,57,0
0,104.2,70.8,30.9,69.3,25.4,1.018,21,0
0,120.2,82.2,28.1,93.2,36.4,0.396,59,0
5,100.6,84.9,26.2,48.3,38.1,0.296,67,0
1,78.8,74.5,21.0,148.3,34.8,1.535,26,0
5,152.3,84.8,29.6,127.0,28.9,0.72,53,1
1,140.9,89.6,14.4,87.0,21.9,0.23,65,0
3,125.9,74.7,28.9,70.9,30.6,0.308,29,0
0,156.6,72.2,17.2,155.0,29.6,0.784,22,1
7,86.2,83.4,18.6,81.7,37.6,0.397,41,1
0,108.3,74.0,30.1,163.0,25.6,0.666,21,0
2,152.4,87.1,20.9,75.8,23.4,0.482,59,0
1,120.2,83.9,20.0,121.4,37.5,0.204,25,0
1,169.4,77.1,26.1,77.7,26.2,0.522,33,1
3,65.0,72.7,28.9,50.5,27.6,0.256,51,0
1,65.0,83.1,22.7,57.1,24.0,0.237,48,0
1,99.1,79.6,28.0,82.8,28.6,0.499,50,0
2,133.7,84.5,20.0,77.1,27.5,0.154,26,0
1,137.8,77.9,23.6,93.7,27.5,0.088,43,0
4,107.4,83.1,22.4,171.9,28.3,0.273,54,0
1,148.0,73.1,22.1,37.0,27.7,0.206,28,0
0,128.3,87.3,21.7,124.7,20.6,0.135,78,0
2,117.1,72.3,26.4,73.1,33.8,0.169,34,0
0,157.6,71.1,29.4,120.6,32.2,0.22,21,1
3,117.1,79.5,26.9,122.4,30.6,0.222,34,1
2,91.7,83.8,22.2,153.6,23.6,0.513,65,0
1,108.0,80.5,24.2,93.0,33.7,0.128,24,0
0,82.3,74.0,19.8,106.4,27.1,0.517,23,0
3,108.7,75.8,26.1,54.0,25.3,0.402,45,0
2,88.8,76.3,24.2,86.0,26.5,0.982,22,1
4,72.3,75.8,23.9,48.7,26.7,0.133,22,0
4,99.7,67.7,14.4,134.7,21.1,0.168,25,0
1,66.8,90.9,25.8,64.0,31.8,0.358,72,0
2,139.0,76.6,27.4,60.9,28.4,0.966,47,0
0,135.4,84.0,30.6,139.7,32.3,0.222,38,1
1,147.5,82.9,30.4,63.1,24.4,0.108,26,0
7,98.0,80.3,24.3,156.3,29.7,0.63,54,1
4,129.5,87.0,21.7,89.5,27.0,0.08,49,0
2,78.5,86.2,29.8,81.1,25.2,0.637,74,0
0,96.7,66.2,25.4,163.3,29.4,0.811,24,1
0,147.8,65.7,33.1,45.9,31.3,0.526,22,1
3,152.6,70.6,21.4,45.4,24.2,0.896,21,0
5,119.0,82.7,31.5,103.8,36.2,0.418,47,0
0,136.7,74.6,26.3,53.8,26.1,0.359,42,0
2,107.6,76.7,24.0,103.7,39.5,0.415,31,0
0,147.2,73.9,28.0,75.4,23.4,0.192,21,0
5,85.9,80.3,21.1,74.0,25.6,0.407,68,0
3,118.8,71.1,21.3,148.5,18.0,0.832,41,0
1,152.9,81.9,27.0,39.6,27.5,0.174,62,0
3,98.8,71.3,24.8,95.3,34.1,0.747,65,0
0,114.6,80.2,16.9,500.0,21.9,0.271,47,0
1,128.8,77.9,19.7,85.2,31.0,0.278,50,1
2,145.1,76.7,22.5,81.2,23.9,0.567,28,0
1,91.3,80.2,26.5,72.3,29.2,1.059,39,0
0,127.0,79.6,31.8,93.3,32.3,0.435,57,0
5,146.3,78.0,22.8,129.3,39.8,0.584,25,0
4,146.2,78.3,33.1,95.8,34.2,0.473,56,1
1,113.6,78.7,25.4,55.7,25.8,0.298,54,0
2,103.9,80.6,23.7,53.2,19.0,0.151,53,0
2,114.6,80.1,28.2,241.0,30.3,0.362,38,0
3,92.4,72.3,25.3,128.8,35.4,0.164,26,0
2,132.2,83.9,20.5,136.3,27.8,0.257,78,0
2,119.3,79.0,21.0,82.1,25.2,0.42,66,1
4,65.0,85.2,31.4,36.7,31.9,0.376,38,0
1,126.6,76.6,27.2,195.6,26.6,0.086,42,0
5,99.4,76.7,23.4,115.5,26.0,0.133,33,0
0,120.2,68.4,27.9,54.6,29.2,0.24,21,0
1,163.6,79.9,22.5,26.2,31.6,0.798,36,1
4,85.9,81.7,18.9,93.8,21.6,0.241,47,0
2,102.4,74.9,22.9,172.4,18.0,0.672,29,0
4,107.6,82.0,30.2,69.8,21.0,0.76,32,0
1,73.3,71.6,20.7,204.0,23.0,0.098,32,0
1,118.2,79.3,32.6,107.8,38.2,0.08,40,1
0,128.9,78.0,16.8,86.2,25.0,0.67,34,0
2,102.7,74.6,21.0,98.8,30.4,0.195,25,0
4,132.6,77.2,19.5,137.9,24.4,1.212,39,1
5,162.6,80.4,18.8,155.5,23.8,0.241,46,1
2,92.9,84.0,23.7,58.4,33.5,0.184,41,0
3,110.1,75.1,23.1,46.9,18.0,0.368,21,0
2,105.6,79.9,23.4,58.9,34.7,0.888,49,0
1,171.8,71.8,23.2,93.5,27.5,0.334,21,1
2,133.3,75.0,25.8,170.9,28.1,0.731,45,0
4,149.3,86.0,29.0,82.4,33.5,0.307,46,0
0,109.0,80.7,28.4,82.0,35.3,1.053,21,0
3,172.5,83.2,22.5,70.5,22.6,0.522,55,1
1,147.1,89.2,17.6,156.8,19.1,0.177,77,0
5,86.4,82.2,17.8,74.1,18.4,0.56,33,0
3,76.8,80.5,18.9,187.4,27.6,0.281,45,0
4,116.8,78.9,18.8,82.9,22.4,0.374,30,0
0,131.8,77.2,27.1,65.8,20.4,1.096,21,1
2,103.3,78.3,27.0,50.1,30.4,0.224,57,0
2,91.5,78.0,20.3,210.8,30.7,0.357,46,0
3,146.0,75.5,20.1,59.0,26.1,0.31,27,0
0,126.6,71.1,21.9,108.5,26.0,0.647,22,0
4,112.5,96.2,19.0,196.9,28.9,0.389,79,1
3,91.6,68.3,20.2,61.2,20.7,0.381,21,0
2,112.9,86.1,22.5,121.8,30.6,0.156,49,0
2,90.8,80.9,27.4,80.9,31.7,0.121,40,0
3,144.4,84.5,27.4,103.7,34.8,0.281,52,1
1,138.9,88.6,21.4,145.9,18.0,0.413,70,0
0,84.7,75.3,22.1,179.9,30.3,0.329,21,0
0,85.7,79.0,23.7,188.2,30.7,0.266,23,0
3,156.8,76.9,20.9,117.9,36.3,0.501,35,1
2,140.7,86.0,25.4,114.9,26.4,0.272,72,0
0,137.2,85.2,27.1,136.9,26.4,0.363,31,0
4,151.6,82.2,17.0,52.4,26.2,0.923,28,0
1,84.0,76.4,17.1,49.5,25.3,0.282,21,0
1,108.1,70.6,23.5,162.3,22.6,0.08,27,0
1,175.7,77.4,22.5,41.3,21.9,0.67,48,0
3,163.6,71.9,18.5,91.1,23.7,0.106,36,0
5,133.8,69.5,23.4,44.7,30.0,0.709,27,0
4,121.7,81.5,20.1,83.7,22.6,0.117,80,0
2,132.7,91.1,31.5,87.5,31.0,1.003,33,0
2,112.6,82.5,27.3,91.8,27.3,0.305,40,0
2,92.7,77.3,28.9,145.4,30.5,0.08,26,0
1,89.1,80.8,27.1,37.0,31.4,0.766,21,0
4,184.9,90.5,29.0,139.2,26.0,0.921,51,1
0,96.3,70.8,22.4,69.9,34.0,0.08,21,0
5,148.5,75.3,31.3,45.9,33.8,0.593,46,0
3,65.0,69.2,20.9,82.4,21.0,0.805,21,0
0,98.3,80.0,19.8,97.2,23.7,0.874,43,0
2,111.4,78.4,21.1,247.9,25.7,0.08,22,1
1,97.5,77.0,22.8,17.9,33.1,0.536,24,0
0,90.4,80.4,31.9,46.6,34.6,0.355,33,0
1,145.1,71.9,26.7,80.4,29.1,0.31,21,0
0,126.1,77.9,22.3,174.5,35.3,0.744,21,1
2,97.5,80.0,15.2,102.8,25.6,0.305,34,0
0,94.7,68.2,31.0,142.0,35.8,1.018,52,0
2,71.6,72.4,26.0,75.1,32.7,0.86,41,0
3,79.5,72.7,21.1,176.8,28.5,0.892,60,0
1,80.9,82.0,25.0,64.3,31.1,0.17,21,0
0,100.7,82.6,29.3,41.8,34.1,0.925,31,0
2,213.1,85.7,24.3,61.1,25.1,0.08,38,1
1,97.5,81.5,19.8,108.6,24.0,0.117,24,0
3,100.7,78.4,19.9,118.4,30.5,0.179,39,0
1,97.2,79.3,23.6,124.5,26.4,0.08,59,0
3,129.5,73.5,27.6,25.0,27.5,0.904,47,1
6,74.2,75.1,32.8,140.5,36.0,0.824,62,1
2,82.8,79.9,26.4,72.6,23.1,0.131,42,0
4,150.1,79.1,27.3,116.0,32.3,0.164,36,0
2,123.5,75.4,26.4,35.2,29.0,0.848,70,0
1,120.5,77.3,23.9,42.8,21.4,0.616,39,0
2,143.5,80.8,19.5,76.1,20.5,0.098,77,0
1,116.3,74.6,17.7,127.6,18.0,0.502,55,0
3,76.8,73.2,24.8,93.9,25.1,0.237,27,0
4,130.8,77.1,18.7,70.4,21.6,0.701,34,0
4,133.0,91.7,24.3,32.8,27.7,0.089,70,1
4,66.4,76.0,22.7,93.4,28.5,0.215,60,0
2,124.8,69.4,19.3,74.5,18.1,0.096,52,1
6,135.8,76.1,19.5,93.3,18.0,0.277,49,1
2,137.3,75.7,21.4,101.2,30.5,0.87,21,1
0,141.8,73.5,20.9,21.7,25.3,0.42,22,0
1,128.2,68.0,21.8,49.1,22.8,0.585,42,0
3,146.9,72.7,15.2,75.9,26.0,0.08,25,0
1,83.1,72.5,24.6,163.9,29.9,0.117,33,0
2,164.5,75.9,21.7,72.8,32.8,1.584,32,1
6,65.0,86.7,24.7,144.3,27.4,0.124,48,0
4,142.5,76.6,24.4,72.2,28.8,0.698,42,0
2,84.5,78.7,25.9,98.9,32.6,0.31,58,0
1,154.9,84.6,24.3,132.8,32.4,0.48,43,0
2,138.1,75.1,20.9,133.3,33.7,0.201,41,1
1,97.4,69.5,24.9,78.9,20.4,0.293,37,1
4,106.3,79.2,20.0,82.1,18.0,0.397,62,0
2,100.8,79.0,22.8,89.9,23.2,0.353,38,0
1,138.4,75.2,25.6,111.2,32.6,0.08,27,0
2,69.9,81.0,25.9,43.5,27.2,0.165,50,0
1,107.5,73.4,26.9,84.4,34.4,0.32,35,0
1,130.5,89.5,21.5,28.0,20.6,0.08,55,0
0,65.0,74.1,11.4,58.0,23.2,0.159,21,0
0,73.6,85.6,25.1,54.0,29.8,0.372,65,1
2,153.6,88.3,20.3,169.9,28.6,0.283,34,1
4,65.0,81.9,28.6,62.8,28.7,0.278,64,0
3,84.0,80.4,24.5,94.1,26.6,0.609,56,0
3,167.6,80.5,23.8,133.3,26.9,0.117,29,1
5,126.8,83.3,27.0,100.2,36.7,0.46,25,1
0,156.3,65.0,20.2,116.3,26.9,0.269,24,1
2,89.8,73.3,28.5,81.4,33.5,0.602,21,0
4,70.1,82.1,18.0,99.3,27.3,0.412,61,0
2,118.1,74.9,33.2,153.4,33.5,0.114,34,0
4,129.2,89.2,26.5,261.3,26.9,2.2,75,1
3,65.0,77.9,19.7,28.5,26.4,0.42,27,0
2,115.2,73.8,16.3,92.0,26.9,0.08,30,1
2,88.3,78.6,29.2,32.3,32.0,0.849,47,0
3,117.1,85.7,26.7,179.8,19.3,0.309,73,0
4,147.4,76.0,18.1,35.0,25.2,0.513,29,0
3,106.2,79.0,18.1,32.0,31.1,0.08,53,1
2,152.7,78.3,23.7,500.0,26.8,0.366,37,1
0,107.5,81.3,12.3,86.5,23.2,0.377,47,0
0,143.9,77.0,26.1,111.6,26.9,0.08,26,1
2,142.7,79.5,18.3,368.9,31.5,0.127,50,1
3,135.5,80.6,27.5,191.3,34.0,0.378,33,0
6,122.1,79.6,22.0,146.9,21.5,0.292,30,0
6,171.2,77.5,29.1,141.3,36.8,0.507,37,1
1,121.9,76.8,26.5,63.6,23.6,0.176,49,0
4,138.5,78.9,23.6,59.3,26.9,0.202,35,0
1,68.1,72.9,23.4,33.8,21.8,0.232,30,0
2,138.5,75.7,20.9,125.2,28.8,0.298,35,1
0,147.5,76.9,19.6,116.7,24.8,0.444,35,1
4,102.4,74.3,23.9,151.6,24.4,0.232,47,0
1,155.3,69.2,28.7,93.6,29.8,0.474,31,1
2,83.5,84.8,27.1,58.5,26.7,0.59,31,0
4,84.5,76.4,21.2,99.6,23.9,0.305,26,0
1,127.8,80.4,20.6,109.0,24.8,0.948,48,0
1,125.9,91.0,31.3,43.9,30.8,0.08,40,0
4,97.7,86.4,15.8,145.7,20.4,0.151,62,0
2,75.7,87.7,23.6,88.4,29.2,0.32,58,0
2,152.6,80.4,25.4,106.3,21.5,0.122,42,0
1,65.0,87.4,24.2,144.3,30.5,0.489,36,0
4,129.2,78.3,25.9,79.2,35.0,0.306,37,1
4,88.0,71.1,15.9,69.1,22.9,1.032,28,0
3,123.6,67.3,18.9,500.0,22.7,0.208,26,0
2,111.0,79.3,28.9,171.4,38.3,0.314,24,0
1,167.7,76.9,25.5,66.8,31.9,0.263,34,1
1,159.6,81.1,26.5,87.8,25.9,0.256,21,1
3,109.5,84.7,24.7,98.4,27.1,0.973,72,0
3,152.3,72.6,16.4,58.2,21.0,0.411,81,1
0,65.0,81.0,16.1,46.8,18.0,0.08,23,0
3,110.7,87.1,33.0,74.6,27.3,0.433,80,1
0,106.3,78.4,23.3,178.0,24.8,0.087,23,0
5,65.0,86.6,36.4,89.7,31.1,0.182,38,0
3,100.6,66.4,27.5,74.6,27.6,0.359,44,0
1,152.2,78.0,17.7,85.1,25.6,0.692,39,0
0,120.8,78.6,6.9,50.9,25.3,0.284,29,0
3,132.0,78.2,19.4,86.0,18.2,0.48,28,0
3,80.0,81.4,21.8,60.2,21.3,0.08,53,0
2,86.2,76.5,25.0,69.6,21.5,0.264,63,0
2,111.0,80.4,25.6,85.9,31.6,0.569,21,0
2,126.2,88.3,33.6,89.6,30.7,0.455,42,0
2,134.5,83.8,27.4,32.7,28.7,0.843,49,1
7,116.1,82.8,28.8,111.8,37.0,0.437,41,0
1,97.0,65.5,30.1,68.2,28.9,0.816,21,0
3,98.4,78.1,21.8,73.6,27.9,0.676,47,0
6,93.1,79.7,33.6,153.1,24.7,0.555,59,1
3,91.4,75.6,20.5,40.5,26.1,0.201,25,0
1,87.5,70.5,24.2,91.3,22.8,0.782,29,0
2,132.2,81.1,31.8,163.1,34.1,0.38,41,1
1,116.7,74.2,20.3,111.7,30.1,0.23,36,0
1,132.0,82.2,23.0,97.7,26.6,0.08,29,0
1,105.6,74.0,23.8,128.8,26.4,0.129,21,0
3,112.3,85.3,23.1,93.2,34.5,0.179,30,0
0,65.0,75.3,26.4,48.8,31.3,0.623,21,0
3,139.2,73.8,19.1,120.1,23.2,0.137,49,1
3,127.4,69.9,23.6,206.6,19.5,0.194,27,0
4,119.1,79.0,21.2,25.2,26.3,0.163,53,0
3,144.3,78.6,20.8,67.8,29.0,0.352,34,0
0,169.4,82.9,12.1,80.9,18.1,0.196,40,0
0,89.9,83.5,26.6,42.2,18.0,0.772,21,0
0,160.3,79.4,13.1,67.1,25.3,0.125,51,1
5,155.4,96.6,27.7,283.1,31.7,0.109,85,1
2,101.8,76.4,28.9,37.7,28.7,0.419,31,0
2,80.1,77.3,30.5,74.3,28.0,0.902,39,0
2,124.0,80.5,23.0,100.8,25.7,0.111,42,0
2,151.2,72.1,25.7,60.1,32.6,0.122,21,0
0,74.7,79.9,24.0,122.1,31.4,0.544,22,0
5,75.1,79.1,30.0,84.1,37.7,0.189,47,0
2,133.7,67.4,21.2,93.8,26.7,0.247,25,0
5,119.4,77.6,29.1,114.0,34.0,0.302,34,0
0,142.3,75.6,18.0,143.3,25.4,0.797,40,0
1,124.3,71.8,23.4,74.2,25.6,0.785,48,0
4,126.8,76.8,24.5,64.4,29.3,0.278,34,1
5,120.2,78.1,20.6,157.7,26.4,0.24,35,0
1,116.3,89.2,19.8,30.3,24.9,0.265,85,0
0,136.0,86.2,27.8,261.5,30.5,0.807,56,0
1,71.7,73.6,22.6,92.6,24.4,0.201,32,0
2,113.5,86.8,30.8,58.2,38.9,0.593,35,1
3,100.9,81.3,24.7,38.6,29.8,0.402,78,0
2,99.1,89.9,25.5,115.3,30.5,0.264,48,0
3,135.1,88.3,28.3,25.0,29.6,0.178,60,1
3,141.1,76.6,28.7,59.8,37.8,0.08,31,1
0,140.1,77.4,26.8,89.1,35.4,0.279,30,0
2,141.0,80.7,23.4,56.8,33.4,0.444,70,1
1,123.9,81.2,27.5,36.7,35.7,0.358,36,1
5,69.3,72.7,22.0,119.1,27.4,0.572,36,0
1,107.0,75.4,31.2,44.7,33.6,0.208,31,0
1,129.1,87.9,23.5,60.4,29.2,0.08,58,1
2,119.8,84.7,30.1,264.4,34.2,0.285,61,1
1,143.5,79.9,17.8,88.0,28.2,0.253,41,0
1,124.8,73.9,24.4,30.9,28.7,0.266,22,0
1,118.1,72.5,22.2,60.6,21.9,0.279,29,0
2,89.5,76.7,19.4,218.3,19.9,0.376,64,0
1,104.3,71.9,32.8,124.6,33.0,0.187,41,0
2,147.8,84.3,9.9,48.3,28.6,0.08,59,0
6,105.3,91.6,25.9,279.1,29.9,0.551,45,0
1,140.7,73.2,25.9,98.5,29.2,0.632,23,0
1,65.0,75.2,28.9,81.5,23.2,0.405,47,0
3,88.5,79.0,24.2,52.5,21.2,0.726,37,0
3,65.0,75.9,25.2,71.6,33.5,1.43,29,1
2,65.0,81.1,29.7,66.9,30.2,0.497,30,0
0,65.0,88.3,26.7,194.8,34.6,0.455,58,0
2,109.7,78.9,14.9,169.4,21.7,0.478,42,0
1,161.5,77.4,21.1,100.2,27.9,0.406,41,1
1,65.0,76.8,20.8,91.1,31.9,0.581,73,0
4,115.7,71.2,23.2,61.5,37.4,0.101,27,0
3,107.8,84.7,18.9,55.1,30.0,0.238,36,0
3,116.6,77.8,26.8,41.0,29.6,0.409,28,0
6,107.9,78.2,30.0,251.1,23.7,0.589,46,1
1,93.4,79.1,22.0,95.4,26.5,0.23,41,0
2,65.0,78.0,12.2,38.9,20.3,0.08,32,0
1,133.2,72.7,18.5,46.4,24.0,0.192,34,0
3,147.8,85.5,32.0,57.5,33.2,0.346,55,0
3,114.0,90.9,21.3,156.5,23.3,0.5,62,0
0,116.7,74.3,25.1,89.1,27.7,0.928,29,0
4,71.5,86.0,20.7,109.7,24.8,0.325,85,0
0,99.0,79.2,25.8,83.8,29.1,0.441,21,0
1,132.0,71.4,25.7,247.3,24.2,0.22,23,0
5,82.6,78.3,24.8,103.0,29.5,0.64,33,0
2,111.4,76.5,30.3,263.4,29.7,0.847,26,1
7,183.7,76.5,21.0,84.0,23.9,0.32,25,0
2,121.9,83.4,25.9,163.4,20.9,0.833,61,1
0,78.9,75.3,21.1,56.9,21.9,0.492,47,0
2,204.2,82.7,19.6,83.6,31.3,0.195,39,1
5,126.9,68.2,23.4,58.1,18.5,1.266,29,0
2,88.7,78.5,18.5,167.0,22.9,0.453,23,0
1,111.8,69.8,22.1,135.7,27.6,0.398,23,0
3,65.0,83.6,30.8,127.9,34.4,0.263,61,0
4,88.7,81.9,27.9,99.8,31.6,0.531,60,0
5,142.9,73.4,20.6,100.4,25.0,1.15,33,1
1,75.4,77.0,27.4,45.7,24.3,0.236,21,0
3,69.7,75.4,25.5,66.8,26.7,0.08,49,0
4,145.1,76.2,28.2,64.0,35.4,0.087,33,1
3,185.3,75.8,21.6,53.9,20.9,0.514,57,0
2,132.6,73.9,17.4,60.5,21.0,0.12,22,0
1,171.6,79.8,23.8,70.1,27.1,0.655,39,1
0,78.3,72.7,24.9,115.7,29.9,0.098,22,0
4,129.8,74.4,21.1,45.3,22.4,0.278,27,0
4,151.1,80.6,24.3,66.9,31.9,1.414,26,0
4,98.7,80.3,27.9,78.9,31.9,0.162,33,0
4,84.6,90.2,29.2,54.9,27.2,0.529,63,0
3,111.6,83.7,19.2,88.3,25.0,1.295,40,0
4,126.3,78.1,31.9,130.8,28.4,0.569,52,0
1,107.7,70.2,14.5,154.4,18.0,0.39,39,0
3,121.7,81.2,21.6,91.5,18.0,0.53,31,0
0,74.9,85.1,15.5,66.4,29.8,0.13,21,0
1,124.6,76.3,18.2,95.2,19.3,0.127,23,0
0,139.3,77.5,23.0,99.9,23.4,0.25,37,0
2,123.8,73.8,25.0,51.5,28.7,0.224,40,0
0,90.1,79.4,30.0,120.3,32.4,0.954,57,0
2,65.0,83.9,21.0,62.6,29.6,0.146,21,0
3,118.1,88.9,24.5,41.0,27.0,0.581,85,1
0,96.7,69.8,15.0,24.8,27.4,0.94,21,0
5,166.8,68.8,29.7,88.1,25.2,0.175,36,0
0,160.4,75.0,12.9,86.1,27.5,0.371,28,1
1,65.0,81.3,30.1,31.2,26.9,0.145,23,0
7,106.5,90.3,25.4,95.1,32.3,0.704,71,0
1,90.7,79.1,19.7,67.7,27.4,0.6,29,0
1,77.0,65.5,24.1,113.4,25.4,0.417,21,0
0,109.6,68.3,24.0,74.3,32.2,1.233,21,0
2,89.7,84.2,25.8,39.2,28.4,0.278,60,0
1,85.8,70.0,23.4,148.2,29.6,0.166,21,0
0,82.4,66.2,15.3,51.7,19.5,0.154,21,0
3,157.5,69.0,20.6,130.9,22.1,0.374,41,0
2,108.7,87.1,30.9,59.6,28.0,0.117,33,1
3,113.0,81.5,26.4,89.8,32.4,0.32,46,1
1,155.4,85.0,26.2,121.5,31.4,0.253,31,0
5,104.9,74.2,16.8,125.7,23.6,0.556,51,0
1,125.2,64.5,22.2,102.0,29.5,0.397,21,0
0,91.8,80.2,29.8,159.6,33.6,0.186,21,0
2,99.1,84.9,21.1,74.6,25.2,0.334,42,0
2,118.9,78.2,27.6,175.4,24.5,1.081,33,1
2,121.4,81.1,29.3,49.1,31.3,0.214,30,0
2,138.9,79.0,22.6,132.3,34.7,0.373,49,0
3,149.3,78.1,20.1,58.8,28.4,0.373,85,1
1,113.3,71.1,14.0,92.8,20.4,0.181,21,0
1,149.6,86.2,22.8,115.1,30.3,0.244,64,0
4,88.7,83.1,29.0,57.7,30.3,0.411,50,1
6,137.6,79.0,29.6,327.3,30.0,0.717,30,0
3,91.5,81.1,19.0,47.3,24.4,0.126,73,0
0,92.6,79.4,32.1,203.4,39.6,1.141,21,1
1,148.0,84.6,30.9,117.6,36.4,0.544,45,1
0,65.0,77.0,21.9,48.1,26.8,0.307,34,0
3,136.2,81.8,28.2,34.6,21.6,0.093,30,0
1,121.3,78.7,30.7,61.1,24.4,0.669,22,1
2,120.4,82.3,28.7,134.0,31.2,0.18,85,1
1,166.8,71.2,32.0,91.1,30.1,0.373,30,1
2,80.7,76.6,31.4,60.4,30.8,0.271,21,0
3,77.3,77.8,20.7,78.2,29.4,1.127,54,0
0,150.5,79.6,24.9,59.3,32.4,0.252,43,0
2,108.3,69.0,25.0,62.7,23.7,1.097,33,0
3,153.8,67.0,24.4,43.6,23.1,0.392,31,1
5,136.1,81.7,24.9,117.2,28.7,0.58,36,1
4,125.6,76.8,17.9,82.0,21.7,0.427,54,1
4,108.3,77.6,22.4,114.0,19.0,0.479,43,0
1,106.9,83.3,28.3,197.7,28.5,0.631,47,0
5,178.6,81.5,19.7,87.6,23.9,0.296,47,1
1,95.4,79.4,23.0,54.4,28.1,0.296,55,0
3,148.3,76.1,24.5,66.4,28.9,0.456,62,1
1,85.5,71.9,18.5,93.5,23.2,0.476,27,0
1,86.5,69.6,20.2,84.8,27.7,0.301,41,0
0,120.8,74.8,17.0,110.0,24.4,0.285,21,1
6,110.1,76.6,26.1,63.3,19.3,0.888,61,0
4,145.7,82.7,23.4,100.2,30.1,0.555,27,1
2,106.1,78.9,28.0,103.4,34.2,0.534,67,0
4,98.4,77.8,23.6,125.4,28.8,0.42,27,0
4,74.3,73.8,28.0,96.6,35.2,0.223,44,0
4,189.8,89.4,25.0,52.3,30.9,0.576,33,1
1,67.6,80.5,22.7,74.8,23.9,0.268,31,0
2,214.7,83.1,24.5,195.2,27.8,0.185,46,1
2,136.5,82.7,31.6,55.6,37.9,0.475,62,1
2,129.4,73.6,17.9,113.6,23.9,0.136,33,1
5,66.8,81.0,18.3,66.7,28.0,0.768,65,1
2,132.5,67.1,28.6,79.9,33.0,1.033,26,0
2,65.3,90.3,27.4,26.7,32.2,0.294,63,0
1,109.7,72.1,28.6,47.6,24.1,0.495,39,0
2,150.2,82.8,30.5,65.9,38.2,0.245,43,1
2,68.8,82.0,29.1,212.6,27.7,0.325,21,0
2,135.9,75.5,21.0,62.5,26.8,0.715,30,1
2,103.4,79.2,20.4,19.9,23.9,0.224,37,0
2,133.0,81.0,29.2,196.6,34.9,0.863,59,0
2,72.0,78.0,10.8,138.0,21.0,0.185,34,0
2,157.4,71.9,22.3,71.3,25.7,0.421,25,1
1,137.2,79.2,21.7,105.9,34.2,0.319,41,0
1,88.1,83.8,20.9,54.5,31.0,0.08,83,0
3,90.1,77.0,26.0,63.4,36.8,0.718,43,0
5,155.6,85.5,27.8,103.7,33.9,0.08,34,1
3,101.3,76.3,16.1,124.2,22.3,0.707,42,0
0,88.0,66.2,22.0,77.4,30.3,0.449,24,0
3,131.7,79.1,14.6,197.8,21.0,0.112,69,0
2,135.6,84.0,20.9,52.4,31.0,0.576,68,1
1,97.2,74.8,22.0,141.9,21.8,0.151,24,0
3,160.8,77.6,24.1,53.1,27.6,0.167,67,1
4,114.9,63.1,18.2,83.3,20.7,0.277,42,0
6,144.2,80.6,13.8,160.1,24.9,0.406,50,0
2,144.1,74.3,26.6,65.5,24.9,0.339,37,1
1,72.6,77.1,25.4,61.6,26.8,0.33,38,0
4,152.1,68.4,28.7,75.9,32.4,0.164,28,0
1,147.7,67.7,21.9,66.5,23.6,0.467,24,0
0,125.7,77.9,20.3,45.7,21.3,0.271,24,0
5,65.0,77.0,26.9,84.7,28.3,0.198,60,1
0,122.5,79.8,30.5,113.0,31.7,0.439,40,1
2,85.9,79.1,23.8,56.1,26.4,0.08,25,0
4,71.3,75.7,25.4,102.3,30.8,0.614,39,0
0,110.0,87.0,24.5,98.9,26.9,0.383,21,0
2,65.0,73.0,22.2,130.8,26.5,0.106,24,0
3,111.7,78.3,21.7,101.9,31.6,0.164,62,0
4,150.0,76.8,26.1,163.4,33.9,0.215,29,1
1,132.6,86.0,23.2,77.2,30.8,0.218,59,1
3,152.5,74.1,25.6,67.3,28.2,0.257,36,1
4,104.8,76.1,18.2,50.9,20.2,0.342,50,0
1,129.5,80.0,24.1,177.5,27.5,0.245,22,0
4,80.2,78.1,20.1,146.6,22.2,0.254,47,0
0,65.0,72.6,24.6,120.5,29.3,0.548,21,0
1,79.4,80.2,22.3,49.1,25.0,0.218,31,0
1,91.3,73.7,31.8,69.6,36.1,0.374,64,0
0,90.0,86.7,17.3,148.7,34.2,0.962,38,0
1,154.3,65.9,26.4,72.5,30.8,0.252,24,1
0,110.2,86.2,17.3,118.2,19.7,0.326,62,0
2,183.6,90.3,22.9,163.8,22.9,1.134,85,1
7,163.8,73.4,25.3,94.9,33.5,0.302,33,0
0,82.7,77.2,20.6,138.3,26.7,0.535,21,0
4,147.8,76.5,23.7,98.9,30.4,0.59,38,0
3,148.5,79.1,11.8,385.8,20.5,0.758,52,0
2,103.5,83.5,29.9,83.7,18.9,0.934,34,0
2,115.6,76.1,26.9,108.8,25.9,0.175,21,0
4,93.9,85.8,21.7,122.7,30.8,0.096,50,0
2,191.3,73.8,12.8,34.8,19.5,0.174,26,0
2,166.7,67.6,23.1,142.9,31.3,0.427,30,1
1,105.7,65.8,21.5,98.3,30.4,0.508,21,0
2,165.0,73.6,27.9,79.2,33.6,0.424,21,0
0,100.8,75.2,27.3,58.0,24.0,0.822,21,0
3,145.4,85.6,29.4,74.7,35.1,0.192,29,1
2,123.2,80.5,22.7,130.8,22.9,0.121,29,0
2,112.2,79.6,27.1,33.5,18.0,0.813,70,0
0,82.4,69.9,20.8,44.8,27.9,0.807,23,0
1,96.4,83.0,19.5,169.3,32.0,0.69,57,0
3,134.5,80.7,16.6,121.9,23.9,0.613,40,0
3,117.2,89.7,15.9,145.1,28.9,0.163,74,1
4,104.4,83.6,29.0,132.0,33.3,0.394,36,0
0,161.6,76.7,25.0,78.2,35.3,0.383,21,1
1,119.1,84.1,22.1,178.7,31.9,0.519,35,0
1,115.0,71.3,22.9,175.4,26.3,0.945,21,1
1,97.8,83.8,28.8,55.8,26.4,0.455,21,0
2,124.4,81.0,17.6,146.1,25.5,0.495,35,0
3,134.0,87.1,22.8,49.4,27.8,0.266,35,1
1,119.7,81.6,21.4,163.6,31.7,0.184,56,0
7,133.8,74.7,19.5,56.5,22.4,0.222,45,0
2,93.9,86.3,18.8,51.5,24.3,0.08,71,0
1,80.3,86.8,21.7,127.2,31.4,0.233,56,0
4,106.7,80.5,32.0,62.3,26.7,0.8,53,0
3,128.6,85.4,31.0,248.7,28.5,0.188,84,1
2,148.0,82.7,26.7,107.3,31.0,0.255,55,0
5,186.5,83.6,17.2,53.1,26.7,0.435,66,1
1,135.6,78.4,24.6,46.8,22.9,0.153,21,0
1,65.0,89.9,26.4,66.5,36.5,0.729,32,0
2,152.5,83.3,26.1,50.0,29.7,0.554,44,1
1,128.3,75.0,24.6,51.8,32.7,0.463,39,0
2,92.8,78.1,18.2,87.5,26.3,0.186,26,0
2,141.4,76.5,24.2,70.4,29.2,0.149,53,0
4,128.5,79.6,21.7,61.5,34.2,0.302,59,1
3,99.5,83.0,26.4,180.8,29.3,0.281,36,0
3,118.9,73.3,26.2,60.1,27.8,0.308,33,0
1,86.3,77.0,25.8,108.7,21.9,0.191,29,0
1,108.6,79.5,12.7,27.0,18.0,0.131,54,0
4,73.2,77.3,23.6,84.2,37.6,0.11,33,0
2,128.6,80.7,18.5,75.8,27.6,0.523,38,0
3,126.9,83.0,29.2,137.1,40.9,0.238,63,1
0,151.3,76.6,28.8,140.8,30.7,0.361,43,0
3,147.1,80.1,18.1,198.5,24.1,0.08,38,0
1,93.9,76.0,20.7,69.3,26.6,0.259,28,0
4,127.4,87.9,27.3,33.0,36.2,0.966,37,1
3,128.5,78.2,28.4,51.2,35.3,0.245,26,0
2,89.4,77.1,21.1,67.0,32.7,0.17,41,0
4,144.0,78.4,24.1,58.9,19.2,0.236,30,0
3,104.9,73.0,16.6,252.5,19.1,0.589,32,1
3,94.3,77.8,24.9,92.7,34.6,0.202,37,0
1,109.6,85.2,23.7,88.4,30.8,0.648,75,1
0,65.0,73.8,23.8,88.9,36.1,0.168,21,0
3,65.0,83.8,28.5,76.8,27.1,0.987,44,0
1,133.6,72.4,26.0,38.6,22.3,0.207,21,0
3,93.8,80.4,25.9,187.8,29.3,0.578,33,0
0,75.9,69.7,24.9,267.7,30.0,0.438,29,0
1,65.0,77.8,21.3,51.6,23.3,0.283,28,0
1,74.3,82.6,19.5,107.4,20.6,0.08,28,0
1,90.4,71.8,25.1,75.4,31.2,0.438,33,0
4,65.0,78.3,19.8,218.9,22.8,0.175,27,0
2,136.0,76.1,26.2,167.0,38.6,0.255,27,0
5,128.3,73.3,23.9,69.8,36.5,0.289,29,0
6,89.5,75.7,27.6,174.5,31.8,0.166,28,0
1,156.8,69.8,34.7,126.5,36.8,0.417,25,0
2,92.2,82.2,26.6,65.1,30.7,1.015,49,0
3,113.8,75.5,23.5,52.0,26.3,0.466,31,0
3,157.6,79.6,36.5,177.8,36.4,0.514,34,1
3,103.9,76.3,21.9,66.3,30.5,0.542,33,0
2,140.6,81.8,20.2,102.5,25.3,0.358,27,0
2,137.3,77.9,21.3,169.3,22.0,0.134,24,0
1,99.4,86.2,23.9,99.1,23.8,0.108,51,0
3,106.1,78.6,27.1,65.1,33.8,1.303,25,0
1,71.3,79.4,22.7,166.0,27.1,0.363,26,0
2,65.0,89.6,32.7,145.3,37.3,0.389,57,0
5,90.2,78.0,25.2,260.9,31.1,0.141,29,0
3,122.6,85.7,23.2,146.0,31.9,0.153,37,0
3,75.9,70.3,19.9,79.3,24.0,0.197,32,0
3,134.6,75.5,12.9,119.1,25.0,0.453,36,0
1,100.7,84.0,20.0,160.2,20.0,0.257,69,0
1,146.7,76.0,23.4,116.1,23.3,0.126,26,0
1,80.6,77.9,22.9,67.7,24.4,0.19,49,0
4,113.1,75.9,20.9,65.6,26.4,0.377,51,0
0,76.4,83.1,29.1,152.8,38.4,0.116,49,0
2,65.0,84.7,31.0,158.3,24.5,0.13,68,0
2,106.6,80.3,33.4,138.9,34.8,0.344,21,0
1,76.6,74.8,21.3,102.1,21.5,0.358,21,0
0,113.1,69.0,18.2,96.4,24.5,0.225,24,0
3,128.4,91.0,22.3,72.9,28.7,0.226,30,0
3,68.4,79.9,34.7,155.9,33.0,0.408,42,0
1,141.6,76.0,20.3,71.7,27.6,0.277,25,0
2,76.5,76.2,25.8,87.0,26.5,0.285,25,0
4,92.1,80.3,25.0,75.4,31.7,0.443,39,0
4,93.7,85.9,19.8,104.9,28.6,0.451,46,0
4,121.9,89.0,19.2,70.6,19.5,0.102,37,0
1,133.1,88.0,21.9,132.4,36.1,0.126,47,0
0,131.7,78.2,18.6,191.1,29.5,0.99,21,1
1,92.7,85.1,31.5,165.0,28.6,0.688,27,0
0,132.0,74.8,24.1,73.1,28.6,0.505,24,0
3,142.4,77.8,21.3,178.5,19.8,0.286,29,1
4,95.9,81.5,14.9,46.3,19.3,0.142,36,0
3,65.0,71.9,27.6,63.1,37.5,0.751,21,1
4,104.1,72.7,24.2,131.9,25.7,0.901,29,0
2,151.5,83.4,26.9,72.4,27.1,0.675,27,0
3,170.5,80.1,20.4,65.6,25.8,0.09,21,0
3,65.0,87.5,18.2,71.5,28.8,0.348,48,0
3,123.5,70.1,29.9,88.3,24.0,1.245,37,0
4,126.8,86.1,26.6,57.3,25.4,1.131,29,1
2,161.8,84.8,23.9,80.7,26.5,0.67,73,0
1,120.3,70.7,27.5,153.0,30.0,0.633,21,0
2,120.9,85.4,27.4,73.2,30.9,0.225,75,0
0,103.6,76.8,20.3,259.9,27.4,0.098,33,0
2,84.5,71.3,15.5,54.6,18.0,0.405,26,0
3,96.9,82.5,26.6,52.5,32.9,0.472,29,0
1,127.5,78.7,28.5,96.9,31.1,0.469,31,0
3,77.5,87.6,16.8,100.2,20.0,0.08,79,0
3,153.6,86.4,23.4,128.7,27.0,0.227,42,0
0,123.5,77.5,25.4,24.2,25.8,0.259,22,0
1,65.2,86.3,24.1,141.7,33.7,0.152,51,0
1,123.5,83.5,23.3,53.2,31.1,1.096,31,0
1,96.9,73.7,26.0,59.2,21.0,0.435,21,0
3,168.1,75.9,24.7,83.5,38.8,0.313,50,1
4,65.0,74.6,22.1,134.5,27.5,0.184,51,0
2,111.0,72.0,26.4,75.4,31.5,0.823,32,0
3,88.1,69.6,25.4,41.4,26.7,0.242,27,0
5,137.3,73.2,27.8,234.6,22.9,0.561,53,0
2,145.3,69.0,21.8,157.5,24.7,1.18,27,0
2,71.1,78.6,22.1,155.3,18.0,0.601,58,0
2,120.5,67.0,18.7,44.4,18.0,0.551,27,0
3,169.9,83.5,20.1,30.2,26.1,0.116,35,1
1,142.9,68.7,17.9,45.1,23.8,0.08,44,0
4,165.0,69.0,25.7,65.4,25.9,0.285,40,0
5,126.6,75.5,21.1,231.1,22.4,0.98,26,1
1,71.2,80.7,32.1,57.1,40.1,0.733,43,0
1,65.0,71.1,30.1,88.5,29.4,0.267,49,0
1,97.0,80.3,21.5,253.9,27.8,0.23,22,0
3,92.4,85.3,32.5,88.9,34.8,0.08,44,0
3,169.8,86.0,27.5,67.4,39.5,0.541,34,1
3,178.8,74.6,20.4,106.2,20.4,0.414,23,0
2,136.7,86.0,18.2,154.0,29.5,0.731,42,0
4,135.0,82.7,22.2,43.7,25.3,0.331,52,0
2,86.6,87.0,29.3,73.4,30.7,0.15,28,0
3,131.3,78.4,19.0,157.5,28.5,0.468,43,0
4,69.4,81.1,26.0,136.1,22.9,0.218,31,0
2,79.3,81.3,23.8,206.0,33.0,0.103,47,0
2,163.2,80.6,23.0,52.2,27.1,0.362,56,1
3,124.7,80.9,19.0,103.9,29.5,0.387,41,0
1,137.8,76.1,17.8,112.7,32.2,0.186,49,1
2,65.0,80.8,25.3,405.3,32.1,0.084,53,1
0,100.4,81.9,16.9,59.3,24.6,0.121,28,0
1,98.4,74.0,23.2,107.6,25.9,0.341,30,0
1,149.8,73.4,30.5,49.3,25.7,0.275,43,1
3,145.3,80.3,20.0,131.2,21.3,0.539,62,1
0,143.3,76.7,18.3,125.0,26.8,0.121,21,0
1,119.1,69.2,23.5,99.0,30.1,0.162,45,0
1,160.1,83.9,23.1,33.0,22.1,0.35,59,1
4,89.5,79.5,30.6,66.7,28.0,0.646,34,0
1,105.8,77.4,31.4,75.0,32.8,0.181,36,1
1,170.9,76.1,35.9,93.3,33.5,0.251,36,1
2,118.2,67.7,16.9,75.6,18.0,0.21,35,0
3,156.2,74.1,15.6,138.3,18.0,0.386,25,1
4,100.5,84.4,26.2,194.7,26.8,0.214,34,0
0,119.0,75.4,19.3,148.7,25.2,0.424,26,0
1,148.8,79.5,17.9,78.9,20.6,0.56,48,0
1,157.6,74.6,20.9,117.9,26.0,0.326,21,0
2,112.3,80.9,24.4,32.6,23.9,0.254,52,0
2,70.9,83.4,14.3,79.2,22.9,0.164,56,0
6,85.8,73.4,24.7,60.0,23.1,0.632,40,0
1,102.6,89.8,29.0,65.9,27.6,0.186,72,0
2,130.2,73.9,27.1,103.0,18.0,0.08,44,0
3,90.5,77.1,23.0,89.0,26.6,0.198,42,0
2,129.8,65.6,29.1,61.7,43.2,0.816,21,0
3,124.4,87.6,28.5,31.9,32.0,0.322,57,1
0,100.2,76.9,20.7,65.4,25.1,0.245,24,0
2,65.0,71.9,28.9,213.2,33.4,1.056,23,0
4,131.1,75.5,25.9,99.3,35.4,0.533,40,0
1,65.0,80.3,26.6,84.5,29.1,0.08,26,0
2,142.1,73.7,21.4,71.7,21.0,0.121,34,0
5,184.1,87.5,20.8,122.7,23.0,0.936,59,1
6,115.7,79.4,20.5,122.7,22.6,0.363,69,0
1,98.6,72.8,9.5,97.2,18.7,0.331,28,0
1,163.6,79.9,22.1,76.6,33.1,0.119,34,1
3,106.3,88.8,31.0,76.0,39.0,0.465,85,0
1,123.5,79.5,22.6,72.3,27.7,0.437,68,0
3,136.3,81.2,19.3,64.2,23.7,0.409,54,1
4,89.3,72.3,23.2,107.5,31.3,0.097,26,0
1,163.6,79.3,24.3,148.0,33.9,0.32,28,0
4,151.4,81.8,22.2,159.4,23.7,0.276,53,0
1,186.8,77.4,23.7,144.1,28.9,0.334,21,1
5,133.6,83.9,20.4,99.3,18.0,0.446,58,0
2,104.3,78.4,22.8,189.2,28.2,0.107,64,0
2,76.0,71.0,19.2,57.8,22.0,0.194,32,0
4,119.1,89.3,25.0,192.8,29.1,0.562,69,0
3,118.3,73.3,15.7,93.7,24.5,0.313,45,0
2,155.4,72.9,24.3,57.2,27.6,0.364,21,1
4,109.0,82.4,31.9,81.4,39.4,0.23,39,0
0,91.8,72.4,24.6,77.0,28.1,0.347,27,1
2,65.0,83.9,20.9,103.1,30.1,0.208,41,0
0,111.8,75.3,21.7,72.4,26.6,0.242,21,0
2,92.2,74.9,18.1,62.4,18.0,0.329,71,0
1,102.3,82.7,33.9,223.3,24.0,0.08,47,0
2,108.5,75.5,24.1,115.9,24.5,0.527,30,0
3,118.1,85.5,25.3,90.2,30.7,0.62,41,0
2,85.9,84.2,30.4,72.6,29.6,0.576,37,0
1,93.0,72.4,35.9,49.1,29.3,0.08,21,0
4,161.4,88.7,23.8,36.7,32.4,0.883,73,1
2,106.7,82.7,17.2,52.8,21.1,0.555,36,0
2,137.9,86.6,33.5,75.6,38.8,0.177,40,1
2,102.6,69.5,26.6,69.7,18.3,0.796,21,0
6,106.8,80.5,17.0,133.3,20.2,0.312,41,0
5,147.7,69.9,21.5,23.8,29.6,0.325,44,1
1,98.0,66.5,17.6,94.6,21.5,0.279,23,0
2,142.9,79.2,26.1,217.0,27.8,0.491,50,1
2,133.9,74.2,18.1,54.0,23.5,0.36,21,0
1,102.6,78.1,22.0,75.1,30.3,0.852,34,1
0,78.4,71.5,19.9,85.7,27.3,0.898,21,0
1,139.9,72.2,16.0,114.2,24.3,0.6,38,0
2,95.1,81.9,27.9,58.0,27.4,0.485,31,0
4,105.7,83.2,24.0,81.1,38.6,0.578,45,1
7,97.7,74.4,25.4,35.9,27.0,0.139,36,0
1,65.0,82.7,21.5,179.6,19.8,0.264,45,0
5,115.6,78.8,26.3,69.3,18.0,0.183,38,0
3,65.0,87.4,17.6,138.3,23.8,0.622,59,0
2,134.9,77.8,21.6,156.2,28.8,0.103,55,0
2,135.8,76.1,23.4,62.4,35.5,0.347,26,0
2,111.4,89.3,32.2,78.0,32.4,1.035,57,0
1,75.5,84.8,20.8,191.0,23.2,0.184,44,0
4,132.5,81.1,23.2,54.2,20.2,0.163,61,0
0,65.0,73.6,21.2,51.5,26.4,0.095,23,0
0,114.6,73.6,24.8,47.7,26.9,0.623,21,0
0,156.3,75.1,32.6,35.9,25.3,0.08,21,0
4,124.7,82.9,27.3,43.1,31.0,0.267,69,0
4,94.6,76.5,18.2,165.1,22.3,0.08,62,0
4,76.7,70.0,22.2,78.8,26.5,0.163,55,0
0,194.1,74.1,21.6,52.4,29.1,0.303,21,1
2,101.7,74.5,23.3,127.6,18.9,0.179,55,0
1,108.3,70.8,17.2,103.2,29.3,1.718,21,0
1,98.3,79.3,19.5,45.2,32.8,0.08,21,0
1,84.5,78.4,24.4,51.5,31.7,0.361,31,1
2,65.0,72.3,24.8,123.6,27.4,0.543,34,0
1,95.9,80.7,20.4,75.4,21.4,0.47,65,0
1,111.9,72.8,24.3,216.2,22.7,0.315,23,0
1,81.7,89.6,24.7,44.4,26.3,0.229,85,0
3,65.0,73.6,18.9,123.9,28.3,0.759,41,0
3,123.0,86.4,19.9,69.0,22.0,0.699,35,0
1,114.0,78.6,31.2,34.0,29.4,0.659,35,0
1,162.5,69.0,24.4,113.4,24.0,1.361,21,0
6,110.7,83.1,26.4,328.2,25.6,0.667,32,0
2,65.0,74.9,37.4,133.6,31.1,0.182,42,0
1,155.8,71.9,25.1,48.8,18.0,0.08,56,0
2,157.0,73.3,29.6,177.9,27.3,0.084,31,1
4,70.8,71.2,25.9,68.0,26.2,0.32,41,0
2,131.7,84.1,16.6,128.3,21.7,0.675,52,0
1,160.6,80.3,25.4,30.5,37.8,0.728,31,1
3,167.6,66.1,20.8,67.5,21.7,0.176,57,0
0,157.7,72.8,31.5,40.9,31.8,0.16,48,1
2,124.6,73.1,20.8,238.1,31.3,0.085,53,1
1,113.2,74.6,29.1,81.2,29.6,0.3,21,0
1,95.8,74.9,26.3,159.7,21.4,0.939,33,0
2,94.4,80.0,16.5,178.4,31.5,0.157,28,0
0,74.0,79.3,27.4,107.2,23.6,0.504,21,0
2,129.9,79.2,15.7,203.0,18.0,0.095,77,1
7,109.1,83.3,25.5,196.5,27.0,0.448,55,0
0,101.7,69.8,24.4,56.2,28.2,0.13,21,0
3,110.2,95.4,31.1,207.9,31.6,0.448,66,1
1,150.3,78.1,18.6,76.5,23.5,0.414,37,0
3,137.4,83.1,30.3,43.8,37.6,0.096,46,0
3,65.0,62.7,21.0,51.3,27.3,0.782,28,0
1,193.1,79.2,24.6,74.6,32.7,0.358,57,1
2,151.0,87.1,22.3,37.6,31.3,0.387,36,0
4,99.1,71.7,13.6,46.2,30.2,0.796,47,0
4,115.1,96.8,29.3,72.2,34.0,0.421,60,0
6,111.5,91.2,18.6,125.5,26.2,2.038,50,0
2,81.7,79.0,19.2,57.3,30.6,0.201,31,0
4,102.9,84.6,20.0,138.6,27.1,0.212,36,0
5,82.8,81.3,23.0,53.5,27.0,0.776,54,0
0,144.4,78.2,26.2,89.4,23.9,0.312,21,0
1,65.0,80.2,21.7,272.5,27.1,0.827,33,0
2,94.2,78.5,24.4,116.1,35.0,0.285,37,0
3,83.3,75.0,28.9,123.3,31.2,0.18,43,0
2,171.8,75.8,23.2,25.7,29.9,0.084,28,0
2,140.4,72.6,18.1,213.9,24.2,0.248,36,0
0,131.1,74.0,29.6,180.0,24.1,0.202,41,0
1,150.2,83.8,22.1,185.0,23.4,1.204,40,1
4,116.4,76.1,26.9,78.0,34.6,0.132,40,0
2,110.2,77.0,25.0,40.4,32.2,0.727,32,0
3,110.9,80.9,13.2,148.6,19.1,0.51,41,0
2,100.0,79.1,21.8,62.7,32.8,0.58,65,0
0,137.2,78.1,30.1,84.0,34.2,0.714,36,1
3,145.7,71.8,26.4,50.7,28.8,0.924,41,0
2,136.8,85.9,30.9,113.0,36.3,0.092,36,0
3,100.8,78.8,17.3,42.9,21.7,0.382,63,0
1,96.9,73.9,20.2,96.5,28.7,0.302,33,0
1,186.6,75.5,33.0,125.3,35.2,0.46,24,0
5,103.4,76.4,27.6,110.3,31.1,0.855,50,0
3,160.0,78.2,29.3,50.5,37.9,0.177,32,0
1,102.4,85.1,26.1,74.9,24.0,0.449,49,0
2,103.2,78.8,21.1,179.9,22.3,0.168,30,0
0,128.9,71.5,23.7,55.5,23.9,0.08,22,0
6,164.0,68.9,23.0,258.3,26.0,0.518,37,1
1,127.4,79.9,25.5,73.0,39.6,0.174,21,0
4,95.9,75.0,19.2,145.8,24.0,0.553,42,0
2,191.9,93.7,21.4,70.8,26.1,0.263,53,1
0,122.5,82.2,14.0,66.8,21.0,0.613,80,0
1,107.5,83.6,21.0,72.2,24.1,0.153,29,0
4,134.9,67.0,31.3,238.1,28.4,0.197,26,0
6,81.8,81.5,14.7,242.4,18.0,0.184,53,0
1,141.0,83.0,28.2,121.6,26.4,0.438,51,0
1,81.6,81.0,23.6,66.4,22.6,0.373,52,0
1,136.1,81.2,27.4,50.8,28.7,0.108,80,0
1,166.0,79.5,27.6,170.7,33.8,0.209,38,0
7,86.8,82.9,17.0,99.6,25.1,0.406,85,0
1,118.9,74.7,24.2,115.6,28.3,0.488,32,0
3,126.4,76.9,23.2,258.3,24.8,0.82,27,0
2,145.5,76.5,24.8,185.3,32.8,0.437,26,0
3,131.5,72.8,20.1,189.2,26.1,0.081,25,0
1,117.8,91.6,23.2,89.5,33.2,0.234,82,0
4,158.4,89.6,25.0,44.9,28.7,0.737,62,0
2,122.2,81.7,25.1,44.0,36.2,0.247,79,0
1,94.0,71.9,25.1,98.4,30.3,0.534,21,0
0,79.9,70.7,25.7,140.8,28.0,0.319,21,0
1,152.9,80.9,26.7,52.8,32.7,0.08,32,1
1,161.8,88.2,26.2,115.7,37.0,0.39,30,1
0,120.6,85.2,23.4,122.1,36.2,0.217,41,0
1,67.9,90.0,33.2,179.4,40.4,0.416,38,0
0,97.5,79.0,22.7,99.8,27.0,0.113,23,0
3,158.1,69.8,20.9,123.3,29.0,0.165,29,1
1,132.6,73.5,19.7,53.7,25.8,0.602,33,0
1,67.0,74.2,32.8,134.2,22.6,0.63,21,0
1,131.1,76.5,26.5,88.3,30.7,0.211,35,0
2,113.4,68.0,16.6,108.2,18.0,0.175,22,0
2,143.4,72.0,26.5,128.1,29.7,0.129,35,0
5,101.0,71.7,27.1,39.5,35.1,0.139,24,0
1,157.5,83.2,32.0,78.7,32.1,0.47,55,1
3,107.1,76.7,33.5,63.0,31.7,0.15,45,0
1,65.0,75.5,20.6,136.2,18.0,0.21,44,0
1,95.1,80.9,28.3,36.8,36.6,0.106,51,0
3,123.0,93.2,24.8,106.7,25.4,0.08,46,0
3,119.3,76.3,25.8,103.2,30.6,0.274,55,0
1,99.5,82.2,25.8,182.1,25.1,0.216,40,0
1,65.2,81.7,22.7,117.7,26.5,0.335,50,0
1,151.9,70.1,23.7,97.4,31.9,0.122,44,0
0,167.2,77.4,33.3,58.6,34.3,0.604,44,0
0,84.7,77.4,30.6,64.9,26.2,0.356,21,0
2,142.9,75.7,27.4,83.9,28.4,0.43,23,1
3,134.9,81.0,17.6,151.7,21.3,0.737,41,1
1,75.0,77.5,23.3,46.8,33.3,0.206,26,0
5,126.9,72.3,17.7,64.2,18.0,1.085,36,0
4,206.1,80.6,14.1,396.2,19.7,0.106,29,1
3,72.6,74.4,18.2,133.6,18.0,0.525,30,0
4,158.3,73.1,26.9,64.9,25.8,0.277,38,1
1,113.7,79.7,22.1,132.3,26.8,0.297,33,1
4,106.1,82.5,23.2,243.3,29.6,1.078,66,0
1,155.7,73.6,27.5,190.4,33.4,0.988,21,1
2,95.1,77.4,21.1,67.7,25.6,1.068,47,0
2,117.9,79.6,28.8,73.6,30.1,0.08,52,0
1,110.8,86.9,24.9,120.0,19.5,0.366,68,0
3,83.8,72.1,29.1,161.7,30.7,0.08,38,0
2,154.7,75.6,28.6,61.5,25.4,0.57,49,0
2,130.2,90.2,20.1,106.1,25.6,0.08,65,1
3,187.7,78.7,19.7,60.3,27.3,0.08,28,1
2,119.9,78.0,18.6,107.5,23.4,0.325,24,0
2,111.5,76.7,24.5,79.6,26.5,0.453,39,1
1,104.4,81.4,21.4,80.4,34.6,0.347,34,1
1,105.9,90.1,32.3,157.9,34.0,0.242,50,1
0,163.6,74.2,22.3,181.3,28.6,0.099,21,0
2,97.0,79.7,20.4,126.8,26.1,0.322,63,1
1,129.6,79.3,27.5,32.9,23.6,0.139,42,0
2,103.9,75.6,23.1,76.1,22.0,0.154,33,0
1,73.4,71.9,20.6,29.9,33.9,0.237,37,0
7,125.4,78.1,14.9,81.0,27.5,0.144,57,1
5,65.5,81.1,22.3,22.7,18.0,0.611,46,0
1,122.9,81.9,15.7,44.4,20.3,0.583,37,0
2,100.4,76.4,23.7,80.3,21.9,0.4,34,1
3,102.5,82.9,22.6,91.4,18.0,0.488,35,0
4,111.0,78.9,24.0,129.0,23.4,0.266,49,0
0,115.7,68.2,13.1,69.2,18.0,0.541,33,0
4,108.4,85.9,27.7,183.4,29.0,0.082,47,0
4,131.8,75.7,10.9,61.1,27.4,0.476,25,0
4,115.2,79.4,26.9,155.6,32.9,0.568,27,0
0,204.7,71.4,16.9,117.7,29.5,0.436,37,1
0,79.8,80.2,34.7,62.3,41.9,0.661,34,1
1,79.0,76.1,23.4,105.1,25.6,0.604,27,0
1,102.7,73.7,18.9,180.5,24.3,0.339,22,0
4,87.3,80.8,35.0,153.8,33.5,0.559,26,0
1,153.4,86.2,23.2,143.8,28.9,0.535,70,1
3,171.0,69.4,26.5,68.4,27.7,0.14,27,0
2,102.2,76.5,26.9,65.6,33.0,0.626,21,0
4,131.5,71.8,29.9,65.7,33.4,1.072,38,0
7,128.1,76.5,18.6,62.0,18.0,0.25,27,0
2,100.4,73.2,20.1,81.3,26.7,0.72,32,0
4,134.8,80.7,33.0,41.9,30.0,0.506,54,1
4,141.5,76.3,17.5,28.4,18.0,0.519,33,1
3,65.0,82.5,22.6,88.3,23.1,0.399,32,0
5,77.2,76.5,26.3,198.1,30.3,0.176,28,0
1,105.7,80.4,25.4,98.9,32.9,0.333,33,0
4,104.7,78.4,26.5,123.4,25.5,0.398,44,0
1,117.5,74.7,19.1,98.1,21.5,0.744,21,0
0,85.6,79.1,20.6,111.5,28.1,0.08,21,0
2,81.7,78.8,22.4,76.0,26.8,0.365,44,0
0,103.4,81.7,26.8,59.4,24.1,0.316,38,0
2,77.6,75.8,24.8,154.9,19.5,0.404,29,0
1,153.3,73.3,20.8,94.8,24.9,0.509,45,0
2,148.3,82.0,21.3,89.6,18.8,1.437,31,0
1,134.5,82.6,15.0,185.4,23.4,0.193,53,0
3,147.6,66.4,28.1,82.2,27.1,1.217,28,1
1,101.3,73.2,15.2,100.5,23.8,0.297,24,0
2,101.0,100.2,25.3,47.6,38.0,0.617,85,1
2,127.9,83.3,24.1,101.4,26.7,0.459,49,0
3,139.8,81.0,25.1,114.9,32.5,0.225,26,0
4,126.6,82.3,25.8,99.2,28.1,0.64,31,1
5,124.4,67.3,18.6,116.8,20.9,0.142,28,0
2,126.2,68.6,12.2,47.7,24.0,0.08,21,0
3,146.1,75.8,16.3,87.1,26.6,0.977,32,1
2,149.9,77.8,26.6,58.8,23.9,0.08,39,0
2,107.5,81.3,29.3,189.6,27.4,0.42,64,0
1,135.1,80.0,27.1,49.6,23.9,0.11,35,0
3,65.0,80.0,21.6,71.6,28.0,0.767,30,0
2,65.0,90.8,28.8,84.8,32.8,0.433,68,0
3,103.8,93.8,27.6,120.1,32.0,0.137,61,1
1,94.6,71.4,22.8,52.0,29.4,0.192,39,1
5,171.1,80.8,25.8,117.7,28.3,0.755,38,1
1,105.5,78.3,23.3,90.5,21.5,0.393,43,0
1,126.9,80.0,26.9,36.4,33.6,0.292,28,0
2,121.7,71.9,18.9,62.7,18.0,0.515,37,0
0,70.0,78.7,18.3,68.1,25.6,0.396,28,0
0,124.3,80.4,15.5,86.9,22.5,0.222,62,1
1,116.1,76.3,24.8,58.5,30.8,0.607,25,0
5,165.1,71.5,30.3,213.2,37.0,0.25,41,0
1,97.3,73.7,32.3,62.3,25.6,0.08,41,0
1,134.9,74.8,28.7,222.0,36.5,0.27,65,0
1,133.6,81.6,27.0,169.2,24.7,0.203,30,0
3,87.9,70.6,25.4,85.1,24.1,0.461,27,0
3,65.0,80.7,23.6,56.2,23.8,0.292,48,0
2,116.2,86.2,27.0,106.0,34.2,0.239,45,0
3,154.9,86.3,28.0,128.9,34.0,0.414,80,1
2,124.9,74.8,24.0,120.4,25.7,0.372,40,0
3,144.3,80.3,21.0,65.8,30.9,0.107,62,1
6,94.7,83.2,20.8,100.8,24.5,0.701,59,0
4,139.6,73.7,23.7,336.2,33.5,0.812,27,1
0,65.0,74.1,31.7,117.4,24.8,0.08,21,0
0,133.5,81.0,29.0,90.5,32.6,0.2,32,0
0,65.0,72.9,22.1,91.2,31.8,0.787,53,1
1,134.1,74.5,23.9,49.4,30.0,0.337,65,1
0,97.1,72.1,25.0,72.8,18.0,0.177,21,0
0,142.1,73.9,31.8,149.4,31.7,0.593,25,0
0,113.7,75.8,26.0,35.8,34.1,0.451,43,0
2,150.1,81.8,20.5,85.9,28.8,0.795,49,1
1,128.9,74.4,24.4,24.0,32.5,0.147,23,0
1,117.8,71.6,22.8,145.2,27.2,0.947,27,0
0,152.9,71.0,17.7,139.2,23.2,0.173,21,1
1,129.3,87.5,18.6,110.6,27.0,0.606,71,0
5,170.6,87.0,38.4,153.7,36.1,0.158,41,0
0,113.9,77.3,25.8,58.7,29.6,0.68,27,0
1,108.3,80.6,19.2,67.1,23.5,0.487,60,0
1,86.3,80.4,20.6,114.8,32.5,0.443,41,0
2,97.2,79.2,29.1,160.9,31.9,0.499,65,0
0,107.4,85.4,22.0,42.8,34.7,0.995,68,0
0,92.9,73.6,17.6,67.0,21.5,0.129,23,0
3,135.4,79.1,24.1,100.0,23.7,0.403,62,1
3,74.8,85.3,26.2,41.0,35.5,0.14,61,0
1,87.3,85.2,20.7,51.2,26.2,0.441,45,0
1,65.0,87.2,18.7,35.5,18.0,0.08,47,0
3,92.9,69.9,26.8,93.4,19.0,0.299,39,0
0,154.0,71.3,25.4,102.9,32.3,0.116,21,0
0,98.5,78.9,17.7,120.1,24.8,0.521,21,0
5,88.1,83.5,20.2,108.0,23.9,0.144,73,0
3,91.1,79.3,19.1,111.2,36.6,0.721,41,0
1,126.2,80.0,26.7,66.4,28.8,0.696,33,0
6,155.9,81.3,25.5,86.3,33.4,0.109,48,0
5,143.0,69.2,18.0,78.9,28.7,0.77,27,0
2,72.6,70.4,26.7,70.3,25.3,1.076,31,0
5,159.6,76.1,31.5,229.5,18.5,0.587,38,0
3,147.6,84.3,12.7,115.1,24.9,0.407,29,0
4,130.1,73.0,24.8,86.2,25.5,0.246,46,0
1,78.8,73.4,26.3,43.6,21.2,0.328,35,0
5,86.1,76.0,25.9,50.3,31.5,0.237,46,0
3,90.5,83.4,21.6,48.4,23.4,0.434,48,0
3,97.8,84.4,21.1,73.1,28.1,0.49,59,1
4,121.2,77.4,15.9,162.0,24.7,0.557,32,0
0,65.0,74.8,22.7,54.8,22.7,0.088,23,0
4,73.9,83.6,21.7,79.2,19.5,0.414,85,0
0,107.6,87.7,22.3,192.6,24.1,0.08,65,1
1,146.5,73.5,18.8,144.3,26.2,0.218,21,0
2,105.2,90.6,25.2,99.1,28.1,0.497,85,0
3,121.0,78.6,20.3,108.2,25.1,0.083,28,1
1,150.2,70.8,25.4,42.7,27.8,0.355,35,0
1,89.5,80.6,27.9,73.0,28.8,0.08,21,0
3,82.7,81.6,23.8,56.7,31.7,0.27,39,0
2,79.6,74.0,32.2,75.8,33.8,0.08,29,0
1,106.1,84.5,31.7,78.5,33.3,0.134,22,0
0,94.1,81.0,14.1,63.5,22.0,0.311,21,0
6,168.2,69.9,17.1,47.9,28.0,1.099,26,1
1,122.8,80.5,28.6,48.6,35.9,0.474,50,0
4,136.6,80.2,12.4,59.7,24.8,0.536,85,0
3,87.7,81.1,22.3,44.5,34.8,0.143,46,0
1,113.4,79.9,29.9,241.9,29.3,0.394,24,0
3,105.2,68.1,28.5,23.3,19.6,0.296,32,0
7,121.1,86.0,29.3,307.7,38.3,0.408,55,1
4,127.2,83.1,28.2,182.6,32.1,0.173,32,0
4,103.7,82.1,16.6,108.8,29.7,0.133,65,0
1,108.3,82.0,29.1,111.8,29.7,0.241,85,0
5,151.1,82.3,22.1,206.8,29.1,0.099,26,1
2,85.7,73.8,21.3,109.4,24.7,0.389,28,0
3,138.1,88.7,29.1,83.0,31.4,0.365,70,0
2,124.3,75.8,24.0,93.7,25.5,0.253,32,0
4,139.0,79.6,25.8,136.2,21.6,0.561,57,0
0,105.0,72.7,17.5,343.6,23.2,0.163,41,0
2,148.1,71.4,20.3,143.0,18.1,0.477,34,1
3,94.6,79.9,27.1,66.8,26.2,0.906,49,0
6,131.0,84.2,26.6,51.8,21.5,0.402,70,1
0,130.9,75.2,22.9,148.8,24.1,0.499,21,1
4,120.0,78.3,20.6,64.4,19.5,0.109,61,0
5,147.8,86.0,24.3,120.7,18.8,0.311,36,1
3,150.4,81.8,27.5,67.2,38.3,1.105,41,1
3,136.9,84.9,26.2,156.2,28.0,0.31,57,1
2,171.8,82.4,18.9,103.7,25.7,0.765,42,0
0,102.2,79.5,22.7,89.2,24.1,0.123,75,0
1,106.4,83.5,25.0,51.0,29.4,0.149,21,0
2,124.1,73.3,18.9,284.8,27.7,0.206,27,0
0,109.4,72.3,20.4,58.8,25.9,0.108,47,0
3,103.3,70.7,20.3,107.7,29.6,0.561,30,0
3,68.1,79.4,28.3,92.9,30.7,0.243,71,0
0,139.9,69.8,13.2,81.7,18.0,0.143,27,0
3,111.5,78.6,21.6,116.3,27.7,0.155,39,0
1,113.2,80.9,19.6,76.6,29.6,0.362,26,0
2,82.4,75.7,28.0,187.0,26.2,0.227,36,0
0,102.5,72.8,15.9,104.4,19.3,0.35,21,0
1,122.6,79.8,17.2,49.1,25.5,0.565,21,0
2,76.4,84.1,20.9,70.6,26.9,0.603,85,0
4,109.6,80.1,25.5,55.7,28.7,0.217,38,0
2,101.1,81.4,30.0,110.4,32.4,0.454,31,0
0,111.7,82.0,25.2,129.9,32.9,0.161,21,0
1,109.2,71.3,20.3,60.3,26.1,0.803,23,0
1,71.9,91.6,24.4,124.0,29.5,0.61,82,0
3,142.2,77.9,23.1,133.4,26.9,1.794,39,1
4,65.0,74.7,22.6,110.3,32.5,0.089,60,0
1,121.9,72.5,18.7,198.5,31.7,0.39,21,0
0,148.3,72.4,25.3,102.6,31.2,0.433,28,1
2,112.3,84.2,25.6,189.8,26.5,0.283,77,1
2,70.9,78.8,27.2,93.9,34.2,0.707,29,0
1,140.2,79.7,23.8,130.8,30.7,0.091,22,0
3,65.0,82.6,25.9,195.5,25.4,0.591,45,0
0,104.2,75.1,34.9,30.3,28.1,0.17,21,0
0,151.4,63.7,20.9,36.1,23.8,0.234,21,0
1,111.4,80.0,24.4,231.2,30.0,0.759,71,1
3,115.7,78.5,28.8,51.6,29.3,0.099,26,0
0,154.4,77.8,23.8,120.1,27.0,0.296,49,0
0,66.4,79.9,21.9,154.3,21.8,0.731,84,0
2,116.6,68.9,27.3,53.2,30.7,0.341,38,0
0,115.2,81.5,20.7,82.9,29.0,0.239,48,0
0,90.3,73.8,19.8,106.4,20.3,0.157,21,0
1,95.1,81.0,35.4,79.5,31.1,0.254,25,0
5,147.1,91.8,20.2,76.9,26.1,0.223,76,1
2,65.0,70.4,20.7,240.6,21.8,0.266,31,0
2,109.1,81.5,24.5,88.3,30.4,0.176,21,1
6,92.5,70.2,19.7,94.3,22.7,0.687,47,0
1,121.1,83.8,17.2,95.9,18.6,0.505,66,1
2,98.1,83.7,20.1,434.6,28.4,0.253,29,1
1,120.6,73.1,21.3,35.0,23.2,0.24,47,0
5,113.2,83.8,23.9,54.2,28.8,0.191,56,1
3,116.1,75.7,28.3,83.9,35.5,0.527,34,1
1,111.6,75.3,21.4,47.3,33.7,0.204,32,0
2,118.1,89.7,20.7,76.0,25.8,0.212,82,0
1,121.6,75.1,24.8,112.9,26.8,0.604,21,0
2,117.0,70.2,25.6,83.5,18.0,0.494,40,1
1,108.9,79.2,22.6,45.6,22.0,0.31,35,0
1,147.3,82.1,29.8,70.5,33.3,0.498,35,1
3,85.2,86.7,33.9,41.7,33.5,0.533,55,0
4,184.3,79.1,22.7,67.7,38.0,0.622,49,1
4,87.0,71.2,20.7,320.6,23.0,0.415,43,0
1,99.6,74.6,19.8,132.0,26.9,0.445,21,0
0,65.0,69.4,18.8,88.2,21.0,0.433,24,0
2,105.3,81.4,27.8,43.9,27.6,0.696,33,0
3,143.2,82.1,21.2,25.9,34.3,0.262,39,0
3,84.3,86.6,20.0,60.5,30.8,0.334,76,0
4,158.7,84.9,22.1,62.4,24.7,0.293,39,1
2,109.4,81.4,28.1,108.8,27.5,1.043,53,0
2,69.8,83.0,27.3,91.9,19.8,0.695,36,0
3,88.3,87.2,21.6,98.8,22.9,0.335,51,0
1,130.0,80.5,22.2,97.9,29.8,0.311,37,0
2,98.0,78.7,26.5,46.3,34.9,0.264,22,0
5,166.5,80.7,18.4,47.5,27.6,0.08,48,1
4,92.8,79.4,30.1,147.6,37.2,0.981,46,1
2,111.4,72.6,25.6,93.3,35.3,1.443,21,0
5,94.7,80.7,17.6,106.3,32.5,0.554,36,1
2,144.4,86.4,17.6,46.5,27.9,0.343,36,0
4,67.2,75.4,25.6,28.9,27.2,0.191,28,0
1,65.0,77.4,28.8,84.2,21.3,0.838,21,0
2,97.8,85.3,23.1,41.5,25.9,0.359,41,0
3,108.1,81.6,18.7,192.9,18.0,0.123,72,0
2,65.0,76.1,14.9,121.0,22.7,0.548,50,0
0,128.7,77.3,24.3,43.9,29.3,0.221,21,0
0,137.6,86.9,23.2,283.5,27.8,0.225,70,0
1,103.7,95.0,27.5,81.7,36.6,0.767,65,0
0,93.2,76.4,21.8,92.3,19.7,0.357,29,0
3,161.8,69.4,26.0,104.5,38.3,0.191,21,1
3,79.4,69.4,23.8,88.6,29.0,0.08,29,0
0,132.0,79.3,25.1,146.0,31.1,0.237,30,1
0,99.7,79.6,36.5,170.0,36.1,1.057,21,1
4,120.9,93.3,21.5,53.2,31.1,0.356,41,0
1,140.2,69.9,23.6,58.4,18.0,0.481,25,0
1,125.2,78.4,24.6,66.8,38.8,0.355,21,0
1,65.0,67.7,24.8,46.6,24.8,0.391,33,0
7,144.2,82.2,25.3,98.1,24.5,0.281,72,1
2,65.0,90.0,23.4,76.8,32.5,0.333,55,0
5,136.2,79.9,22.4,110.2,22.4,0.282,45,0
5,129.4,64.0,29.9,71.7,30.0,0.348,29,0
2,105.9,65.5,20.4,99.1,18.0,0.14,21,0
2,129.8,76.3,20.2,113.0,27.1,0.138,21,0
1,79.3,79.3,28.0,56.2,29.6,0.222,53,0
4,72.3,73.4,17.6,128.3,22.9,0.08,25,0
2,132.7,70.6,21.1,106.4,22.3,0.14,39,0
4,104.3,85.3,22.2,84.1,32.8,0.341,45,0
0,162.8,77.0,24.3,42.3,27.4,0.581,21,1
3,103.4,86.3,23.6,97.6,23.6,0.178,37,0
6,82.3,80.0,21.4,69.7,30.5,0.227,44,0
5,199.5,71.6,25.2,51.9,22.6,0.287,80,1
0,69.4,66.9,13.4,105.8,18.0,0.737,39,0
1,119.8,85.7,15.7,82.5,18.4,0.368,52,0
2,118.4,80.3,19.4,77.7,27.1,0.199,29,1
0,137.8,82.9,27.0,76.5,25.8,0.473,58,1
2,104.2,77.9,22.5,50.0,25.7,0.122,21,0
2,106.2,78.7,23.0,294.4,29.4,0.74,46,0
3,110.2,77.7,15.4,88.2,18.0,0.379,40,0
2,172.6,78.7,29.8,31.7,30.4,0.603,63,1
6,142.7,74.4,11.6,278.5,23.4,0.192,45,0
5,87.7,78.0,24.3,100.1,27.8,0.178,33,0
3,98.1,77.9,22.6,86.8,31.5,0.632,58,0
2,110.8,88.6,28.2,79.8,35.3,0.45,45,0
0,86.3,66.0,24.1,52.6,22.2,0.159,22,0
5,65.0,91.2,24.2,93.8,32.7,0.15,34,0
0,93.2,79.5,27.3,46.9,30.6,0.114,21,0
2,85.8,72.9,20.5,115.8,26.4,0.266,43,0
4,165.4,77.2,26.3,216.5,30.4,0.277,46,1
4,117.7,89.5,15.4,71.2,24.7,0.601,74,0
1,67.0,80.9,19.9,51.8,21.5,0.203,34,0
4,105.1,77.6,17.9,143.3,33.4,0.413,32,0
0,129.0,75.5,32.5,41.2,26.2,0.299,21,0
1,138.4,80.0,22.7,84.7,37.2,1.036,34,1
3,121.4,76.7,17.1,61.8,35.9,0.408,32,0
3,131.9,73.9,14.5,152.2,20.6,0.583,39,0
4,110.5,75.3,26.3,105.2,36.6,0.087,32,1
1,110.6,78.3,21.6,131.6,26.7,0.508,32,0
1,220.4,83.2,22.4,142.1,30.1,0.753,39,1
2,95.7,76.9,20.1,112.2,29.5,0.549,35,0
4,74.7,81.7,26.1,129.5,22.1,0.328,32,0
0,101.0,71.7,23.1,149.3,25.4,0.721,31,0
1,111.5,93.1,30.2,153.5,34.1,0.434,85,0
2,65.0,74.9,24.6,73.5,29.1,0.208,31,0
6,131.0,73.0,20.7,104.4,20.5,0.436,33,0
1,95.5,76.7,18.8,113.9,32.8,0.669,21,0
1,65.0,83.8,19.6,62.9,20.9,0.325,58,0
0,114.3,73.1,22.8,96.4,32.7,0.463,21,0
1,89.0,74.2,35.0,118.2,36.0,0.432,23,1
2,147.5,84.8,25.1,147.8,21.8,0.396,48,1
0,82.7,82.7,30.3,148.7,33.7,0.309,21,0
3,97.7,80.6,24.6,77.0,32.8,0.08,27,0
5,126.0,83.1,29.3,69.7,37.3,0.432,36,1
2,103.2,81.2,24.2,15.3,20.9,0.099,35,0
1,84.8,72.5,24.1,112.3,20.3,0.75,26,0
5,84.7,80.2,22.3,48.5,24.1,0.681,52,0
1,153.4,78.5,28.8,31.3,21.2,0.47,54,1
0,97.9,88.4,33.6,114.7,42.3,0.511,48,0
2,76.5,84.9,24.2,131.0,27.8,0.08,29,0
2,106.9,79.5,25.3,125.2,28.0,0.554,40,0
2,110.3,78.2,24.7,103.4,36.5,0.196,28,0
3,133.4,87.0,23.1,77.6,24.4,0.266,85,0
2,73.9,80.6,25.5,85.6,30.1,0.641,43,0
3,169.4,73.4,19.4,120.2,18.9,0.08,29,1
3,97.7,85.8,21.5,120.5,25.8,0.246,85,0
3,170.3,90.2,20.9,77.4,37.1,0.125,31,1
1,121.5,84.9,24.2,68.3,34.7,0.138,42,0
1,133.2,80.9,29.2,87.2,30.1,1.569,53,1
0,141.4,74.2,17.0,45.1,26.7,0.347,28,0
3,101.7,70.1,25.7,45.8,27.9,0.251,27,0
0,71.6,74.1,22.3,64.4,30.0,0.204,57,0
0,138.0,83.2,20.8,71.7,18.0,0.251,53,1
2,184.4,86.2,27.0,109.1,36.7,0.639,53,1
2,115.3,78.0,17.3,22.0,18.9,0.141,46,1
3,116.8,86.7,21.9,120.8,21.1,0.496,84,0
4,125.7,72.9,23.5,123.3,18.0,0.252,38,0
4,68.3,80.8,26.0,35.0,31.4,0.116,25,0
1,152.6,77.5,30.1,71.6,38.3,0.098,21,1
0,75.3,69.6,22.3,22.5,20.4,0.111,31,0
2,162.9,83.3,28.1,126.4,24.2,0.338,21,0
1,123.4,81.8,20.9,136.4,24.5,0.08,67,0
3,156.0,72.0,22.7,83.7,23.2,0.813,45,0
2,65.0,72.9,29.7,71.3,26.7,0.282,25,0
2,143.1,88.4,22.1,203.6,26.6,0.248,59,0
0,121.0,62.6,28.5,110.4,32.3,0.117,21,0
2,107.0,83.6,25.7,500.0,27.4,1.393,23,0
3,151.7,85.0,20.2,241.7,19.5,0.626,39,1
1,139.9,82.1,26.6,87.4,34.7,0.661,71,0
3,120.7,82.1,27.5,39.9,35.3,0.47,44,0
0,65.0,77.2,25.1,132.2,24.6,0.394,21,0
0,104.7,76.8,27.2,100.1,32.4,0.445,23,0
3,144.0,81.2,23.6,76.8,33.9,0.189,25,0
4,95.0,81.5,27.1,55.6,27.2,0.126,41,0
0,124.7,75.1,26.1,54.3,25.0,0.08,21,0
2,135.8,76.6,24.0,98.6,35.9,0.436,21,0
2,155.3,79.3,26.9,73.8,27.2,0.209,33,1
8,122.1,80.5,36.8,265.1,34.0,0.273,50,1
2,85.5,84.7,30.8,223.8,41.0,0.694,51,1
3,154.6,71.4,18.2,127.9,32.3,0.593,39,1
0,107.3,77.6,14.0,205.1,19.6,0.569,55,0
5,131.5,83.8,24.9,116.7,22.8,0.34,85,1
4,94.5,83.1,19.6,61.2,22.6,0.886,75,0
2,73.4,74.5,23.3,66.8,30.1,0.209,29,0
0,75.0,66.0,13.3,95.0,18.0,0.352,21,0
2,160.5,68.4,21.1,52.0,27.5,0.279,31,1
0,113.7,70.9,21.8,217.8,23.5,0.147,23,1
3,138.3,81.8,18.4,145.9,18.0,0.293,46,1
0,181.0,73.9,25.1,61.9,27.2,0.572,21,1
4,145.0,77.0,20.5,117.6,19.6,0.797,36,0
1,175.8,65.2,18.7,50.4,22.7,0.08,23,1
4,81.3,84.5,23.0,26.4,31.8,0.398,32,0
2,115.1,73.5,29.4,49.8,26.3,0.14,37,0
3,86.6,89.3,31.3,112.6,33.7,0.405,49,0
3,80.9,82.8,28.5,98.8,32.1,0.526,37,0
1,95.5,78.1,28.7,43.6,33.8,0.45,28,0
2,91.1,73.7,20.1,77.7,34.4,0.363,53,0
1,96.2,75.6,24.6,145.4,25.4,0.155,38,0
2,117.8,74.7,23.3,174.0,26.1,0.458,29,0
1,125.3,79.0,26.2,104.4,21.8,0.08,49,0
2,146.2,75.7,24.0,115.0,29.5,0.112,41,0
4,133.1,76.3,16.8,70.1,28.0,0.159,48,0
0,177.6,77.0,20.7,104.4,21.5,0.173,61,1
0,182.6,70.3,27.8,69.0,28.1,0.335,21,1
2,99.2,87.7,26.6,93.3,32.6,0.208,85,0
1,123.1,72.9,19.6,55.3,25.6,0.462,45,1
2,115.7,69.9,20.5,152.7,28.2,0.148,21,0
0,82.4,89.5,22.3,97.3,29.4,0.818,65,0
1,144.3,72.7,25.6,43.5,30.5,0.334,26,1
5,141.4,85.7,32.0,108.9,30.6,0.27,76,1
1,137.5,82.3,18.8,34.5,25.4,0.103,22,0
2,145.0,79.9,22.6,164.1,18.0,0.95,36,0
2,95.1,84.3,18.7,41.8,24.0,0.298,53,0
2,157.0,80.0,23.9,78.8,24.9,0.529,50,1
2,155.3,80.3,30.3,54.2,35.0,0.363,43,1
8,65.0,85.2,22.4,124.8,21.2,0.374,58,0
1,101.1,72.1,34.2,179.9,35.6,0.53,30,0
4,131.0,80.3,24.2,75.7,30.5,0.206,59,0
1,206.8,72.4,23.7,180.1,31.9,1.57,27,1
1,123.4,74.7,23.1,87.3,23.6,0.154,21,0
4,125.9,80.8,21.6,97.3,21.8,0.341,72,0
3,106.9,78.9,24.2,31.7,36.7,0.392,28,0
0,112.5,76.9,27.6,52.6,22.2,0.081,21,0
2,164.3,84.2,15.7,97.7,22.3,0.169,50,1
4,118.6,78.7,17.6,171.3,20.1,0.9,40,0
5,162.8,77.8,14.7,127.4,19.9,0.259,44,0
2,108.2,72.2,19.6,158.5,28.2,0.531,32,0
2,128.3,74.6,25.7,88.8,34.9,0.507,47,1
2,65.0,85.7,16.7,62.7,28.4,0.14,69,0
3,96.7,74.1,23.1,125.6,30.4,0.216,43,0
1,105.3,83.7,24.0,112.0,32.2,0.489,21,0
1,113.6,77.4,21.9,27.0,18.0,0.36,37,1
4,111.6,76.8,25.3,124.5,28.7,0.08,45,0
4,110.2,80.0,24.6,47.1,29.8,0.482,74,0
5,155.2,79.3,23.8,110.4,20.2,0.08,51,0
3,100.6,84.3,28.2,46.8,31.3,0.52,25,0
2,135.9,76.0,25.5,54.9,24.7,0.108,36,0
7,116.5,77.3,21.1,75.1,26.6,0.462,53,0
4,105.1,89.6,28.1,80.7,37.9,0.676,47,0
3,183.6,79.8,28.2,38.3,33.1,0.297,48,1
2,135.0,66.5,24.1,109.6,30.8,0.349,21,1
2,111.2,85.0,29.8,69.2,29.9,0.554,50,0
3,135.1,71.3,25.4,70.0,22.7,0.31,41,0
6,133.8,72.3,21.1,66.4,24.4,0.553,51,0
2,112.1,74.6,24.2,97.3,28.1,0.253,40,0
2,83.7,72.5,25.0,224.2,21.9,0.358,35,0
3,102.8,82.3,12.7,38.7,23.0,0.104,60,0
3,65.0,75.6,18.1,60.6,24.0,0.227,46,0
0,95.1,68.7,28.7,215.1,39.1,0.1,21,0
2,136.1,83.2,24.8,106.2,34.0,0.296,39,0
2,124.5,73.9,25.0,52.4,27.9,0.301,32,0
1,106.5,72.9,21.4,208.7,21.2,0.539,30,0
3,130.3,77.4,16.6,63.7,27.9,0.383,47,0
1,145.9,75.4,22.1,81.8,26.9,0.08,40,0
2,119.2,82.6,26.2,112.0,37.0,0.129,46,0
2,106.7,81.5,32.7,110.7,36.0,0.687,56,1
2,107.5,73.1,25.0,38.7,22.4,0.373,36,0
3,86.7,85.4,19.7,151.9,31.4,0.65,55,1
5,140.9,78.7,21.4,204.4,24.3,0.451,28,0
3,181.5,77.9,12.8,60.9,22.2,0.08,61,0
4,74.6,77.0,25.5,31.3,34.3,1.568,29,0
1,97.7,75.1,27.3,130.4,29.2,0.176,22,0
1,124.9,87.7,26.5,147.9,42.5,0.43,44,0
1,105.2,81.1,23.7,80.5,26.0,0.08,37,0
3,135.1,56.5,19.1,157.7,22.4,0.288,39,0
0,87.4,69.8,17.8,92.5,23.5,1.039,21,0
1,65.0,76.2,17.7,168.4,27.8,0.258,21,0
0,145.1,83.0,14.7,312.2,21.2,0.34,32,1
1,139.6,84.3,20.8,52.1,25.2,0.31,51,0
1,142.4,77.6,30.4,82.9,21.1,0.139,32,0
0,177.8,69.2,18.5,119.2,23.6,0.885,21,0
2,99.7,80.5,18.9,201.7,23.7,0.385,62,0
1,174.4,82.2,27.1,42.8,30.1,0.115,21,1
4,163.7,76.7,20.3,37.0,25.8,0.446,39,0
2,105.6,75.1,23.5,71.0,26.2,0.536,51,0
5,77.7,79.7,27.7,62.8,24.3,0.135,31,0
2,83.7,77.6,20.3,128.4,19.1,1.152,51,0
2,136.9,80.8,19.0,120.8,23.5,0.336,71,0
3,81.3,84.6,34.1,75.4,35.8,0.386,50,0
2,122.4,72.6,24.6,44.3,19.9,0.332,36,0
2,108.1,83.2,25.3,35.7,25.5,0.637,39,0
0,123.3,68.0,24.2,72.2,22.3,0.301,21,0
1,144.3,82.3,26.3,103.6,29.8,0.307,29,0
2,128.0,72.7,19.4,68.0,23.9,1.465,21,0
2,142.8,68.6,29.2,68.6,28.4,0.415,24,1
5,176.5,82.9,23.9,101.0,33.6,0.482,37,1
4,65.0,83.6,14.6,86.1,27.0,0.88,43,0
2,123.9,70.7,25.6,80.4,23.7,0.187,47,1
0,113.6,85.1,22.4,249.9,34.9,0.756,81,0
0,115.4,72.9,16.4,279.4,25.5,0.209,21,0
1,65.0,74.3,22.3,218.3,30.7,0.411,24,0
2,121.9,76.3,28.0,100.6,24.6,0.218,42,0
0,98.8,85.3,23.8,65.1,31.1,0.326,53,0
1,137.5,71.7,27.2,126.1,31.4,0.571,27,1
3,197.2,76.5,35.5,99.5,36.6,0.09,40,1
4,79.8,78.3,19.4,172.9,25.5,0.397,43,0
2,126.7,93.3,27.9,196.9,33.4,0.158,75,0
2,65.0,66.5,26.7,59.5,31.4,0.368,21,0
0,119.7,73.8,25.9,113.1,26.5,0.247,46,0
0,145.4,88.1,23.8,143.3,22.1,0.223,54,0
5,130.5,80.6,18.6,34.0,18.7,0.467,48,1
3,158.6,84.3,19.2,28.6,26.3,0.226,65,1
2,136.4,73.4,24.0,171.5,24.6,1.082,22,1
1,65.0,66.7,15.7,89.1,28.0,0.58,21,0
1,175.1,82.7,26.9,182.9,23.7,0.284,63,0
5,67.6,72.1,26.3,79.8,31.2,0.15,31,0
1,174.1,84.3,24.1,79.4,26.1,0.332,36,0
5,136.7,81.8,22.8,128.8,28.3,0.223,38,0
0,126.7,81.7,17.8,239.3,19.1,0.731,40,1
6,170.2,80.2,26.4,87.2,27.4,0.118,56,1
1,133.7,72.5,24.0,135.2,32.5,0.114,46,1
2,146.2,88.5,20.4,21.3,26.1,0.25,21,0
3,121.2,70.6,20.3,76.1,18.2,0.511,36,1
3,95.0,83.6,21.1,115.7,25.3,0.413,43,0
3,81.6,82.2,23.9,15.2,32.9,0.154,48,0
0,182.5,66.2,21.2,76.6,19.7,0.08,35,0
1,163.8,65.0,26.0,277.2,18.0,0.303,29,1
4,111.0,74.3,31.3,83.3,27.1,0.141,58,0
1,95.2,69.2,17.4,71.1,19.8,0.412,31,0
2,166.4,83.1,19.4,33.0,18.0,0.227,50,1
7,145.3,88.9,23.3,112.9,26.9,0.528,56,0
5,149.6,76.3,27.0,82.7,35.9,0.63,42,1
3,157.4,79.5,24.2,50.3,24.3,0.08,27,1
7,153.6,66.8,20.6,56.5,18.5,0.141,46,0
5,177.8,75.5,20.4,74.0,18.0,0.08,33,0
4,142.2,81.2,23.1,45.6,28.5,0.301,85,0
3,72.8,82.9,25.7,75.4,28.7,0.463,54,0
2,104.3,78.5,21.6,35.1,26.6,0.24,53,0
0,131.2,88.2,23.1,202.8,32.7,0.428,62,1
0,125.8,73.6,35.3,175.9,32.0,0.715,21,0
2,140.9,73.1,28.1,45.4,21.2,0.443,36,0
2,116.4,84.7,27.1,147.3,33.6,0.787,60,0
1,68.6,82.6,29.1,62.1,27.9,0.345,29,0
0,124.5,73.3,22.5,141.5,25.4,0.096,21,0
1,65.0,68.2,17.3,90.8,20.8,0.697,40,0
0,65.0,70.8,21.3,48.7,22.5,0.626,24,0
3,132.1,76.4,20.9,233.2,21.4,0.944,26,1
3,85.4,77.0,25.7,144.9,35.0,0.408,35,1
0,101.4,77.1,16.9,103.1,25.1,0.556,21,0
3,130.9,81.6,22.7,102.8,27.8,0.118,34,0
4,97.4,73.9,18.4,38.2,18.0,0.973,42,0
2,128.3,88.5,16.6,56.3,20.8,0.729,85,0
1,153.4,67.8,16.8,68.7,23.3,0.25,30,0
3,88.1,81.4,26.8,75.2,38.3,0.714,35,0
2,97.2,82.6,25.4,118.9,25.8,0.183,49,0
3,135.3,77.8,22.4,61.8,25.7,0.229,32,1
1,101.1,84.2,19.3,70.6,19.9,0.836,28,0
1,135.1,81.5,22.2,34.6,23.9,1.488,60,0
0,131.5,87.0,19.5,71.7,24.0,0.135,72,1
3,104.5,76.0,29.2,157.7,33.5,0.185,32,0
1,157.5,77.7,21.4,37.0,18.0,1.119,27,0
4,76.6,76.4,18.4,66.0,18.0,0.265,25,0
3,134.6,83.3,24.9,124.1,28.5,0.08,50,0
0,65.0,94.4,25.3,75.0,31.6,0.525,64,0
4,118.0,75.2,24.3,46.3,22.1,0.08,45,0
1,116.9,79.2,21.0,75.9,33.8,0.226,50,0
4,76.4,69.3,24.6,147.4,26.6,0.841,58,0
6,164.1,78.3,19.1,84.4,21.1,0.574,73,1
2,79.9,73.8,20.8,97.7,20.3,0.901,45,0
5,104.2,79.7,23.3,61.4,28.8,0.288,31,0
2,152.8,74.4,25.2,50.8,30.3,0.538,52,0
1,122.2,84.3,19.8,114.3,18.0,0.665,61,0
3,102.6,75.1,20.8,116.2,24.0,0.378,33,1
1,95.8,66.4,23.5,49.3,18.5,0.08,21,0
2,115.7,75.3,25.0,155.4,27.3,0.258,31,0
1,102.5,81.1,24.4,361.5,26.5,0.471,21,0
1,118.7,71.2,21.5,98.0,25.3,0.789,21,0
0,94.3,74.8,26.7,151.5,39.9,0.446,31,1
0,143.4,84.4,36.8,63.9,35.6,0.79,36,1
1,94.8,81.8,31.9,71.1,29.4,0.261,47,0
3,67.3,77.1,18.0,76.6,22.1,0.285,50,0
3,205.2,72.0,14.0,92.1,22.6,0.952,32,1
3,147.1,85.6,30.1,138.7,34.2,0.08,48,0
1,93.5,72.4,20.7,69.8,20.1,1.546,46,0
1,86.7,77.8,20.7,51.2,28.8,0.08,46,0
1,137.0,80.6,23.8,68.1,38.2,0.352,26,1
3,94.3,81.2,13.0,102.1,18.1,0.679,52,1
3,148.3,74.8,24.6,54.2,34.0,0.294,41,0
1,131.6,66.2,27.9,79.8,30.9,0.086,37,0
4,124.3,81.5,28.6,50.1,29.3,0.205,27,0
1,121.1,75.3,29.2,137.7,28.9,0.08,32,0
3,161.8,83.7,24.9,65.2,29.1,0.429,56,1
1,108.6,75.0,23.3,38.0,30.0,0.301,48,1
1,119.5,69.5,16.0,127.2,24.2,0.131,29,0
7,90.8,81.8,33.7,85.6,29.9,0.168,40,0
4,134.4,77.4,20.8,67.0,24.8,0.08,47,0
4,87.4,76.6,20.2,41.2,22.9,0.25,29,0
1,154.1,85.8,18.6,50.4,25.3,0.093,52,1
0,157.2,70.6,22.4,66.1,26.0,0.107,21,1
4,65.0,83.7,25.4,36.1,37.1,0.4,52,0
5,147.8,86.2,21.9,80.6,33.6,0.641,50,1
2,75.3,71.3,20.4,55.0,28.4,0.08,43,0
0,101.2,74.0,15.5,96.3,19.8,0.551,34,1
3,114.3,78.4,22.5,75.9,22.9,1.045,25,0
2,100.6,78.1,19.4,89.2,36.6,0.082,38,0
1,103.6,83.2,19.1,19.9,20.5,0.276,46,0
3,140.9,83.9,25.1,72.6,31.2,0.61,52,1
2,149.3,70.0,19.0,124.4,24.0,0.99,27,1
4,111.3,82.8,25.6,93.6,30.8,0.151,31,0
4,114.9,79.2,25.6,91.0,28.4,0.352,32,0
0,135.2,76.0,21.3,134.5,28.5,0.163,21,0
1,81.3,87.9,21.3,104.9,21.5,0.304,63,0
2,116.2,83.8,27.8,90.9,29.5,0.814,85,0
2,107.8,80.5,16.8,35.4,27.3,0.321,65,0
2,124.0,77.6,17.3,153.9,26.4,0.316,25,1
1,77.7,82.3,19.7,109.0,23.1,0.272,77,0
3,126.7,74.7,22.0,39.2,25.1,0.255,35,1
2,124.1,76.5,18.2,94.3,21.9,0.939,52,0
2,178.3,81.0,24.6,166.8,25.6,1.97,51,1
1,73.6,72.5,27.0,82.7,30.0,0.714,21,0
4,189.1,77.0,14.2,82.4,19.5,0.509,39,1
2,176.6,73.2,30.5,106.9,27.3,0.182,25,1
1,156.1,67.1,25.9,76.4,24.2,0.673,21,0
1,98.8,86.4,31.8,60.1,34.5,1.298,42,1
1,146.5,75.8,24.7,92.6,25.4,0.407,49,0
0,65.0,74.7,17.1,92.7,27.0,0.501,29,1
0,65.0,77.1,23.8,102.5,29.6,0.735,40,0
2,96.6,84.2,31.0,45.1,36.9,0.482,64,0
2,83.9,79.4,25.1,75.9,29.6,0.791,34,0
3,65.0,77.5,31.7,99.6,40.7,0.136,21,0
0,166.8,80.7,27.8,106.8,33.8,0.671,54,1
4,92.1,69.4,30.5,92.2,26.9,0.177,32,0
1,129.9,72.0,23.5,74.0,18.0,0.08,28,0
2,205.0,74.1,17.4,142.4,23.4,0.553,33,1
3,111.4,82.7,24.5,38.8,31.1,0.282,33,0
1,73.9,66.8,18.9,86.5,20.6,0.246,21,0
3,174.7,79.3,25.3,77.6,18.0,0.3,43,0
1,110.3,76.1,25.6,228.6,28.9,0.265,43,0
4,142.2,76.1,19.0,140.0,18.7,1.701,34,1
5,65.0,87.9,21.8,31.1,28.0,0.146,41,0
5,124.5,86.7,22.2,60.8,26.4,0.228,50,0
2,113.0,78.6,15.7,111.4,19.2,0.394,43,0
1,103.3,75.6,33.9,91.0,37.9,0.342,27,0
0,146.0,68.4,23.9,79.4,23.8,0.132,24,0
2,93.4,85.8,27.4,127.2,32.9,0.225,83,1
4,106.1,88.0,35.5,40.9,34.6,0.188,43,0
2,118.3,81.0,24.9,87.5,23.3,0.104,35,0
1,142.7,82.3,21.2,58.1,38.9,0.383,48,0
2,107.1,76.8,27.5,76.9,22.8,0.473,29,0
3,110.0,77.6,29.5,302.4,26.9,1.226,55,1
1,109.7,78.9,20.9,138.6,29.1,0.588,32,1
1,109.5,72.1,21.2,34.8,19.7,0.249,21,0
0,72.8,76.7,21.6,142.6,26.5,0.117,37,0
1,139.3,75.8,28.0,43.8,31.1,0.403,23,0
5,141.4,72.5,24.6,74.4,29.4,0.625,35,0
2,65.0,80.8,29.5,135.7,34.7,0.301,33,0
2,100.5,76.5,23.1,166.4,21.0,0.112,45,0
2,157.3,84.8,21.7,102.8,26.2,0.135,70,1
3,118.4,83.3,14.2,33.5,24.6,0.143,52,0
1,104.7,71.5,22.2,85.8,22.5,0.165,43,0
3,79.3,72.4,23.0,51.6,25.8,0.178,40,0
5,155.3,78.3,26.1,28.0,28.7,0.817,44,0
3,92.6,90.6,22.1,53.0,23.6,0.196,67,0
1,137.0,77.0,25.3,82.4,23.5,0.411,47,1
2,176.5,72.4,25.1,163.1,29.3,0.865,21,1
0,118.9,68.9,27.5,298.8,34.2,0.639,24,0
2,160.5,80.1,36.0,119.2,33.6,0.468,59,1
4,129.9,85.6,22.8,59.8,30.1,0.157,43,1
0,147.3,84.8,22.3,42.4,21.2,1.08,66,1
4,107.0,77.0,20.5,90.1,22.1,0.222,51,0
2,86.8,86.6,14.5,76.7,24.1,0.29,40,0
3,100.2,81.5,27.9,59.8,24.8,0.665,39,1
3,103.6,69.7,21.0,59.8,28.9,0.08,29,0
4,123.6,74.4,16.3,227.5,24.0,0.21,34,0
2,137.8,72.7,21.0,81.6,29.8,0.224,21,0
6,65.4,71.8,22.6,134.9,21.8,0.293,26,0
0,120.2,80.5,26.0,107.2,33.7,0.115,23,1
3,125.1,70.0,21.9,87.7,26.8,0.493,37,0
2,116.7,74.4,26.5,130.6,30.3,0.18,30,0
0,81.6,76.2,26.2,96.1,27.8,0.461,21,0
2,128.2,75.0,23.6,99.4,20.7,0.142,48,0
3,127.0,71.9,31.0,86.8,31.4,0.08,32,0
3,141.5,71.7,23.8,49.2,22.9,0.358,54,0
2,107.9,83.2,18.4,102.6,24.8,0.737,46,0
1,124.7,80.3,17.0,133.3,18.0,0.513,85,1
1,133.0,76.2,14.4,131.5,23.2,0.157,37,0
3,116.5,76.9,15.3,144.1,23.3,0.292,29,0
1,72.2,77.4,26.0,95.8,24.0,0.297,26,0
2,65.0,79.1,22.5,108.3,29.2,0.08,50,0
3,89.0,78.5,27.2,68.6,29.2,0.485,52,0
6,65.0,78.1,30.7,79.0,39.9,0.08,38,0
5,123.1,77.3,27.0,196.9,32.4,0.252,42,1
1,82.3,80.1,30.9,56.8,37.7,0.08,59,0
2,94.0,80.8,25.1,138.9,21.0,0.252,51,0
2,171.7,77.6,17.5,40.2,27.2,0.611,43,1
0,102.4,81.7,34.1,88.3,35.7,0.836,21,0
4,153.0,80.9,22.7,271.8,28.8,0.448,26,1
2,116.3,80.4,22.9,92.6,28.5,0.431,32,1
1,69.0,84.4,32.5,53.9,30.9,0.144,33,0
2,113.7,73.6,20.1,88.1,19.7,0.286,27,0
2,65.0,77.9,28.1,144.1,35.0,0.272,26,0
6,122.0,73.8,17.9,74.6,22.1,0.927,34,0
1,85.1,72.6,14.7,43.7,24.0,0.084,40,0
3,114.4,86.3,18.6,136.0,22.7,0.123,47,0
0,94.0,71.4,28.8,85.8,28.0,0.08,21,0
1,152.9,79.6,30.5,104.5,29.6,0.18,30,0
1,116.4,71.0,19.5,77.6,25.0,0.494,21,0
4,105.0,86.4,24.7,43.1,20.5,0.08,37,0
2,99.2,78.3,17.6,128.1,20.6,0.243,37,0
2,121.8,72.4,18.5,114.0,23.9,0.212,36,0
2,102.9,78.1,28.1,79.2,31.7,0.267,33,0
3,65.0,75.0,28.5,65.2,18.0,0.142,31,0
3,97.6,89.7,28.8,73.8,36.3,1.744,36,1
1,115.1,80.8,25.3,152.3,23.5,0.154,47,0
1,90.8,66.3,23.2,159.2,29.8,0.125,32,0
1,122.9,69.7,25.4,74.9,28.9,0.133,22,0
1,118.4,72.8,22.4,48.7,24.4,0.639,42,0
0,65.0,85.2,16.9,84.1,30.5,0.737,52,0
2,92.3,65.2,26.1,155.3,18.0,0.832,21,0
0,157.3,81.0,23.7,44.6,27.7,0.377,21,1
2,132.1,80.3,21.8,132.7,18.0,0.094,21,0
1,135.1,79.1,18.6,30.9,28.2,0.734,36,0
2,146.2,88.1,26.1,131.9,31.9,0.38,73,1
5,107.2,81.4,18.0,74.5,22.8,0.465,68,0
2,97.0,86.6,34.0,63.5,43.2,0.32,42,0
0,142.0,74.4,27.0,125.3,32.6,0.481,21,0
2,150.7,92.5,20.7,61.6,32.1,0.275,67,0
1,154.5,74.5,20.8,103.0,26.7,0.199,69,0
1,94.6,75.5,23.9,148.6,25.1,0.281,25,0
5,136.0,74.8,24.3,30.1,34.3,0.188,38,0
6,111.3,76.7,31.9,123.9,39.3,0.311,52,0
1,137.6,81.7,22.0,81.0,22.6,0.199,63,1
1,112.1,73.7,21.7,120.7,24.9,0.399,35,0
3,114.2,75.0,26.5,69.7,29.9,0.12,54,0
1,140.6,87.4,21.7,132.1,35.3,0.307,44,1
4,104.5,75.2,22.0,90.9,22.0,0.303,43,0
1,103.1,69.2,18.5,75.7,20.9,0.13,41,0
2,149.0,85.9,19.4,88.8,19.5,0.536,74,0
1,128.2,83.4,33.9,46.3,32.3,0.582,39,0
5,83.5,86.1,28.9,55.4,32.2,0.616,46,0
3,152.2,89.8,20.2,125.3,19.2,0.561,74,1
4,161.7,86.5,30.5,85.9,37.0,0.218,48,1
3,124.5,78.0,15.9,115.2,19.1,0.404,30,0
1,104.8,76.3,25.6,155.6,23.0,0.171,37,0
2,166.6,69.0,16.0,83.6,19.4,0.636,26,0
5,164.5,84.0,29.9,137.1,31.5,0.08,37,1
2,86.7,69.8,25.5,102.3,35.3,0.602,35,0
5,106.6,76.5,24.6,171.8,32.9,0.126,32,0
3,113.3,71.0,23.2,63.4,27.0,0.849,41,1
1,167.5,72.6,20.5,58.5,27.9,1.029,21,0
6,143.5,83.7,26.9,90.0,27.0,0.142,82,1
1,104.7,83.9,20.7,110.7,28.3,0.159,36,0
4,114.8,82.1,22.1,118.8,30.4,0.493,38,0
1,111.5,79.6,17.7,51.9,26.2,0.299,67,0
1,90.6,69.7,27.2,96.4,23.9,0.086,48,0
4,131.6,75.6,16.2,80.4,31.5,1.049,31,0
1,129.5,70.1,23.7,81.1,18.0,0.153,33,0
2,133.9,73.7,21.6,102.2,31.7,0.313,59,1
4,122.1,76.0,30.8,153.7,37.3,1.469,62,1
8,80.3,72.7,20.8,85.8,24.7,0.243,30,0
3,94.7,82.8,20.8,99.7,26.5,0.244,66,0
1,117.0,75.3,19.5,35.6,26.9,0.097,21,0
4,143.8,70.7,23.1,41.3,27.4,0.517,70,0
4,124.0,83.7,21.7,73.4,28.1,0.759,44,0
1,75.6,81.0,22.9,124.3,27.1,0.08,66,0
1,65.0,80.7,21.8,96.6,24.6,0.343,50,0
2,113.8,74.5,20.4,133.0,29.4,0.088,31,1
1,128.1,81.3,23.6,213.7,32.2,0.36,36,0
3,140.3,79.6,20.9,41.6,25.0,0.198,31,0
2,171.1,77.0,11.8,116.5,22.1,0.825,27,1
0,151.0,89.3,26.7,155.7,34.0,0.86,47,1
2,134.7,74.8,26.7,154.3,28.1,0.308,21,0
3,97.8,75.8,20.9,191.1,18.7,0.602,35,0
1,161.2,80.7,25.7,193.1,33.0,1.055,40,1
1,80.3,78.2,28.4,15.6,21.6,0.775,21,0
3,150.0,77.4,25.2,67.9,25.5,0.471,44,1
5,175.3,83.0,23.3,217.7,26.1,0.74,50,1
3,159.8,77.2,13.0,178.0,24.3,0.167,47,0
3,102.5,81.5,22.9,30.4,31.7,0.132,46,0
2,65.0,79.1,33.3,171.3,35.8,0.26,40,0
2,91.0,77.8,21.5,108.4,32.7,0.348,24,0
6,116.5,88.8,33.9,81.5,30.6,0.361,72,0
3,106.1,79.5,20.9,126.1,25.3,0.577,21,0
2,122.7,76.5,36.3,173.9,40.3,0.08,35,0
1,65.0,80.5,29.5,49.6,30.0,0.08,31,0
2,140.4,76.7,21.0,256.3,33.8,0.08,40,1
3,95.1,77.5,20.2,93.9,24.3,0.192,27,0
3,115.0,82.5,23.8,77.0,37.2,0.938,60,1
2,99.7,66.0,17.4,60.3,18.0,0.384,21,0
2,139.0,74.6,13.6,62.8,18.0,0.378,29,0
0,96.9,68.8,27.4,54.2,32.0,0.109,34,0
7,65.0,74.4,21.6,44.4,19.3,0.362,47,0
2,132.9,78.5,15.4,45.9,24.2,0.08,47,0
5,65.0,80.5,28.4,227.8,27.1,0.507,56,1
4,109.4,71.8,21.8,189.7,27.7,0.98,53,0
0,149.9,78.3,28.5,40.7,38.0,0.412,35,1
4,133.4,76.4,25.3,127.9,27.8,0.256,54,0
3,115.9,75.3,17.4,182.9,19.9,0.355,35,0
0,117.2,72.3,24.2,72.8,28.4,0.438,21,0
2,81.4,75.0,24.1,242.3,24.1,0.466,21,0
3,128.1,78.4,23.1,140.9,25.9,0.268,34,1
0,130.8,77.9,23.7,174.5,28.7,0.184,23,0
1,121.8,81.7,28.4,163.9,32.0,0.565,36,1
4,115.3,82.9,26.2,95.7,30.4,0.157,53,0
7,110.4,74.8,31.0,65.5,28.3,0.393,32,0
1,140.3,74.4,26.7,152.8,33.5,0.172,21,0
2,95.4,78.0,24.6,38.4,29.6,0.152,48,0
1,72.0,77.2,28.5,65.4,30.4,0.265,31,0
5,144.0,76.6,19.3,138.1,18.0,0.132,34,0
4,72.8,83.1,30.4,47.6,36.5,0.08,85,0
4,91.3,70.2,20.9,30.8,23.2,0.636,56,0
3,128.6,87.2,27.3,65.0,23.4,0.149,62,1
1,125.6,72.2,24.4,125.6,29.8,0.55,33,1
2,109.8,76.9,20.2,49.3,22.9,0.459,83,0
3,160.0,79.4,19.2,116.7,23.0,0.432,25,0
2,146.2,70.2,24.6,17.8,37.1,0.401,21,0
2,111.6,87.1,25.3,140.8,36.3,0.778,85,0
1,97.0,74.6,16.6,47.3,26.4,0.19,21,0
3,123.5,86.3,24.3,53.2,25.1,0.824,31,0
2,121.0,79.6,23.9,312.2,24.4,0.263,48,0
0,153.0,77.0,12.1,101.4,18.0,0.369,33,1
4,108.7,77.7,26.7,45.4,33.0,0.658,28,0
3,147.8,69.9,31.9,139.9,28.8,0.304,39,0
2,72.4,76.8,21.2,67.9,24.3,0.362,38,0
1,126.3,85.1,28.6,83.6,40.4,0.183,41,1
3,92.3,77.1,22.6,90.2,18.0,0.514,65,0
0,115.2,80.5,25.5,151.8,36.1,0.276,50,0
3,108.0,70.6,27.1,80.1,21.4,0.648,35,0
4,79.5,87.5,25.9,50.5,37.7,0.251,43,0
0,91.5,78.7,22.9,63.5,35.6,1.184,21,0
1,100.2,83.8,20.4,81.1,20.9,0.08,36,0
3,170.8,72.8,24.4,67.3,30.8,0.322,45,0
3,97.9,71.6,23.9,78.7,30.2,0.08,27,0
2,65.0,78.4,21.0,118.9,24.3,0.428,31,0
5,91.3,93.3,21.1,73.2,32.7,0.25,56,0
0,65.0,75.5,26.7,43.5,33.5,0.339,23,0
4,81.6,81.3,24.7,136.6,30.8,0.094,57,0
3,65.0,77.9,23.5,88.4,24.1,0.203,75,0
5,95.1,79.7,30.6,134.0,36.9,0.2,32,0
1,126.9,78.4,19.8,84.2,23.7,0.754,23,0
1,101.8,81.6,20.5,72.4,26.1,0.671,27,0
1,103.5,83.0,22.0,43.6,27.4,0.378,72,1
1,196.7,70.9,23.8,116.1,29.8,0.08,22,1
1,95.7,74.7,31.3,75.2,25.6,0.218,23,0
0,122.0,74.5,28.6,37.7,26.0,0.08,21,0
0,118.4,81.7,19.4,50.1,19.1,0.227,31,0
3,123.1,84.2,12.1,142.4,18.0,0.08,41,0
3,95.5,81.6,34.1,207.8,31.9,1.137,68,0
0,139.5,86.6,28.0,66.7,32.5,0.165,32,0
2,153.0,89.9,30.7,80.9,41.8,0.624,48,1
0,117.1,75.9,29.3,121.2,28.6,0.363,28,0
0,152.3,78.8,22.9,168.2,21.7,0.676,21,0
1,132.3,76.0,14.6,90.2,20.2,0.965,64,1
3,120.4,71.8,29.7,93.5,23.3,0.483,41,0
3,81.9,88.2,23.1,91.1,29.7,0.454,50,0
3,111.1,77.6,18.9,76.8,22.7,0.285,40,0
1,146.9,76.1,32.7,48.1,32.1,0.776,21,1
1,102.6,82.0,24.6,134.2,30.7,0.343,56,1
2,117.5,71.7,26.9,39.6,29.6,0.125,27,0
3,80.6,71.2,24.4,168.5,19.1,0.152,47,0
0,126.9,71.2,25.8,103.1,34.3,1.308,22,1
1,129.8,82.3,30.9,100.5,40.8,0.243,22,0
2,190.0,79.7,23.9,92.5,21.6,0.521,28,1
1,122.5,83.1,22.5,138.6,24.8,0.175,25,0
1,124.7,65.8,21.9,117.3,21.3,0.549,21,0
1,110.1,85.6,25.3,83.3,28.8,0.133,85,0
3,112.2,82.7,26.9,40.9,30.4,0.493,38,0
1,105.4,72.2,22.1,135.2,27.1,0.28,21,0
0,158.5,75.8,31.6,131.2,34.0,0.512,21,0
2,98.5,77.6,20.6,51.5,35.4,0.258,25,0
2,151.8,71.7,17.9,38.1,20.0,0.304,30,0
3,112.2,76.9,29.8,58.9,28.5,0.197,51,1
0,88.2,81.9,16.1,66.6,29.8,0.115,41,0
3,97.1,72.2,26.5,71.5,29.1,0.09,38,0
0,92.9,73.3,23.2,28.0,25.7,0.871,21,0
3,97.9,78.7,24.0,76.0,29.2,0.094,47,0
0,76.4,76.0,16.6,36.5,19.2,0.655,21,0
4,91.1,83.9,30.1,80.2,35.7,0.347,34,0
2,65.0,78.4,15.0,85.4,26.0,0.258,43,0
0,118.4,73.1,18.0,127.8,24.3,0.323,43,0
1,97.1,70.6,10.8,43.5,18.4,0.662,40,0
5,107.9,83.5,28.4,87.7,37.1,0.321,41,1
3,88.6,76.2,27.0,53.0,38.5,0.392,39,0
3,158.5,69.1,24.1,83.3,28.3,0.51,21,0
0,65.0,62.5,31.9,85.2,20.2,0.178,21,0
0,144.9,81.5,22.0,109.6,25.9,0.404,54,1
5,65.0,76.7,23.3,131.8,26.7,0.439,54,0
1,91.2,67.4,20.8,57.9,23.3,0.356,22,0
6,126.7,79.6,30.9,157.4,29.5,0.227,40,0
3,177.4,84.0,26.7,37.0,31.6,0.103,44,0
1,139.9,78.1,23.3,83.5,27.5,0.294,38,0
7,65.0,73.7,20.4,49.7,18.7,0.503,57,0
2,126.1,68.9,18.7,148.5,25.0,0.537,30,1
5,89.1,70.7,25.7,61.1,25.5,0.277,32,0
3,191.7,87.2,22.5,109.1,25.4,0.551,57,1
1,124.9,82.9,23.3,53.6,35.4,0.08,21,1
2,145.5,77.8,19.2,159.1,26.5,0.117,53,0
2,87.1,87.6,28.2,103.2,30.3,0.461,69,0
3,85.1,89.8,23.3,24.4,36.4,0.803,47,0
2,113.4,77.0,28.0,48.2,27.3,0.396,36,0
0,91.0,73.9,27.6,37.3,27.5,0.118,21,0
1,125.5,79.0,31.8,84.5,28.2,0.211,40,0
2,100.7,79.6,22.1,78.6,36.1,0.572,26,0
3,114.1,80.4,35.9,194.8,42.8,0.426,33,0
3,146.0,82.6,29.4,94.9,28.1,0.359,44,1
3,116.0,73.9,28.6,106.9,34.7,0.812,25,1
0,106.4,75.9,17.1,91.8,34.5,0.352,22,0
2,92.3,84.5,26.2,36.6,34.7,0.372,29,0
3,98.2,83.8,22.5,108.6,31.9,0.356,66,1
1,137.6,72.0,28.9,102.7,27.8,0.844,44,1
4,110.6,71.1,27.8,141.4,36.3,0.585,26,0
2,84.3,78.6,13.1,99.7,18.0,0.14,28,0
3,102.2,81.1,19.9,166.3,24.2,0.53,61,0
1,141.6,71.4,29.1,81.4,34.1,1.046,21,0
2,104.8,85.1,17.8,91.2,21.4,0.08,65,0
1,65.0,76.9,29.2,86.9,38.7,0.142,24,0
2,144.0,96.0,27.8,204.7,21.0,0.148,64,1
1,107.2,79.2,26.0,61.7,33.1,1.209,53,0
1,140.4,78.0,19.8,115.2,20.5,0.62,23,0
2,101.9,80.2,24.8,240.0,32.3,0.269,50,0
1,130.3,77.2,21.2,104.0,22.3,0.179,21,0
3,133.3,82.2,30.1,105.6,31.8,0.229,58,1
1,91.4,66.7,19.6,246.8,27.8,0.493,23,0
3,72.4,72.2,24.0,106.0,30.1,0.145,58,0
0,78.4,78.5,33.7,500.0,30.9,0.357,21,1
1,121.5,72.4,27.6,35.8,32.5,0.977,23,1
1,110.1,81.8,22.3,98.1,27.9,0.414,72,0
3,114.4,83.8,27.0,83.3,28.0,0.832,46,0
1,128.7,82.1,29.6,158.9,26.7,0.531,24,0
2,104.6,77.2,16.7,51.3,25.8,0.361,42,0
2,100.5,84.4,26.6,40.3,34.3,0.1,42,0
3,88.6,72.5,25.4,141.9,28.7,0.728,34,0
3,127.0,80.7,24.2,88.6,26.1,0.385,41,0
5,169.4,81.0,26.0,141.8,32.8,0.218,61,1
3,98.9,77.6,23.6,77.8,31.5,0.31,53,0
2,129.3,79.7,17.6,112.9,34.6,0.42,47,1
1,157.2,75.5,22.3,110.2,23.3,0.623,24,1
1,93.4,68.8,19.0,46.0,20.8,0.226,21,0
1,171.2,75.2,19.5,23.4,28.3,0.167,36,0
1,85.2,76.5,23.7,72.7,18.0,0.235,53,0
1,132.7,79.0,21.2,162.2,26.5,0.884,21,0
4,79.5,70.6,18.2,39.6,24.3,0.08,30,0
0,131.8,65.4,30.0,61.9,23.8,0.288,46,0
2,94.0,76.7,26.0,150.9,18.0,0.101,65,0
0,65.0,72.6,23.5,115.9,29.4,0.547,21,0
1,159.6,91.4,26.9,79.9,28.4,1.125,36,1
4,121.6,80.7,24.9,73.3,26.9,0.993,29,1
6,97.8,78.1,18.7,58.9,32.8,0.466,38,1
4,107.5,84.2,24.2,96.3,28.3,0.312,47,0
2,108.9,69.4,28.5,484.4,28.4,1.074,21,1
1,103.6,76.8,27.2,59.6,31.5,0.08,24,0
2,102.5,78.2,26.0,106.3,28.6,0.294,25,0
1,110.5,78.1,35.8,83.5,26.3,1.265,32,1
1,178.6,76.8,29.0,125.3,25.5,0.24,59,1
1,65.0,68.6,25.9,185.2,21.3,0.187,23,0
3,65.0,76.5,24.4,140.6,27.2,0.08,27,0
2,129.4,77.0,18.5,170.0,33.5,1.29,21,1
3,65.0,70.8,28.5,149.1,29.8,0.19,32,0
2,99.0,69.2,25.1,128.9,25.0,0.75,33,0
3,89.9,65.1,26.1,93.6,32.0,0.132,34,0
1,113.8,83.0,25.3,172.0,29.8,0.909,85,0
1,95.0,86.6,17.2,83.6,24.6,0.408,53,0
2,110.3,77.2,24.7,133.5,34.9,0.119,37,0
2,90.1,73.8,18.0,63.6,20.5,0.374,47,0
5,74.8,75.1,21.6,143.5,27.4,0.295,28,0
0,106.5,88.4,23.4,105.2,22.9,0.148,85,0
1,131.3,84.5,26.5,43.3,33.2,0.08,54,1
4,135.2,79.7,20.7,131.5,21.0,0.597,51,0
3,120.8,86.8,23.3,98.0,22.4,0.684,66,1
3,155.8,90.5,21.4,74.2,39.6,0.536,76,1
0,117.7,66.1,21.9,106.3,27.9,0.354,23,0
4,141.3,85.7,25.2,81.3,31.6,0.85,62,1
2,106.6,86.7,15.1,101.4,27.6,0.094,45,0
1,129.6,85.2,18.7,40.9,25.7,0.217,42,0
2,177.7,84.5,23.2,97.6,31.3,0.126,72,1
1,120.7,75.6,24.8,48.6,27.4,0.207,24,1
2,153.3,70.7,18.9,45.0,23.9,0.945,37,1
2,115.3,83.4,17.0,77.0,32.2,0.308,35,0
6,74.9,82.3,23.3,52.8,33.6,0.257,45,0
4,120.1,80.4,21.2,80.6,31.5,1.157,46,0
3,132.1,83.0,22.6,69.2,31.7,0.349,61,1
5,142.2,71.5,26.4,79.6,29.1,1.049,38,0
3,93.2,85.5,24.7,117.7,31.7,0.592,74,0
2,235.5,88.7,22.7,86.2,22.9,0.553,47,1
0,149.6,69.4,32.7,50.7,29.8,0.431,23,1
3,155.2,79.9,27.4,179.9,28.0,0.329,29,1
5,143.1,78.6,22.7,77.3,23.9,0.089,51,0
4,88.1,77.7,25.3,77.7,37.5,0.515,46,0
1,101.6,91.8,19.1,52.3,29.2,0.482,45,0
1,133.0,83.3,24.0,97.7,22.8,0.486,79,0
4,65.0,80.2,17.0,87.3,26.9,0.47,58,0
1,99.8,76.5,24.2,96.8,29.1,0.212,31,1
2,98.9,78.1,18.4,88.9,33.8,0.607,35,0
3,134.4,73.2,26.3,122.1,31.0,0.08,31,0
0,83.2,72.9,25.4,64.9,29.3,0.101,25,0
2,179.3,94.2,28.2,98.8,30.1,0.268,82,1
3,218.2,87.8,25.0,195.2,27.0,0.377,46,1
3,128.9,66.3,24.6,137.6,27.4,0.371,21,0
1,154.8,91.3,17.7,187.0,34.5,0.129,71,1
3,130.9,74.6,27.7,132.6,39.4,0.514,27,0
3,97.7,82.5,21.9,169.0,37.8,0.122,42,0
7,85.0,80.6,15.6,114.7,21.5,0.08,39,0
0,126.0,76.6,23.3,122.3,23.6,0.528,21,1
1,93.4,76.2,24.8,109.6,25.5,0.147,21,0
2,147.4,82.1,22.1,130.0,29.8,0.094,53,0
5,94.4,77.7,18.5,148.6,20.5,0.439,64,0
1,122.1,82.5,21.8,149.2,24.5,0.636,43,1
4,87.6,82.6,23.4,167.8,29.9,0.846,85,0
0,85.4,64.2,24.0,48.9,22.7,0.312,28,0
2,161.2,79.6,26.5,57.6,30.0,0.087,21,0
3,100.2,82.9,22.3,102.5,32.9,0.337,46,0
1,102.0,82.2,25.6,106.4,33.6,0.501,24,0
2,94.3,85.9,22.2,38.1,29.7,0.269,37,0
2,98.9,79.8,19.6,35.2,32.3,0.188,59,0
4,111.6,69.8,17.6,90.3,21.2,0.299,29,0
1,65.0,84.9,23.0,204.2,30.9,0.442,37,0
1,141.0,84.2,35.6,46.5,37.6,0.436,63,1
3,127.6,78.4,19.9,144.7,19.1,0.216,35,0
2,143.1,82.8,29.1,218.8,32.6,0.092,46,0
1,156.4,92.8,22.4,195.6,30.0,0.698,49,0
4,119.7,78.0,33.1,136.3,35.0,1.037,35,1
2,118.3,79.6,17.7,140.6,21.4,0.141,35,0
1,134.1,68.9,21.7,48.5,22.6,0.133,38,0
1,72.9,77.6,29.4,81.7,35.3,0.31,28,0
2,103.5,78.3,26.4,87.2,18.0,0.08,45,0
2,146.3,65.7,19.1,52.8,18.0,0.516,28,0
3,142.6,83.7,30.9,67.1,32.9,0.88,30,0
1,185.4,75.9,17.8,77.6,18.0,0.26,24,1
0,112.6,82.2,27.9,145.0,29.7,0.641,65,0
1,153.9,77.3,20.7,92.8,18.0,0.459,21,0
3,113.1,91.4,26.8,54.7,29.2,0.28,80,0
0,79.8,79.0,28.0,113.1,26.7,1.111,36,0
1,120.7,76.1,27.8,62.9,38.6,0.097,31,0
2,108.0,79.6,28.4,126.8,20.7,0.301,24,0
2,101.5,71.5,19.5,129.9,25.6,0.509,25,0
2,80.6,83.8,28.3,91.1,29.2,0.17,28,0
7,106.7,90.0,21.5,133.2,19.1,0.238,85,0
4,88.1,79.5,22.7,122.4,22.4,0.378,28,0
4,178.5,88.5,32.1,93.1,35.4,0.626,47,1
4,144.0,75.0,23.7,90.0,27.2,0.092,34,0
2,77.6,81.8,19.5,135.8,22.7,0.69,83,1
2,95.9,81.5,24.0,51.2,29.1,0.56,42,0
2,102.4,74.8,20.9,102.8,25.4,0.715,21,0
2,108.3,84.8,22.5,145.8,25.8,0.112,30,1
3,88.2,95.1,23.5,110.9,35.8,0.205,85,1
4,111.5,73.5,26.3,133.5,29.2,0.121,54,0
6,147.5,76.9,31.7,80.9,33.0,0.61,37,0
0,103.2,70.6,24.0,104.3,29.2,0.526,24,1
0,76.9,76.3,22.7,43.3,24.0,0.221,26,0
0,65.0,75.4,24.0,142.0,27.7,0.19,23,0
2,65.0,87.2,29.7,105.7,34.6,0.403,21,0
2,124.1,90.1,26.9,68.4,22.5,0.142,53,0
1,119.0,77.9,16.9,66.1,26.3,0.659,48,0
7,108.5,79.1,21.2,72.5,28.2,0.115,40,0
4,96.4,78.8,21.6,51.8,20.4,0.129,69,0
2,101.4,76.4,28.1,97.5,31.7,0.395,52,0
1,123.3,74.8,30.5,234.3,29.8,0.553,21,0
0,96.0,90.9,15.9,117.5,19.0,0.325,85,0
3,116.6,80.9,27.4,100.8,24.7,0.286,38,0
1,106.9,91.8,18.7,68.4,19.7,0.799,55,0
2,118.2,85.9,24.3,48.3,26.9,0.181,38,0
6,65.0,75.1,20.9,115.2,25.9,0.208,40,0
0,140.9,63.0,27.3,162.7,24.7,0.144,21,1
0,123.9,73.7,24.1,164.5,24.5,1.187,29,1
5,99.8,78.3,29.3,27.0,22.6,0.08,47,0
1,104.9,87.9,23.8,37.2,26.8,0.537,35,0
1,131.9,67.9,21.8,48.3,30.7,0.08,21,0
6,110.9,90.9,22.8,78.2,30.1,0.08,55,0
4,134.4,71.6,20.7,71.9,25.2,0.08,35,0
0,118.6,75.6,20.2,149.8,18.0,1.063,39,0
0,144.8,72.0,25.7,108.7,28.6,0.671,21,0
1,84.1,84.5,20.7,100.1,27.2,0.122,21,0
1,119.1,71.1,23.3,42.7,24.9,0.299,40,1
1,65.0,83.1,27.2,76.8,31.5,1.01,65,0
0,84.1,70.0,31.9,56.4,33.5,0.37,54,0
2,71.7,88.2,27.9,36.7,35.8,0.085,51,0
0,109.9,86.3,30.4,125.2,37.5,0.744,42,0
0,104.2,69.1,26.4,36.5,26.7,0.144,21,0
1,95.4,79.4,26.2,105.1,39.2,0.384,21,0
2,72.2,86.1,23.1,163.3,25.1,0.553,85,0
5,65.0,85.2,28.7,74.4,27.9,0.969,34,0
3,78.6,79.0,32.9,105.0,37.0,0.139,29,0
3,142.9,77.8,20.3,53.4,22.5,0.301,39,1
1,115.9,76.9,24.5,104.5,30.5,0.23,24,0
2,85.3,75.1,37.6,129.9,34.0,0.318,31,0
4,111.9,88.8,19.5,47.0,25.5,0.445,79,0
2,123.3,79.7,28.9,121.1,26.4,1.089,44,0
6,118.3,81.7,23.5,48.5,35.1,0.16,49,1
1,97.6,76.2,20.0,141.6,27.0,0.561,36,0
1,97.7,82.4,21.3,69.2,25.6,0.092,61,0
2,100.0,71.8,28.4,50.7,21.4,0.338,60,0
4,153.7,73.2,20.4,101.8,24.3,0.509,34,1
0,134.0,84.2,17.2,107.1,25.3,0.177,38,1
3,156.3,72.9,20.1,22.2,23.2,0.75,66,1
3,118.7,73.3,19.1,107.6,36.2,0.15,39,0
2,83.4,66.6,14.8,113.6,24.1,0.109,32,0
1,156.4,83.8,27.0,64.2,37.2,0.291,33,0
1,104.4,80.0,27.1,88.4,38.0,1.071,30,0
3,79.4,77.0,29.4,89.1,33.6,0.319,39,0
6,84.1,72.6,22.2,50.9,25.7,0.549,31,0
1,137.1,77.2,16.6,41.8,24.5,0.506,39,1
1,119.4,82.0,23.6,92.7,30.9,0.273,27,0
1,91.7,79.5,26.3,73.2,27.7,0.33,45,0
3,91.5,82.5,23.2,72.2,28.6,0.281,48,0
3,201.4,83.9,30.4,92.3,34.5,0.103,51,1
3,129.3,84.9,16.7,80.4,20.6,0.3,48,0
6,109.2,84.3,19.8,61.2,27.1,0.155,59,0
3,129.4,81.6,23.8,51.1,27.2,0.528,40,1
1,65.0,79.6,18.9,74.3,28.2,0.502,39,0
5,84.2,70.8,19.8,53.6,32.5,0.778,29,0
3,89.0,77.2,25.3,82.7,40.7,0.433,54,1
1,157.2,78.9,26.4,53.4,26.4,0.144,30,1
1,65.0,77.5,25.7,110.8,31.2,0.815,21,0
2,84.7,78.7,23.8,87.1,22.3,0.315,28,0
2,116.3,78.7,17.0,94.9,28.1,0.178,55,0
7,100.3,85.2,32.3,29.4,35.3,0.145,50,0
2,83.6,74.5,26.5,156.9,29.1,0.474,43,1
1,106.0,81.7,22.6,33.6,37.4,0.428,85,0
3,167.0,82.6,25.1,56.2,24.2,0.273,45,0
8,142.6,71.2,29.5,137.4,28.7,0.365,26,1
1,65.0,91.5,15.1,68.1,20.0,0.116,25,0
2,117.5,87.6,29.3,121.8,33.5,0.148,48,1
3,65.0,74.2,13.2,119.6,21.4,0.839,70,0
0,123.6,77.9,24.9,83.7,28.1,0.171,38,0
0,144.4,84.6,26.1,86.6,38.4,0.962,45,1
5,71.2,83.8,21.9,77.8,30.7,0.504,46,0
2,127.0,83.9,28.1,52.5,23.1,0.08,85,0
1,163.5,84.1,19.4,109.7,18.0,0.147,57,1
2,65.0,81.6,17.3,90.5,21.5,0.242,64,0
1,118.2,71.4,22.8,164.3,30.1,0.134,25,0
4,119.6,79.8,27.2,114.1,32.2,0.204,30,0
4,111.6,79.7,23.2,68.3,27.2,0.464,28,0
6,81.2,74.2,19.5,101.0,20.8,0.155,34,0
2,124.4,76.2,22.5,172.3,25.8,0.156,40,0
2,102.1,78.2,27.7,75.6,26.1,0.23,44,0
1,122.8,81.4,30.5,128.2,33.9,0.173,37,0
2,91.9,72.4,25.7,55.1,32.3,0.388,28,0
0,116.0,77.9,25.8,210.5,29.2,0.116,23,0
1,199.9,73.4,24.9,140.1,33.3,0.261,46,1
2,65.5,83.7,21.9,104.1,29.6,0.518,52,0
1,65.0,78.8,25.7,84.5,33.5,0.114,35,0
0,119.2,77.2,24.4,48.7,30.4,0.185,21,1
3,104.6,87.5,23.0,113.5,29.6,0.388,57,1
0,108.5,69.8,22.6,71.9,27.3,0.306,34,0
0,81.7,71.8,27.0,78.9,38.1,0.489,21,0
2,127.2,90.3,27.7,95.4,30.0,0.444,38,0
3,160.6,80.2,26.6,104.3,25.5,1.371,59,1
0,91.9,74.2,26.6,79.4,20.4,0.224,32,0
0,146.0,78.2,21.1,91.2,34.6,0.454,21,0
5,123.9,78.1,24.2,68.9,26.8,0.815,34,1
1,128.3,73.3,26.4,56.6,28.8,0.184,28,1
2,120.5,84.3,30.1,57.7,35.9,0.497,41,0
0,100.6,77.8,20.2,98.4,30.4,0.362,38,0
6,136.3,79.3,29.8,44.5,30.4,0.763,30,1
2,97.1,72.6,22.7,190.3,30.1,0.768,30,0
2,146.3,86.1,25.8,184.4,28.4,0.769,67,1
3,151.4,78.4,21.1,84.8,25.4,0.199,48,0
2,108.6,83.0,23.8,60.7,30.1,0.282,47,0
5,81.0,80.5,19.7,52.8,22.8,0.535,56,0
3,114.3,80.5,27.2,74.9,25.6,0.366,34,0
3,150.8,81.0,20.5,81.7,18.0,0.219,74,1
1,99.0,87.6,28.7,58.2,22.7,0.165,44,0
3,119.2,83.1,27.2,132.8,30.9,0.63,40,1
5,107.5,81.0,19.8,78.8,30.7,0.242,44,1
2,102.6,79.9,22.8,123.7,31.3,0.327,34,0
3,167.8,65.9,27.6,70.5,18.0,0.688,28,0
1,144.4,86.9,21.6,77.3,28.0,0.126,62,0
0,89.7,76.8,28.6,77.0,33.3,0.264,22,0
2,65.0,71.9,33.4,104.5,31.5,0.741,23,0
5,129.9,75.1,24.4,202.8,27.1,0.169,36,0
2,87.9,74.9,24.5,102.9,31.1,0.361,26,0
0,122.9,73.7,23.4,132.7,22.0,0.339,21,0
3,107.6,76.7,26.7,280.3,32.9,0.129,22,0
0,155.8,72.0,21.8,91.9,26.1,0.57,26,1
1,109.7,78.0,23.1,41.9,22.9,0.946,45,0
2,121.9,79.7,14.8,39.6,27.3,0.794,35,0
1,184.9,87.2,17.2,106.3,24.0,0.465,57,1
1,152.7,76.6,23.9,38.8,21.0,0.614,21,0
0,65.0,77.3,23.4,72.8,26.3,0.576,22,0
0,105.9,76.9,22.6,44.1,29.0,0.296,24,0
4,97.5,77.8,22.7,74.4,31.9,0.188,42,0
5,133.5,75.5,21.7,105.2,30.1,0.322,28,0
4,96.9,73.2,25.3,84.9,40.7,0.216,33,0
0,65.6,76.0,28.0,109.5,29.0,0.244,23,0
0,118.4,82.0,30.4,179.4,36.2,0.662,22,0
2,145.6,81.2,34.0,90.9,28.8,0.976,27,1
4,110.2,82.2,27.9,123.6,31.3,0.477,58,0
2,107.9,70.7,21.6,166.6,27.7,0.263,21,0
1,112.1,85.9,20.6,133.2,29.7,0.27,61,0
0,90.6,87.1,23.3,82.2,30.7,0.467,56,1
3,107.6,85.2,31.8,269.6,33.1,0.185,30,0
1,105.5,68.7,25.7,105.8,18.5,0.637,38,0
4,134.3,81.8,25.8,62.3,26.0,0.716,44,0
1,153.1,85.3,25.7,60.7,22.1,0.508,51,0
0,138.8,62.2,21.8,115.2,18.0,0.206,24,0
3,101.3,79.4,26.1,67.9,30.6,0.791,53,0
3,65.0,74.7,18.3,77.6,26.0,0.307,40,0
2,107.7,79.7,13.3,60.9,24.2,0.227,24,0
3,135.5,83.7,25.5,106.4,28.5,0.803,40,0
0,146.1,81.6,26.4,64.8,31.4,0.291,24,0
1,107.5,86.6,29.8,117.9,30.6,0.335,38,0
2,96.4,76.7,23.6,106.8,24.3,0.285,31,1
4,76.4,70.9,20.4,193.2,28.2,0.701,41,0
2,141.1,81.1,24.7,33.9,32.3,0.391,42,0
2,66.1,79.2,17.9,77.6,18.0,0.529,65,0
3,143.5,85.9,29.6,48.2,22.3,0.08,50,0
2,96.4,80.9,26.2,73.9,27.0,0.42,46,0
0,77.6,77.4,23.1,65.0,19.2,0.562,21,0
3,159.6,78.7,24.0,145.2,21.8,0.232,58,1
2,75.2,75.9,28.1,127.5,34.6,0.115,32,0
0,69.0,67.1,29.4,99.4,28.7,0.221,23,0
0,178.2,79.1,14.1,140.7,27.3,0.293,85,1
1,134.0,79.0,15.3,142.9,22.1,0.826,28,1
1,128.0,81.7,21.6,124.0,25.2,0.91,68,0
4,122.2,72.9,20.4,113.6,20.0,0.665,44,0
3,93.2,78.9,23.4,67.7,25.9,0.687,48,0
1,98.9,73.0,19.7,110.7,18.0,0.535,38,0
3,170.5,68.0,24.6,260.6,34.7,0.08,25,1
3,112.1,73.2,28.1,145.1,22.5,0.224,52,0
1,93.9,73.8,27.0,56.9,21.9,0.384,42,0
4,157.8,83.1,16.9,40.6,26.9,0.505,42,0
2,91.1,77.6,23.3,57.5,29.7,0.806,39,0
6,130.0,68.1,27.4,40.0,28.0,0.637,34,0
1,159.2,76.0,27.8,51.4,31.4,0.501,52,1
3,109.1,87.5,18.7,89.3,23.0,0.283,47,0
3,65.0,77.0,21.2,85.7,28.2,0.202,55,0
1,143.2,86.3,25.8,164.8,27.6,0.261,35,1
3,155.9,75.0,31.8,105.7,29.8,0.434,33,0
0,115.7,67.1,20.5,101.5,30.0,0.304,30,0
2,108.0,76.8,26.3,77.2,32.1,0.423,40,0
0,114.5,85.9,25.0,228.3,38.3,0.921,21,0
0,118.0,82.7,24.7,109.1,26.8,0.336,85,1
0,104.0,75.4,18.9,139.9,21.3,0.17,28,0
1,171.3,79.5,26.6,100.5,24.6,0.621,64,1
2,121.4,88.8,15.8,217.7,25.6,0.218,31,0
2,115.6,74.6,22.7,24.2,31.2,0.178,21,0
4,139.9,74.9,21.2,85.0,31.1,0.08,49,0
2,101.6,86.2,23.5,261.2,28.9,0.109,77,0
3,107.2,81.7,31.5,37.8,28.3,0.267,48,0
3,131.0,84.5,24.1,137.3,25.8,0.728,75,0
2,113.8,83.9,30.1,68.6,27.5,0.458,62,1
0,139.0,71.0,22.8,125.8,20.6,0.155,24,0
1,105.1,77.7,21.0,125.7,27.0,0.55,52,0
1,128.3,82.9,23.7,109.4,28.6,0.198,45,0
3,140.8,73.6,28.2,126.5,33.0,0.08,27,1
3,147.6,74.5,15.1,54.0,19.1,0.175,60,0
1,65.0,75.2,23.6,82.9,29.4,0.216,22,0
2,124.6,85.7,24.7,120.7,37.3,0.515,58,0
2,142.0,78.2,21.2,214.3,28.9,0.332,53,0
2,84.2,80.5,19.8,109.3,26.5,0.396,40,0
0,149.4,76.2,22.9,150.0,31.2,1.078,29,1
2,121.7,76.8,19.8,27.7,27.7,0.221,52,0
0,101.2,81.8,14.2,68.5,21.3,0.716,21,0
3,128.7,79.0,21.2,69.4,27.1,0.288,26,0
2,141.3,77.3,31.9,62.9,31.3,0.456,38,1
3,65.0,77.6,24.8,93.6,18.0,0.097,40,0
1,166.8,78.4,22.0,160.7,25.4,0.962,27,0
4,65.0,77.9,20.0,137.4,20.5,0.373,27,0
2,79.7,85.1,18.1,144.4,27.2,0.116,49,0
1,160.6,76.5,26.4,116.1,30.7,0.08,24,0
0,144.6,69.8,22.2,70.4,26.4,0.681,32,1
0,100.6,79.5,28.0,74.3,24.7,0.308,22,0
0,147.9,82.5,15.4,50.4,23.2,0.373,39,1
3,126.0,69.0,16.3,93.7,23.3,0.479,35,0
1,122.5,71.3,19.3,54.1,30.9,0.08,21,0
0,65.0,80.1,26.0,71.0,30.5,0.88,21,0
0,82.1,86.9,26.9,62.9,36.8,0.281,21,0
2,103.2,91.4,17.0,102.3,30.1,0.277,66,0
2,65.0,79.4,30.4,240.2,32.9,0.103,28,0
4,139.8,85.7,16.5,113.1,21.6,0.174,45,0
2,113.1,86.7,25.7,48.7,26.1,0.357,24,0
3,157.2,96.8,21.0,36.5,21.0,0.241,70,1
1,98.5,69.2,24.2,55.3,26.0,0.189,21,0
3,69.8,95.6,16.0,110.9,24.4,0.387,63,0
1,83.3,71.7,23.8,79.9,29.1,0.142,40,0
0,124.8,73.9,30.8,84.5,27.2,0.528,51,0
6,150.3,84.3,25.0,34.4,30.8,0.08,66,1
2,115.8,78.6,29.3,134.6,34.0,0.336,43,0
1,146.7,87.3,24.0,112.8,29.1,0.416,78,1
3,114.8,85.3,17.3,111.0,27.1,0.186,66,0
3,135.2,85.2,29.2,76.6,28.5,0.131,51,0
2,170.0,88.1,28.3,64.6,37.6,0.613,61,0
2,132.5,73.3,23.9,117.6,23.0,0.511,39,1
4,91.6,85.9,27.9,156.4,27.7,0.379,25,0
3,123.5,83.1,20.2,129.3,22.1,0.247,85,1
2,118.2,78.8,20.4,122.5,25.7,0.5,40,0
5,103.5,85.5,19.5,133.9,30.7,0.25,44,0
1,89.5,76.4,13.5,53.7,29.5,0.206,21,0
0,186.4,81.6,24.4,61.8,27.9,0.086,68,1
5,106.6,71.4,25.9,43.3,19.3,0.321,43,0
1,65.0,66.6,27.4,57.4,31.9,0.17,49,0
3,94.7,78.8,27.1,70.8,34.7,0.122,52,0
3,90.4,71.5,19.7,81.7,18.8,0.08,27,0
2,107.1,86.5,23.9,112.2,30.8,0.257,67,0
3,67.0,82.7,18.6,121.2,20.8,0.26,46,0
3,97.5,67.8,24.1,109.4,33.0,0.529,21,0
2,123.0,77.5,27.7,82.7,32.1,0.202,61,0
2,72.1,79.2,30.5,127.1,35.0,0.191,37,0
1,152.5,64.7,21.7,61.6,24.7,0.212,29,1
0,116.4,73.9,21.6,69.7,24.2,0.207,21,1
3,120.5,73.1,28.8,135.3,37.9,0.34,32,0
4,102.2,78.3,21.8,94.2,26.6,0.487,31,0
0,122.1,86.1,24.6,71.5,24.8,0.263,64,0
2,139.5,78.7,22.7,143.3,23.2,0.359,30,0
0,122.6,73.4,26.3,109.0,19.5,0.327,21,0
0,151.2,81.4,23.9,82.7,25.5,0.417,49,0
3,119.5,89.8,27.7,100.3,32.4,0.521,66,0
6,141.8,77.1,18.5,133.0,19.6,0.32,33,0
0,128.6,93.4,26.2,116.4,27.0,0.485,85,0
3,65.0,87.3,36.9,72.7,27.7,0.196,61,0
4,86.8,90.6,25.4,28.0,20.7,0.08,68,0
1,88.6,76.4,21.4,73.2,19.9,0.64,48,0
3,89.4,79.1,14.7,90.5,26.8,0.135,46,0
1,80.5,80.4,24.9,39.2,33.2,0.384,29,0
4,151.2,79.4,17.5,66.0,21.8,0.734,77,1
0,163.4,90.1,27.2,128.6,24.7,0.548,71,0
2,65.0,78.5,24.6,69.6,27.3,0.08,77,0
3,140.3,78.9,26.9,160.8,36.1,0.095,39,1
0,134.1,83.9,18.7,319.3,31.3,0.844,34,1
3,186.2,89.0,26.1,89.2,36.0,0.615,54,1
2,112.5,79.0,25.3,84.1,32.1,0.443,32,0
0,65.5,84.9,35.4,230.9,33.1,0.08,39,0
1,65.4,70.5,21.0,165.7,18.8,0.199,21,0
2,150.8,66.3,20.0,57.5,18.0,0.169,44,0
3,87.8,82.8,26.1,68.5,32.4,0.432,51,0
4,138.0,79.6,25.0,99.6,29.5,0.209,69,0
1,114.1,78.2,18.0,56.4,18.0,0.568,55,0
4,143.4,81.0,22.6,71.4,23.0,0.113,60,0
4,65.5,94.0,19.8,117.3,25.0,0.157,83,0
3,117.2,83.8,28.0,202.4,31.7,0.762,27,0
0,140.2,78.2,27.7,97.1,27.9,0.206,24,1
4,137.1,83.4,24.2,263.9,32.1,0.223,43,1
1,145.8,71.3,24.6,77.1,20.8,0.783,23,0
1,65.0,72.7,16.5,101.0,18.2,0.092,45,0
2,111.3,70.1,13.8,80.1,18.0,0.547,23,0
0,114.1,80.3,28.7,51.0,30.2,0.168,26,0
0,161.9,76.7,19.7,94.1,26.8,0.533,21,0
2,202.8,79.8,24.1,142.0,28.1,0.446,44,1
2,161.0,71.2,28.8,109.1,28.5,0.93,21,0
2,143.7,69.5,19.5,198.0,18.0,0.624,49,0
3,129.3,74.3,17.7,125.3,27.0,0.245,53,0
1,116.1,77.2,30.4,133.8,33.1,0.958,28,1
1,155.4,70.5,29.6,122.9,33.5,0.08,56,1
3,121.4,78.4,25.3,81.6,23.6,0.383,53,0
5,99.9,89.1,20.6,61.2,24.0,0.339,62,0
1,113.0,75.1,22.9,68.0,29.8,0.336,27,0
1,92.7,80.1,26.8,157.8,27.7,0.318,26,0
1,65.0,75.9,21.6,181.8,20.6,0.284,52,0
3,65.0,80.2,19.9,94.7,25.1,2.146,42,0
2,116.4,78.1,24.8,105.3,31.4,0.483,44,0
3,65.0,83.0,20.3,27.4,21.8,0.224,70,0
1,78.0,79.7,24.3,107.1,38.1,0.401,21,1
1,130.0,80.3,24.9,91.4,27.4,0.127,58,0
2,91.0,80.0,17.7,137.5,25.1,0.505,53,0
2,75.6,84.1,25.1,216.6,32.6,0.408,51,0
2,79.3,90.2,24.2,106.4,29.4,0.153,60,0
6,153.2,72.7,24.4,64.9,31.3,0.162,36,1
0,141.5,73.4,12.2,17.2,18.6,0.713,23,0
4,88.3,71.6,21.2,145.6,28.4,0.253,30,0
6,130.7,80.5,22.0,40.6,31.4,0.08,28,0
0,118.4,83.7,26.2,130.5,28.5,0.722,21,0
4,141.3,84.7,31.1,145.3,32.0,0.44,51,0
2,155.9,78.9,21.2,63.6,35.8,0.554,34,1
2,65.0,81.5,24.6,104.9,31.7,0.426,36,0
6,128.5,81.0,22.6,78.5,27.8,0.356,31,0
0,116.2,85.3,26.0,62.7,36.6,0.265,39,0
4,150.1,85.6,29.9,58.9,34.9,1.25,75,1
0,65.0,77.4,15.5,29.8,33.1,0.427,21,0
3,73.9,83.6,18.3,104.5,24.8,0.666,81,0
3,118.1,78.5,26.4,97.7,22.9,0.494,44,0
0,106.2,76.7,20.7,86.1,26.1,0.408,31,0
1,126.3,76.5,19.3,48.0,29.7,0.08,33,0
2,65.0,69.3,12.8,122.1,24.8,0.265,26,0
1,153.2,71.8,23.8,73.1,28.3,0.511,21,0
1,120.8,88.8,25.8,76.0,29.4,0.121,24,0
5,120.8,80.9,33.9,229.2,34.2,0.178,39,0
7,110.3,72.3,26.8,89.9,36.9,0.246,35,0
3,78.2,77.6,25.4,122.2,27.7,0.766,48,1
3,90.1,79.3,24.3,100.5,23.2,0.303,31,0
2,167.5,68.7,25.6,104.9,31.9,0.107,29,0
3,117.4,84.9,20.2,161.7,23.9,0.159,85,0
3,115.3,77.0,23.9,123.6,21.5,0.08,26,0
3,142.3,73.6,28.2,127.8,34.5,0.538,27,0
3,89.8,75.7,24.7,358.3,24.4,0.537,60,0
4,128.8,87.0,25.3,111.3,34.3,0.193,53,1
2,119.9,72.1,22.1,61.5,20.8,0.22,32,0
1,106.0,77.0,21.8,115.3,31.9,0.471,55,0
6,99.4,81.2,23.4,88.6,38.0,0.687,41,1
2,136.2,73.5,8.5,93.4,20.3,0.095,31,0
1,132.8,85.2,21.0,55.0,30.7,0.761,52,0
2,90.7,81.6,17.2,153.2,25.1,0.593,39,0
0,130.1,75.2,10.5,91.0,22.4,0.651,21,0
4,79.0,82.2,36.8,50.5,44.4,0.186,52,0
3,92.8,78.3,18.0,112.7,21.5,0.4,37,0
4,127.1,80.8,25.1,195.2,30.5,0.149,72,1
4,123.2,79.3,24.7,116.8,22.7,0.683,56,0
1,80.4,79.9,28.1,89.9,28.3,0.39,43,0
1,126.4,89.5,22.8,61.1,28.1,0.33,33,0
0,109.1,69.3,30.0,95.2,30.9,0.56,39,0
2,149.0,75.2,13.8,44.1,27.2,0.673,25,0
3,128.4,88.5,18.6,310.9,27.4,0.332,43,0
0,78.7,82.9,24.1,82.0,29.4,0.442,74,0
2,120.9,88.2,18.5,127.1,30.1,0.103,85,0
1,90.4,82.5,26.7,151.3,32.7,0.41,65,0
1,117.5,80.4,27.4,140.3,25.2,0.518,41,1
1,127.4,63.8,20.9,282.3,20.3,0.488,21,0
1,130.7,68.1,19.7,54.5,23.3,0.158,38,0
2,84.3,85.3,28.1,67.5,30.2,0.574,58,0
4,95.5,85.0,15.6,351.4,21.1,0.658,55,0
1,116.5,81.2,22.3,147.8,20.9,0.095,36,0
5,100.9,71.8,16.9,71.8,22.1,0.277,35,0
1,101.6,81.8,23.5,27.6,23.8,0.48,46,0
2,80.8,89.3,18.2,77.0,22.6,0.083,40,0
1,127.0,81.3,22.9,116.4,27.8,0.844,38,1
2,94.2,74.8,20.3,83.3,26.7,0.08,37,0
1,104.6,80.0,23.4,109.5,30.6,0.995,69,1
0,116.3,73.1,29.9,65.2,23.5,0.354,24,0
2,65.0,76.6,26.8,53.3,31.5,0.259,34,0
2,65.0,76.4,22.9,99.6,22.3,0.139,35,0
3,165.8,74.8,25.0,145.3,38.6,0.698,42,0
3,65.2,74.4,17.9,130.3,19.6,0.598,39,0
0,144.4,67.5,24.4,71.0,27.7,0.449,38,0
1,143.4,77.3,20.1,193.9,29.6,0.347,24,1
2,114.4,74.9,30.4,120.8,31.7,0.233,39,1
1,162.7,79.8,18.9,44.1,18.0,0.397,51,0
3,141.3,74.4,19.1,33.2,20.9,0.449,43,0
0,121.3,72.9,28.2,69.7,26.7,0.432,23,0
2,127.4,75.6,19.8,57.7,24.2,0.08,41,0
5,145.5,76.2,19.9,45.2,30.6,0.703,40,1
3,127.7,73.1,23.7,56.8,25.0,0.271,33,0
1,142.3,82.4,30.1,81.0,31.2,0.273,43,0
2,166.5,72.5,22.1,32.8,18.2,0.219,29,1
3,155.2,83.9,21.9,61.4,34.1,0.149,52,1
1,105.1,102.5,32.4,104.2,36.2,1.053,83,1
1,87.7,80.2,29.3,88.6,34.5,0.115,54,0
3,116.5,77.1,20.6,88.9,30.4,0.322,27,1
2,181.4,87.7,16.1,115.2,21.0,0.629,51,1
5,77.3,83.2,25.5,105.3,26.4,0.173,56,0
5,108.2,81.8,26.5,91.7,25.6,0.08,46,0
2,110.7,76.7,26.0,200.9,27.5,0.915,48,0
2,87.9,80.1,23.9,104.3,24.9,0.402,38,0
0,118.8,79.4,23.9,71.9,29.0,0.973,22,0
2,96.7,78.2,21.3,86.1,22.5,0.194,37,0
2,113.3,69.1,20.2,69.0,20.2,0.168,25,0
5,109.6,75.6,33.0,121.8,29.8,0.262,35,0
5,116.1,76.0,21.9,72.9,30.5,0.593,30,0
2,84.2,78.5,19.1,119.6,21.3,0.203,24,0
2,98.7,83.7,25.0,98.5,28.7,0.566,68,0
1,109.9,82.1,22.4,119.5,34.0,0.188,39,1
1,113.9,69.9,21.5,133.8,27.5,0.155,31,0
2,115.3,79.9,31.2,41.4,31.0,0.757,21,0
0,133.9,74.0,18.5,47.5,18.1,0.747,21,1
0,79.9,74.1,33.7,109.9,26.3,0.662,55,0
7,106.4,79.3,27.1,104.7,26.3,0.43,43,0
4,85.3,87.2,20.9,78.1,30.7,0.505,85,0
3,82.0,73.6,28.2,66.0,28.2,0.297,28,0
4,126.2,75.6,30.6,190.2,32.2,0.494,65,0
3,117.6,72.0,22.6,43.9,21.3,0.424,37,0
3,97.7,80.6,33.2,79.5,23.6,0.27,26,0
2,96.0,84.6,23.0,500.0,32.0,0.477,32,0
2,73.1,77.0,27.6,96.5,31.5,0.159,41,0
1,148.7,74.9,21.3,98.9,24.1,0.59,31,0
2,110.6,70.7,27.6,105.5,26.4,0.652,22,1
2,65.0,71.9,15.3,21.7,24.7,0.84,25,0
4,117.2,77.6,17.0,103.9,18.0,0.096,49,0
3,90.6,79.4,24.1,58.4,28.5,0.199,24,0
1,95.7,72.4,24.1,65.8,20.7,1.215,29,0
0,146.6,82.2,25.4,45.7,26.5,0.08,24,1
2,107.3,82.3,25.1,46.0,23.7,0.172,44,0
2,168.2,87.5,19.0,260.6,25.8,0.922,85,1
2,211.1,93.5,31.1,169.2,37.9,0.409,48,1
1,159.0,71.4,21.4,231.1,18.0,0.348,27,1
3,81.1,77.1,35.4,99.8,39.5,0.559,44,1
3,160.0,78.7,20.3,61.4,27.3,0.685,28,1
1,96.7,77.5,28.8,29.2,31.0,0.722,42,0
2,131.0,78.9,19.2,45.1,19.2,0.58,71,1
2,159.2,75.9,20.6,158.7,33.9,0.177,38,0
1,79.1,79.0,27.7,56.7,27.1,1.177,45,0
2,118.9,72.6,23.4,63.6,24.5,1.038,39,0
1,118.8,78.4,18.8,72.9,24.1,0.201,57,0
5,87.1,74.1,21.3,100.6,18.0,0.214,52,0
0,65.0,71.7,22.0,76.5,22.0,0.28,33,0
5,137.9,72.3,26.7,57.5,22.3,0.157,52,0
2,69.7,78.3,16.5,46.5,21.9,0.335,42,0
1,135.8,79.5,25.2,85.6,32.9,0.579,32,1
1,108.9,76.0,20.7,111.3,29.4,0.421,32,0
3,157.9,74.9,26.2,57.5,35.0,0.367,41,1
4,78.8,90.7,20.8,57.9,18.6,0.084,45,0
0,112.6,73.1,25.2,166.3,22.6,0.203,36,0
2,182.0,81.9,22.7,68.0,29.1,0.847,45,1
3,92.3,73.2,24.8,101.8,23.8,0.139,27,0
0,167.5,65.2,24.4,84.9,24.0,0.138,23,0
1,89.9,73.3,25.0,44.6,29.3,0.092,21,0
3,120.1,80.7,24.6,72.5,23.3,0.144,49,0
1,87.7,72.1,16.7,83.4,18.0,0.09,21,0
0,131.6,80.7,13.4,45.7,23.8,0.615,45,0
3,74.6,78.3,26.9,88.3,34.2,0.243,31,0
5,97.8,78.5,24.2,146.9,27.3,0.313,34,0
0,98.8,84.2,23.6,132.8,26.1,0.665,34,0
1,92.2,77.6,32.1,42.1,30.5,0.615,85,1
2,162.0,68.4,24.5,97.9,25.0,0.724,29,1
0,90.3,69.8,16.8,73.0,18.0,0.507,25,0
3,118.9,74.4,22.5,60.9,19.2,0.531,81,0
1,174.4,74.0,23.5,134.8,23.6,0.499,21,0
1,123.0,74.3,25.8,100.9,27.7,0.357,22,0
1,65.0,86.2,28.7,83.1,33.9,0.818,56,0
5,179.9,74.6,17.7,47.3,24.1,0.224,46,1
3,150.7,69.0,24.1,82.9,33.6,0.513,32,1
1,156.2,86.1,26.3,85.2,32.8,0.498,24,0
0,158.0,69.2,18.5,55.4,24.0,0.324,21,0
2,112.0,82.0,29.6,134.8,28.9,1.001,73,0
5,67.9,70.1,18.7,69.7,30.0,0.563,52,0
1,146.6,69.5,24.8,223.2,30.1,0.114,69,0
3,65.0,86.2,22.4,99.5,26.5,0.439,60,0
3,69.2,87.3,28.9,108.2,31.1,0.384,47,0
4,114.7,76.3,26.3,226.6,35.3,0.345,29,1
1,148.2,77.1,29.0,207.0,39.9,0.087,24,0
2,93.2,72.1,24.4,66.7,29.3,0.159,63,0
4,95.5,82.8,21.4,115.7,28.2,0.741,31,0
2,196.7,68.5,20.7,112.0,25.5,0.801,24,1
3,144.7,70.4,19.3,117.5,23.6,1.156,28,0
2,129.4,77.2,26.3,115.7,18.7,0.24,64,0
2,162.4,75.9,17.4,103.4,18.1,0.458,25,0
5,134.4,76.8,23.2,102.2,31.2,0.486,32,0
3,79.2,77.5,22.2,225.5,24.3,0.366,37,0
1,76.4,72.9,21.9,53.1,24.1,0.08,43,0
3,110.2,69.1,23.3,67.4,28.0,0.235,25,0
2,106.0,84.6,33.5,92.9,32.8,0.129,36,0
3,182.4,82.8,28.2,159.8,25.2,0.08,56,1
2,111.3,88.3,21.7,101.1,18.0,0.285,85,0
1,170.9,70.9,15.7,133.2,20.4,0.288,23,0
1,127.1,73.8,22.6,142.9,38.2,0.089,24,0
2,141.5,66.9,21.0,99.5,35.6,0.371,26,0
4,65.0,82.8,31.2,45.6,38.8,0.303,50,0
3,190.8,75.3,20.9,41.7,27.1,0.535,23,1
1,90.8,81.9,15.3,61.5,22.1,0.7,35,0
2,150.6,76.5,22.3,81.7,27.0,0.46,34,0
3,65.0,81.3,18.1,160.9,24.3,0.236,85,0
2,168.1,78.1,29.0,109.3,36.6,0.509,29,1
0,65.0,78.4,27.0,69.5,26.1,0.191,28,0
3,83.5,88.0,31.3,95.4,45.4,0.333,50,0
0,100.3,83.0,32.7,45.9,31.1,0.643,44,0
3,102.6,77.7,28.5,148.3,35.2,0.724,28,0
2,104.3,78.7,23.5,109.6,18.6,0.214,66,0
0,127.0,78.9,32.4,64.2,38.8,0.349,21,0
0,80.6,71.7,25.9,91.4,27.4,0.567,37,0
2,125.5,77.6,27.1,45.6,26.0,0.759,33,0
3,169.9,66.6,20.0,172.9,22.1,0.176,36,1
4,80.8,80.7,12.9,55.3,20.2,0.917,27,0
3,111.6,77.8,25.9,69.8,29.5,0.226,36,0
3,142.2,76.0,25.1,227.3,21.8,0.09,41,0
0,65.0,74.7,25.5,39.8,34.5,0.241,21,0
0,73.5,70.9,24.1,90.4,25.8,0.464,31,0
7,132.1,82.1,13.6,86.9,26.6,0.31,26,0
2,104.1,83.4,23.9,144.8,21.7,0.201,78,0
2,122.0,80.5,22.3,75.8,31.2,0.525,46,1
1,128.3,74.2,15.2,52.1,25.5,0.309,25,0
1,65.0,84.8,25.0,125.8,23.7,0.375,30,0
0,170.8,75.7,20.4,125.9,22.4,0.253,33,0
3,111.6,74.4,27.7,144.5,32.9,0.72,29,0
3,112.8,79.8,25.7,58.1,28.0,0.406,48,0
2,108.9,81.0,26.7,88.4,25.5,0.712,72,1
0,132.7,80.5,29.0,104.4,33.2,0.301,21,0
2,139.2,67.3,22.7,52.5,28.7,0.15,32,0
3,65.0,85.9,25.6,136.7,28.0,0.542,85,0
4,140.7,78.8,25.6,37.1,24.2,0.178,33,1
1,74.3,90.0,15.2,102.8,31.4,0.835,43,0
2,98.0,72.4,23.9,72.4,31.6,0.19,21,0
4,80.5,82.0,21.8,86.2,29.1,0.663,66,0
1,97.1,76.3,18.2,126.4,28.0,0.377,22,0
1,103.5,87.7,37.4,83.0,37.8,0.255,46,0
2,107.7,71.6,27.7,122.9,22.9,0.231,24,0
1,65.0,71.6,18.7,129.3,25.7,0.203,21,0
1,115.2,67.8,13.6,91.7,22.8,0.194,44,0
0,129.7,70.1,20.1,25.2,28.5,0.444,52,1
0,111.9,77.1,23.4,132.9,22.1,0.432,37,0
1,96.4,71.1,22.0,103.7,25.8,1.085,21,0
1,84.6,92.6,32.1,47.6,32.1,0.297,85,0
2,65.0,74.0,24.6,63.8,21.7,0.154,51,0
1,130.7,87.0,19.5,49.7,32.1,0.341,41,0
3,123.3,78.8,28.1,67.1,21.3,0.182,61,0
3,101.4,80.5,17.0,110.4,28.5,0.103,29,0
4,65.0,85.0,31.7,66.7,29.7,0.878,82,0
2,108.4,75.9,20.5,164.0,33.3,0.458,52,0
1,96.4,81.6,21.1,186.4,32.5,0.491,59,0
2,157.7,68.1,19.9,45.3,22.8,0.224,32,0
0,150.8,76.2,22.4,56.6,29.0,0.315,22,0
3,89.3,80.0,21.0,34.2,23.1,0.142,41,0
2,138.4,79.8,21.5,42.3,30.8,0.127,30,0
2,79.3,99.7,20.4,48.5,33.2,0.323,85,0
0,155.6,73.3,27.2,78.7,27.3,0.515,21,0
2,120.8,89.8,26.3,89.5,27.6,0.138,69,1
0,181.5,71.1,19.3,149.7,27.1,0.591,21,0
0,92.5,71.4,30.5,48.0,24.6,0.935,24,0
0,154.8,72.4,20.9,57.4,23.8,0.117,21,1
1,161.8,75.5,24.4,59.4,32.9,0.322,30,0
3,100.0,83.3,23.5,222.8,26.2,0.335,34,0
2,71.1,81.7,23.8,96.8,28.3,0.411,28,0
2,139.0,78.9,25.1,70.6,30.8,0.695,45,0
4,83.2,73.4,25.9,60.1,28.7,0.607,34,0
0,103.7,74.9,17.4,135.3,23.7,0.721,21,0
0,88.8,79.3,23.4,159.7,27.2,0.325,24,0
1,175.8,72.3,32.6,70.0,30.8,0.149,32,0
0,116.5,82.1,22.4,225.8,29.4,0.905,60,1
3,126.0,67.1,18.1,127.3,20.1,0.36,40,1
2,114.9,73.0,23.0,144.1,19.5,0.135,30,0
0,90.4,73.2,18.9,198.3,23.5,0.22,21,0
2,133.9,81.3,22.5,129.0,25.8,0.45,41,0
2,144.5,86.4,22.2,44.0,23.8,0.194,66,0
2,94.9,67.4,16.4,81.4,18.0,0.35,33,0
6,117.8,77.7,16.6,107.2,20.0,0.43,25,0
6,148.5,81.5,25.0,145.8,25.4,0.085,49,1
1,77.3,87.4,35.3,111.2,36.6,0.406,61,0
2,109.6,83.9,27.1,78.5,40.0,0.237,35,0
5,141.3,77.9,31.9,84.3,30.9,0.08,51,0
4,82.3,72.5,24.1,129.9,26.6,0.689,31,0
2,119.0,77.5,19.1,166.6,27.7,0.2,52,0
4,97.8,78.3,19.7,108.9,28.0,0.184,68,1
4,92.2,81.3,24.4,59.9,29.0,0.194,56,0
2,92.6,85.7,28.7,233.5,26.8,0.416,48,0
0,72.0,92.3,22.8,82.9,25.0,0.095,78,0
4,65.0,82.8,28.8,65.8,36.9,0.35,33,0
1,84.3,72.4,20.9,46.8,20.7,0.722,48,0
3,128.1,77.8,26.9,104.1,32.5,0.276,34,1
1,83.5,80.8,21.8,265.5,18.0,0.975,48,1
3,100.5,71.3,31.1,92.3,29.9,0.08,51,0
3,70.8,72.3,18.4,124.8,18.5,0.234,57,0
1,119.4,82.6,19.1,177.5,37.8,0.386,38,0
1,170.5,70.3,22.3,91.2,23.4,0.17,21,0
2,133.0,80.1,25.5,60.8,28.3,0.095,34,0
2,106.6,84.1,24.5,39.3,32.7,0.345,51,0
5,128.1,76.1,23.0,72.8,21.5,0.478,44,0
1,152.7,75.4,24.9,98.7,28.1,0.08,46,0
1,147.0,83.0,29.3,171.5,25.9,0.457,53,1
1,151.0,73.3,32.4,113.8,33.0,0.153,22,0
1,122.7,80.5,25.1,101.6,33.2,0.08,54,0
0,172.0,83.6,25.7,109.6,29.4,0.95,80,1
0,103.6,80.4,17.9,71.7,20.1,0.08,32,0
2,161.3,81.5,22.8,29.4,24.7,0.452,58,1
3,137.7,77.6,15.9,169.0,27.0,0.725,40,1
4,94.1,82.2,24.9,188.4,34.4,0.882,46,1
4,65.0,79.1,28.7,114.4,19.9,0.08,55,0
2,121.5,86.8,20.7,215.4,26.0,0.254,43,0
3,65.0,72.3,26.1,181.6,34.6,0.889,31,0
2,121.9,80.7,26.0,80.4,26.3,0.185,44,0
1,83.9,82.1,22.9,44.6,27.5,0.756,25,0
2,140.6,68.8,17.8,113.7,18.0,0.398,21,0
1,72.4,78.0,20.0,70.6,25.0,0.189,21,0
3,176.2,78.5,25.1,194.9,30.6,0.181,70,1
5,123.6,79.3,31.7,81.3,23.1,0.616,47,0
2,65.0,84.5,21.1,149.8,18.0,0.506,52,0
3,139.7,73.4,20.3,53.0,22.2,0.086,42,0
1,65.0,74.6,24.3,17.3,34.5,0.425,21,0
2,133.7,76.3,26.2,49.1,29.5,0.504,68,1
1,88.8,79.8,23.6,58.3,32.4,0.375,31,0
1,187.5,76.7,22.5,182.1,30.8,0.302,21,0
2,112.7,83.1,33.9,97.8,41.2,0.244,34,0
0,65.0,81.3,28.0,34.7,33.1,0.35,64,0
0,109.1,76.2,24.7,74.4,27.3,0.08,24,0
3,83.2,74.7,25.1,96.5,26.1,0.491,33,0
3,161.5,76.6,35.8,105.8,30.2,0.89,32,0
0,125.1,83.5,33.6,37.1,34.2,0.435,24,0
2,101.3,75.7,19.4,28.9,22.9,0.138,40,0
2,128.4,78.7,23.3,224.4,30.0,0.634,26,1
0,142.6,87.3,28.4,141.6,28.5,0.221,69,1
2,140.3,79.7,33.3,184.2,29.2,0.25,21,0
0,65.0,71.1,18.1,63.7,25.8,0.408,21,0
1,158.7,82.7,23.8,186.5,30.6,0.514,33,1
0,65.0,78.8,30.1,122.1,34.7,0.15,38,0
1,149.8,76.2,25.4,106.4,29.5,0.378,28,1
1,95.8,83.6,6.7,23.8,18.0,0.242,53,0
0,104.1,68.8,26.3,152.4,22.3,0.236,35,0
3,105.8,81.4,28.0,131.8,37.0,1.128,48,1
4,118.2,81.4,14.9,97.4,20.9,1.154,67,0
2,155.4,87.0,22.0,89.3,20.6,0.379,77,1
2,156.6,67.8,21.0,124.8,24.3,0.162,33,1
2,121.1,76.0,13.6,43.7,23.3,0.351,40,1
1,141.7,71.6,28.7,196.7,27.6,0.15,21,1
4,107.7,72.8,25.7,86.8,30.0,0.158,43,0
2,103.8,80.3,26.0,26.0,29.8,0.212,34,0
0,142.7,75.6,22.8,186.8,24.9,1.089,23,0
1,148.3,73.7,25.8,87.3,24.6,0.34,59,0
2,96.1,73.9,25.3,232.5,25.7,0.413,23,0
6,167.2,84.2,25.5,49.9,34.3,0.505,62,1
1,157.3,77.4,23.3,133.2,25.0,0.938,47,1
2,65.0,80.1,23.5,144.1,29.5,0.08,43,0
1,88.0,72.6,19.9,137.4,26.8,0.094,27,0
2,94.7,79.9,18.6,112.2,24.5,0.205,21,0
2,103.3,72.3,28.5,94.5,32.0,1.328,59,0
3,80.2,80.0,28.4,78.7,24.2,0.167,27,0
3,110.0,84.4,25.3,123.4,28.8,0.931,48,0
0,121.7,77.9,17.1,223.9,31.0,0.08,49,0
4,170.3,72.6,28.3,78.4,29.9,0.548,38,0
3,149.4,82.5,25.4,53.2,29.3,1.308,43,1
5,190.9,75.7,23.9,40.2,27.8,0.392,46,1
6,73.5,78.8,20.8,104.7,28.1,0.846,41,1
2,119.2,82.5,24.2,99.4,27.4,0.269,25,0
0,110.5,75.9,25.8,153.6,24.7,0.214,21,0
1,111.0,78.5,22.6,58.9,24.2,0.08,28,0
1,96.6,85.4,33.9,87.0,27.4,0.673,32,1
3,100.8,80.9,19.9,165.3,28.4,0.444,68,0
2,102.3,79.7,20.1,119.8,28.9,0.309,21,0
2,138.5,75.8,21.4,70.0,30.7,0.813,73,1
2,125.5,83.6,21.0,96.9,21.2,0.673,83,0
3,93.4,78.0,29.3,39.5,29.5,0.08,28,0
2,145.1,73.8,27.4,98.7,29.2,0.531,82,1
3,65.3,74.6,18.1,89.2,29.3,0.115,36,0
1,141.0,76.5,19.8,104.5,29.8,0.491,33,0
6,130.9,83.9,24.7,84.0,23.4,0.388,68,0
0,82.7,77.5,22.6,99.7,28.7,0.173,42,0
1,122.0,74.7,24.0,164.4,28.8,0.141,39,0
4,81.2,71.1,21.7,123.3,18.2,0.2,28,0
3,129.6,96.8,27.8,120.5,35.3,0.297,29,0
3,65.0,82.2,15.7,182.3,22.6,0.804,40,0
2,130.0,84.2,20.6,60.9,28.8,0.246,68,0
1,65.0,76.7,19.8,112.4,18.0,0.301,21,0
2,130.0,80.4,29.5,66.4,33.5,0.308,36,0
1,76.3,78.9,23.3,68.1,24.2,0.561,21,0
5,121.4,67.9,30.7,220.3,25.2,0.527,27,0
5,146.2,76.8,20.2,347.8,22.1,0.172,51,1
1,76.9,69.7,18.3,92.9,24.8,0.08,24,0
2,65.0,83.9,24.2,94.9,28.2,0.446,61,0
0,69.3,70.6,22.1,72.4,36.1,0.422,24,1
3,98.5,88.0,24.9,72.8,32.3,0.382,29,0
0,75.9,78.3,24.8,71.7,32.2,0.992,21,0
4,65.0,80.2,27.8,49.0,20.9,0.116,61,0
0,79.3,73.5,21.8,54.6,28.7,0.404,57,0
1,152.1,77.9,17.8,61.9,25.2,0.326,21,0
4,161.4,76.5,25.7,113.8,21.4,0.326,33,0
3,68.5,69.2,29.5,110.9,24.0,0.143,32,0
3,131.2,72.1,25.4,110.6,27.6,0.387,30,0
0,128.7,78.5,24.7,79.1,25.4,0.244,84,0
1,83.7,76.9,20.0,58.4,29.2,0.474,30,0
2,188.1,76.0,19.7,94.1,20.6,0.106,25,0
0,109.6,73.3,24.2,55.9,40.6,0.131,21,0
6,116.9,66.6,28.7,102.3,28.7,1.2,26,0
5,65.0,87.7,22.1,240.6,24.9,0.596,68,1
4,133.4,72.6,31.1,326.9,25.7,0.12,42,1
3,65.0,74.6,29.3,56.5,19.6,0.396,42,0
1,120.4,76.1,19.5,107.2,19.0,0.192,26,0
1,97.1,74.3,27.0,109.3,26.5,0.556,64,0
0,92.8,77.0,33.6,122.0,28.7,1.466,48,0
2,92.3,68.3,21.2,68.9,20.4,0.638,31,0
0,159.3,71.5,21.4,382.2,22.6,0.315,23,1
1,144.9,78.7,25.5,39.8,28.2,0.187,36,0
1,141.7,74.1,22.3,64.5,21.7,0.471,24,1
2,112.9,70.5,25.5,100.6,32.4,0.564,35,0
3,85.0,85.1,30.4,102.4,29.2,0.201,40,0
3,96.0,70.1,21.6,72.5,25.1,0.292,27,0
0,93.0,75.4,17.9,23.6,28.3,0.393,21,0
4,125.4,70.2,21.0,41.5,22.9,0.404,46,0
2,125.1,73.7,17.8,160.6,22.9,0.208,27,0
3,115.4,83.0,22.4,318.0,35.5,0.309,40,1
5,145.1,78.9,28.2,32.3,36.7,0.3,35,1
3,106.3,78.1,21.5,68.7,25.1,0.08,77,0
3,130.2,78.6,19.1,59.5,27.6,0.506,38,1
1,74.7,85.0,18.2,80.6,25.2,0.563,56,0
2,177.0,79.4,24.4,57.1,33.7,0.443,31,1
2,146.2,82.0,21.7,370.5,38.2,0.533,24,1
0,89.8,80.8,24.1,54.9,24.2,0.54,46,0
0,143.6,69.4,23.3,84.3,20.7,0.546,26,0
4,142.0,92.2,31.3,96.6,32.5,0.192,52,1
0,65.0,85.5,33.1,124.4,31.4,0.649,21,0
2,147.5,84.3,30.2,106.9,34.6,0.246,44,1
0,81.2,79.1,24.9,101.3,28.7,0.137,37,0
1,134.5,85.4,22.8,101.4,18.0,0.305,70,1
2,171.7,86.1,22.6,74.9,21.0,0.193,46,0
1,126.6,71.8,29.5,82.0,37.5,0.607,35,0
2,212.8,71.2,25.7,101.5,27.2,0.111,54,1
1,141.0,74.1,15.2,102.2,22.7,0.325,21,0
2,111.5,77.1,15.4,79.1,18.0,0.227,48,0
2,110.0,84.2,28.6,56.9,30.1,0.728,50,1
2,127.8,79.6,18.7,60.1,27.9,0.546,53,0
1,113.6,92.8,19.8,77.3,20.7,0.32,51,0
2,65.0,74.3,25.6,36.0,22.4,0.615,47,0
0,102.9,85.0,21.4,179.6,23.1,0.212,32,0
0,89.3,90.5,17.6,86.9,30.0,0.153,40,0
4,141.1,85.8,33.6,100.9,36.8,0.236,28,0
2,91.4,76.8,26.7,266.8,25.6,1.448,25,1
5,128.6,73.0,32.5,153.1,36.5,0.671,33,0
4,118.9,74.9,31.8,108.5,27.4,0.265,35,1
2,105.2,72.3,27.0,59.6,23.0,0.633,45,0
1,94.4,85.0,29.6,112.3,35.1,0.356,65,0
0,117.8,81.5,29.0,73.3,30.1,0.527,56,0
5,117.2,80.0,31.3,144.8,34.9,0.187,43,0
0,90.4,82.8,12.8,47.9,29.6,0.449,62,0
4,106.7,80.5,34.1,95.0,40.8,0.853,38,0
2,105.7,83.4,19.2,51.9,29.0,0.754,48,0
5,130.5,77.2,21.1,79.6,30.3,0.766,32,0
2,115.8,76.6,26.8,47.0,23.5,0.164,38,0
4,122.1,85.6,26.7,56.7,32.8,0.201,33,0
2,118.1,75.8,19.2,108.2,26.8,0.572,21,0
0,103.2,87.9,27.3,102.6,31.4,1.177,21,0
1,98.2,77.5,25.6,87.9,35.4,0.412,21,0
1,155.4,72.9,23.1,49.4,27.8,0.159,43,0
3,89.6,90.0,22.4,134.8,31.3,1.618,66,0
0,168.5,79.2,29.2,41.6,35.3,0.492,62,1
0,169.4,67.0,22.2,81.4,22.1,0.251,21,1
1,93.8,79.5,24.0,90.4,28.3,0.54,48,0
4,133.4,76.2,15.8,124.6,18.6,0.3,30,0
2,132.8,68.8,28.4,99.7,26.7,0.497,25,0
3,139.1,79.0,28.2,41.5,32.7,0.214,40,1
5,128.7,73.6,18.9,80.7,18.0,0.096,29,0
0,84.1,66.8,23.1,65.9,22.8,0.349,21,0
1,161.8,70.3,17.6,85.3,20.6,0.442,23,0
2,168.8,90.7,26.0,85.6,32.2,0.301,32,0
6,98.0,79.3,24.8,116.3,30.2,0.61,65,1
0,91.3,74.5,24.4,158.1,33.9,1.008,21,0
0,65.0,78.2,33.8,51.6,32.7,1.034,21,0
2,130.5,79.2,21.4,182.2,24.5,0.153,33,1
2,107.3,82.1,24.9,101.5,26.7,0.41,26,1
2,77.4,76.7,27.9,67.6,25.4,0.173,45,0
2,120.2,69.6,30.7,119.9,35.4,0.938,34,1
0,88.4,78.7,27.1,63.3,30.5,0.152,21,1
2,129.2,82.9,24.2,73.0,32.9,0.778,30,0
3,93.0,74.7,27.7,34.5,31.5,0.08,41,0
2,89.2,77.0,21.6,135.9,24.8,0.861,50,0
1,117.9,81.2,22.3,54.8,22.5,0.157,21,0
1,103.2,75.7,23.5,261.9,30.2,0.524,42,0
4,68.7,75.1,25.0,117.3,35.6,0.134,32,0
6,152.5,79.5,22.6,39.6,29.3,0.307,61,0
2,102.9,75.7,18.3,97.9,21.0,0.529,30,0
0,142.5,75.2,18.6,93.8,30.6,0.418,21,0
0,124.1,76.4,25.9,62.2,24.6,0.575,27,0
1,65.0,84.4,20.9,109.8,18.0,0.08,21,0
1,131.7,77.5,32.0,79.7,36.4,0.08,21,0
0,102.7,70.5,18.5,106.8,23.0,0.24,21,0
2,107.7,77.9,26.2,500.0,34.6,0.138,46,0
2,185.3,88.0,26.3,242.4,35.1,0.08,43,1
3,130.3,80.5,27.5,78.8,29.7,0.352,47,0
4,110.3,70.6,15.1,93.9,22.8,0.201,28,0
3,101.4,75.5,27.7,72.2,34.0,0.08,23,0
4,177.6,87.6,24.8,36.1,23.1,1.313,85,1
8,114.7,82.8,27.6,61.8,27.2,0.948,40,0
0,147.7,79.4,20.2,69.7,26.2,0.255,22,0
3,126.0,78.3,21.5,110.4,25.4,0.128,69,0
2,120.1,70.2,24.0,71.3,28.8,0.165,65,0
2,147.7,69.7,22.1,86.2,18.2,0.37,49,1
2,122.8,80.2,23.7,68.2,23.7,0.485,34,0
0,114.4,67.5,22.8,70.5,22.5,0.205,25,0
1,131.6,67.5,27.3,33.2,30.5,0.16,30,1
2,78.4,81.4,26.0,80.6,31.4,0.614,61,0
5,129.7,75.4,23.3,93.1,26.4,0.171,26,0
1,118.9,79.5,27.7,83.7,30.9,0.08,21,0
2,99.1,80.9,28.3,54.2,27.1,0.156,49,0
4,126.4,78.9,25.2,186.0,25.9,0.193,36,0
3,95.0,75.9,19.0,70.2,29.3,0.358,27,0
4,87.8,67.4,18.1,121.9,28.7,0.106,28,0
2,151.6,71.4,22.1,120.8,21.7,0.541,21,0
2,141.1,88.2,25.3,108.8,32.7,0.466,29,1
2,141.2,76.0,24.1,82.1,19.6,0.171,58,0
1,155.7,75.9,22.6,60.1,20.3,0.2,24,0
3,137.3,80.3,13.3,86.7,21.9,1.215,85,1
1,65.6,79.4,24.2,124.5,27.4,1.61,37,1
3,146.0,77.9,26.0,150.6,36.1,0.529,21,1
0,102.0,72.4,28.7,102.8,34.6,0.098,21,0
0,98.3,67.2,20.8,61.1,22.5,0.358,21,0
4,134.0,73.9,27.2,156.8,26.9,0.689,41,1
2,147.1,67.9,22.4,154.9,20.7,0.209,24,1
2,130.5,70.8,26.3,177.9,23.7,0.084,49,0
3,109.8,78.7,33.8,95.3,38.1,0.838,62,0
4,143.6,79.9,19.3,167.8,26.4,0.595,54,1
1,122.7,76.0,34.2,88.5,34.0,0.451,53,0
4,127.9,70.6,26.2,269.6,32.0,0.281,30,0
0,83.0,76.5,24.2,88.0,23.8,0.08,24,0
2,73.9,78.3,16.9,223.6,22.8,0.525,47,0
4,104.4,64.5,28.6,88.9,27.3,0.129,25,0
1,83.3,78.7,23.2,65.0,26.7,0.211,31,0
4,158.2,75.8,29.3,90.7,32.4,0.68,25,1
4,67.8,81.4,29.1,99.8,26.0,0.08,27,0
2,92.3,75.9,32.6,87.2,32.4,0.811,48,0
2,65.0,77.2,17.7,79.6,23.8,0.403,26,0
3,127.7,79.1,24.1,96.1,27.7,0.49,49,0
2,94.8,78.4,20.8,47.3,22.0,0.215,62,0
0,168.4,68.7,12.4,151.1,18.1,0.144,29,0
0,127.2,77.1,26.0,28.9,22.5,0.286,22,0
2,105.8,74.4,25.7,87.7,30.3,0.121,57,0
2,123.0,76.6,24.4,272.6,35.0,0.84,42,0
2,129.1,79.1,22.1,98.9,26.7,0.104,26,0
2,140.2,78.2,20.6,92.2,30.0,0.234,32,0
2,147.0,73.9,24.7,40.3,25.7,0.715,44,1
0,102.6,66.5,20.0,148.4,24.9,0.479,21,0
0,87.7,87.6,26.0,107.6,33.6,0.319,74,0
4,127.1,79.2,26.0,79.0,34.6,0.622,55,1
6,170.0,83.3,33.7,31.5,35.3,0.08,37,1
5,155.7,85.1,22.7,107.6,32.1,0.333,72,1
2,176.0,88.3,21.3,93.0,25.8,0.463,67,1
1,166.9,69.9,19.9,152.2,24.3,0.158,34,0
2,78.3,74.6,19.4,212.0,18.4,0.104,33,0
0,113.7,82.8,30.2,125.9,38.1,0.087,33,0
1,111.3,82.5,17.9,25.8,19.3,0.293,47,0
3,118.7,82.2,23.6,142.5,27.7,0.499,46,0
1,120.8,62.4,18.0,89.5,18.7,0.464,21,0
5,150.0,85.3,20.9,43.5,33.4,0.298,44,1
1,65.0,93.0,26.3,188.8,29.6,0.409,44,0
1,140.5,70.1,32.0,92.4,34.8,0.556,21,0
1,134.0,73.1,26.1,73.5,28.7,1.162,33,1
2,134.2,74.4,20.5,79.4,31.3,0.15,38,0
0,95.9,85.3,28.4,49.9,29.4,0.645,21,0
0,134.4,75.4,21.3,26.9,34.5,0.309,21,0
5,98.6,68.8,19.0,71.7,29.4,0.094,25,0
2,123.5,90.2,29.6,141.6,32.9,0.084,48,0
2,109.9,84.5,25.3,180.5,38.6,0.363,64,0
2,91.3,69.8,22.3,98.0,23.1,0.08,46,0
3,65.0,79.1,14.0,92.3,23.5,0.089,39,0
6,142.5,79.1,27.6,45.0,34.3,0.922,51,1
1,99.9,69.6,18.2,101.4,28.9,0.415,21,0
2,108.1,83.1,21.3,73.8,29.0,0.418,61,0
4,129.4,77.1,27.9,47.0,31.1,0.751,35,1
3,75.3,85.4,26.0,139.2,28.8,0.086,58,0
4,134.8,84.4,15.7,38.2,18.8,0.556,49,1
1,123.8,78.6,19.7,117.6,28.9,0.224,25,0
1,72.6,83.4,19.1,172.2,21.5,0.184,41,0
1,94.8,75.4,21.7,50.9,30.5,0.403,27,0
1,145.3,89.2,28.4,63.8,30.1,0.092,45,0
3,153.3,86.2,26.2,116.6,29.3,0.42,78,0
0,144.3,79.1,21.6,61.2,26.8,0.172,45,0
1,90.5,78.6,30.8,132.4,39.0,0.715,21,0
3,96.7,82.2,27.9,136.1,39.9,0.426,25,0
2,79.0,82.1,24.0,70.6,18.0,0.69,55,0
1,138.5,79.1,21.7,147.9,24.9,0.398,24,0
6,74.9,72.3,23.5,115.6,37.0,1.194,62,0
1,170.7,76.6,22.4,62.5,33.1,0.157,22,1
2,113.0,84.6,15.8,137.1,26.0,0.368,59,0
2,105.5,76.6,23.8,89.7,34.2,1.329,29,1
1,99.7,74.4,18.1,121.2,23.2,0.889,48,0
3,92.9,72.4,17.1,70.8,23.6,0.252,55,1
2,114.3,74.0,22.5,181.9,27.6,0.425,41,1
3,85.5,71.7,23.6,97.5,30.2,0.129,31,0
2,146.4,84.3,28.6,91.7,30.0,0.415,42,0
2,141.8,79.4,18.0,312.2,29.0,0.134,35,0
5,121.9,83.2,25.5,106.2,28.4,0.094,38,0
0,142.1,79.6,24.3,131.9,26.6,0.384,21,0
0,87.9,85.8,29.5,84.2,25.3,0.105,50,0
2,79.3,86.9,22.9,81.6,27.5,0.98,41,0
1,129.9,75.0,21.1,38.0,29.3,0.298,21,0
2,110.6,76.6,26.6,165.1,23.1,0.388,31,0
1,117.3,79.8,18.6,126.7,20.0,0.08,21,1
4,81.8,80.0,24.1,84.1,28.0,0.709,38,0
2,116.6,84.2,25.6,117.2,28.5,0.221,47,0
2,78.7,66.8,16.8,127.3,25.6,0.326,27,0
0,149.6,82.2,16.8,43.4,24.6,0.08,26,0
3,113.5,84.9,18.7,84.8,28.4,0.348,31,0
2,159.8,83.0,27.5,40.3,27.2,0.135,26,0
1,120.6,68.9,27.2,165.2,27.1,1.004,24,0
2,90.9,80.0,31.3,99.5,38.3,0.394,21,0
2,140.0,76.6,18.7,85.4,18.0,0.148,26,0
0,78.7,66.2,24.0,267.3,20.5,0.396,21,0
1,105.5,86.8,25.1,159.0,26.6,0.349,61,0
1,109.5,84.4,24.7,158.6,31.4,0.135,66,1
1,65.0,67.0,18.9,139.8,23.7,0.246,46,0
3,161.7,78.5,19.2,106.3,21.0,0.465,60,0
3,132.3,82.6,25.5,69.0,26.5,0.345,25,1
2,69.3,80.2,23.9,55.8,26.5,0.113,47,0
1,125.3,88.6,18.6,54.8,18.1,0.707,46,0
0,79.1,74.4,18.5,67.2,29.8,0.08,42,0
3,125.0,83.9,22.6,65.6,26.7,0.322,30,0
3,85.6,72.2,24.8,22.4,30.3,0.456,37,0
2,117.2,86.0,23.5,107.3,30.0,0.302,41,0
5,127.9,83.7,12.1,121.0,18.0,0.477,41,0
0,123.2,73.1,26.8,109.2,27.3,0.38,23,0
1,104.8,83.1,19.8,481.4,26.9,0.29,64,0
0,93.7,78.6,18.4,91.2,24.9,0.17,38,0
0,106.2,81.1,20.6,153.3,29.0,0.111,52,0
3,147.4,79.3,23.1,140.6,25.6,0.125,28,0
3,130.3,72.2,20.4,47.5,23.6,0.859,45,0
3,139.5,83.8,18.6,102.4,26.2,0.197,39,0
0,114.0,73.6,19.5,79.3,23.0,0.267,24,0
3,147.7,76.5,20.8,157.4,28.0,0.95,37,1
5,162.7,80.2,26.1,81.1,24.4,0.574,32,1
0,71.5,79.4,23.9,37.5,25.8,0.275,34,0
3,81.1,83.0,19.3,97.1,19.3,0.805,56,0
4,149.6,75.9,16.8,133.8,21.3,0.103,35,0
2,170.2,74.5,27.7,56.3,29.5,0.217,54,0
0,79.6,81.4,21.8,69.5,34.4,0.535,47,0
4,71.5,83.1,23.3,57.3,27.5,0.552,39,0
2,90.8,77.7,30.2,52.6,36.7,0.394,57,0
2,99.4,76.1,41.1,98.6,30.6,0.162,55,0
1,119.9,69.0,21.3,175.0,26.1,1.612,39,0
4,139.8,82.7,21.9,70.6,35.9,0.952,40,1
2,109.1,84.3,25.6,85.5,23.1,0.274,57,0
3,170.4,92.0,27.7,77.2,29.5,0.169,49,1
2,113.5,90.2,26.2,101.0,28.6,0.08,64,0
3,93.0,82.1,24.0,71.8,18.0,0.08,35,0
2,84.5,81.1,27.6,46.2,26.0,0.266,21,0
2,101.1,79.4,18.2,100.2,37.1,0.919,27,0
0,121.1,73.4,15.2,198.6,24.8,0.117,21,0
4,111.0,76.9,24.8,58.2,24.7,0.276,26,0
1,102.4,80.3,23.8,59.4,30.5,0.096,48,0
2,105.0,78.1,20.8,256.0,18.0,0.382,35,0
1,89.8,74.9,25.6,47.0,31.8,0.358,24,0
1,122.3,73.4,27.4,92.5,25.3,0.21,29,0
2,178.8,75.1,23.1,115.2,21.7,0.387,42,1
3,105.0,81.0,22.3,66.7,32.5,0.206,29,0
1,127.0,78.3,22.0,27.3,29.9,0.115,33,0
0,99.5,73.4,29.9,47.3,35.7,0.497,21,0
5,169.5,85.2,21.9,107.0,29.6,1.032,61,1
3,96.7,84.6,18.9,69.0,28.4,0.848,64,0
3,102.0,75.2,26.4,316.9,28.8,0.083,25,0
2,65.0,79.0,24.0,118.7,26.7,0.164,31,0
2,65.0,77.2,25.2,54.2,22.2,0.307,21,0
3,108.1,88.1,21.9,65.8,31.2,0.178,58,0
2,97.2,79.7,24.7,124.7,26.8,0.42,21,0
6,131.1,83.5,23.2,284.6,32.3,0.33,36,1
0,131.8,75.0,21.1,95.3,23.8,0.673,22,0
4,121.3,64.4,24.1,128.3,22.9,0.089,37,0
0,130.5,82.8,25.3,77.8,28.1,0.08,53,0
1,134.8,81.6,23.4,44.0,27.8,0.412,47,1
3,128.3,79.8,18.3,113.7,28.7,0.447,49,1
0,96.7,72.0,22.4,44.3,26.8,0.081,21,0
3,88.8,74.4,26.1,103.3,33.8,0.461,36,0
1,106.7,84.8,14.3,66.3,18.0,0.748,82,1
3,102.4,82.7,13.3,36.0,24.4,0.732,41,0
1,120.8,79.9,18.7,137.3,28.0,0.183,37,0
1,147.0,77.5,29.5,229.8,28.0,0.318,33,1
1,104.4,79.5,19.3,46.0,26.0,0.08,39,0
2,120.8,74.4,18.4,110.5,22.2,0.183,37,0
1,178.1,76.1,21.6,101.0,18.0,0.288,76,0
3,125.5,82.1,20.2,127.0,31.9,0.337,52,1
2,131.1,77.1,26.8,109.0,28.4,1.413,35,0
2,168.1,76.0,26.7,69.6,32.5,0.211,51,1
3,108.5,71.5,17.6,80.6,18.0,0.279,26,0
1,135.6,75.3,21.3,185.9,22.1,0.283,36,0
2,87.6,72.4,32.3,81.1,26.4,0.501,29,0
1,103.5,85.3,19.4,296.2,19.2,0.681,49,0
2,103.6,70.4,25.0,153.3,25.5,0.371,35,0
5,130.1,79.6,32.9,69.4,32.3,0.434,39,0
4,181.6,86.3,23.0,91.2,23.0,1.203,34,1
0,89.9,82.0,29.6,179.9,34.3,0.08,43,0
4,150.6,77.9,17.8,41.8,23.1,1.169,50,0
1,142.3,84.4,33.4,112.0,31.8,0.314,64,0
1,122.5,70.5,19.1,63.6,23.1,0.088,33,0
0,123.7,70.8,34.1,107.8,35.0,0.271,23,0
0,138.0,86.4,20.9,141.7,29.4,0.372,44,0
1,115.8,76.1,21.2,77.9,29.9,0.372,21,1
0,101.3,75.2,19.0,83.8,22.1,0.401,32,1
0,150.8,69.2,19.5,67.7,23.8,0.305,21,0
4,110.7,82.3,14.6,113.9,29.7,0.08,85,1
2,119.4,86.0,30.1,86.0,30.7,0.457,61,0
5,83.0,81.9,22.7,275.1,22.1,0.473,58,1
6,112.8,82.8,30.5,82.9,34.5,0.184,66,0
0,69.4,85.3,24.6,162.2,28.4,0.151,55,0
2,119.6,76.8,26.5,51.3,30.4,0.08,41,0
4,69.4,84.0,18.6,30.8,29.4,0.08,42,0
2,65.0,89.6,17.3,75.7,20.1,0.159,63,0
3,68.5,83.5,33.4,95.2,35.9,0.361,65,0
3,129.6,67.2,22.8,45.7,35.6,0.347,24,0
1,84.0,76.8,22.6,44.9,25.8,0.365,35,0
4,110.9,86.3,24.9,118.5,38.4,0.132,38,0
4,94.6,83.0,28.6,33.7,28.4,0.261,56,0
2,128.7,84.4,23.5,137.2,28.6,0.291,26,0
2,65.0,78.7,23.4,81.3,26.4,0.194,25,0
1,113.3,70.3,21.3,144.7,26.6,0.626,21,0
3,101.8,82.9,35.5,64.2,38.1,0.08,30,0
2,138.5,82.9,24.2,114.3,32.2,0.404,32,0
1,134.4,89.5,22.5,105.6,28.3,0.288,71,1
0,65.0,86.6,19.3,52.8,24.9,0.106,53,0
1,152.6,81.1,24.1,77.3,25.0,0.152,56,0
1,148.1,70.5,22.3,75.5,26.4,0.136,23,0
2,129.7,81.6,15.8,156.0,21.9,1.454,34,1
2,70.5,87.1,29.7,59.1,28.7,0.33,50,0
0,131.3,80.9,25.3,78.0,35.7,0.334,40,1
1,137.4,82.8,30.1,118.8,34.4,1.427,47,1
1,104.8,70.5,15.5,123.9,18.0,0.445,21,0
0,145.2,74.2,24.0,119.5,28.1,0.387,39,1
4,169.0,78.4,21.9,69.9,18.0,0.08,52,1
0,102.4,78.3,24.6,107.1,32.2,0.157,23,0
0,86.4,76.9,18.0,61.5,27.2,0.226,21,0
0,108.4,74.2,32.8,162.6,38.9,0.323,23,0
1,131.9,73.8,20.7,141.2,29.9,0.498,63,1
3,114.5,68.4,8.9,41.8,22.3,0.255,21,0
4,84.3,76.7,22.3,416.9,19.8,0.357,38,0
1,152.2,73.0,21.3,92.2,27.9,0.317,21,0
3,109.5,74.9,27.3,115.5,29.1,0.665,25,0
4,134.4,81.5,14.9,70.8,25.2,0.08,41,0
6,135.6,78.8,14.6,150.7,26.4,0.522,37,0
5,109.2,81.3,20.8,52.1,23.4,0.093,58,0
3,134.9,79.2,25.0,96.7,28.6,0.401,45,1
1,170.4,70.3,19.8,117.7,25.0,0.763,23,1
3,144.2,70.0,23.7,90.7,24.5,0.831,34,0
2,65.0,73.1,19.6,84.9,21.1,0.369,31,0
0,109.4,82.2,29.0,162.3,36.9,0.112,21,0
2,92.9,89.6,18.0,100.2,22.7,0.521,72,1
4,153.5,81.0,32.2,66.6,31.5,0.317,38,0
4,114.9,75.8,35.4,94.9,26.2,1.097,41,0
1,110.2,71.1,29.3,205.2,29.3,0.609,50,1
2,67.0,73.4,17.4,149.8,27.2,0.195,50,0
2,213.0,80.2,20.8,49.2,24.7,0.627,52,1
5,118.5,76.0,20.7,78.6,26.4,0.129,31,0
0,110.1,79.8,11.4,220.7,21.9,0.223,30,0
2,66.6,84.8,22.7,91.5,37.0,0.236,59,0
4,120.6,87.0,13.3,178.6,25.9,0.08,73,0
0,113.2,81.6,24.5,133.9,30.9,0.336,21,0
4,119.1,81.7,27.1,52.3,31.4,0.405,58,1
0,70.5,76.3,27.9,233.5,30.3,0.675,34,0
1,65.0,83.4,24.3,94.5,30.3,0.749,36,0
0,169.2,76.4,24.5,159.6,20.8,0.314,21,1
1,77.6,74.4,23.7,89.2,18.2,0.172,38,0
1,131.8,68.1,13.0,38.5,18.0,0.08,29,1
0,106.0,69.6,18.0,119.3,22.0,0.32,21,0
3,146.8,84.2,24.0,51.8,30.1,0.348,62,0
3,121.1,84.2,30.2,27.2,42.0,0.499,41,1
6,117.9,74.5,28.8,155.7,37.8,0.899,44,0
2,119.6,88.2,32.4,91.8,35.3,0.28,62,0
2,90.3,76.4,23.9,47.7,21.5,0.206,50,0
2,77.9,69.6,30.3,63.3,33.2,0.519,21,0
2,107.2,76.7,15.7,72.7,28.2,0.402,56,0
0,66.0,76.9,26.1,65.1,20.0,0.318,21,0
4,65.0,91.1,28.9,141.9,36.9,0.145,49,0
3,119.6,91.1,18.1,109.2,24.5,0.686,80,1
2,106.2,85.4,27.4,80.0,37.3,0.205,49,0
1,146.2,84.1,24.5,61.9,31.0,0.76,32,0
3,142.0,82.4,15.4,61.5,24.6,0.08,78,0
1,131.5,81.4,20.6,86.7,19.9,0.701,41,0
1,131.1,73.3,25.9,76.9,29.1,0.425,23,0
1,89.7,70.3,28.6,124.5,34.2,0.344,28,0
0,130.2,81.7,17.1,50.0,28.1,1.223,27,0
3,95.5,83.5,24.9,113.2,33.1,1.36,85,0
0,133.6,77.6,28.2,99.1,27.5,0.153,49,0
2,203.2,81.9,27.7,48.2,24.9,0.239,49,1
1,65.0,76.9,21.6,52.0,25.9,0.248,46,0
5,138.5,82.5,30.1,88.4,30.1,0.346,42,0
4,117.3,67.6,21.5,33.2,25.0,0.278,30,0
1,95.1,77.2,22.6,61.5,24.6,0.172,21,0
4,139.0,80.1,21.5,57.3,19.3,0.145,44,0
0,74.6,79.7,22.1,35.6,28.5,0.29,77,0
0,180.7,80.2,22.7,223.4,25.0,0.437,43,1
1,148.9,80.0,24.4,137.5,20.2,0.316,65,1
1,97.3,73.4,26.7,66.0,25.2,0.679,21,0
2,65.0,74.6,26.2,56.6,27.8,0.632,43,0
2,95.0,87.1,26.2,113.9,29.5,0.249,29,0
0,160.8,72.9,25.8,128.3,30.9,0.503,23,1
2,176.5,85.6,22.4,84.4,28.3,0.104,70,1
8,107.4,74.3,15.8,39.8,22.9,0.596,31,0
1,137.8,77.3,29.3,52.0,29.7,0.08,48,1
1,101.8,76.5,25.4,26.3,23.2,0.376,36,0
0,105.8,66.4,20.9,61.7,24.2,0.389,21,0
1,87.0,77.7,18.9,80.0,23.7,0.201,52,0
2,159.8,72.6,26.4,66.2,24.9,0.37,32,0
3,92.3,86.3,27.4,77.6,32.3,0.439,55,1
4,127.7,80.7,25.9,72.3,30.2,0.13,25,0
1,120.6,75.7,23.2,106.0,31.1,0.357,29,0
1,198.8,73.8,21.4,71.1,33.9,0.442,48,1
3,116.0,68.9,20.2,56.1,21.4,0.137,26,0
5,98.9,90.6,22.0,55.7,27.6,0.379,51,0
1,91.6,77.9,19.5,116.5,26.7,0.157,21,0
0,144.2,73.6,23.6,43.3,29.3,0.338,21,0
3,179.7,85.4,24.0,71.7,29.2,0.189,39,0
4,172.9,82.5,23.4,60.2,19.1,0.08,49,1
2,99.3,78.7,34.1,178.8,34.3,0.224,40,0
2,141.0,84.5,25.6,218.2,24.6,0.243,47,1
4,81.7,71.1,24.6,66.6,28.5,0.65,31,0
0,114.3,76.0,27.1,29.4,29.8,0.769,21,0
3,71.1,80.6,26.8,40.8,27.4,0.516,33,0
1,116.4,86.5,29.3,75.0,21.3,0.521,33,0
4,82.6,86.5,25.7,60.5,28.2,0.37,62,0
4,112.8,91.0,23.1,107.7,27.3,0.237,51,1
2,157.4,74.0,21.1,178.0,27.3,1.002,22,0
0,87.8,67.1,20.4,124.7,26.2,0.162,21,0
1,102.1,78.2,21.9,73.9,31.2,0.436,35,0
3,145.6,81.8,26.7,84.7,36.4,0.36,29,1
1,102.9,77.7,26.4,160.4,37.2,0.151,75,0
5,76.5,86.0,26.1,39.5,31.7,0.734,63,0
1,101.7,71.8,27.1,115.7,31.2,0.636,21,0
3,115.8,75.1,22.4,63.1,19.0,0.129,50,0
2,134.8,78.7,29.5,117.1,28.2,0.964,47,1
1,65.0,89.6,19.1,72.6,30.1,0.361,46,0
2,133.2,73.4,16.0,101.7,18.0,0.214,85,0
1,121.3,74.5,28.1,60.6,38.0,0.08,36,0
5,65.0,90.9,25.8,128.1,27.0,0.131,53,0
2,106.4,81.7,22.9,85.6,22.8,0.34,56,0
6,118.5,80.9,20.9,138.0,21.8,0.53,44,0
2,87.2,86.8,17.6,174.7,28.9,0.611,74,0
2,81.3,78.2,22.4,115.4,29.8,1.146,41,0
2,113.3,83.0,27.4,56.8,34.9,1.031,55,1
5,114.2,71.9,21.9,61.9,22.7,0.141,27,0
0,65.0,75.2,26.4,83.7,27.2,0.211,21,0
1,92.7,76.3,18.7,210.1,26.6,0.221,48,0
1,89.0,75.8,23.9,86.5,25.1,0.487,37,0
4,72.1,81.1,24.4,94.7,23.4,0.517,38,0
1,142.4,85.9,34.7,184.3,38.3,0.276,32,0
3,145.1,71.9,24.9,203.7,32.3,0.527,54,1
3,68.4,80.4,24.1,119.8,28.0,0.576,41,0
3,109.3,87.3,26.3,151.5,29.8,0.261,85,1
3,128.8,81.2,20.5,141.5,32.8,0.089,40,0
3,146.7,85.6,27.4,36.6,23.7,0.144,45,0
2,142.9,83.8,25.2,95.2,22.4,0.482,57,1
6,103.6,77.5,20.5,164.5,26.0,0.793,47,1
0,117.8,73.8,21.2,59.3,32.7,1.24,21,0
2,150.0,78.7,30.8,135.2,39.7,0.607,34,0
1,101.8,70.5,27.5,92.8,26.4,0.21,26,0
0,85.6,75.9,17.5,131.2,21.4,0.08,46,0
4,151.1,70.2,21.9,158.4,29.0,0.628,43,1
1,81.5,92.0,24.2,238.0,26.9,1.169,56,1
1,65.0,87.7,25.2,116.4,34.2,0.108,59,0
3,124.3,80.3,26.6,82.3,28.1,0.59,26,0
2,137.9,79.4,22.7,68.8,30.3,0.194,58,1
4,154.0,81.5,24.9,38.7,25.3,0.488,63,1
0,136.3,72.9,20.4,61.4,28.7,0.803,24,1
3,140.2,79.2,15.6,86.1,20.6,0.64,45,0
1,79.2,80.7,22.8,76.4,25.8,0.234,68,0
5,127.2,91.4,18.7,71.5,23.5,0.08,34,1
2,133.4,80.2,22.1,58.2,28.8,0.459,38,0
2,95.4,81.6,24.3,111.7,26.1,0.213,45,0
0,115.2,69.6,22.2,137.5,20.6,0.456,21,0
4,152.3,65.6,12.6,186.4,30.0,0.15,40,1
3,143.2,76.8,25.6,42.2,29.6,0.367,42,1
1,153.4,87.9,27.9,500.0,32.8,0.084,50,1
3,98.3,79.2,25.5,112.0,26.3,0.755,51,0
1,163.9,83.1,19.1,309.7,24.6,0.117,37,0
2,97.6,88.3,26.2,95.0,23.1,0.196,78,0
2,68.3,84.2,25.3,70.9,29.6,0.394,26,0
9,111.1,81.6,19.7,98.3,29.7,0.782,55,0
0,111.9,72.1,21.8,82.9,24.7,0.135,21,0
2,87.8,69.6,19.9,126.6,26.5,0.236,39,0
1,127.4,76.1,30.1,106.7,29.2,0.584,21,1
4,193.0,78.6,24.9,99.6,27.3,0.42,40,1
0,131.1,84.4,26.6,141.2,27.8,1.511,47,1
1,142.6,81.4,24.1,75.8,35.3,0.707,33,1
1,138.6,70.5,23.5,190.9,20.5,0.452,39,0
3,95.9,78.6,25.9,150.3,25.7,0.114,53,0
1,81.6,82.3,26.6,95.0,35.8,0.51,21,0
1,110.3,77.5,20.0,217.8,29.0,0.768,30,0
2,115.4,75.3,23.3,98.0,22.9,1.015,69,0
2,156.6,75.7,23.1,23.4,29.2,0.504,21,1
3,90.8,84.0,26.6,39.0,29.2,0.138,28,0
0,116.0,74.1,22.5,151.5,32.8,0.273,21,0
2,114.9,79.4,24.7,40.5,32.0,0.195,30,0
1,105.7,82.1,21.5,73.4,23.8,1.402,36,0
2,132.4,84.6,24.6,125.8,28.2,0.08,85,0
2,122.6,86.3,33.4,96.4,30.7,0.213,46,1
1,159.0,77.5,30.4,86.9,23.2,0.37,31,0
0,119.9,72.8,25.2,126.0,27.8,0.08,21,0
1,65.0,82.9,15.3,126.1,18.3,0.504,28,0
2,82.5,75.5,23.5,103.9,28.4,0.536,25,0
0,98.0,69.5,28.9,32.8,28.6,0.23,21,0
2,65.0,69.3,18.5,117.9,25.1,1.157,21,0
2,80.9,82.6,28.5,34.2,32.2,0.132,31,0
1,146.3,85.6,25.3,114.9,33.2,0.281,34,1
4,66.2,77.0,16.2,85.5,22.2,0.601,52,0
1,131.2,88.0,26.6,94.9,33.5,0.08,70,1
3,73.7,78.3,25.2,94.8,27.8,0.455,33,0
2,114.3,90.2,24.4,248.3,23.2,0.519,56,1
4,114.9,76.1,28.4,107.8,34.5,0.467,31,0
0,123.2,71.7,30.3,60.1,28.1,0.08,24,0
4,68.8,87.6,16.1,76.3,21.9,0.304,51,0
1,147.2,71.2,19.7,83.4,23.8,0.157,31,0
1,100.5,76.3,16.0,77.0,28.1,0.286,26,0
1,85.7,75.4,15.8,102.2,29.9,0.199,23,0
0,129.8,77.0,24.5,168.5,33.2,0.08,21,0
2,114.3,72.6,25.0,149.7,29.7,0.455,39,0
2,92.0,77.7,17.7,126.6,21.0,0.416,28,0
3,101.9,81.6,14.8,36.9,24.4,0.302,57,0
2,65.0,94.0,29.9,99.3,39.8,1.015,78,0
1,108.6,71.1,33.4,137.4,38.1,0.268,23,0
0,101.5,73.7,25.3,104.8,28.9,0.615,21,0
0,100.4,80.3,25.4,153.7,31.7,0.265,71,0
1,90.7,79.5,21.7,53.0,29.9,0.268,40,0
3,134.7,80.6,26.8,124.1,34.9,0.377,40,0
3,128.6,84.4,24.7,78.2,31.3,0.124,44,0
1,124.0,85.7,23.4,115.6,28.6,0.436,61,0
2,81.5,93.0,26.1,66.8,34.9,0.635,61,0
3,94.1,84.1,26.5,48.3,29.8,0.296,50,0
0,65.0,64.8,25.3,86.4,25.4,0.206,21,0
2,128.5,77.5,26.2,148.7,31.8,0.348,21,0
2,157.5,71.1,15.4,107.1,31.6,0.738,21,1
2,65.0,73.5,27.7,108.7,25.1,0.44,21,0
3,146.7,75.5,26.2,117.9,34.6,0.218,53,1
1,152.4,84.2,22.8,51.4,30.9,0.383,27,0
2,86.1,81.7,20.3,46.2,27.3,0.224,50,0
2,199.2,78.3,26.0,130.4,29.8,0.429,38,1
1,85.0,73.3,29.5,70.6,34.0,0.414,27,0
1,99.8,77.0,22.6,148.9,28.2,0.08,24,0
4,107.0,74.5,22.9,41.4,26.0,0.645,26,0
1,131.8,84.2,22.1,40.7,22.8,0.178,21,1
4,88.1,83.6,29.7,138.8,18.0,0.2,79,0
4,99.3,76.4,22.0,107.3,24.1,0.314,36,0
2,71.9,73.7,21.4,173.0,24.6,0.377,38,0
1,118.6,85.3,27.5,50.5,37.7,0.106,37,0
4,158.0,78.7,13.6,40.0,18.7,0.38,52,0
3,108.3,73.8,32.8,85.6,26.2,0.521,25,1
2,136.9,82.4,17.2,202.6,19.4,0.394,63,1
1,103.5,74.0,30.1,84.5,24.8,0.952,32,0
2,163.3,88.3,31.2,211.2,41.7,0.492,32,1
2,117.3,74.8,21.6,131.0,18.0,0.131,67,0
2,81.1,80.4,17.9,80.2,26.0,0.232,25,0
2,118.1,74.0,18.1,94.1,18.3,0.585,45,1
2,108.1,78.6,27.4,117.9,29.3,0.232,37,1
3,107.4,81.3,22.0,117.5,32.9,0.461,27,0
2,127.6,83.0,16.5,58.8,18.4,0.099,48,0
1,65.2,70.0,25.9,64.7,32.5,0.31,21,0
2,109.0,74.8,32.8,81.3,34.9,0.254,27,0
4,149.5,79.2,26.1,51.2,33.0,0.173,39,1
0,156.8,75.4,26.7,186.1,29.2,0.08,74,1
1,91.7,91.4,20.1,61.6,19.9,0.444,71,0
4,65.0,78.1,30.6,283.6,36.8,0.432,45,0
3,163.1,69.7,15.3,53.1,26.1,0.127,33,0
1,85.9,76.4,26.0,82.6,24.6,0.413,21,0
2,101.4,78.7,24.8,64.6,32.1,0.229,56,0
3,88.7,83.9,26.4,128.9,26.4,0.481,60,1
6,112.4,76.4,23.2,128.4,23.1,0.396,45,0
1,96.0,71.1,22.5,111.8,25.5,0.165,33,0
1,141.9,76.3,23.1,43.2,26.8,0.224,54,0
0,137.5,79.0,28.7,57.0,35.0,0.08,37,1
3,73.2,79.3,19.7,211.3,28.7,0.134,35,0
1,66.0,74.1,24.6,338.2,33.8,0.737,21,0
1,78.3,83.7,18.1,44.8,24.9,0.349,52,0
2,94.0,80.4,20.7,92.1,22.5,0.539,40,0
4,133.6,90.6,30.1,57.3,33.2,0.314,71,1
9,125.1,78.1,25.9,66.9,26.1,0.1,28,0
1,165.6,85.3,24.4,98.8,26.8,0.156,24,0
3,93.6,87.5,26.2,84.4,33.2,0.08,59,0
2,80.2,85.4,21.0,69.6,22.8,0.674,65,0
2,114.0,78.1,25.2,53.4,29.5,0.08,38,0
3,65.0,84.5,28.0,110.9,26.7,0.08,55,0
2,117.8,79.4,25.9,95.5,29.6,0.468,32,0
2,96.2,81.7,21.1,91.4,31.5,0.479,33,0
1,177.5,80.9,31.0,93.1,38.6,0.753,45,1
1,108.2,84.3,15.5,123.7,18.0,0.627,33,0
4,179.7,82.1,13.7,52.9,24.4,1.151,42,0
2,128.7,75.0,21.2,72.3,28.2,0.423,39,0
1,138.9,62.2,28.6,88.8,26.6,0.197,21,0
2,128.5,77.3,20.5,49.8,24.5,0.167,42,0
2,65.7,82.2,22.5,54.5,18.0,0.41,22,0
2,158.8,79.4,25.7,175.5,24.0,0.208,53,1
3,140.2,71.2,25.5,131.1,29.2,0.219,60,0
4,117.5,70.7,28.5,165.6,32.3,0.08,35,0
1,70.3,81.5,23.8,79.3,26.9,0.325,74,0
2,65.0,82.4,18.0,46.4,29.5,0.411,65,0
4,106.4,80.0,21.9,237.3,27.5,0.268,42,0
4,143.2,68.0,23.9,155.1,29.7,0.085,33,1
2,117.7,81.8,19.9,133.7,20.6,0.652,57,0
2,125.4,86.7,28.5,73.4,30.5,0.125,75,1
4,163.3,75.0,23.0,120.0,24.4,0.183,44,0
1,142.6,87.7,21.4,60.5,24.7,0.217,80,1
1,136.9,82.6,27.2,61.3,27.1,0.646,30,1
1,137.1,76.9,22.4,65.7,26.5,0.257,51,0
4,128.7,83.2,26.5,97.8,24.1,0.744,37,0
0,134.1,76.2,21.7,100.5,33.6,0.459,24,1
1,131.2,80.5,30.2,99.2,28.9,0.688,31,0
1,133.1,80.9,26.7,120.2,24.4,0.671,60,1
2,229.0,74.0,18.9,91.3,25.0,0.215,36,1
3,111.6,78.4,23.2,164.1,27.7,0.315,29,0
3,65.0,81.5,25.4,341.6,25.4,0.97,66,0
1,80.6,85.7,21.4,82.8,22.8,0.687,59,0
0,150.9,77.1,25.5,71.2,27.9,0.222,32,0
1,127.7,96.6,30.4,97.7,27.3,0.494,82,0
4,105.8,77.7,21.1,128.6,26.7,0.587,36,0
2,128.5,83.9,28.7,46.4,35.0,0.136,44,0
4,144.8,80.8,23.3,39.0,27.4,0.571,39,0
5,132.6,76.7,9.9,197.6,22.5,0.917,25,1
3,160.7,74.8,20.8,168.4,30.0,0.534,35,1
2,175.4,74.4,22.0,62.6,20.7,0.942,37,1
0,144.6,76.3,20.0,105.0,34.8,0.096,21,0
5,113.1,77.4,18.8,248.1,26.3,0.516,43,0
0,158.2,83.5,23.5,180.6,23.6,0.309,56,0
1,91.5,70.5,21.4,62.6,25.8,0.402,22,0
2,77.7,78.5,21.0,38.5,29.6,0.343,51,0
2,77.4,80.1,24.0,71.5,18.0,0.255,61,0
1,107.0,73.9,21.9,71.6,26.8,0.133,21,0
2,80.6,80.3,27.7,82.4,29.8,0.22,35,0
10,125.7,87.9,28.5,54.3,34.6,0.108,81,1
1,135.5,73.8,6.3,120.7,19.6,0.314,42,1
1,173.8,74.8,10.5,99.5,18.0,0.214,21,0
1,103.9,65.9,27.0,108.6,26.2,0.172,21,0
4,151.4,84.2,33.0,341.8,29.7,0.096,43,0
4,123.5,74.9,22.5,81.4,24.0,0.199,50,0
2,137.6,84.2,21.4,136.8,27.3,0.099,39,0
4,174.6,82.5,24.6,16.2,28.8,0.61,42,0
2,141.3,86.3,26.4,80.8,31.7,0.773,39,0
1,90.8,80.2,20.9,209.5,32.1,0.451,28,0
2,79.4,79.8,24.1,48.8,21.7,0.176,39,0
0,68.4,76.5,24.2,202.6,23.7,0.209,21,0
0,65.0,81.2,17.0,106.2,19.4,0.331,32,0
2,101.1,77.4,20.8,37.7,34.6,1.212,48,0
1,121.8,71.8,20.7,163.3,23.3,0.684,25,0
2,115.9,76.5,23.2,114.8,25.8,0.094,34,0
2,95.3,78.7,21.9,71.8,24.4,0.167,41,0
0,65.0,93.5,33.5,135.0,33.1,0.382,79,0
2,156.6,81.4,20.5,102.5,22.3,0.772,59,0
0,92.6,74.1,29.4,101.5,35.8,0.249,21,0
3,131.7,81.0,23.2,94.1,19.4,0.612,85,0
1,82.2,81.5,26.5,65.5,18.0,0.08,68,0
4,65.0,78.5,17.3,62.0,23.6,0.739,42,0
3,100.1,86.5,25.3,188.2,38.8,0.208,54,0
4,133.0,71.4,27.6,59.9,18.0,0.329,26,0
3,65.0,75.0,27.6,60.8,29.7,0.361,37,0
2,104.9,71.5,23.9,76.4,27.2,0.628,25,0
2,111.1,75.9,31.6,143.8,27.6,0.247,50,1
2,101.5,93.7,25.2,61.0,37.3,0.42,85,1
0,75.0,67.1,25.2,55.8,24.3,0.996,31,0
5,110.2,73.1,32.7,91.8,29.9,0.08,35,0
2,92.5,66.7,14.8,92.5,27.6,0.525,38,0
3,68.4,65.3,21.9,109.9,24.6,0.572,32,0
4,152.6,75.7,23.6,112.1,24.0,0.08,48,1
0,146.4,73.7,30.7,81.9,29.2,1.229,61,1
4,94.6,75.1,20.3,103.6,25.5,0.181,29,1
3,96.0,76.3,23.9,91.3,25.6,0.313,38,0
4,111.8,74.7,21.7,95.6,22.0,0.386,51,0
2,142.3,80.5,18.8,91.1,24.0,0.157,24,1
2,157.1,77.3,26.8,149.1,30.2,0.51,21,0
1,68.0,76.6,16.4,129.2,24.5,0.287,29,0
0,145.4,84.7,25.0,289.6,30.3,0.418,52,1
1,118.8,71.6,25.0,91.8,31.9,0.76,24,0
2,109.5,80.7,28.9,83.4,30.7,0.756,30,0
4,76.4,79.7,24.1,52.3,33.9,0.313,38,1
1,109.9,76.7,27.3,135.1,32.9,0.447,41,1
1,111.1,90.6,29.9,122.1,32.4,0.35,35,0
2,103.8,69.2,24.1,36.1,26.1,0.08,38,0
1,109.5,69.8,12.8,185.4,18.0,1.666,21,0
1,149.3,80.5,25.0,133.6,20.4,0.094,28,0
2,125.0,74.5,26.1,54.9,26.5,0.208,54,0
1,145.7,73.5,19.9,48.8,30.0,0.473,27,1
6,69.3,78.6,19.3,60.1,32.9,0.425,41,0
2,103.6,75.3,19.8,212.0,23.9,0.471,39,0
2,99.1,79.1,24.8,147.6,31.3,0.757,52,0
0,133.2,87.6,27.0,90.8,27.7,0.255,55,0
6,122.6,82.5,21.3,75.8,28.5,0.15,62,0
4,139.5,83.0,29.8,64.1,30.8,0.253,70,1
2,166.4,76.7,24.8,50.9,32.5,0.619,24,1
1,122.3,74.1,20.9,137.5,23.8,0.375,21,0
1,113.9,86.9,23.8,180.6,25.6,0.084,32,1
3,106.7,78.3,35.1,288.2,37.5,0.36,23,0
1,65.0,74.8,20.1,139.4,18.0,0.466,26,0
1,75.0,83.8,29.4,37.7,35.3,0.444,48,0
1,65.0,75.0,17.6,128.6,24.5,0.398,60,0
8,97.8,72.9,32.1,47.7,29.2,0.459,42,1
3,102.4,59.5,32.7,142.4,33.1,0.83,28,0
4,170.3,89.8,30.8,92.2,37.8,0.496,43,1
1,118.2,78.9,28.1,166.2,26.9,0.632,53,0
2,119.9,70.4,31.3,164.0,38.0,0.611,21,0
5,91.0,75.0,18.3,49.5,20.8,0.296,33,0
6,110.5,76.4,18.2,83.4,20.2,0.517,34,0
3,65.0,70.4,22.8,158.1,27.8,0.792,35,0
2,135.5,75.8,28.8,49.4,19.3,0.942,25,0
2,101.8,81.5,25.0,171.6,24.0,0.08,43,0
3,76.1,85.2,20.3,35.3,24.0,0.409,45,0
1,109.5,74.1,27.0,117.4,30.3,0.08,24,0
6,136.3,81.5,27.2,102.2,28.5,0.32,67,0
1,139.7,71.9,16.2,126.7,26.3,0.326,21,0
2,172.5,73.7,27.0,73.9,31.3,0.391,27,1
0,111.1,76.3,25.4,57.4,26.2,0.52,21,0
2,78.5,69.8,17.1,39.8,37.1,0.271,21,0
3,126.1,83.4,25.1,157.7,27.9,0.253,40,0
6,146.3,80.1,22.5,65.7,35.5,1.045,27,1
4,130.7,93.6,28.3,111.7,29.0,0.15,55,1
4,119.3,70.8,19.2,19.6,30.5,0.75,25,1
2,138.5,75.9,15.5,91.5,18.0,1.311,27,0
1,103.9,74.4,20.6,65.1,24.4,0.501,52,0
0,117.1,79.1,20.9,114.6,28.7,0.419,22,0
2,123.7,77.4,21.8,33.3,24.4,0.763,30,0
2,65.0,88.8,30.1,91.1,29.8,0.19,66,0
2,93.7,68.9,21.0,50.8,18.6,0.314,21,0
0,74.6,71.6,19.0,97.7,23.9,0.611,21,0
2,70.5,71.8,27.6,134.0,19.4,0.08,21,0
1,70.0,81.7,27.4,121.8,27.3,0.248,72,0
5,118.3,67.3,23.4,150.3,31.9,0.481,45,1
5,132.2,71.5,24.6,163.8,35.8,0.323,43,1
1,78.6,75.0,29.5,128.7,35.3,0.634,21,0
4,80.3,79.3,26.3,68.4,32.1,0.322,39,0
1,128.0,85.6,25.1,31.4,29.3,0.354,24,0
2,146.8,86.5,16.4,129.0,19.7,0.171,56,0
0,127.7,86.0,26.6,116.6,38.3,0.328,57,0
6,146.1,73.9,18.7,61.1,31.5,0.466,28,0
2,109.1,80.0,25.3,79.1,28.9,1.207,47,0
2,139.9,80.2,22.9,219.8,28.5,0.56,44,0
3,104.3,74.6,36.7,159.8,34.6,0.362,35,0
1,126.3,70.7,21.3,180.5,20.9,0.08,24,0
3,78.4,75.8,26.3,122.2,25.3,0.853,30,0
2,160.5,73.8,21.4,38.0,18.0,0.551,55,0
1,169.9,81.1,15.2,244.4,20.9,0.271,67,0
2,120.8,77.5,28.9,57.1,37.8,0.925,32,0
3,168.0,94.0,24.9,34.2,28.4,0.398,70,1
5,129.8,81.3,24.7,92.5,22.9,0.694,45,0
1,111.9,95.3,22.1,68.6,27.7,0.232,36,0
1,100.6,70.7,19.9,63.2,33.1,0.338,34,0
3,174.5,78.3,23.7,45.7,28.4,0.18,25,0
2,110.2,80.6,21.5,108.8,32.1,0.323,48,0
3,114.7,72.7,27.6,74.6,20.8,0.656,75,0
5,144.7,76.6,23.6,80.4,33.7,0.17,35,0
0,127.2,78.0,26.9,120.2,37.5,0.43,23,0
2,105.5,77.9,20.6,61.5,19.9,0.288,52,0
2,145.1,82.9,19.3,120.9,31.1,0.778,31,0
1,65.0,75.0,31.0,47.7,32.4,0.292,25,0
0,112.1,89.7,27.2,100.8,29.8,0.339,21,0
0,116.0,78.9,29.3,46.9,28.3,1.189,48,0
3,110.3,71.3,14.5,121.3,20.5,0.309,62,0
0,141.6,72.0,19.1,88.7,25.9,0.51,21,0
3,88.3,79.6,28.8,98.7,28.2,0.182,32,0
2,111.2,73.9,25.3,53.9,41.4,0.08,34,0
3,195.3,70.3,18.1,143.7,21.0,0.136,26,1
1,138.0,95.2,28.2,65.1,34.2,0.865,69,1
1,146.7,72.0,29.1,210.1,30.6,0.176,21,0
1,111.5,87.8,26.4,158.8,18.0,0.577,46,0
2,159.3,82.7,19.7,82.6,31.5,0.149,50,0
2,65.0,70.1,20.6,138.0,25.9,0.656,26,0
3,151.0,69.4,25.3,86.7,34.4,0.274,23,0
4,107.2,79.2,25.6,128.7,27.1,0.091,28,0
1,93.3,77.3,18.9,67.2,33.2,0.402,21,0
0,91.1,77.5,24.5,73.9,21.8,0.15,76,0
4,112.5,82.7,20.2,120.0,28.8,0.088,29,0
4,146.3,74.9,22.4,91.4,29.1,0.112,31,0
1,75.8,82.3,23.2,79.5,23.9,0.47,83,0
1,162.9,70.1,21.8,34.0,26.2,0.214,21,0
1,82.8,77.5,19.4,81.6,25.5,0.265,35,0
6,103.7,82.6,23.9,146.3,33.1,0.2,53,0
3,97.2,91.6,21.9,171.7,26.4,0.628,76,0
0,116.4,80.4,19.7,33.6,27.7,0.493,21,1
2,94.2,79.8,29.4,151.7,33.6,0.206,81,1
0,96.4,71.8,27.6,143.8,30.4,0.168,32,0
0,76.1,79.4,30.2,100.6,28.4,0.257,32,0
1,119.2,65.7,18.9,105.3,22.3,0.111,21,0
3,72.2,82.4,21.8,127.3,27.2,0.1,39,0
1,105.6,84.9,19.3,93.8,30.4,0.574,82,1
3,83.0,85.7,31.6,87.2,37.0,0.988,38,0
2,80.6,81.2,16.6,144.6,18.0,0.137,24,0
2,91.1,75.0,27.6,228.3,25.4,0.381,27,0
3,87.4,86.0,22.2,129.3,24.5,0.182,28,1
3,129.1,77.5,26.1,36.0,23.3,0.472,72,1
2,97.2,84.2,17.6,89.4,18.0,0.101,79,0
0,157.0,79.3,21.0,132.6,32.6,0.101,21,0
0,93.1,73.4,26.3,220.5,31.4,0.309,21,0
0,109.2,69.3,22.9,54.3,31.0,0.114,23,0
0,97.7,83.4,21.2,208.7,26.3,0.272,28,0
5,111.1,78.7,24.0,64.2,24.6,0.281,85,0
5,114.2,85.6,19.8,281.8,22.2,0.695,81,0
1,113.4,76.2,27.7,113.5,29.8,0.168,37,0
2,135.4,70.1,25.3,115.9,22.8,1.105,30,0
1,116.9,77.8,27.9,165.5,31.3,0.431,21,0
3,122.8,82.1,21.1,232.9,21.6,0.095,41,0
3,153.1,86.8,32.7,41.8,35.9,0.18,39,1
0,105.4,76.4,27.8,100.2,26.9,0.508,21,0
2,156.0,89.4,19.9,75.7,25.1,0.307,45,0
0,120.2,87.7,20.9,40.2,24.6,0.676,56,0
1,65.0,79.5,21.3,151.9,34.1,0.232,21,0
1,121.1,75.7,27.5,196.2,29.8,0.108,29,0
1,160.1,90.5,30.7,199.1,38.7,0.351,55,0
3,134.0,87.5,30.3,57.9,33.5,0.377,26,0
1,111.3,68.2,25.9,54.9,22.8,0.08,29,0
2,97.7,78.7,21.8,103.6,27.0,0.585,29,0
4,167.3,74.8,27.6,56.8,28.4,0.306,46,0
0,117.7,84.6,23.3,107.7,28.6,0.374,60,0
4,77.4,84.7,22.8,66.2,34.9,0.117,74,0
3,118.8,76.3,24.9,69.1,25.7,0.232,58,0
2,87.7,82.8,18.2,134.5,22.8,0.988,37,1
1,65.0,80.5,27.8,74.3,31.0,0.304,50,0
0,115.4,79.6,23.2,77.7,30.3,0.256,21,0
5,116.8,88.5,21.6,121.3,24.3,0.121,85,0
3,104.0,65.1,13.1,104.6,18.0,0.131,25,0
3,104.2,87.8,27.8,74.8,38.6,0.188,48,0
0,119.4,79.9,25.6,250.2,35.3,0.146,40,0
1,93.3,76.8,26.6,268.3,22.9,0.27,21,0
2,79.1,78.5,19.5,114.9,26.7,0.103,25,0
3,73.6,87.3,28.7,36.9,27.3,0.617,62,0
5,102.4,76.3,27.4,66.5,30.9,0.308,35,0
1,123.4,80.7,18.7,35.3,25.9,0.085,23,0
3,65.0,67.6,18.6,248.5,25.2,1.087,32,0
1,130.7,76.0,18.0,58.6,26.9,0.122,23,0
1,105.4,67.0,26.5,99.9,22.4,0.389,28,0
1,96.0,68.8,25.6,125.9,32.7,0.46,21,0
3,162.0,84.5,25.9,127.6,30.9,0.118,37,1
4,152.2,84.1,22.9,77.4,22.1,0.368,40,0
2,132.1,67.2,29.1,151.3,29.4,0.08,29,0
1,81.9,79.8,19.6,44.4,24.0,0.246,62,0
6,153.4,76.7,27.5,53.2,28.3,0.169,29,0
2,82.0,75.9,25.1,102.0,18.0,0.256,35,0
1,105.2,64.2,25.7,276.5,26.2,0.505,28,0
0,122.7,80.5,28.8,87.0,34.7,0.697,31,0
1,65.0,90.6,17.9,190.8,21.6,0.444,51,0
0,122.9,70.2,15.8,171.9,25.5,0.267,21,0
1,88.2,79.1,23.5,78.3,34.4,0.689,45,0
3,100.1,79.2,29.9,159.9,36.9,0.235,26,0
0,77.0,69.4,29.6,142.3,31.7,0.574,21,0
4,149.0,71.2,28.4,92.0,36.1,0.784,31,1
8,103.8,83.7,22.3,69.2,33.9,0.608,71,1
2,115.1,81.2,24.0,300.4,18.1,0.585,48,0
3,167.0,78.4,32.3,76.8,30.6,0.632,31,1
1,145.6,78.5,22.9,37.4,28.8,0.432,23,1
1,116.7,81.6,31.0,78.4,21.8,0.259,80,0
3,92.0,77.8,11.1,118.1,18.1,0.522,42,0
1,91.7,71.0,30.4,79.5,32.1,0.087,38,0
2,128.9,75.3,28.2,164.7,26.9,1.127,47,0
3,85.1,74.3,31.9,67.2,28.2,0.191,49,0
2,65.0,77.3,25.2,177.7,31.0,0.268,29,0
0,90.0,85.2,32.6,79.6,36.9,0.312,54,0
0,127.9,78.0,26.1,57.4,24.0,0.319,21,0
2,95.0,81.3,21.3,85.7,25.5,0.181,48,0
2,148.0,78.7,28.0,153.4,25.7,0.623,30,1
4,94.1,83.4,22.5,68.4,23.9,0.307,63,0
3,108.9,82.7,22.8,91.6,37.7,0.486,29,0
3,90.4,83.0,28.5,74.3,32.9,0.527,57,0
1,110.5,77.8,24.5,61.1,31.1,0.552,43,0
6,78.9,84.7,28.9,85.9,30.7,0.139,85,0
2,156.5,83.8,23.0,173.4,26.9,0.507,53,1
2,146.2,75.6,17.0,108.7,18.0,0.279,38,0
3,72.2,77.7,32.5,70.2,39.4,0.278,21,0
5,148.1,79.5,23.8,69.4,25.9,0.291,61,1
1,159.9,77.6,24.3,38.6,32.3,0.463,62,0
0,133.5,77.4,23.3,175.6,33.2,0.384,32,1
4,153.5,77.5,20.1,102.2,26.8,1.197,27,1
2,118.1,86.3,31.7,65.3,39.4,0.222,55,0
4,135.5,80.3,29.6,82.7,33.7,0.796,42,1
0,130.6,71.6,24.7,77.1,23.7,0.149,34,0
3,85.3,74.5,27.1,176.7,32.6,0.88,46,0
1,142.7,71.1,30.2,159.3,34.1,1.038,31,1
3,126.7,68.6,24.6,141.2,27.5,0.952,62,1
0,81.1,76.7,23.4,77.3,31.3,0.665,33,0
4,65.0,79.0,21.9,180.7,26.7,0.187,55,0
2,123.6,77.8,31.0,106.8,25.1,0.122,38,1
0,110.3,84.8,22.8,76.1,28.4,0.465,44,0
2,75.0,82.6,27.9,22.3,28.5,0.146,78,0
4,154.0,63.7,19.3,248.1,26.3,0.323,30,1
4,129.7,70.5,21.8,141.9,18.0,0.343,53,0
2,129.8,82.8,31.8,122.0,36.3,0.08,70,0
6,119.9,83.8,20.6,61.7,34.8,0.15,52,0
1,75.7,80.6,28.8,115.7,23.1,0.965,64,0
1,80.8,83.4,27.2,83.3,26.0,0.422,40,0
1,154.2,86.5,19.9,93.5,22.2,0.523,51,0
0,122.1,70.0,22.2,39.9,19.0,0.189,57,0
0,81.3,79.5,22.0,97.7,22.0,0.305,38,0
7,112.0,88.9,24.0,137.5,28.3,0.29,85,1
0,130.7,75.9,24.3,75.4,29.8,0.28,25,0
1,98.1,74.5,19.4,91.5,22.4,0.184,23,0
5,121.6,79.5,18.5,76.3,26.1,0.745,74,0
4,148.1,87.5,30.4,124.2,29.2,0.111,69,1
2,170.9,71.8,23.2,65.0,24.1,0.082,27,0
2,65.0,81.3,20.2,85.7,30.4,0.203,64,0
3,144.0,85.2,21.1,67.4,22.4,0.091,46,0
4,130.9,85.6,33.1,51.4,38.8,0.208,38,1
1,125.4,67.7,19.3,38.1,24.3,0.83,26,0
2,86.9,70.2,22.8,59.5,25.8,0.281,36,0
1,129.0,75.2,27.9,74.6,21.8,0.122,24,0
4,98.4,73.7,24.0,73.8,18.0,0.207,33,0
1,128.8,85.9,26.6,68.6,29.8,0.101,24,1
0,129.5,69.8,19.4,47.1,20.8,0.37,21,0
1,155.4,79.7,26.9,77.0,28.8,0.633,64,1
2,140.9,85.4,17.1,62.6,24.4,0.222,35,0
2,65.0,72.5,27.1,81.6,34.3,0.276,44,0
1,116.5,78.2,20.4,307.3,27.3,0.422,29,1
1,157.2,83.1,19.3,74.1,19.1,0.098,34,0
0,67.7,73.8,25.0,118.3,28.2,0.683,23,0
3,111.1,80.1,40.7,146.2,41.3,0.958,75,1
0,125.7,73.4,21.2,128.3,26.4,0.082,21,0
5,65.0,91.0,19.9,44.6,24.8,1.18,56,0
2,126.0,73.4,22.9,105.6,30.9,0.1,29,0
3,95.0,74.3,21.4,37.1,24.2,0.081,23,0
0,120.3,72.7,25.5,65.3,27.9,0.602,21,0
4,122.3,74.3,32.4,241.3,28.6,0.342,40,1
2,106.8,70.6,19.4,50.7,22.0,0.171,53,0
2,114.8,87.3,20.6,56.3,32.1,0.397,50,0
3,81.5,90.7,19.4,105.9,33.6,0.452,31,0
4,111.1,81.3,22.9,71.4,23.3,0.474,34,0
1,96.6,75.0,25.1,120.5,31.7,0.243,23,0
1,126.9,74.5,33.6,120.2,32.2,0.194,25,1
2,116.2,86.4,28.2,84.4,27.4,0.116,64,0
0,81.0,77.1,30.8,79.7,35.7,0.161,21,1
2,89.7,77.1,29.5,200.1,36.5,0.29,21,1
1,89.7,72.4,18.8,162.2,24.4,0.545,27,0
1,112.5,81.8,23.2,148.5,30.1,0.111,74,0
3,119.0,86.1,21.4,68.1,30.4,0.581,38,1
1,111.9,92.4,26.0,73.4,32.4,0.487,85,1
3,119.2,62.6,25.5,96.2,30.5,0.53,32,0
4,97.4,80.3,26.3,31.9,32.7,0.08,51,0
1,89.2,78.3,28.5,34.9,29.4,0.365,60,0
1,71.1,95.5,34.4,53.7,40.6,0.711,85,0
0,103.2,76.9,23.3,49.8,27.7,0.255,28,0
3,94.9,77.6,19.3,89.3,22.6,0.557,38,0
3,188.6,74.7,21.1,140.5,32.4,0.467,34,0
2,179.8,80.7,22.2,76.9,26.1,0.335,53,0
6,130.3,89.9,19.9,71.2,24.9,0.2,71,0
6,86.2,76.6,29.5,119.7,27.5,0.308,71,0
3,112.3,80.6,20.9,101.7,29.8,0.392,28,0
4,123.5,78.9,30.7,42.1,24.1,0.983,25,0
4,65.0,80.6,24.2,124.9,31.8,0.246,50,0
0,114.0,67.9,25.5,88.6,25.1,0.493,22,0
2,72.4,79.6,24.5,18.1,32.1,0.47,53,0
3,104.3,81.7,29.1,61.3,27.9,0.272,38,0
5,87.6,77.1,22.4,72.7,29.8,0.143,65,0
1,111.9,76.1,22.8,122.0,21.3,0.71,61,1
2,100.7,80.7,12.9,175.7,18.9,0.301,40,0
1,121.6,68.0,21.7,196.4,30.4,0.227,21,1
0,138.9,80.0,25.1,34.5,38.7,0.417,22,1
4,132.9,81.2,21.3,82.5,23.7,0.129,39,1
3,174.4,90.5,23.1,79.8,37.7,0.584,47,1
1,100.0,79.9,30.1,53.2,30.3,0.089,32,0
0,159.7,71.0,21.9,84.6,25.1,0.882,24,0
1,82.6,71.2,20.1,93.3,25.9,0.46,33,0
2,65.0,80.8,18.0,38.2,30.3,0.442,66,0
2,132.0,74.8,27.3,39.8,36.1,0.621,33,0
3,163.1,74.9,28.8,111.7,30.5,0.08,28,0
0,89.1,76.2,24.4,205.3,27.6,0.361,21,0
1,131.9,80.4,21.2,130.0,29.9,0.134,36,0
6,89.7,85.8,22.5,246.7,22.1,0.417,61,0
2,150.0,79.0,19.7,69.6,24.1,0.631,62,0
3,148.6,81.6,18.7,47.0,29.5,0.288,25,0
3,126.6,76.2,24.9,58.2,28.8,0.212,40,0
3,78.7,80.3,23.7,50.0,27.5,0.572,27,0
1,127.7,74.5,24.5,54.7,28.7,0.487,32,1
5,65.0,81.7,25.6,29.8,26.6,0.755,36,0
2,115.0,78.5,17.0,136.7,21.5,0.678,30,0
0,89.3,70.5,19.7,29.4,22.7,0.265,21,0
2,118.2,83.7,25.5,59.1,31.0,0.434,75,1
2,116.2,76.7,23.7,136.4,36.8,0.303,28,0
2,119.6,77.3,28.1,181.5,30.1,0.261,27,1
3,65.6,83.5,21.8,91.8,22.7,1.07,25,0
0,77.3,78.7,22.0,104.1,33.3,0.876,21,0
2,171.9,92.4,22.7,118.4,27.9,0.518,76,1
5,141.8,70.5,27.9,52.4,31.7,0.434,37,0
0,124.5,74.4,22.2,80.5,28.2,0.23,47,0
5,65.7,87.8,21.8,72.5,33.6,0.973,44,0
3,124.9,80.8,19.4,62.3,32.0,0.102,29,0
2,126.4,75.5,22.9,52.8,20.6,0.459,37,1
5,101.0,85.8,24.1,154.2,32.3,0.746,52,0
0,77.2,77.4,27.6,52.7,28.3,0.627,21,0
2,93.8,77.0,30.7,61.1,27.0,0.202,31,0
3,147.2,79.5,22.6,88.2,31.2,0.433,34,1
7,139.4,76.8,30.6,50.9,30.2,0.219,29,0
5,146.3,69.8,19.3,133.1,24.4,0.271,29,0
2,133.2,82.6,19.4,333.2,30.0,0.262,40,0
4,85.6,90.6,15.1,62.8,19.5,0.659,67,0
3,65.0,76.0,30.1,191.3,32.5,0.08,46,0
5,112.9,81.5,38.1,170.1,29.9,0.77,25,1
1,145.9,87.7,24.1,111.2,30.3,0.121,85,1
2,147.2,80.1,25.9,172.8,25.0,0.084,67,1
5,82.0,82.7,40.7,66.9,44.6,0.174,30,0
3,125.6,80.0,29.3,119.0,33.5,0.615,68,0
2,91.7,81.5,28.0,127.2,26.6,1.261,41,0
1,106.2,74.5,27.4,140.3,30.9,0.379,21,0
2,74.2,95.7,22.5,138.5,30.6,0.314,64,1
1,137.6,75.5,31.5,96.2,29.9,0.36,25,0
1,131.2,73.2,21.6,83.2,18.0,0.4,47,1
2,77.1,78.8,28.2,127.5,29.2,0.082,40,0
1,104.9,78.3,27.5,111.4,33.3,0.212,49,0
0,65.3,71.9,25.9,265.9,24.9,0.553,78,0
3,65.0,73.6,23.4,93.4,19.2,0.388,37,0
0,72.9,74.1,22.1,42.5,24.7,0.608,21,0
5,115.5,75.4,22.0,71.6,28.3,0.244,27,1
0,98.5,78.8,27.2,104.2,37.3,0.216,21,0
2,116.4,80.2,21.8,68.0,28.8,0.324,21,0
3,97.7,85.8,28.0,35.1,24.5,2.001,60,0
1,140.0,77.7,18.1,61.1,33.5,0.344,39,0
2,103.5,80.2,28.8,131.9,26.0,0.427,35,0
2,150.0,72.3,12.5,16.7,20.1,0.081,30,0
3,99.6,77.2,26.0,167.6,23.4,0.298,54,0
2,133.7,84.6,29.7,149.6,31.1,0.191,71,0
3,112.6,75.5,25.8,95.9,23.0,0.564,25,0
0,75.4,80.5,25.0,34.0,33.1,0.163,46,0
1,164.5,86.2,31.2,30.3,37.8,0.386,59,0
5,171.3,83.0,25.0,88.0,35.4,0.499,42,1
2,112.5,74.4,23.5,55.9,24.9,0.226,52,1
1,107.7,71.0,20.8,60.4,20.9,0.463,21,0
3,145.0,82.0,25.1,139.7,18.0,0.129,72,0
5,113.9,81.1,19.0,177.8,25.4,1.195,54,1
1,137.1,78.1,18.0,218.9,18.0,0.28,48,0
2,122.9,89.0,23.6,301.2,29.6,0.215,57,0
3,120.2,68.4,20.7,108.9,36.2,0.08,32,0
1,94.2,75.6,25.3,54.0,29.5,0.356,23,0
0,95.5,80.5,25.6,110.4,24.8,0.08,21,0
1,148.6,76.3,23.1,91.0,34.6,0.287,21,0
4,161.3,87.3,25.1,140.3,24.4,0.16,46,1
0,120.1,79.3,21.4,72.8,25.7,0.084,31,0
7,155.8,83.2,27.8,148.0,26.7,0.436,70,1
2,90.1,85.4,17.2,103.2,22.9,0.719,64,0
2,132.1,86.4,25.6,85.0,27.3,0.572,54,0
5,106.8,79.7,27.3,181.6,33.5,0.315,49,0
2,115.8,78.0,25.9,76.5,27.8,0.294,27,0
2,107.3,68.6,25.7,106.5,20.1,0.629,29,0
4,108.1,68.4,20.0,84.9,28.3,0.889,27,0
0,65.0,77.7,26.3,51.6,30.1,0.258,22,0
2,73.8,77.3,19.9,126.6,25.6,0.449,35,0
1,65.0,89.3,20.0,43.1,26.8,0.743,58,0
1,99.6,75.3,26.0,175.4,34.1,0.259,34,0
1,81.0,72.6,21.9,101.4,25.9,0.246,26,0
1,65.0,72.2,24.7,65.2,29.4,0.16,34,0
2,82.3,80.3,24.7,124.6,28.9,0.539,40,0
5,108.1,78.3,24.9,89.2,18.9,0.08,30,0
1,210.2,79.8,23.7,94.6,21.2,0.42,36,1
2,110.3,91.6,17.9,62.5,26.9,0.204,85,0
1,103.0,67.4,28.1,84.2,31.1,0.119,21,0
2,70.3,84.5,32.0,131.2,36.9,0.608,21,0
3,80.0,68.9,21.3,174.7,18.9,0.56,39,0
3,142.8,65.2,20.9,174.5,19.5,0.091,45,0
2,160.5,80.3,25.7,48.1,27.1,0.735,35,1
1,85.4,81.5,22.8,47.1,30.8,0.424,23,0
1,120.2,81.9,18.7,160.1,22.4,0.259,70,0
3,196.8,75.1,21.4,139.7,29.5,0.28,38,1
2,175.5,79.2,17.0,239.8,32.3,0.455,40,0
2,122.9,74.0,23.6,154.6,32.0,0.798,54,1
3,84.4,81.7,25.0,176.1,39.8,1.005,34,1
1,82.7,71.8,19.5,51.1,24.2,0.228,33,0
3,65.0,84.6,15.3,58.5,18.0,0.257,70,0
1,114.4,73.8,21.7,117.7,23.7,0.504,21,0
0,171.0,85.9,29.8,84.9,33.1,0.113,44,1
2,92.7,82.8,24.7,74.3,33.7,0.251,42,0
4,105.9,76.0,24.3,500.0,18.5,0.12,31,0
2,112.6,74.5,26.0,77.5,35.7,0.311,35,0
1,115.4,82.9,11.4,75.2,18.8,0.08,67,0
2,85.9,72.9,23.2,84.1,25.6,0.105,25,0
1,110.1,74.1,20.4,61.8,30.4,0.367,52,0
1,125.0,76.6,24.9,98.6,25.4,0.08,37,0
4,129.9,75.2,27.2,275.3,30.4,0.43,50,0
2,125.9,81.7,23.9,60.7,25.2,0.454,45,0
4,89.4,70.0,27.6,110.3,28.5,0.162,21,0
2,113.0,67.5,17.1,102.0,20.3,0.114,25,0
4,125.0,80.5,26.3,67.8,36.2,0.377,27,0
0,148.4,62.7,12.6,60.9,26.7,0.093,23,1
1,131.8,67.8,24.6,214.2,25.8,0.355,28,0
3,81.4,78.7,26.2,84.0,30.2,0.326,40,0
2,117.2,73.0,17.8,78.9,20.3,0.409,56,0
0,127.9,80.1,16.7,418.1,26.5,0.657,21,1
5,130.4,74.1,14.9,68.3,20.8,0.979,38,0
4,134.5,84.2,17.1,224.0,23.3,0.457,43,0
5,132.5,79.0,29.8,105.1,27.1,0.992,61,0
1,65.0,81.7,18.7,116.8,30.2,0.174,73,0
4,82.6,66.7,30.8,128.4,24.7,0.438,34,0
0,152.8,86.1,18.5,117.0,25.9,0.132,23,0
4,83.9,82.3,17.6,89.7,31.5,0.492,44,0
2,124.3,68.6,17.9,114.1,26.0,0.512,24,0
2,95.1,73.6,28.0,132.4,23.5,0.304,42,0
0,146.7,70.3,26.2,39.2,29.9,0.175,26,0
2,149.7,74.5,21.1,238.1,27.6,0.109,21,1
5,85.5,78.0,21.6,103.9,26.9,0.236,47,0
4,137.5,82.2,28.4,111.1,33.9,0.182,27,1
2,142.8,79.2,25.9,117.8,25.1,0.417,70,1
6,133.8,81.0,29.8,119.7,31.2,0.715,38,1
0,107.5,69.4,16.6,96.2,18.0,0.649,21,0
0,65.0,79.0,15.5,34.7,25.8,0.216,57,0
1,152.3,81.4,26.9,38.6,27.8,0.113,34,1
8,95.1,79.3,20.3,75.1,26.7,0.273,49,0
0,107.8,73.1,28.3,47.8,23.5,0.4,57,0
2,129.9,75.1,25.1,171.5,19.1,0.677,38,0
0,82.6,68.0,17.3,134.0,24.2,0.306,21,0
7,79.3,80.3,23.5,128.8,24.7,0.183,40,1
4,87.6,91.5,15.9,103.0,28.6,0.71,66,0
5,85.4,84.1,29.8,94.6,33.0,0.631,36,0
3,79.9,77.6,6.5,104.1,21.5,0.28,45,0
3,114.7,74.8,27.9,155.0,29.2,0.514,25,0
1,121.8,67.7,27.7,60.9,24.3,0.093,21,1
2,92.7,78.0,19.7,66.7,31.2,1.401,35,0
1,116.9,82.2,27.5,60.5,33.0,0.386,38,1
3,65.0,84.8,16.2,60.8,31.2,0.186,60,0
2,124.4,81.1,24.8,96.0,30.4,0.532,39,0
1,117.2,83.5,15.6,174.0,18.0,0.446,58,0
0,149.9,80.7,22.9,85.8,24.7,0.123,30,1
1,127.0,74.7,26.8,289.3,32.4,0.385,21,1
3,132.4,79.4,28.3,108.8,37.4,0.374,46,1
2,92.6,85.9,26.2,72.3,32.3,0.419,69,1
0,65.0,82.3,15.3,232.1,30.7,0.08,28,0
6,114.5,85.6,21.9,93.6,28.0,0.446,49,0
2,65.8,81.6,14.9,139.2,25.0,0.555,50,0
0,116.8,78.4,36.3,48.9,35.8,0.148,21,0
2,130.5,77.6,25.1,81.2,30.4,0.399,34,0
2,111.6,79.7,21.6,107.3,26.4,0.191,51,0
3,83.7,81.6,26.3,60.7,29.1,0.143,44,0
4,170.4,72.0,30.6,71.5,29.0,0.724,51,1
2,105.7,81.4,22.3,81.5,29.8,0.514,47,0
3,147.1,74.6,16.5,127.4,31.6,1.111,36,1
4,164.5,79.3,14.8,23.3,20.9,0.205,38,1
2,156.3,84.1,22.1,43.8,20.9,0.08,59,0
3,136.6,83.0,33.0,181.1,34.1,1.113,40,0
3,170.8,83.2,25.6,135.5,23.4,0.365,27,1
2,126.5,67.7,23.8,64.0,26.3,1.181,34,1
0,147.2,80.9,20.9,133.9,29.7,0.64,45,0
0,121.8,82.0,24.9,92.1,27.6,0.168,58,0
0,87.8,79.0,28.9,48.6,28.3,0.08,21,0
6,120.9,85.6,27.3,45.3,24.3,0.36,33,0
7,69.2,78.3,29.9,44.2,36.7,0.305,56,0
5,118.3,78.3,20.6,67.9,31.4,0.196,25,0
1,103.1,71.5,27.5,135.7,27.7,0.112,25,0
1,143.3,73.0,35.0,56.7,41.0,0.106,38,1
0,158.4,75.1,19.1,63.4,24.1,0.99,21,0
3,80.6,75.6,26.1,104.8,30.3,0.393,77,0
2,127.7,80.2,23.5,120.3,28.6,0.08,45,1
4,128.2,80.0,32.5,70.4,29.6,0.222,49,0
2,157.4,74.8,21.4,59.8,29.1,0.511,61,1
3,143.8,93.9,28.7,44.7,42.7,0.978,85,1
1,150.9,85.1,27.2,302.8,29.6,0.085,36,1
2,127.5,72.2,23.4,46.8,30.1,0.171,21,0
3,76.2,69.5,20.1,49.8,22.8,0.322,43,0
2,92.0,73.4,19.5,37.3,25.2,0.63,26,0
1,128.8,74.0,22.6,170.3,30.2,0.127,21,1
4,74.6,74.6,12.6,162.5,25.9,0.723,30,0
4,98.8,79.1,33.4,113.4,31.1,0.596,36,0
0,103.5,84.9,22.4,62.1,26.5,0.348,62,0
1,111.7,83.3,24.8,160.7,23.9,0.143,78,1
0,127.4,82.1,18.4,102.8,18.3,0.584,23,0
0,125.2,77.6,26.0,114.3,34.7,0.341,31,1
0,134.6,80.8,21.0,104.3,25.8,0.327,48,1
2,85.4,77.6,30.5,30.5,26.3,0.24,51,0
1,102.5,82.9,24.3,92.9,32.2,1.371,24,0
1,129.8,89.7,21.4,76.7,24.2,0.229,56,0
1,78.5,77.2,28.3,107.1,36.6,0.428,27,0
1,139.0,82.2,28.3,68.0,29.9,0.357,23,1
2,118.5,69.2,40.0,113.8,34.1,0.757,47,0
2,73.1,78.7,28.9,156.3,32.6,0.203,63,0
3,142.0,80.3,21.8,17.1,31.8,0.52,43,0
2,122.5,81.1,19.4,229.1,24.9,0.411,40,0
5,172.9,70.1,16.6,94.1,21.7,0.362,36,1
1,151.6,75.2,27.5,58.6,32.8,0.184,39,1
4,65.0,65.3,17.5,90.4,19.0,0.518,34,0
3,106.4,77.2,21.4,69.9,20.4,0.653,48,0
1,119.9,75.3,32.8,52.4,26.2,0.08,39,0
3,123.8,81.7,21.5,68.4,26.0,1.109,85,0
4,85.3,81.1,23.4,136.9,20.7,0.343,44,0
0,117.7,83.8,32.0,107.0,26.5,0.821,34,1
0,106.1,71.7,14.5,100.6,26.9,0.181,23,0
0,87.8,77.6,25.9,131.6,25.5,0.098,24,0
1,99.1,77.5,29.0,273.3,28.5,0.162,45,0
4,99.8,80.0,18.0,63.5,18.0,1.088,29,0
3,174.0,76.4,29.8,298.6,32.4,0.08,41,0
2,152.5,91.0,30.7,96.7,37.3,0.103,64,1
1,124.3,65.4,27.2,76.6,26.5,0.255,21,0
2,65.0,74.9,24.2,44.5,27.9,0.191,35,0
1,160.1,73.1,15.1,75.0,25.8,0.425,21,1
1,65.0,74.0,21.7,156.5,30.3,0.08,21,0
3,73.8,85.9,22.1,52.2,32.1,0.087,41,0
1,66.4,68.9,17.9,44.0,21.2,0.095,21,0
1,85.0,68.7,18.7,72.7,24.9,0.496,21,0
3,168.8,78.0,19.1,204.4,22.6,0.957,74,1
1,140.0,76.3,26.2,89.3,35.1,0.098,28,1
0,123.2,69.5,21.6,138.6,27.5,0.358,23,0
5,115.3,83.0,27.1,78.8,25.8,0.331,64,0
1,85.0,80.4,25.7,82.2,31.1,0.124,23,0
3,141.3,74.6,18.3,27.1,25.4,0.755,43,0
2,161.6,75.7,24.2,103.7,24.0,0.532,44,1
1,143.8,82.2,16.1,145.9,18.8,0.504,54,0
0,134.9,87.2,24.1,72.1,34.5,0.49,21,0
3,147.3,72.0,23.9,79.3,29.7,0.596,25,0
1,117.2,79.2,25.8,240.9,25.0,0.534,28,0
4,65.0,80.8,28.7,219.6,40.1,1.231,26,0
2,151.5,74.4,23.4,96.1,30.7,0.08,53,0
3,81.6,79.5,15.4,186.8,23.5,0.633,44,0
4,115.9,85.0,28.7,100.6,38.0,0.272,47,0
1,173.1,63.3,24.3,158.4,26.6,0.74,21,1
3,114.2,80.2,20.9,226.5,25.5,0.21,41,0
0,167.4,85.8,25.9,78.9,27.3,0.331,69,1
3,119.9,79.8,20.7,78.0,29.9,0.541,85,0
1,88.2,81.7,23.5,41.0,25.3,0.836,30,0
1,112.5,76.5,31.6,80.0,37.4,0.339,55,0
2,97.9,86.4,18.3,58.0,26.1,0.613,25,0
0,149.9,65.4,19.7,87.2,25.4,0.481,21,0
0,109.2,65.6,11.8,106.6,21.5,0.556,21,0
2,138.0,89.0,23.6,86.8,28.2,0.153,64,1
0,127.5,75.8,16.5,117.3,18.0,0.424,31,0
5,65.0,75.9,17.7,126.5,21.9,0.282,28,0
2,91.3,85.9,22.6,28.0,29.4,0.562,52,0
1,116.5,84.3,25.1,73.6,28.4,0.631,21,0
2,103.6,80.0,17.7,187.6,29.0,0.18,46,0
1,120.1,78.4,25.8,264.6,27.0,0.552,34,0
4,133.0,79.1,21.9,40.9,23.6,0.08,85,0
1,149.6,76.6,20.1,159.2,18.0,0.595,31,0
1,125.6,65.7,21.6,102.2,27.8,1.059,35,0
0,118.8,74.2,15.6,118.8,18.0,0.543,21,0
3,134.2,91.8,14.2,37.9,20.8,0.08,85,0
0,95.3,76.8,28.4,99.6,29.4,0.23,32,0
0,122.5,89.7,30.2,102.3,29.9,0.974,76,1
2,128.5,78.4,28.2,207.0,30.6,0.135,21,0
2,118.2,77.7,20.6,115.1,24.1,0.77,42,1
3,114.5,80.8,25.2,69.8,25.9,0.08,85,0
3,136.9,81.5,20.8,61.4,28.2,0.38,28,0
4,83.5,77.7,19.8,133.2,28.0,0.08,41,0
2,88.3,72.7,29.6,256.5,27.5,0.086,65,0
4,108.3,78.8,19.9,91.1,21.9,0.162,32,0
1,149.4,68.1,24.7,80.1,24.3,0.211,21,0
5,69.5,82.2,20.9,86.2,29.5,0.774,30,0
5,147.4,70.1,23.4,91.9,31.1,0.117,43,0
3,160.3,89.1,28.7,82.2,28.8,0.608,42,1
2,121.9,81.9,31.2,79.2,28.8,0.17,51,0
1,81.4,86.4,21.5,99.3,38.7,0.614,25,0
4,65.0,88.3,25.8,78.5,35.1,0.314,83,0
3,182.5,81.1,26.8,223.5,25.0,0.1,25,1
3,76.3,73.1,33.0,86.9,38.1,0.099,39,0
2,98.8,81.5,29.0,167.2,32.2,0.661,43,0
0,65.0,79.7,23.8,102.7,36.7,0.08,41,0
0,65.0,74.6,17.6,105.8,31.3,0.57,21,0
3,136.8,79.0,22.3,56.0,23.7,0.297,66,0
2,96.3,70.8,22.7,146.1,30.9,0.08,29,0
3,142.3,82.5,23.5,228.5,25.2,0.542,45,1
4,104.0,73.6,25.6,67.7,32.0,0.565,41,0
1,154.0,77.6,25.9,79.6,19.4,0.459,41,0
0,104.6,84.6,32.6,38.5,29.6,0.144,21,0
3,145.7,73.7,26.6,79.3,29.7,0.258,28,1
5,83.2,81.8,26.5,75.8,33.7,0.805,45,0
0,89.8,75.9,26.0,66.8,32.8,0.968,21,0
1,84.4,73.1,21.8,53.9,25.3,0.123,34,0
6,95.0,82.9,16.0,194.0,24.5,0.711,39,0
2,65.0,84.0,16.7,58.6,24.0,0.142,49,0
2,82.5,76.0,18.8,59.6,26.1,0.572,39,0
3,83.7,83.4,20.0,69.4,26.4,1.127,34,0
3,177.0,79.4,21.3,269.3,32.8,0.69,42,1
2,110.6,74.6,18.8,168.7,18.0,0.79,33,0
2,102.2,73.0,14.3,57.9,19.4,0.354,24,0
1,138.8,78.6,21.7,109.9,19.8,0.993,29,0
1,100.3,81.3,28.0,57.3,26.8,0.13,45,0
1,124.6,74.4,26.7,103.8,30.7,0.376,34,0
2,136.1,87.9,25.1,135.1,29.4,0.295,85,1
1,134.3,72.5,18.4,72.8,22.2,0.175,21,0
3,113.9,83.1,27.0,112.3,32.7,0.813,44,0
2,118.3,88.1,28.5,36.3,33.7,0.833,47,0
2,126.4,81.8,24.0,101.1,31.7,0.178,38,0
3,131.9,71.0,17.6,202.7,24.9,0.907,32,0
0,125.9,88.4,22.7,37.2,27.4,0.116,37,0
1,120.0,80.6,34.6,119.7,33.1,0.24,37,1
2,84.9,80.3,21.5,62.1,27.3,0.155,72,0
0,132.9,80.3,23.3,66.8,28.3,0.619,21,0
1,76.2,79.3,13.5,31.1,29.6,0.663,24,0
5,115.8,77.7,22.4,182.0,26.5,0.423,42,0
0,119.6,81.7,23.5,301.8,24.8,0.944,59,0
0,68.1,73.5,21.2,64.8,29.8,0.666,25,0
2,91.6,76.2,19.6,119.5,31.3,0.324,22,0
1,156.0,80.7,18.3,30.6,20.6,0.124,35,1
0,88.8,80.9,22.7,372.3,27.3,0.705,24,0
2,133.6,75.8,17.7,66.5,22.5,0.431,35,0
0,76.8,74.9,21.4,33.4,27.3,0.591,24,0
2,70.5,77.0,27.0,83.5,34.7,0.469,50,0
2,139.0,80.1,31.4,29.1,30.5,0.129,25,0
1,150.7,72.1,24.3,106.8,26.6,0.08,21,0
4,115.4,76.9,28.7,52.0,38.9,0.507,50,0
4,127.5,80.3,9.4,146.6,18.2,0.556,37,0
3,157.8,73.7,23.5,83.2,24.5,0.321,31,1
3,108.5,78.1,22.0,112.7,28.4,0.789,31,0
3,117.4,82.6,18.3,89.4,22.0,0.83,39,0
1,107.7,80.4,17.2,72.9,19.6,0.102,22,0
0,91.1,79.4,31.2,80.3,33.1,0.271,21,0
7,66.6,74.8,30.3,44.5,36.3,0.886,25,0
4,87.1,81.3,29.3,245.0,24.1,0.156,32,0
0,152.0,84.5,23.3,49.5,40.0,0.158,24,0
3,167.1,79.2,24.1,95.0,18.0,0.08,72,1
1,80.5,80.8,18.2,59.0,28.1,0.359,25,0
3,138.7,71.9,18.5,139.1,21.3,0.332,38,1
2,107.3,80.5,22.6,59.0,27.4,0.275,46,1
2,163.7,82.9,24.2,53.7,27.9,0.211,62,0
1,113.9,80.4,30.3,71.9,27.0,0.282,77,0
2,93.7,93.5,20.1,48.2,20.5,0.326,85,0
0,121.5,82.5,24.4,23.1,28.2,0.181,61,0
1,67.5,79.0,17.7,99.8,27.5,0.624,56,0
0,119.7,77.2,21.0,73.9,28.7,0.161,22,0
4,105.3,76.6,15.9,69.7,19.5,0.333,47,0
2,105.4,80.7,26.6,200.2,35.0,0.55,33,0
2,94.8,73.0,19.3,235.1,23.6,0.756,33,0
3,89.7,72.2,21.4,43.0,29.5,0.344,31,0
1,124.4,74.1,21.9,61.3,30.3,0.367,22,0
1,117.5,69.2,34.6,139.9,30.4,0.208,28,0
1,108.2,69.1,27.7,51.4,21.5,0.202,24,0
0,126.8,74.1,6.6,50.0,18.0,0.224,21,0
1,112.0,82.3,24.3,57.7,36.8,0.323,66,0
1,107.2,72.8,21.7,124.5,33.8,0.253,38,1
2,92.9,74.4,24.0,55.5,36.8,0.313,38,0
3,149.5,73.9,31.7,87.9,27.6,0.337,36,0
1,187.6,80.2,24.6,65.8,32.2,0.114,58,1
2,65.0,71.4,14.0,83.0,22.2,0.365,40,0
5,107.1,87.4,24.1,210.3,29.4,0.247,67,1
3,109.4,86.6,28.9,118.7,27.6,0.121,49,1
4,120.2,80.3,28.9,150.6,29.1,0.403,26,0
5,203.9,76.9,25.2,51.7,27.3,0.862,63,1
1,116.8,81.7,30.5,74.8,33.1,0.584,43,1
1,103.9,78.9,25.6,133.2,22.3,0.246,36,0
2,134.6,83.1,23.7,147.3,25.2,0.811,55,0
2,141.6,86.0,18.6,31.0,27.7,0.205,38,1
2,95.6,72.1,24.9,263.0,31.8,0.306,51,1
2,112.2,74.8,32.1,87.3,30.5,0.212,21,0
3,113.6,84.4,26.3,169.5,34.6,0.12,38,1
3,166.6,79.8,28.1,81.2,37.0,0.648,27,0
1,119.4,71.6,21.1,30.8,31.4,0.43,85,0
1,129.5,77.7,18.0,61.6,28.9,0.382,65,0
1,95.9,80.9,17.8,15.0,21.2,0.217,41,0
2,129.7,77.4,15.7,52.0,19.0,0.551,62,0
2,110.2,71.1,18.0,35.8,19.5,0.348,27,0
3,106.7,76.3,21.8,55.2,21.8,0.986,30,0
1,96.5,83.1,21.7,112.4,30.9,0.55,21,0
1,121.8,73.4,20.7,31.1,19.8,0.151,50,0
0,110.0,80.5,27.8,86.7,35.0,0.578,21,0
2,84.1,72.4,33.9,31.5,27.6,0.08,29,0
0,85.9,76.2,24.1,61.3,21.1,0.164,21,0
4,121.6,88.3,28.7,78.8,36.1,0.288,58,1
1,118.0,88.5,21.4,84.5,34.6,0.519,85,1
3,135.1,77.3,27.8,101.9,32.7,0.668,53,0
2,119.1,86.3,24.4,74.2,28.1,0.387,49,0
3,80.0,76.3,23.5,52.1,30.9,0.705,41,0
3,133.3,80.2,18.3,67.9,18.0,0.741,40,0
3,87.5,75.6,22.7,114.7,23.9,0.347,25,0
1,148.1,68.6,26.1,149.4,24.2,0.307,21,1
2,145.8,67.2,18.2,97.1,18.0,0.11,39,0
2,96.0,75.5,24.4,67.7,26.7,0.875,43,0
4,88.4,81.2,24.5,40.7,29.0,0.14,43,0
4,76.5,74.8,16.9,29.9,22.6,0.691,46,0
2,73.4,91.1,20.4,109.8,26.3,0.989,52,0
3,167.1,78.4,23.8,48.6,24.6,0.245,38,1
2,89.2,81.0,27.6,62.2,20.6,0.434,24,0
2,102.3,85.3,24.3,83.0,30.6,0.722,45,1
2,194.3,83.0,27.6,78.2,32.7,0.243,50,1
1,151.9,77.9,26.9,129.3,32.0,0.852,33,1
1,147.8,81.3,23.9,54.4,27.5,0.19,50,1
3,136.4,81.0,15.8,46.4,22.2,0.291,39,0
0,148.3,76.4,17.2,91.7,25.5,0.536,22,1
4,65.0,93.7,20.4,176.5,32.0,0.178,85,0
0,110.8,79.4,28.0,64.1,29.4,0.473,32,0
0,93.1,69.9,25.8,36.9,21.2,0.422,23,0
4,65.0,79.9,21.5,81.8,28.2,0.241,27,0
1,68.2,71.5,31.0,120.1,27.3,0.623,21,0
6,109.8,83.6,24.5,109.5,25.6,0.973,33,0
1,70.0,81.9,26.6,59.2,27.6,0.552,67,0
1,107.8,79.4,22.4,31.6,22.9,1.487,41,0
4,100.5,75.1,19.8,140.6,32.7,0.535,26,0
2,166.8,86.9,20.9,92.4,28.9,0.321,37,0
0,135.7,83.8,30.1,84.6,33.2,0.141,21,0
3,142.7,68.0,15.0,64.3,19.9,0.533,37,1
4,80.3,78.8,26.3,151.8,27.9,0.177,32,0
5,156.0,81.3,33.6,68.8,37.2,0.698,56,0
2,134.0,79.9,21.7,116.4,23.9,1.129,44,1
0,112.0,77.0,34.3,88.5,33.3,0.48,23,0
4,68.6,78.4,24.4,99.3,28.3,0.771,55,0
3,127.5,79.8,28.5,71.2,33.4,0.08,64,0
1,105.2,87.6,23.0,62.5,24.8,0.179,44,0
5,93.3,77.7,27.7,54.5,34.9,0.271,34,0
1,122.6,77.8,24.4,90.5,30.6,0.145,29,0
0,102.8,81.7,16.5,150.1,22.2,0.141,73,0
4,111.5,74.7,33.1,91.9,32.2,0.864,43,0
1,75.8,74.2,22.3,129.2,33.8,0.249,39,0
1,65.1,75.4,33.9,111.3,34.6,0.257,21,0
2,161.6,78.3,20.6,98.8,20.4,0.771,25,1
3,76.4,72.6,20.2,36.4,28.7,0.08,21,0
1,77.9,89.6,30.1,105.3,39.8,0.303,33,0
1,95.4,81.2,24.9,62.8,29.4,0.294,29,0
2,141.9,79.1,21.5,64.5,18.0,0.092,40,0
1,93.9,78.7,25.6,68.2,30.8,0.317,60,0
5,109.9,73.8,29.7,124.4,32.7,0.114,50,0
0,85.8,79.9,28.9,49.2,35.1,0.203,55,0
4,151.8,81.0,28.5,32.7,24.2,0.397,59,1
4,65.0,66.8,15.8,39.8,20.2,0.685,26,0
3,122.3,70.1,28.3,36.4,34.0,0.134,31,1
4,176.5,79.1,18.2,39.3,27.0,0.49,29,0
1,106.0,80.7,16.7,132.2,26.3,0.252,51,0
1,85.4,79.3,23.4,66.7,22.7,0.575,21,0
2,65.0,74.8,12.2,50.9,29.0,0.237,68,0
5,126.4,77.9,18.5,147.7,24.0,0.197,30,1
1,144.4,66.6,20.2,259.3,18.6,1.012,21,0
2,151.0,74.0,18.1,113.0,23.5,0.252,31,0
1,162.2,80.6,21.1,49.3,23.7,0.63,32,1
2,139.6,75.6,22.6,86.6,18.3,0.441,34,0
2,65.0,73.4,25.8,36.6,26.2,0.593,35,0
3,153.6,80.7,22.1,73.0,21.4,0.252,59,0
5,88.0,83.5,24.1,67.5,26.0,0.307,43,0
2,102.0,70.9,24.7,62.6,30.0,0.432,21,0
4,138.1,75.8,22.7,71.3,30.8,0.24,32,0
5,125.9,75.1,14.3,178.2,19.0,0.463,29,0
2,87.7,78.5,25.7,77.9,32.7,0.344,38,0
4,126.8,83.3,27.3,101.5,36.8,0.27,36,1
2,65.0,83.4,25.9,251.1,30.3,0.442,77,0
2,143.2,89.4,34.7,205.9,36.4,0.134,55,0
3,99.7,77.3,23.0,89.6,29.8,0.24,48,0
0,178.5,76.1,26.7,158.4,27.2,0.726,21,0
6,104.3,71.6,20.6,125.4,24.7,0.18,54,0
1,154.2,80.4,28.0,99.6,31.4,0.264,21,0
0,144.3,73.8,20.1,95.8,20.3,0.561,30,0
3,140.3,76.0,17.9,61.6,30.9,0.303,32,0
4,140.6,75.3,31.3,93.7,36.4,0.211,58,1
0,130.9,59.8,29.2,84.5,30.2,0.379,23,0
2,135.7,69.8,19.5,93.5,18.0,0.382,34,0
0,138.7,76.3,20.0,24.8,25.7,0.251,21,0
1,106.6,90.2,23.3,68.6,32.4,0.573,46,0
2,94.4,80.6,31.6,87.7,25.3,0.191,30,0
4,99.4,79.2,26.3,191.4,31.3,0.48,40,0
0,105.1,74.5,27.1,165.1,19.7,0.119,21,0
0,121.5,79.1,18.1,61.3,18.0,0.426,22,0
2,139.3,81.9,24.6,156.5,27.6,0.08,41,1
4,117.5,74.2,27.4,311.6,18.0,0.282,49,0
1,145.4,92.6,24.0,118.1,34.2,0.621,68,1
2,115.5,73.5,23.9,188.2,23.3,0.407,64,1
1,184.8,81.6,29.2,76.1,29.4,0.409,28,0
2,117.4,79.2,28.2,25.3,34.5,0.115,40,0
1,113.4,82.6,25.0,90.8,27.7,0.08,52,0
2,93.7,76.1,21.9,161.0,22.9,0.203,43,0
2,151.3,75.5,24.6,58.4,23.7,0.202,32,0
1,148.8,79.9,32.5,74.3,29.1,0.21,41,1
3,165.9,88.3,26.8,58.0,22.7,0.174,66,0
3,156.8,89.4,21.8,102.8,26.6,0.55,37,0
1,116.5,78.6,23.6,181.2,27.8,0.297,47,0
1,77.4,83.8,18.5,113.9,25.3,0.169,42,0
1,121.0,75.0,26.8,99.9,18.0,0.638,27,0
2,148.5,77.0,22.8,89.0,29.0,1.014,58,1
6,112.7,79.9,31.1,65.3,30.5,0.395,37,1
2,101.3,71.9,17.1,91.3,22.4,0.406,32,1
2,105.2,84.0,26.7,73.5,29.3,0.467,42,0
4,155.9,84.5,18.8,126.9,24.7,0.239,61,1
1,103.8,69.7,22.8,113.2,18.0,0.112,40,0
4,137.0,79.0,20.6,74.3,24.4,0.58,40,0
2,144.1,83.9,21.2,105.6,18.0,0.543,46,0
1,133.8,74.1,25.9,72.6,28.5,0.775,51,0
2,94.5,86.7,24.7,48.1,31.5,0.466,33,0
2,106.2,75.9,34.7,83.4,43.1,0.212,35,0
4,65.0,73.7,31.3,86.3,35.1,0.087,32,0
3,102.9,84.2,29.1,123.8,34.2,0.245,46,0
4,65.0,68.2,15.2,255.3,18.0,0.083,37,0
4,148.0,76.4,28.7,215.7,29.1,2.055,38,1
1,73.9,86.8,27.5,85.4,30.1,0.555,38,0
1,80.8,79.9,23.5,71.2,24.7,0.603,21,0
3,105.6,79.4,21.5,183.6,19.3,0.406,49,0
3,97.9,75.2,16.8,74.3,29.9,0.295,33,0
3,177.4,76.1,19.3,51.9,18.0,0.204,37,1
2,152.8,80.8,13.4,46.1,25.6,0.348,30,0
0,107.4,73.7,25.6,197.4,30.5,0.733,23,1
0,165.0,89.8,31.6,34.5,29.3,0.281,40,0
5,129.2,75.4,26.1,105.3,29.0,0.08,45,0
0,114.0,85.3,24.6,84.9,26.3,0.424,85,0
3,85.7,77.0,25.5,96.0,23.4,0.08,29,0
3,95.7,85.0,22.9,194.5,24.7,0.347,53,0
0,184.9,77.7,20.5,82.6,18.0,0.608,32,0
3,130.1,82.2,18.4,86.4,21.3,0.445,55,0
2,107.4,78.2,26.6,25.7,31.8,0.392,48,0
4,117.5,68.7,24.4,70.3,27.1,0.278,29,0
1,119.4,87.7,20.5,83.6,34.1,0.495,22,1
1,113.3,71.0,26.7,138.5,25.4,0.557,21,0
2,65.0,86.8,27.7,83.4,38.6,0.889,57,0
1,142.1,74.0,21.2,86.5,26.6,0.935,25,1
3,172.0,69.7,25.5,46.2,34.7,0.592,21,0
3,124.2,88.2,17.8,153.3,32.4,0.492,57,1
0,129.4,84.1,17.9,56.2,30.3,0.423,38,0
2,88.6,77.6,27.6,116.8,34.9,0.368,33,0
2,102.8,78.2,28.1,115.8,34.6,0.514,51,0
2,127.1,76.8,26.5,31.4,26.4,0.149,32,0
4,120.7,78.8,19.5,75.3,26.6,0.464,49,0
1,109.4,84.6,19.7,192.0,30.0,0.285,29,0
0,148.7,77.8,33.4,98.3,36.5,0.692,66,1
2,120.7,78.5,27.7,71.4,30.6,0.449,27,0
5,133.2,77.6,26.9,94.7,36.2,1.738,49,1
3,98.1,88.5,29.0,47.3,29.6,0.17,60,0
0,142.7,73.8,28.6,92.7,23.8,0.404,21,0
3,81.9,81.9,21.9,57.2,19.8,0.153,47,0
2,115.0,74.6,22.9,173.9,31.0,0.775,27,0
2,126.9,74.7,13.5,102.2,24.5,0.15,51,0
6,101.7,81.6,25.9,83.3,31.6,0.471,42,0
3,116.4,82.3,20.7,140.5,28.6,0.209,47,0
0,136.8,78.2,17.1,41.8,25.0,0.08,37,0
0,137.4,78.9,19.8,89.5,22.4,0.597,62,0
0,114.3,71.9,29.0,185.2,24.8,0.391,21,1
1,102.0,73.3,21.7,104.8,21.5,0.227,59,0
3,128.6,75.4,25.2,89.0,22.3,0.501,29,1
0,182.4,65.7,25.0,88.1,18.0,0.144,21,1
2,133.6,80.1,14.4,37.4,18.0,0.213,39,0
4,169.3,80.1,23.0,41.6,28.3,0.34,28,0
1,122.0,86.3,28.2,57.0,38.6,0.638,46,0
0,125.3,77.9,29.0,91.4,28.8,0.434,48,1
3,65.0,90.2,23.5,62.7,28.6,0.347,35,0
4,109.7,82.4,23.8,74.8,34.0,0.183,47,0
1,146.6,79.1,24.0,261.8,28.5,0.362,43,1
4,123.8,75.5,20.4,194.8,28.3,0.324,38,0
0,112.3,76.7,15.9,51.7,20.0,0.545,35,0
0,116.7,68.5,22.3,162.6,27.4,0.138,30,0
1,171.1,85.4,26.9,153.9,24.2,0.386,78,1
3,94.8,75.8,22.2,167.1,26.8,0.877,38,0
2,148.0,84.8,17.5,89.5,24.6,0.51,44,0
4,167.1,83.5,26.6,119.0,24.7,0.258,50,1
3,137.1,73.4,30.1,73.5,26.4,0.479,34,0
4,86.8,79.3,23.0,45.9,28.4,0.4,45,0
4,135.0,75.6,22.6,247.1,22.2,0.725,74,1
5,132.4,72.9,19.6,131.7,26.0,0.305,27,0
0,164.1,86.2,21.8,158.3,26.9,0.33,74,0
3,110.0,79.8,21.8,260.0,28.3,0.521,51,1
1,65.0,71.5,13.6,103.8,33.9,0.08,29,0
2,84.1,70.2,26.4,47.6,33.3,0.234,26,0
4,109.1,87.0,25.1,59.5,33.5,0.852,74,1
2,115.5,85.2,28.5,78.7,31.6,0.501,57,0
3,140.8,87.3,33.6,65.2,42.9,0.101,36,1
3,112.0,76.3,29.5,62.9,28.4,0.08,31,0
3,97.8,85.9,20.3,74.1,21.9,0.63,29,0
3,88.9,72.6,24.2,186.1,37.5,0.08,35,0
1,110.0,76.7,24.5,75.9,28.4,0.56,37,0
3,120.7,81.6,30.0,123.3,36.9,0.723,41,1
1,123.3,76.4,23.3,106.1,26.6,0.221,25,0
4,136.8,76.3,24.3,75.6,36.2,0.39,29,1
2,124.2,75.5,25.0,47.9,40.8,0.162,34,0
1,66.9,77.9,20.9,91.0,19.7,0.147,85,0
0,72.4,72.2,13.7,86.1,22.8,1.146,43,0
0,102.5,76.7,24.0,100.0,31.8,0.152,21,0
1,103.6,93.0,29.1,123.6,32.9,0.208,25,0
1,160.8,83.7,24.2,36.4,28.2,0.08,74,1
2,87.1,84.1,25.2,82.8,28.5,0.438,62,0
2,132.3,75.0,24.8,49.5,23.3,0.723,32,0
2,166.5,83.2,25.5,76.8,34.3,0.387,47,0
4,137.1,71.8,22.8,214.7,34.4,0.378,45,0
1,146.0,72.2,28.3,217.4,31.3,0.206,38,0
2,162.0,68.6,19.4,175.6,20.0,0.282,27,0
0,129.0,81.4,29.2,63.4,28.8,0.125,21,0
6,141.3,76.7,23.7,73.3,26.9,0.457,55,0
2,117.8,79.3,22.8,180.6,27.1,0.25,45,1
3,175.6,71.1,10.1,110.3,18.8,0.329,27,1
0,127.2,88.7,25.6,66.4,24.5,0.448,61,1
1,92.4,89.7,28.0,197.2,28.4,0.43,73,1
0,88.6,82.7,17.4,89.1,28.4,0.159,42,0
0,99.3,83.3,25.6,107.5,27.2,0.702,38,0
1,65.8,77.0,25.4,37.9,24.5,0.125,21,0
0,162.5,76.2,24.4,107.5,28.3,0.272,35,0
0,162.5,77.4,19.3,54.9,22.4,0.752,24,0
1,144.7,78.4,26.2,107.4,30.0,0.085,36,1
0,117.0,70.6,23.5,96.7,30.5,0.767,58,0
4,81.8,82.5,21.1,70.1,23.1,0.116,50,0
4,97.0,89.9,15.7,116.4,32.4,0.847,85,0
2,131.5,88.0,19.0,121.3,23.4,0.155,62,1
1,102.6,76.8,19.3,90.6,28.7,0.769,34,0
1,114.9,71.3,30.5,70.7,32.1,0.171,21,0
5,73.8,80.4,21.6,73.0,27.3,0.502,33,0
2,83.5,80.5,17.8,139.7,24.6,0.514,42,0
3,97.3,87.5,26.1,72.2,27.6,0.587,63,0
6,150.6,85.1,22.8,182.9,31.5,0.242,54,1
0,122.2,73.4,24.2,58.1,29.6,0.08,21,0
2,91.0,79.9,21.8,253.6,25.0,0.349,42,0
3,103.6,80.7,24.8,49.4,25.3,0.504,58,0
6,159.8,75.9,18.0,91.9,27.4,0.288,65,1
1,138.0,86.7,27.8,37.2,32.3,0.412,60,0
6,83.0,74.5,25.8,102.4,29.5,0.203,28,0
3,119.9,76.5,21.4,58.4,26.5,0.463,29,0
2,119.5,82.4,27.1,42.8,25.6,0.317,78,0
3,139.5,72.8,22.2,81.0,20.2,0.903,31,1
3,78.3,87.0,35.0,32.9,39.9,0.403,72,0
2,100.3,74.7,27.0,110.2,25.8,0.238,25,0
2,147.9,74.0,25.1,54.8,23.9,0.933,36,0
0,139.7,87.2,21.9,61.8,34.8,0.639,21,1
3,96.2,75.3,27.5,106.2,25.0,0.083,35,0
0,129.9,83.2,29.7,103.9,29.2,0.64,26,1
1,100.6,79.2,17.5,190.9,26.8,0.44,50,0
2,127.3,80.3,18.0,198.5,26.0,0.203,50,0
1,140.0,78.9,23.4,135.0,30.3,0.376,46,1
5,92.0,80.5,28.2,80.7,29.7,0.632,27,0
3,103.5,75.4,22.2,97.7,22.1,0.341,62,0
3,118.2,78.3,31.2,110.0,26.2,0.592,39,0
1,99.3,86.8,24.9,178.7,31.2,0.965,52,0
1,95.5,83.1,22.9,51.2,30.2,1.117,60,0
0,126.5,66.9,26.0,42.8,26.5,0.257,41,0
0,149.6,78.4,21.9,87.8,22.3,0.225,21,0
2,96.4,73.5,32.9,68.9,34.6,0.374,43,0
2,91.0,74.9,27.2,67.4,31.5,0.726,35,0
2,88.2,76.4,35.3,160.6,41.8,0.3,26,1
4,112.1,89.8,22.3,190.5,27.9,0.631,69,0
1,158.0,86.6,20.3,140.7,30.9,0.628,33,0
5,102.2,73.1,24.2,58.2,29.2,0.104,49,0
1,157.4,75.7,19.5,120.7,19.5,0.53,21,0
2,99.5,83.8,24.1,58.0,29.1,0.316,53,0
3,73.1,83.7,21.9,50.8,18.0,0.545,43,0
3,169.6,71.8,21.9,133.4,23.1,1.72,32,1
2,110.5,71.2,26.6,75.6,29.1,0.102,21,0
3,145.3,92.0,30.3,102.6,27.4,0.08,46,0
5,141.3,79.2,13.5,231.6,18.0,0.08,34,0
2,135.6,88.8,21.4,252.8,28.6,0.167,77,1
7,107.7,74.9,18.2,133.4,21.2,0.434,28,0
2,128.6,83.2,27.9,115.1,31.3,0.354,21,0
1,107.3,83.7,23.2,113.9,27.0,0.213,22,0
2,70.4,79.1,20.2,133.5,34.1,0.986,60,0
3,103.4,77.5,19.6,107.6,18.8,0.649,54,0
2,140.6,87.6,24.5,109.7,18.0,0.594,68,0
2,149.1,76.0,26.7,102.2,33.6,0.18,35,1
4,149.2,83.5,29.9,71.9,34.6,0.61,51,1
2,114.5,86.1,34.4,178.5,41.5,0.17,42,0
4,155.6,79.8,28.5,81.9,29.2,0.102,29,1
5,83.7,76.2,25.7,107.2,29.0,0.598,39,0
2,200.1,78.2,17.8,91.0,29.3,0.303,33,1
4,114.1,84.7,25.6,99.8,31.7,0.301,67,0
1,118.0,72.1,21.1,56.5,27.7,0.147,29,0
4,76.6,73.8,15.9,41.5,18.0,0.283,71,0
1,100.0,77.9,20.8,87.9,25.3,0.955,28,0
0,137.7,83.8,25.0,119.8,25.0,0.421,33,1
4,131.6,69.6,20.5,139.5,24.4,0.311,40,0
2,69.2,77.3,22.9,58.6,31.8,0.615,28,0
2,125.0,77.7,32.9,68.8,37.3,0.16,39,0
3,65.0,83.1,19.5,54.2,27.1,0.292,42,0
3,154.4,81.8,25.2,87.0,21.5,0.104,65,0
1,154.8,74.2,24.9,75.7,25.8,0.083,21,0
2,82.0,72.3,22.8,73.4,21.4,0.505,28,0
3,121.8,91.4,21.9,113.8,27.1,0.683,75,0
2,69.8,74.5,15.4,62.6,18.5,0.679,32,0
1,100.7,77.9,23.7,46.8,25.2,0.778,32,0
1,123.0,80.0,28.9,62.8,31.6,0.186,28,0
0,118.3,78.9,29.4,196.0,27.5,0.784,51,0
3,125.0,71.2,25.2,52.7,30.1,0.215,21,0
3,120.8,81.2,16.9,94.4,30.3,0.08,45,0
3,126.7,80.9,25.5,77.5,22.0,0.265,80,0
1,95.1,73.8,22.7,225.8,27.1,0.113,21,0
2,109.3,75.6,26.6,90.7,33.6,0.35,51,0
0,116.3,77.4,25.2,20.1,28.9,0.638,22,1
2,109.3,77.3,24.2,102.4,29.5,0.107,46,0
1,201.6,84.0,26.1,125.6,26.0,0.123,44,1
3,118.0,73.4,28.6,130.2,22.6,0.237,53,0
2,70.9,83.2,17.3,102.9,26.7,0.358,30,0
2,80.2,79.3,21.3,67.7,28.9,0.423,31,0
3,122.9,81.9,21.1,84.0,27.4,0.135,53,0
3,111.1,74.1,25.7,99.5,26.5,0.528,30,0
5,109.4,81.5,26.7,70.7,26.9,0.441,56,0
0,65.1,75.7,23.0,108.6,31.1,0.512,21,0
1,71.2,68.9,19.6,63.2,26.5,0.861,43,0
1,79.2,87.6,18.8,69.5,22.4,0.206,54,0
3,83.6,74.5,27.1,150.3,24.6,0.347,35,0
1,72.2,92.3,27.5,185.2,33.1,0.252,66,0
2,137.4,80.1,29.5,48.6,28.5,0.105,31,0
2,120.6,77.1,19.4,109.5,21.4,0.642,42,0
1,142.3,76.3,28.2,119.3,29.5,0.125,58,0
2,157.9,76.7,13.9,83.7,23.2,0.25,23,1
3,122.7,77.5,32.7,111.3,27.8,0.743,60,0
3,89.9,77.1,25.5,30.9,33.1,0.165,45,0
4,140.6,74.3,24.8,77.2,23.4,0.08,27,0
2,72.1,80.4,14.1,273.6,21.6,0.171,38,0
1,97.3,79.0,28.7,132.3,29.9,0.634,26,0
3,107.8,81.9,21.3,68.7,26.9,0.441,49,0
1,121.0,92.0,23.2,236.3,28.3,0.09,34,0
4,152.9,83.8,24.4,109.2,33.7,0.343,32,1
3,86.8,71.3,26.0,152.1,24.0,1.207,50,0
2,71.8,76.1,21.8,47.8,29.1,0.586,35,0
1,164.2,81.7,26.5,129.5,28.7,0.08,39,1
1,147.3,70.9,23.4,125.9,20.3,0.26,21,1
0,211.2,87.3,25.1,114.5,31.2,0.124,38,1
1,65.8,71.5,21.2,95.1,30.0,0.184,21,0
3,119.9,82.5,25.9,43.0,26.5,0.274,21,0
5,68.2,71.1,35.4,142.4,32.8,0.222,29,0
4,167.6,84.5,20.3,111.2,18.0,0.937,30,0
1,65.0,69.8,29.1,78.4,24.8,0.16,21,0
2,84.4,78.0,24.0,62.3,31.1,0.739,39,0
2,124.5,83.2,21.9,99.6,24.0,0.312,36,0
3,119.4,80.2,23.6,188.5,22.3,0.68,41,1
1,113.8,70.8,21.2,101.1,29.5,0.314,33,0
4,129.5,84.0,24.4,270.7,22.4,0.193,70,1
0,148.7,84.5,24.7,35.3,30.9,0.902,47,1
4,128.7,81.6,23.1,59.2,32.5,0.712,74,1
0,102.1,80.2,21.8,180.6,26.4,0.183,23,0
3,88.4,78.8,27.0,49.1,26.5,0.299,33,0
1,124.6,72.2,26.9,111.8,24.2,0.176,30,0
2,129.4,73.1,25.8,123.2,27.2,0.33,21,0
2,134.3,84.3,25.9,76.8,25.3,0.792,35,0
1,105.3,69.9,31.8,68.1,34.5,0.46,21,0
3,65.0,81.6,28.9,81.1,34.8,0.337,49,0
2,135.0,78.0,18.1,97.2,26.8,0.321,63,1
3,98.5,81.3,28.7,32.1,32.3,0.42,35,0
1,119.9,73.9,20.5,114.6,30.1,0.212,41,0
4,117.2,69.7,12.6,67.9,22.6,0.098,63,0
3,71.9,76.9,21.9,53.9,21.2,0.125,25,0
1,114.2,76.4,25.3,57.6,25.3,0.154,21,0
1,125.9,70.4,20.1,226.6,22.7,0.242,21,0
5,140.9,78.2,31.1,109.4,29.1,0.415,26,0
3,65.0,82.2,20.3,113.2,30.2,0.442,28,0
3,65.6,75.9,24.9,270.6,23.6,0.669,51,0
0,96.8,75.0,26.8,85.4,32.2,0.849,21,0
0,104.9,72.4,26.6,50.9,36.5,0.186,21,0
1,65.0,77.6,24.6,147.6,24.8,0.138,54,0
1,94.2,82.1,25.2,85.1,29.7,0.795,29,0
1,73.6,78.0,28.0,41.0,30.3,0.543,41,0
1,78.2,78.4,25.2,60.9,27.6,0.862,52,0
0,116.4,84.6,30.5,115.6,36.3,0.46,85,0
3,96.8,79.9,25.9,68.2,31.4,0.204,45,0
4,76.6,83.9,23.6,180.0,31.5,1.025,28,0
2,139.5,73.5,20.3,150.2,25.3,0.631,54,0
2,90.5,76.3,29.1,64.8,32.6,0.08,24,0
2,158.3,83.9,18.9,70.2,26.0,1.187,63,0
0,65.0,80.1,32.1,76.6,31.2,0.67,27,0
1,135.6,83.7,22.4,86.5,18.7,0.131,22,0
1,113.8,83.9,27.7,27.0,31.2,0.529,39,0
2,105.2,73.7,29.0,39.5,31.2,0.382,44,0
0,107.5,76.7,28.5,94.6,29.1,0.438,23,0
4,113.5,76.3,16.5,78.2,18.0,0.591,29,1
4,119.7,85.3,27.2,137.8,32.5,0.561,47,0
4,155.8,80.2,26.4,79.0,34.0,0.201,41,0
2,110.2,79.4,21.4,51.6,20.9,0.3,45,1
2,154.0,85.9,27.2,99.0,32.8,0.898,63,1
1,105.0,81.5,17.3,279.0,21.4,0.08,43,0
1,117.5,84.9,26.0,143.1,24.2,0.474,71,0
3,107.5,77.2,20.3,69.9,26.3,0.877,55,0
4,65.0,76.8,30.4,79.2,32.9,0.155,29,0
4,89.3,86.0,22.5,220.4,30.7,0.416,64,0
2,165.2,76.2,24.1,101.7,27.3,0.2,42,0
2,87.4,86.2,16.4,85.8,26.2,0.71,60,0
2,140.4,77.1,22.5,146.5,29.9,0.355,46,0
0,65.0,70.1,21.5,47.4,28.2,0.694,79,0
0,102.0,79.9,29.6,54.6,32.9,0.559,22,0
3,128.7,76.0,22.6,65.6,22.7,0.282,34,0
1,113.1,78.6,27.6,47.8,37.9,0.159,49,0
4,126.8,74.0,27.3,44.0,32.4,0.157,40,0
1,65.0,68.2,22.4,175.7,18.0,0.128,24,0
3,82.0,79.6,28.8,74.0,28.4,0.086,75,0
2,94.8,74.6,20.0,46.3,20.9,0.509,37,0
1,82.4,83.9,16.6,438.7,26.9,0.525,57,0
2,110.9,71.6,19.8,61.1,18.0,0.388,48,0
6,65.0,83.4,22.5,48.7,20.0,0.279,53,0
1,104.0,72.0,26.1,69.7,27.1,0.409,22,0
1,177.0,83.0,27.6,102.1,24.7,0.864,37,1
2,103.2,80.8,25.8,39.6,33.2,0.374,54,0
4,65.0,79.9,23.6,93.1,25.3,0.228,57,0
3,147.1,70.1,25.1,29.8,30.0,0.454,55,0
1,95.9,78.6,35.0,113.9,34.3,0.302,27,0
0,65.3,77.2,29.3,159.4,19.9,0.846,21,0
1,108.5,71.9,28.1,50.2,21.4,0.08,21,0
1,97.3,71.1,22.7,147.7,23.9,0.083,38,0
2,118.7,77.7,19.6,85.2,27.1,0.207,40,0
1,115.7,75.8,24.2,57.0,31.3,0.233,38,0
0,131.3,75.1,17.6,69.6,19.6,0.35,22,1
2,119.8,66.9,19.7,81.8,20.7,0.246,29,0
1,187.4,90.1,31.7,74.6,27.8,0.14,75,1
4,92.9,80.5,22.9,129.7,19.4,0.159,45,0
2,71.1,73.9,22.3,119.2,23.7,0.196,37,1
4,84.8,83.9,25.4,214.3,23.2,0.687,74,0
7,150.9,79.2,19.6,89.3,25.4,0.482,81,0
4,65.0,87.8,34.1,30.0,36.0,0.099,31,0
0,145.2,74.2,12.5,280.3,23.7,0.566,45,0
3,183.2,77.9,18.9,91.5,22.1,0.131,21,1
0,158.8,73.0,17.8,119.8,24.2,0.901,21,0
5,100.6,76.0,16.1,99.3,23.6,0.205,34,1
1,136.0,75.1,31.2,152.5,31.0,0.283,21,0
2,143.1,82.2,32.4,132.9,29.9,0.299,29,0
2,100.9,87.1,18.0,45.4,23.8,0.08,43,0
2,79.9,83.1,18.2,232.2,26.7,0.238,67,0
1,112.7,75.5,18.0,103.4,23.8,0.539,45,0
3,143.1,64.7,23.8,113.1,28.4,0.972,31,1
2,157.4,87.7,30.1,129.2,33.5,0.102,84,1
2,117.9,78.1,26.2,45.4,33.3,0.846,39,0
2,108.1,83.8,29.0,159.7,29.9,0.08,58,0
1,111.1,81.0,21.9,223.8,24.3,0.08,60,0
1,176.3,89.9,19.1,138.1,23.6,0.497,37,1
1,121.0,72.3,20.1,77.2,19.7,0.755,21,0
0,137.9,81.8,29.6,102.3,26.9,0.752,21,0
2,152.0,70.1,34.0,246.1,23.8,0.129,28,0
3,106.7,71.4,27.4,64.6,32.9,0.19,28,0
3,94.4,78.6,16.5,66.5,19.8,0.309,37,0
1,121.0,82.1,27.4,75.2,31.6,0.151,34,0
2,90.2,78.2,17.3,140.5,19.6,0.148,35,1
3,98.7,78.8,15.3,88.0,21.9,0.286,38,0
3,65.0,84.5,18.7,74.4,23.3,0.497,42,0
1,147.7,68.9,26.1,94.2,22.8,0.445,21,1
1,86.6,78.7,31.0,88.6,33.5,0.625,41,0
2,154.1,88.1,23.2,62.0,27.1,0.858,51,1
1,84.4,88.6,25.6,123.0,33.9,0.227,84,0
1,71.4,79.8,23.5,162.8,27.8,0.177,41,0
3,65.0,81.9,15.9,120.9,23.1,0.174,56,0
1,65.0,78.2,20.3,162.5,19.8,0.952,49,0
3,164.8,66.0,30.0,72.3,25.4,0.088,26,0
1,139.7,74.4,21.1,28.9,24.1,0.263,42,0
3,120.4,93.3,22.9,79.2,30.2,0.344,71,1
1,159.3,79.3,32.0,127.4,33.0,0.164,69,1
2,85.8,83.0,32.8,106.0,35.2,0.47,69,0
1,82.8,92.5,31.0,84.4,30.1,0.401,85,0
6,119.9,80.3,18.9,101.7,22.2,0.349,51,0
5,97.2,76.1,27.2,77.9,31.2,0.186,31,0
1,154.6,82.2,28.3,80.5,31.3,0.327,51,0
2,213.6,75.8,24.3,48.1,23.0,0.53,25,1
1,150.2,80.1,23.1,93.6,28.7,0.172,48,0
3,125.3,72.8,19.1,84.5,24.6,0.213,24,0
2,116.8,76.4,21.0,115.1,22.7,0.468,28,0
0,168.2,72.6,29.8,197.1,32.8,0.621,21,0
2,117.5,89.6,24.9,137.5,28.2,0.804,46,0
1,133.3,81.1,37.5,58.6,33.0,0.367,68,0
1,83.1,81.9,27.5,273.2,26.6,0.612,41,1
3,98.8,68.2,17.3,169.3,24.1,0.313,38,0
2,131.0,78.0,25.0,77.2,18.0,0.262,29,0
3,153.0,90.8,36.0,116.4,36.9,0.801,59,1
0,109.0,85.5,19.2,48.8,33.5,0.278,63,1
2,130.5,78.2,27.2,79.8,22.8,0.686,21,0
2,82.3,65.6,20.2,84.2,18.0,0.189,42,0
3,128.6,71.6,28.6,83.2,33.3,0.96,58,1
1,150.2,74.1,22.3,89.4,29.3,0.097,31,0
1,116.6,77.1,29.9,83.6,32.1,0.797,21,0
0,110.2,80.4,15.8,178.3,18.0,0.105,23,0
0,100.3,80.3,19.5,126.9,20.5,0.171,73,0
2,100.5,92.2,26.8,27.0,28.1,0.715,62,0
0,158.4,83.6,28.2,69.1,23.8,0.318,65,1
0,97.7,82.2,29.3,64.8,24.7,0.698,21,0
0,114.0,78.1,24.0,60.5,18.0,0.08,57,0
4,85.3,82.9,26.8,74.3,25.1,0.265,75,0
1,113.6,77.5,34.7,86.1,28.6,0.459,28,0
1,146.9,83.3,30.6,19.2,31.2,0.669,35,0
1,79.1,79.4,21.7,55.8,29.7,0.131,43,0
0,84.5,79.8,26.4,65.1,25.1,0.179,47,0
1,163.1,80.1,28.8,98.3,31.9,0.628,32,0
0,98.0,76.7,16.6,120.4,25.2,0.119,60,0
5,142.2,81.7,31.1,72.3,38.0,0.706,50,1
1,99.8,73.8,23.9,74.6,29.4,1.084,25,0
2,90.7,79.4,20.3,154.2,27.2,0.08,59,0
3,187.0,82.7,20.0,193.5,27.6,0.173,36,1
4,108.7,80.4,22.6,135.8,22.7,0.08,51,0
0,136.3,77.8,23.0,156.1,31.7,0.601,26,0
2,111.2,78.4,19.0,110.5,23.3,0.269,27,0
1,109.1,76.1,24.9,85.0,33.3,0.93,21,1
3,155.3,70.0,26.2,92.0,28.6,0.622,64,0
2,103.0,77.9,23.2,200.0,23.0,0.846,56,0
2,84.2,88.2,29.3,42.2,29.8,1.213,43,0
0,106.0,73.2,17.1,85.2,23.9,0.138,21,0
5,116.9,82.9,25.4,67.6,23.4,0.44,69,0
4,99.9,79.0,26.0,111.8,28.5,0.387,50,0
2,94.2,78.2,32.0,76.3,29.2,0.12,32,0
5,74.7,82.2,24.9,62.3,25.0,0.155,45,0
2,98.0,76.8,24.9,76.4,24.9,0.228,36,0
1,68.5,78.9,24.0,69.8,25.4,0.534,51,0
1,84.0,78.5,27.7,39.0,30.7,0.238,24,0
1,140.1,77.1,23.1,80.2,31.1,0.267,21,0
3,148.9,73.1,28.1,82.5,30.6,0.537,48,1
5,116.3,80.6,24.5,103.4,23.9,0.728,52,0
1,66.8,83.1,34.3,34.0,39.2,0.413,21,0
1,99.6,68.2,17.6,184.6,18.0,0.382,21,0
1,151.6,78.7,23.3,117.6,22.4,0.386,44,0
6,129.5,71.8,24.6,113.4,30.3,0.581,49,1
3,77.2,85.7,26.4,203.2,35.9,0.709,35,0
0,140.9,70.6,23.4,105.7,29.3,0.364,25,1
2,102.9,81.4,22.6,26.4,25.8,0.378,84,0
3,95.0,76.8,19.6,81.9,34.0,0.44,47,0
0,125.5,83.2,20.8,106.8,24.8,0.377,63,0
1,112.0,63.2,26.7,49.5,23.0,0.315,22,0
0,171.1,91.9,24.2,146.6,31.9,0.107,68,1
3,137.5,69.3,22.4,53.6,35.5,1.436,46,1
0,112.6,78.5,9.2,143.2,18.8,0.378,80,1
3,135.2,78.6,27.0,49.8,36.6,0.613,51,0
2,86.2,70.0,20.5,249.6,32.5,0.142,40,0
1,164.8,79.0,35.8,183.9,32.0,0.08,37,1
5,127.4,77.0,29.4,94.5,32.2,0.138,28,0
2,187.8,79.1,21.3,117.8,31.1,0.477,37,1
1,91.7,83.2,27.2,125.9,30.0,0.314,51,0
4,65.0,95.7,22.4,44.1,26.1,0.161,55,0
2,107.6,65.5,12.6,117.7,20.6,1.018,26,0
3,65.0,68.3,19.0,47.0,22.5,0.198,21,0
3,188.7,77.8,28.3,92.6,29.0,0.221,45,0
1,113.0,74.6,30.0,70.0,28.0,0.484,21,1
5,73.3,85.6,19.6,112.2,23.3,0.28,38,0
1,95.9,74.5,20.4,133.4,24.2,0.103,21,0
5,65.0,81.7,20.6,38.0,27.3,0.299,54,0
3,84.9,80.5,23.2,138.7,23.9,0.528,32,0
2,168.0,78.0,20.8,30.2,23.4,0.703,34,0
3,131.0,79.1,27.6,141.5,32.0,0.117,21,1
1,133.6,77.9,21.6,67.4,21.9,0.379,61,1
3,125.3,82.7,16.0,143.5,27.3,0.343,42,0
3,115.5,73.1,21.6,36.1,30.2,0.223,43,0
1,68.5,79.8,24.5,77.4,28.0,0.08,21,0
0,124.3,70.6,17.4,91.5,25.4,0.94,21,1
2,189.7,78.0,32.4,31.1,36.2,0.228,26,1
2,145.6,73.5,25.2,93.4,32.3,0.415,32,1
3,127.0,82.9,31.2,69.5,37.7,0.327,26,0
3,107.5,87.3,15.9,212.5,24.8,0.707,81,0
1,90.8,78.1,21.0,128.5,28.4,0.657,61,1
5,223.8,74.7,28.1,264.0,33.1,0.243,38,1
2,140.1,75.3,32.2,53.8,38.2,0.105,27,1
1,116.1,87.2,28.3,153.4,33.1,0.466,22,0
4,107.9,78.4,14.9,89.6,25.4,0.243,38,0
4,86.9,78.6,27.0,73.7,27.7,0.593,44,0
3,164.9,78.1,19.2,102.9,27.5,0.08,31,1
0,123.2,79.7,22.8,129.1,28.2,0.174,47,0
0,133.8,82.9,17.0,106.9,25.9,0.134,30,0
0,76.2,79.3,27.5,85.3,28.5,0.218,22,0
3,132.1,71.8,16.4,57.7,18.0,0.39,47,1
1,114.1,82.2,17.1,128.7,22.1,0.307,21,0
2,127.1,73.8,25.0,111.7,31.5,0.08,21,0
0,105.3,78.6,33.3,91.7,38.7,0.168,24,0
2,111.5,72.6,28.3,29.6,28.8,0.198,29,0
2,131.1,78.6,23.6,62.9,25.4,0.667,51,0
2,84.9,75.0,22.3,60.5,21.1,0.312,21,0
1,83.4,78.9,21.0,233.3,23.3,0.596,34,0
3,65.0,75.8,20.0,64.1,27.2,0.238,44,0
1,119.4,80.5,26.1,232.5,29.2,0.08,42,1
3,128.6,80.7,16.6,179.7,23.5,1.386,51,0
3,83.8,73.7,23.0,60.1,27.4,1.081,34,0
0,74.1,69.7,19.8,34.3,30.4,0.676,28,0
2,112.5,82.2,20.5,42.0,32.8,0.457,66,0
0,135.9,73.7,28.3,149.6,28.7,0.226,28,0
4,65.0,72.1,25.8,65.7,25.1,0.297,26,0
0,100.0,66.2,22.4,46.6,19.6,0.622,25,0
0,150.8,76.0,26.0,116.2,25.8,0.163,24,0
3,90.2,79.6,24.0,54.3,32.0,0.165,72,0
2,96.3,83.3,24.1,137.7,28.7,0.276,78,1
1,137.8,83.2,28.2,74.0,30.2,0.921,54,1
4,109.5,87.0,25.0,116.3,32.0,0.418,48,0
2,128.4,81.0,26.8,46.5,34.4,0.428,26,0
5,141.9,79.6,23.7,133.1,30.8,0.42,31,0
2,162.6,80.7,19.1,106.7,29.8,0.257,21,0
2,151.0,82.0,21.3,74.4,18.0,0.121,34,0
2,174.5,76.8,18.4,32.9,30.7,0.08,21,0
2,177.8,73.1,29.3,53.6,37.8,0.436,41,1
3,134.9,80.4,21.0,96.2,19.9,0.104,27,0
0,119.6,80.9,34.6,115.0,33.3,0.237,43,0
0,107.5,76.4,19.7,75.5,33.7,0.32,21,0
4,92.7,69.8,24.1,171.9,29.2,0.095,25,0
0,65.0,66.9,29.6,178.0,19.2,0.368,21,0
2,98.8,68.9,14.6,62.0,19.7,0.504,23,0
2,152.2,85.3,17.8,421.5,28.5,0.94,44,0
1,89.8,92.1,26.4,94.4,36.0,0.161,46,0
3,160.2,68.0,15.2,37.5,18.3,0.341,43,1
5,114.1,83.1,24.4,87.5,25.9,0.176,41,0
3,150.4,82.6,34.0,76.0,31.6,0.931,38,1
5,148.9,83.2,19.8,116.1,25.4,0.203,50,0
1,94.1,70.2,23.4,52.9,26.2,0.329,21,0
4,171.3,86.9,25.0,91.3,35.5,0.184,71,1
3,175.7,75.3,21.6,75.0,31.0,0.204,34,1
2,133.5,82.8,20.7,99.8,30.1,0.08,50,0
1,65.0,69.1,16.9,116.2,20.7,0.099,21,0
3,88.0,75.4,23.9,157.6,24.0,0.506,37,0
3,65.9,74.1,18.8,148.6,28.3,0.832,27,0
2,110.3,74.2,20.9,83.7,27.4,0.685,32,0
2,94.6,69.8,25.2,57.1,29.3,0.864,22,0
4,129.2,82.2,32.9,73.4,35.5,0.297,24,1
4,75.3,82.6,25.7,43.7,27.5,0.818,46,0
0,65.0,86.1,23.3,67.2,30.3,0.661,41,0
2,146.1,72.8,20.9,107.9,18.0,0.233,21,0
1,148.6,69.2,25.0,264.7,24.7,0.36,24,0
5,65.0,81.9,27.8,107.8,30.7,0.336,33,0
4,97.7,85.0,21.1,153.1,24.2,0.53,37,0
3,102.0,80.0,27.2,38.0,22.2,0.08,83,0
2,95.8,85.4,28.5,88.2,39.4,0.307,41,0
1,156.0,76.0,23.8,81.7,31.4,0.145,21,0
1,119.8,70.9,22.9,76.8,24.5,0.127,38,0
2,65.0,70.9,28.1,64.8,33.7,0.131,21,0
2,138.0,77.2,24.9,24.2,25.2,0.205,34,1
2,119.1,85.9,23.8,60.5,20.0,0.759,85,0
2,117.1,76.9,16.8,82.6,24.5,0.504,30,0
1,136.1,80.8,30.1,99.7,23.2,0.727,55,0
4,65.0,70.6,19.1,54.2,24.0,1.49,38,0
1,114.3,86.4,23.1,66.6,21.5,0.207,69,0
2,131.4,84.1,26.9,63.7,27.4,0.08,48,0
2,96.4,83.3,25.0,99.5,31.3,0.633,59,0
0,100.4,74.1,25.4,161.1,26.4,0.61,44,1
2,100.6,71.3,16.1,64.5,26.2,0.08,29,0
3,143.3,82.8,21.3,335.8,29.8,0.444,66,0
0,80.0,78.9,20.3,197.3,26.1,0.947,42,0
0,108.4,72.4,23.7,49.4,30.7,0.097,30,0
1,99.4,70.6,23.4,44.4,26.5,0.444,27,0
6,160.9,75.7,26.2,38.8,32.8,0.413,42,0
1,118.9,71.5,26.8,64.6,26.9,0.438,61,0
3,114.2,85.2,17.3,150.3,22.8,0.15,46,0
3,65.0,73.5,26.1,87.6,32.4,0.275,31,0
2,71.4,89.9,34.2,91.8,35.9,0.294,45,0
2,138.1,86.4,24.7,69.2,23.1,0.302,53,0
0,108.7,77.2,27.7,257.4,31.6,0.447,21,0
0,134.4,80.4,21.4,91.2,21.5,0.114,21,0
2,140.7,90.4,14.2,81.6,18.0,0.333,51,0
1,153.1,79.0,18.8,114.2,31.9,0.558,21,1
2,78.8,74.9,28.1,54.7,30.1,0.217,34,0
2,171.0,73.0,21.6,57.3,28.7,0.717,39,1
0,125.9,79.1,23.6,60.8,27.9,0.784,23,1
4,129.1,85.1,24.5,73.9,32.5,0.459,35,0
1,65.0,87.0,21.9,117.9,23.6,0.37,40,0
2,135.0,85.1,28.1,177.0,35.8,1.419,62,1
2,88.1,84.3,22.0,186.9,31.3,0.701,59,1
2,118.8,74.1,24.3,85.4,20.8,0.726,42,0
1,174.4,76.1,14.7,142.4,22.1,0.3,28,1
2,127.4,76.6,23.1,60.1,22.2,0.401,60,0
4,121.8,87.9,13.4,115.6,30.7,0.284,61,0
1,128.1,81.0,27.0,97.5,29.5,0.08,26,0
3,91.1,84.4,23.8,49.7,24.1,0.193,41,0
4,65.3,78.3,23.7,33.6,27.6,0.451,30,0
3,134.7,78.5,29.0,111.9,32.9,0.152,43,1
4,118.8,78.0,22.4,52.5,32.0,0.492,25,0
3,156.7,82.2,20.1,212.3,27.9,0.458,53,1
2,85.8,87.2,34.9,94.8,31.4,0.564,43,0
2,74.0,87.4,24.4,104.1,36.6,0.403,25,0
1,137.8,86.9,24.6,64.2,30.9,0.175,51,0
2,93.9,73.3,18.7,316.6,19.5,0.509,28,0
1,65.4,70.9,23.3,82.4,27.7,0.123,21,0
0,96.4,75.6,32.5,104.6,30.2,0.239,23,0
1,81.6,91.1,28.3,119.0,33.8,0.384,55,0
3,66.0,85.1,26.4,72.7,24.9,0.584,73,0
2,128.6,81.4,25.6,61.9,33.2,0.388,74,1
1,133.4,66.5,20.4,76.1,25.8,0.87,29,1
0,105.1,83.6,23.3,126.0,23.6,1.179,34,0
0,174.0,79.7,19.9,163.0,20.7,0.59,31,1
4,107.0,68.4,19.3,46.0,22.6,0.547,37,0
0,135.5,72.1,23.5,109.7,28.3,0.19,21,0
2,65.8,67.0,31.0,47.8,27.4,0.314,29,0
5,78.1,75.1,27.0,194.2,24.8,0.297,41,0
3,149.4,82.7,27.9,138.2,27.6,0.08,55,1
2,152.8,84.9,27.5,139.1,31.9,0.21,42,1
3,108.1,81.8,26.3,134.0,39.2,0.342,33,1
1,134.7,64.6,25.3,146.2,26.7,0.306,23,1
3,125.2,83.9,26.1,221.2,36.8,0.08,57,1
0,132.7,68.8,22.5,88.2,27.8,0.367,21,0
0,82.8,82.0,15.4,66.5,23.8,0.139,21,0
3,197.4,80.6,21.7,87.8,35.6,0.155,48,1
1,219.3,78.2,25.0,120.8,23.9,0.624,51,1
3,95.2,76.1,26.2,43.2,26.8,0.133,21,0
2,110.8,81.1,22.2,67.3,25.3,0.208,34,0
1,140.3,70.9,22.9,52.1,43.6,0.55,21,0
3,145.6,76.2,24.6,142.7,24.0,0.09,35,1
4,98.9,74.8,19.1,132.7,22.5,0.362,31,0
1,138.4,79.0,35.7,121.8,35.4,0.334,66,1
8,109.8,71.5,19.5,82.9,25.3,0.259,45,0
1,78.4,77.6,25.5,91.3,19.8,0.289,46,0
2,105.1,81.8,31.1,34.8,32.9,0.551,61,0
3,124.7,88.2,18.3,63.4,22.0,0.467,62,0
1,128.3,69.3,22.3,144.7,25.6,1.133,40,0
8,88.8,75.2,24.2,111.2,31.6,0.414,28,0
3,106.2,81.4,24.4,81.4,29.1,0.412,54,0
5,141.8,83.1,18.0,105.5,23.4,0.306,53,1
2,134.0,68.2,32.7,157.0,26.6,0.706,48,0
1,114.7,79.7,17.3,82.4,22.8,0.49,40,0
2,112.6,77.2,30.5,48.0,34.0,0.09,34,0
2,153.6,82.4,19.0,85.6,29.3,0.139,62,0
3,152.8,72.2,22.4,334.4,18.0,0.634,31,0
2,101.2,70.5,20.7,69.0,18.0,0.282,27,0
4,65.0,77.0,29.7,71.9,30.7,0.273,33,0
2,65.0,83.2,22.6,118.7,28.0,0.098,25,0
2,67.9,79.2,26.1,139.6,32.1,0.112,53,0
1,111.1,73.1,20.3,95.7,20.3,0.506,40,0
0,133.9,74.7,18.2,29.3,27.2,0.381,21,0
1,138.3,80.5,23.1,37.7,30.4,0.24,45,0
1,86.0,79.7,19.6,167.7,21.0,0.463,34,0
2,96.6,76.5,20.1,71.2,22.0,0.225,38,0
5,111.3,69.3,22.3,107.9,25.2,0.343,42,0
2,111.1,80.3,30.3,83.2,39.2,0.274,30,0
3,99.3,81.0,20.3,31.9,24.8,0.52,27,0
4,196.8,77.2,30.5,71.7,31.2,0.839,48,1
3,125.0,74.8,22.7,98.1,32.8,0.279,21,0
1,80.1,76.8,27.2,71.3,25.5,0.08,24,0
2,114.8,77.2,21.0,199.7,28.6,0.257,26,0
4,101.2,79.7,19.0,98.8,18.0,0.403,56,0
3,106.1,83.8,32.1,206.1,38.1,0.647,64,1
1,86.5,83.4,32.2,65.3,27.9,0.483,26,0
0,88.0,74.1,16.5,123.2,26.6,0.21,24,0
6,65.0,66.0,16.2,55.7,19.9,1.534,39,0
3,107.3,76.8,23.4,135.7,24.0,0.29,34,0
2,115.8,74.6,28.0,65.5,41.0,0.671,53,0
4,96.5,78.3,24.8,59.0,26.5,0.282,46,0
2,143.8,88.8,29.1,282.2,24.1,0.209,76,1
0,113.6,78.6,20.2,73.5,24.5,0.916,24,0
5,116.3,71.2,17.8,67.1,18.0,0.35,53,0
2,122.6,70.5,28.4,72.4,27.2,0.252,31,0
3,113.9,72.4,22.9,49.7,29.6,0.28,23,0
2,116.7,70.8,15.8,67.2,22.5,0.188,31,1
2,70.4,77.4,24.1,42.0,29.0,0.663,33,0
3,150.8,91.4,26.6,92.8,29.0,0.917,61,1
0,71.7,73.7,12.4,49.3,18.0,0.651,21,0
3,144.4,66.8,32.0,55.5,28.8,0.614,26,1
2,126.0,75.8,31.1,155.7,30.4,0.129,39,0
1,97.6,68.6,22.9,64.2,22.2,0.229,23,0
1,127.5,84.5,28.2,129.2,31.6,0.188,72,1
1,105.7,98.5,21.2,94.8,21.1,0.382,77,1
3,146.5,82.9,26.0,136.2,28.3,0.756,37,1
1,92.0,76.2,24.7,105.0,28.3,0.314,48,0
6,114.5,79.2,22.9,38.1,33.0,0.605,67,1
4,91.2,81.9,29.3,45.2,30.6,0.261,35,0
5,83.9,74.8,26.8,97.0,26.0,0.798,47,0
3,111.3,78.7,22.9,350.2,42.2,0.47,21,0
0,159.7,79.6,28.8,47.0,35.4,1.336,21,1
2,130.5,81.5,17.7,278.0,22.2,0.296,56,1
4,110.3,80.1,26.4,162.9,26.0,0.146,36,0
3,111.5,85.1,19.6,113.2,26.7,0.741,76,0
6,65.0,69.4,18.5,99.2,19.2,0.532,28,0
0,87.7,63.6,20.0,73.2,22.4,0.101,21,0
5,90.2,80.2,27.9,86.1,31.1,0.356,53,0
1,120.1,88.1,29.5,253.1,27.9,0.311,74,0
1,146.3,70.0,21.5,235.1,20.8,0.08,21,0
1,110.0,78.4,17.7,96.4,26.5,0.343,24,0
3,121.7,92.4,19.9,37.9,21.7,0.168,66,0
5,116.2,82.1,22.3,104.0,24.5,0.612,85,1
5,119.7,82.3,27.6,140.7,43.2,1.722,47,1
7,115.4,74.3,20.1,141.7,28.9,0.147,27,0
2,127.5,87.3,23.7,180.0,31.8,0.629,63,0
2,92.4,71.6,17.0,52.0,33.0,0.547,33,0
4,143.4,78.0,23.4,67.3,28.7,0.27,28,0
4,80.9,69.7,25.2,210.0,28.5,0.535,29,0
3,65.0,79.1,24.3,53.7,31.0,0.271,50,0
2,121.1,86.9,20.8,41.5,28.0,0.198,38,0
5,112.6,78.6,24.8,25.8,28.9,1.18,46,0
1,104.5,83.3,23.5,147.1,27.0,0.861,54,1
2,102.4,83.2,18.0,184.3,24.8,0.26,34,0
3,136.1,84.7,17.3,108.7,18.3,0.239,57,0
2,88.1,76.5,19.4,109.6,22.4,0.133,38,0
0,82.9,69.0,22.0,80.8,25.7,0.678,30,0
0,131.6,60.2,21.9,47.4,26.3,0.523,21,0
2,140.6,77.3,25.3,183.8,34.1,0.769,33,1
2,89.3,90.2,25.0,32.4,28.9,1.075,69,1
2,155.6,83.1,24.3,239.3,29.4,1.123,53,0
1,106.5,74.8,15.2,110.2,19.4,0.277,46,0
0,103.6,84.6,30.0,101.4,26.4,0.299,22,0
6,120.8,77.4,20.9,63.1,22.1,0.242,29,0
5,117.6,78.3,28.1,72.8,37.2,0.173,50,0
1,140.9,81.9,16.0,38.5,22.3,0.84,55,0
2,191.0,77.0,22.0,41.7,29.9,0.294,53,0
3,82.3,75.7,30.0,92.8,42.5,0.202,42,0
4,103.2,74.3,24.4,91.3,30.0,0.749,26,0
3,103.9,71.7,16.3,210.5,18.0,0.08,55,1
4,176.7,76.8,31.9,114.2,33.3,0.324,29,0
1,65.0,77.0,17.7,79.3,27.0,0.08,55,0
3,109.5,78.6,25.7,60.7,19.1,0.307,33,0
4,131.9,75.6,23.0,58.9,28.2,1.047,75,0
1,149.7,80.8,25.3,84.7,31.2,0.567,31,0
1,104.6,72.5,20.0,101.7,20.5,0.183,31,0
2,155.6,82.1,31.7,71.9,30.0,0.098,36,0
6,88.3,80.0,22.7,203.3,29.6,0.091,26,0
1,100.2,78.0,30.4,87.0,34.8,0.117,24,0
3,65.0,69.2,25.9,226.2,27.7,0.328,26,0
4,141.4,85.4,23.9,80.1,30.0,0.117,65,0
2,86.3,72.7,19.6,269.5,18.9,0.471,25,0
2,108.5,74.0,28.9,57.4,29.8,0.265,31,0
0,161.8,96.5,22.9,80.9,29.3,0.184,85,1
2,84.0,84.4,26.0,139.2,25.7,1.015,56,1
5,152.4,76.5,23.8,69.1,30.5,0.365,56,1
5,148.7,87.3,29.3,83.6,33.2,0.343,84,1
4,111.4,82.8,23.3,49.2,24.2,0.414,36,0
1,113.1,73.8,14.2,34.8,25.5,0.15,21,0
1,95.5,90.2,25.1,69.8,39.9,0.172,53,0
4,111.9,82.4,19.1,190.3,18.0,1.003,34,0
2,94.4,89.7,22.8,112.2,34.0,0.08,85,0
1,167.1,83.4,30.8,34.3,41.1,0.304,21,0
0,119.3,72.4,21.3,77.7,19.0,0.885,24,0
5,147.4,72.0,31.3,125.4,36.1,0.781,29,0
2,92.7,72.0,24.2,115.3,32.0,0.178,36,0
3,158.5,84.6,17.7,57.9,33.0,0.34,21,1
2,143.0,78.5,17.5,59.5,28.9,1.104,44,0
2,130.0,76.5,21.4,66.5,24.1,0.264,28,0
2,134.5,80.8,27.3,80.6,22.7,0.08,58,0
1,116.7,83.1,22.4,34.0,25.9,0.565,67,0
1,138.8,74.7,29.6,88.1,33.8,0.79,32,1
1,139.5,75.9,25.0,181.5,36.2,0.479,47,0
2,134.1,71.3,26.4,54.8,36.8,0.398,37,1
1,134.6,77.4,26.0,67.6,26.0,0.08,36,0
1,121.1,73.8,24.5,55.4,22.0,0.346,21,0
4,65.9,76.8,24.5,68.6,27.3,0.912,35,0
3,110.2,80.5,31.5,104.0,37.9,0.269,55,0
2,89.5,75.2,21.0,29.9,27.4,0.298,44,1
1,72.5,72.9,26.4,62.2,25.0,0.686,24,0
1,127.6,73.9,30.9,49.3,36.2,0.54,21,1
2,167.8,82.2,21.8,54.0,20.4,0.141,35,1
3,65.0,78.7,19.1,54.4,24.5,0.382,26,0
3,85.4,75.9,22.6,108.6,21.0,0.254,28,0
0,114.4,73.1,26.3,61.9,35.5,0.503,26,1
1,130.7,78.4,32.4,159.2,30.5,0.097,38,0
2,104.8,86.4,27.3,162.9,32.9,0.328,49,1
2,132.2,80.4,17.6,70.1,22.1,0.126,26,0
0,154.3,74.0,24.6,328.0,34.8,0.399,25,0
0,123.8,81.5,26.0,44.5,18.0,0.326,21,0
4,127.9,72.8,26.1,20.4,20.4,0.101,40,0
3,65.0,84.0,21.0,93.6,28.4,0.182,55,0
0,65.0,83.3,25.7,67.9,32.5,0.183,35,0
0,96.0,87.8,24.4,99.2,23.8,0.08,49,0
5,117.0,82.5,23.4,139.4,18.0,0.69,61,0
3,122.7,79.6,19.4,168.9,22.6,0.421,42,1
1,122.2,69.4,22.4,54.5,21.3,0.512,24,0
0,96.6,77.6,31.4,54.5,42.9,0.188,23,0
4,126.1,83.7,29.0,138.7,31.3,0.146,25,0
3,113.2,86.3,24.8,53.4,21.9,0.2,79,0
2,118.4,73.1,15.8,198.6,18.8,0.389,85,0
0,120.0,76.1,20.6,292.6,23.0,0.68,32,1
3,96.7,73.7,24.1,249.0,28.4,0.3,60,0
4,102.2,82.7,13.3,156.0,24.8,0.41,65,1
1,176.2,82.1,24.7,55.9,39.3,0.364,21,1
2,139.5,82.8,19.2,101.4,23.4,0.447,77,1
2,107.2,73.2,26.8,35.3,30.9,0.564,33,1
1,118.4,73.0,21.9,31.1,23.6,0.598,33,0
2,104.5,76.5,23.2,105.2,32.1,0.278,21,0
4,120.4,92.3,25.8,50.8,25.1,0.177,79,0
3,120.7,80.0,22.6,96.3,33.2,0.295,39,1
3,94.9,84.6,29.0,48.2,29.9,0.93,75,0
3,126.7,84.6,28.3,93.5,37.5,0.372,63,1
6,121.2,80.2,30.8,73.4,28.7,0.205,32,0
6,97.4,82.4,22.5,72.4,30.6,0.145,39,0
6,141.2,75.4,19.2,92.6,20.5,0.798,27,0
2,94.8,76.8,18.1,39.9,19.2,0.089,29,0
3,83.9,77.6,23.0,92.8,31.3,0.298,45,1
4,140.8,81.5,23.4,44.9,26.8,0.08,52,0
2,84.7,79.8,24.1,100.0,31.7,0.611,21,0
1,132.3,81.8,26.1,53.5,24.7,0.57,21,0
3,172.5,80.5,28.5,96.4,28.9,0.63,29,1
1,149.7,69.6,25.6,78.8,23.3,0.367,43,0
0,98.4,80.8,27.2,48.8,30.1,0.08,65,0
1,94.3,76.1,11.0,79.4,22.4,0.575,38,0
1,145.3,83.7,30.0,186.8,28.1,0.477,33,0
4,122.3,82.1,27.4,32.9,24.3,0.288,48,0
0,65.0,77.5,25.0,53.7,34.5,0.526,24,0
3,136.0,76.1,22.6,174.1,23.6,0.894,39,0
1,107.9,82.1,22.7,82.4,24.3,0.203,35,0
2,118.9,83.7,22.8,230.3,26.0,0.439,40,0
2,120.9,91.5,24.1,194.3,32.5,0.441,62,0
1,125.5,82.7,22.3,86.4,27.3,0.453,21,0
3,182.9,81.4,30.7,66.1,26.5,0.141,36,0
2,164.8,74.0,16.6,49.2,25.6,0.776,52,0
5,68.2,75.9,27.1,133.9,28.8,0.725,47,1
0,130.6,83.2,14.6,80.8,24.2,1.486,21,0
1,65.0,64.0,17.4,82.0,23.1,0.516,21,0
3,157.6,82.3,14.0,147.0,26.4,0.736,50,1
2,151.4,76.5,28.9,137.4,24.3,0.34,21,0
4,92.0,82.9,23.6,300.2,24.9,0.488,39,1
2,110.8,83.5,15.8,81.9,18.0,0.452,60,0
2,143.0,71.8,33.0,135.4,34.7,0.08,21,0
2,109.3,79.8,23.5,50.4,27.6,0.265,76,0
4,97.2,78.3,25.7,56.4,27.4,0.453,50,0
0,116.4,81.2,17.7,160.8,23.0,0.392,85,1
5,159.8,81.1,28.4,77.7,25.0,0.416,30,0
2,66.2,75.2,20.5,116.8,21.3,0.436,67,0
0,87.8,82.8,13.1,60.9,22.7,0.215,31,0
1,95.9,70.9,27.4,121.4,26.1,0.317,38,0
0,174.7,83.1,22.6,144.3,28.2,0.267,27,0
1,158.3,78.8,25.4,88.4,30.2,0.161,37,1
1,86.6,82.4,21.4,84.2,31.9,0.099,56,0
4,112.1,98.6,19.8,113.9,34.1,0.547,77,1
2,143.0,78.6,31.2,60.2,31.0,0.652,25,0
2,141.1,85.0,21.5,108.5,27.1,0.437,41,0
3,119.4,74.2,20.6,190.9,29.9,0.493,29,0
0,116.3,74.3,24.5,61.5,26.6,1.099,42,0
2,178.1,77.8,11.9,240.7,22.3,0.226,60,0
2,110.6,77.4,22.4,52.0,38.8,0.601,30,0
7,65.0,86.1,27.1,70.4,32.7,0.764,46,0
3,120.3,74.2,18.9,41.1,30.3,0.087,24,0
5,124.6,81.6,19.5,38.9,28.5,0.08,62,0
2,111.7,76.9,18.3,74.8,31.2,0.35,53,0
2,75.0,70.4,24.5,79.9,29.2,0.092,26,0
2,127.2,84.4,31.1,226.5,28.2,0.198,26,0
1,83.9,79.8,29.7,70.1,33.3,0.268,68,0
2,115.0,87.0,34.0,120.9,27.7,0.505,85,0
3,99.8,73.4,31.9,125.1,34.3,0.287,26,0
4,147.0,82.1,23.5,90.2,28.3,0.266,56,1
6,65.1,74.9,18.0,106.9,19.5,0.309,32,0
3,77.8,79.5,26.3,51.5,30.1,0.266,68,0
3,117.2,76.9,17.9,157.1,24.2,0.356,33,0
5,115.2,77.0,19.3,109.6,22.0,0.556,51,0
1,107.5,79.6,18.1,18.6,24.0,0.281,40,1
0,126.0,75.6,22.8,49.7,19.1,0.68,21,0
2,120.9,81.5,18.3,106.0,31.7,0.254,25,0
2,143.6,73.8,23.5,83.3,29.8,0.415,50,0
2,120.0,86.8,22.0,132.8,28.8,0.324,48,0
1,170.8,77.5,28.7,107.2,21.0,0.661,43,0
4,80.2,86.0,30.8,99.3,30.3,0.314,78,0
3,166.7,82.0,33.4,326.7,38.7,0.259,55,1
0,115.9,84.9,16.5,59.0,28.5,0.32,52,0
2,65.0,75.2,21.3,52.8,24.3,0.755,21,0
4,65.0,74.8,17.1,120.8,21.3,0.444,56,0
0,96.8,72.0,19.2,50.6,23.4,0.124,21,0
2,136.9,74.6,39.1,177.2,37.1,1.056,37,0
1,144.1,71.6,22.6,202.4,25.0,1.0,21,1
3,86.3,78.4,15.0,193.5,18.6,0.412,46,0
1,94.8,72.9,20.5,151.8,29.2,0.777,61,0
2,153.4,80.5,28.6,69.4,25.0,0.119,36,1
1,65.0,71.5,21.0,95.0,22.0,0.249,36,0
0,89.9,71.4,24.2,65.4,31.0,0.08,24,0
3,136.1,79.8,15.7,106.1,25.6,0.396,60,0
0,90.6,74.4,25.2,140.0,28.5,0.294,21,0
3,125.6,83.3,21.2,90.0,28.0,0.344,40,0
4,105.8,82.0,26.6,175.1,35.6,0.47,36,0
3,96.1,73.1,18.7,47.8,29.9,0.337,44,1
6,84.0,87.8,29.9,59.0,30.3,0.417,53,0
1,97.6,86.0,26.7,261.9,22.1,0.208,35,0
2,188.3,72.4,22.2,158.8,18.6,0.661,56,1
0,94.7,72.5,32.1,83.2,41.7,0.425,37,0
4,121.6,79.7,22.9,64.0,31.5,0.139,44,0
1,128.9,68.0,18.1,60.6,21.7,0.962,22,0
2,200.8,74.8,32.2,84.6,33.7,0.868,31,1
0,164.6,78.3,23.9,76.9,27.8,0.28,21,0
4,65.0,73.9,20.8,52.6,25.8,0.26,38,0
2,133.9,89.4,22.4,94.6,23.9,0.286,52,0
2,140.2,72.5,25.6,116.9,29.0,1.087,34,1
2,155.1,80.5,33.9,58.1,34.8,0.193,36,1
3,67.3,85.1,30.4,105.0,33.2,0.365,45,0
0,113.1,78.1,29.5,204.9,39.3,0.133,47,0
0,103.3,62.8,17.2,67.9,26.3,0.435,21,0
2,128.5,68.6,24.0,71.8,27.7,1.144,28,0
2,102.0,86.0,26.5,46.4,32.7,0.394,21,0
4,103.8,75.1,24.3,119.4,31.2,0.547,31,0
0,69.9,85.4,28.1,80.2,39.8,0.34,72,1
0,138.9,89.1,21.4,44.5,40.0,0.153,52,1
2,110.1,79.8,25.6,44.7,25.8,0.73,37,0
2,105.7,83.7,20.7,56.2,18.0,0.497,80,0
3,105.2,81.8,19.8,219.1,18.0,0.379,43,0
3,101.9,84.8,19.7,121.5,29.9,0.332,85,0
2,143.9,78.2,21.4,56.1,25.4,0.088,40,0
1,131.3,86.6,24.8,67.3,31.6,0.175,28,0
1,65.0,75.7,21.3,94.7,24.3,0.714,21,0
1,67.0,81.0,31.4,43.9,36.6,0.437,50,0
1,65.0,80.8,25.7,500.0,20.5,0.08,31,0
3,65.0,75.9,19.2,95.1,24.7,0.08,40,0
2,151.3,86.4,19.0,165.6,24.7,0.202,46,0
1,137.3,68.5,24.6,34.7,30.4,0.425,25,0
0,164.5,83.9,22.7,126.1,24.8,0.394,42,1
1,104.1,71.6,12.7,110.0,25.3,0.61,34,0
0,144.9,79.2,29.2,57.2,34.2,0.453,21,0
2,131.8,72.7,24.9,93.8,33.5,0.292,47,0
2,65.0,77.1,25.7,83.3,29.4,0.377,50,0
1,150.9,79.7,19.9,114.5,21.7,0.09,65,0
0,99.7,73.5,29.0,75.6,29.8,0.172,21,0
3,128.8,87.1,27.7,115.8,32.0,0.378,85,1
0,99.4,78.3,24.5,60.3,26.8,0.315,26,0
2,65.9,91.9,16.9,141.9,23.2,0.185,85,0
0,125.3,75.8,26.3,34.9,24.6,0.566,21,0
4,166.5,67.2,19.9,109.7,29.0,0.164,38,0
4,76.0,80.9,29.2,53.5,35.0,0.08,44,0
2,121.8,72.6,21.7,160.8,22.5,0.348,35,0
1,155.2,67.3,27.2,68.9,29.8,0.7,21,1
3,65.0,80.7,20.2,129.9,33.2,0.291,30,0
1,82.8,83.8,26.7,118.8,30.0,0.08,43,0
3,114.9,94.0,26.1,80.5,33.0,0.851,85,1
0,100.3,69.0,20.4,23.8,24.5,0.267,22,0
5,94.4,65.8,28.1,113.3,26.5,0.087,28,0
0,75.3,68.0,17.8,58.3,19.9,0.424,21,0
1,117.5,75.6,23.3,57.7,23.9,0.363,31,0
3,86.0,75.4,19.9,70.5,23.0,0.271,36,0
1,74.3,80.8,19.0,124.3,22.1,0.175,58,0
1,76.3,73.6,27.8,89.2,31.0,0.671,44,0
1,154.3,72.6,21.7,100.1,18.3,0.12,70,0
4,88.9,72.3,16.0,154.5,20.5,0.571,37,0
2,129.8,73.6,22.5,100.6,31.9,0.623,21,0
4,96.1,80.7,20.2,212.4,26.1,0.197,44,0
0,65.0,80.6,18.7,153.3,21.6,0.549,21,0
2,89.8,87.6,22.3,39.0,30.1,0.094,57,0
4,96.3,77.7,20.5,45.4,26.2,0.58,37,0
1,116.4,80.5,23.4,64.3,28.9,0.374,27,0
0,119.3,71.6,29.9,157.2,28.6,0.416,21,0
1,75.6,72.1,21.4,108.6,26.1,0.347,29,0
1,158.3,79.9,22.0,156.5,22.9,0.417,36,0
2,160.7,83.7,22.6,59.1,25.9,0.152,82,0
3,116.4,78.1,32.7,66.2,29.3,0.153,35,0
2,124.9,75.6,24.6,37.1,29.8,0.208,41,0
0,88.1,77.8,25.9,110.4,29.2,0.144,35,0
6,65.5,77.0,14.6,187.2,25.7,0.601,41,0
3,113.2,88.8,21.5,85.4,29.4,0.579,40,0
3,102.2,75.8,22.9,61.7,19.4,0.176,37,0
4,166.1,75.9,25.0,168.1,29.7,0.146,27,0
4,192.3,82.1,19.9,164.0,31.9,0.599,51,1
1,88.2,71.5,12.6,133.5,18.0,0.157,22,0
0,119.0,74.0,21.0,41.8,33.3,0.562,46,0
2,142.1,95.7,28.2,100.6,36.1,0.268,51,1
0,129.4,78.7,27.7,119.2,30.1,0.708,21,0
0,127.8,77.2,19.3,48.0,18.0,0.145,21,0
2,156.2,82.3,28.5,67.5,28.1,0.341,21,1
3,159.5,85.9,28.2,128.6,23.1,0.52,64,1
3,126.1,79.5,23.1,122.0,27.8,0.224,29,1
1,186.6,81.7,20.9,75.1,29.6,0.08,63,1
2,142.5,77.3,25.7,38.4,31.2,0.363,32,1
0,92.2,75.1,20.9,60.2,28.7,0.08,22,0
2,146.5,73.2,19.8,35.6,26.1,0.696,26,0
3,92.1,88.8,31.0,103.0,35.4,0.372,40,0
4,119.6,80.6,24.8,133.8,22.8,0.478,51,0
1,141.5,75.9,12.7,93.3,20.5,0.26,38,1
3,94.9,82.8,18.8,94.9,26.0,0.867,56,1
4,140.5,71.2,25.2,57.5,25.6,0.236,34,0
2,122.3,73.9,28.5,53.5,22.9,0.552,36,0
1,77.5,77.1,17.6,105.0,30.5,0.733,25,0
0,65.0,71.1,21.6,167.4,24.6,0.331,24,0
3,65.0,78.7,25.9,138.2,31.4,0.155,52,0
0,104.6,73.6,21.0,61.2,18.5,0.416,22,0
1,95.5,72.9,30.5,120.6,23.3,0.17,32,0
5,168.8,76.0,28.8,165.6,33.1,0.523,54,1
1,108.9,76.1,21.9,244.8,24.4,0.398,21,0
3,94.4,75.6,19.6,51.0,23.3,0.223,65,0
0,121.2,81.6,26.9,172.3,35.7,0.398,23,0
4,117.8,83.4,35.2,341.0,35.2,0.138,65,1
1,96.8,77.0,22.8,58.9,21.2,0.592,22,0
4,116.0,81.8,16.8,91.6,26.2,0.471,52,0
2,106.9,74.0,33.4,63.7,28.0,0.392,28,1
2,99.6,91.6,22.2,30.3,29.7,0.328,83,0
2,99.2,75.9,20.1,50.5,19.8,0.08,33,0
1,132.1,76.2,13.5,36.2,20.4,0.771,21,1
6,95.0,81.0,24.5,124.1,29.5,0.816,47,0
3,67.6,79.9,24.9,125.3,32.7,0.128,30,0
2,110.7,79.3,20.8,66.0,25.3,0.654,49,0
2,112.1,81.4,18.2,62.2,24.8,0.507,65,0
2,92.4,75.3,36.0,64.0,28.3,0.44,53,0
0,193.1,74.4,23.6,112.6,28.2,0.263,21,1
0,139.2,74.1,26.0,45.9,28.6,0.747,21,0
1,107.9,85.4,29.2,472.7,40.5,0.768,42,0
0,91.5,71.6,28.2,51.3,22.6,0.147,44,0
0,73.4,72.5,18.0,51.9,22.7,0.194,21,0
3,77.1,80.0,25.3,99.9,25.2,0.785,21,0
0,105.6,75.3,29.9,271.0,27.8,0.599,22,0
3,141.5,80.2,24.9,64.9,23.7,0.262,67,1
3,142.4,72.2,21.3,67.2,24.8,0.192,27,0
1,124.9,79.4,15.1,56.9,21.6,0.135,51,0
1,137.1,86.7,14.9,164.6,22.4,0.523,60,0
5,123.1,73.0,22.6,51.3,19.4,0.332,26,0
5,133.6,76.5,30.1,46.9,30.2,0.339,35,0
3,113.2,84.8,19.7,146.9,24.4,0.133,51,0
1,91.4,71.5,29.3,173.3,31.8,0.896,21,0
1,113.1,71.6,22.6,154.2,30.7,0.705,32,0
1,95.7,83.4,29.7,44.1,37.9,0.422,63,0
3,125.0,75.7,25.5,70.3,26.9,0.81,43,0
3,81.3,83.8,23.5,55.8,28.9,0.287,44,0
2,115.3,82.3,22.5,95.5,21.8,0.492,56,0
6,166.4,79.3,26.9,101.9,26.5,0.159,28,1
0,179.8,71.6,20.3,35.0,29.8,0.335,22,1
3,145.7,80.9,11.4,249.1,20.2,0.459,42,0
3,154.6,83.5,22.6,66.6,30.4,0.349,29,1
3,87.1,69.2,28.4,95.3,28.4,0.461,28,0
0,96.6,71.3,22.6,120.8,27.1,0.21,22,1
1,128.3,76.8,16.2,53.7,28.3,0.11,46,0
3,178.3,77.3,28.1,54.0,26.3,0.25,34,1
1,163.2,69.0,24.9,84.8,28.9,0.684,22,1
1,83.6,81.9,27.9,129.3,32.9,0.796,58,0
1,121.6,79.2,32.3,45.9,35.2,0.216,31,0
0,143.3,79.3,27.6,88.2,24.6,1.22,47,1
1,160.3,82.0,25.4,40.9,29.2,0.21,74,0
0,107.4,74.3,21.1,36.7,22.3,0.763,57,0
1,111.2,90.9,28.3,145.8,40.8,0.327,70,0
1,123.9,84.0,24.6,50.4,32.0,0.71,57,0
1,78.7,77.2,25.2,66.2,22.5,0.13,32,0
1,112.0,78.8,21.3,76.3,35.7,0.596,25,0
4,135.7,86.6,23.8,74.9,18.6,0.65,32,1
0,103.8,82.4,31.5,176.2,22.8,0.119,33,0
2,172.0,82.0,16.5,65.2,24.2,0.304,64,1
2,131.4,82.0,20.3,120.9,26.2,0.404,29,1
2,70.7,66.5,20.8,250.6,30.8,0.211,21,0
1,97.2,73.8,19.2,136.0,22.6,0.296,41,0
2,65.0,78.1,24.4,27.9,25.0,0.193,38,0
1,109.4,74.3,24.6,75.5,26.6,0.976,25,0
1,84.8,77.8,27.8,45.6,31.1,1.039,31,0
3,116.5,84.2,28.5,101.9,25.6,0.454,71,0
2,108.1,75.1,24.8,110.8,29.0,0.621,46,0
6,127.8,73.0,31.6,69.3,29.8,0.309,32,0
3,160.4,89.4,27.1,71.0,30.1,0.207,25,0
3,156.2,85.1,17.6,83.6,18.0,0.247,85,0
5,167.4,88.1,25.8,98.2,29.0,0.308,78,1
3,111.6,75.3,14.6,109.4,18.0,0.335,55,0
3,105.6,79.6,23.6,148.3,27.4,1.022,33,0
3,90.5,71.7,22.4,18.0,26.5,0.257,25,0
2,95.1,82.7,24.8,36.5,31.1,0.396,25,0
1,128.5,80.0,27.9,59.8,18.0,0.098,33,0
3,73.3,75.1,22.8,57.6,21.4,1.189,29,0
4,103.1,80.3,30.4,102.0,25.1,0.231,37,0
2,74.4,74.8,22.6,69.0,25.4,0.08,36,0
0,116.0,65.7,21.5,74.7,28.9,1.268,23,1
1,82.2,68.3,25.3,171.1,21.0,0.102,23,0
5,70.8,79.5,20.5,122.1,28.8,0.272,32,0
0,111.0,80.3,24.9,200.3,26.8,0.37,35,0
4,65.4,80.6,27.1,60.5,35.3,0.258,69,0
2,123.2,77.2,14.7,100.2,21.6,0.423,42,0
4,98.7,72.5,26.3,31.0,32.3,0.08,41,0
3,118.3,78.7,23.3,309.7,26.2,0.578,43,1
0,65.0,89.5,20.6,95.0,23.9,0.221,61,0
1,157.6,83.8,28.7,80.3,35.9,0.909,85,1
1,77.9,67.9,22.9,137.0,25.1,0.442,28,0
1,172.2,97.5,24.4,71.9,29.7,0.087,85,1
1,101.1,72.0,22.3,105.4,26.3,0.454,21,0
0,156.6,65.0,17.4,59.8,26.2,0.3,32,1
1,145.5,71.4,22.8,264.4,30.8,0.161,22,1
3,100.6,77.5,27.4,208.6,31.6,0.278,50,1
2,137.1,85.0,24.1,149.5,23.3,0.495,56,1
2,104.8,75.9,24.0,77.6,23.7,0.141,21,0
3,107.6,81.0,15.6,120.0,18.0,0.753,60,0
1,138.8,74.0,18.9,143.9,25.6,0.26,43,0
1,65.2,84.9,26.1,63.1,35.2,0.124,53,0
4,96.1,80.1,28.1,85.9,36.0,0.632,64,0
3,129.7,80.6,25.0,101.5,27.5,0.264,51,0
1,144.1,78.0,27.2,58.4,36.0,0.603,21,0
4,120.5,83.2,26.6,54.5,33.8,0.412,31,1
0,93.4,75.7,35.3,175.5,31.1,0.734,21,1
1,130.2,74.7,25.2,92.1,20.5,0.106,21,0
0,104.4,79.9,29.4,102.2,26.0,0.242,21,0
1,185.5,71.4,21.9,173.3,22.1,0.284,32,1
1,120.9,80.2,25.7,108.6,21.6,0.359,82,0
3,65.0,82.1,22.5,120.3,29.3,0.362,36,0
3,99.4,79.1,20.8,118.8,30.8,0.308,44,0
0,86.3,79.8,18.7,119.2,18.0,1.336,29,0
2,70.6,73.6,26.7,62.5,25.0,0.228,34,0
3,76.9,76.1,13.5,121.6,21.7,0.51,38,1
3,109.5,72.7,20.2,251.5,27.6,0.971,33,0
3,88.3,76.4,21.3,118.1,23.5,0.686,48,0
3,123.7,72.9,23.4,216.6,29.1,0.46,27,0
1,123.8,72.7,28.6,144.9,34.0,0.136,21,0
0,107.9,72.3,37.9,71.2,27.9,0.176,21,0
1,113.9,85.3,30.0,91.6,31.8,0.201,55,0
0,173.0,83.5,30.7,177.9,34.7,1.208,21,0
3,163.3,76.1,26.6,169.2,28.3,1.252,33,1
0,120.8,73.1,14.0,43.1,20.0,1.091,21,0
4,121.1,81.8,23.0,71.9,21.0,0.282,49,0
3,131.4,77.3,25.8,56.3,26.9,0.797,37,0
2,127.6,81.7,32.2,58.0,37.5,0.22,37,1
0,128.4,72.7,20.4,51.5,18.0,0.272,39,0
2,65.0,76.3,30.5,111.5,29.8,0.08,38,0
0,116.7,77.5,31.1,71.7,28.8,0.237,21,0
2,138.8,80.1,32.6,78.0,30.7,0.099,30,0
0,108.2,78.6,21.9,271.9,26.9,0.862,24,0
0,87.4,74.5,17.5,212.5,27.5,0.121,26,0
2,111.3,83.9,31.4,95.3,27.3,0.664,39,1
3,117.2,79.9,16.7,136.2,21.6,0.192,55,0
2,70.4,87.5,19.2,54.1,18.0,0.844,54,0
6,97.4,81.3,35.0,50.5,38.5,0.341,42,0
2,137.9,79.1,23.4,45.4,26.1,0.763,30,0
3,127.8,72.9,25.9,132.9,21.5,0.331,37,0
2,124.1,74.2,19.8,51.6,33.5,0.361,51,1
5,164.1,80.1,21.6,54.3,24.8,0.516,26,0
1,119.8,78.9,20.2,145.8,29.0,0.107,37,0
3,119.7,81.2,29.4,62.2,30.1,0.187,29,0
6,152.5,80.0,30.3,99.0,23.7,0.25,26,0
1,114.5,86.3,24.0,124.6,30.9,0.083,36,0
4,130.7,80.1,18.9,53.8,26.2,1.071,30,0
4,65.0,81.8,24.0,118.6,32.6,0.606,42,0
2,131.3,74.5,26.5,75.1,33.3,0.2,31,0
0,103.9,74.9,22.8,104.7,31.5,0.253,34,0
0,112.4,70.4,13.8,52.8,18.0,0.458,21,0
1,162.4,75.8,19.1,125.5,29.5,0.209,52,0
3,127.1,88.1,27.1,47.6,33.2,0.436,52,0
1,127.9,70.4,14.8,149.9,26.3,0.444,24,0
2,99.6,78.6,14.8,71.5,18.9,0.08,25,0
7,109.0,79.5,28.2,33.8,26.4,0.214,39,0
6,158.5,67.1,19.8,241.5,21.4,0.284,29,0
1,129.1,79.3,17.9,86.6,27.6,0.193,41,0
1,168.3,81.4,28.1,72.3,25.3,0.596,66,0
4,87.2,69.0,27.2,188.9,29.1,0.143,25,0
0,66.7,81.1,17.5,73.7,18.0,0.08,54,1
0,107.6,82.9,27.2,74.8,34.4,0.944,23,0
1,146.0,70.2,28.8,101.3,31.3,0.386,26,0
1,122.8,78.5,17.2,103.8,21.1,0.326,40,0
2,75.0,82.2,22.5,135.4,28.3,0.08,47,0
2,99.5,86.7,28.8,133.1,32.2,0.441,65,0
3,134.2,87.1,18.6,240.6,24.2,0.447,75,0
2,146.3,82.3,26.0,84.4,26.9,0.388,32,1
4,92.5,81.1,26.6,122.5,18.0,0.136,37,0
6,156.9,81.0,26.7,118.5,18.0,0.854,42,1
3,137.3,78.3,15.4,81.6,20.4,0.569,36,0
3,92.8,82.1,23.8,63.1,24.4,0.116,32,0
2,174.4,88.6,33.4,61.9,36.4,0.474,28,1
4,97.7,77.2,24.5,169.6,27.2,0.831,48,1
0,103.6,80.2,19.6,104.8,18.0,0.855,65,0
0,142.3,78.0,27.1,43.6,28.3,0.149,21,0
3,106.4,71.6,24.9,105.9,29.6,0.621,33,0
2,164.2,71.5,26.3,59.5,23.0,0.225,21,1
3,151.1,73.9,17.1,36.7,27.6,0.63,47,0
2,128.0,81.0,19.7,112.7,33.6,0.168,26,0
2,141.9,84.0,25.6,44.3,25.5,0.08,61,1
0,99.0,67.5,23.2,105.2,24.8,0.334,34,0
1,103.6,88.3,24.9,71.9,23.5,0.652,47,1
0,71.4,76.5,25.9,120.6,29.8,0.211,24,0
0,127.0,79.8,21.8,27.9,24.7,0.148,39,0
1,184.5,78.8,19.7,54.5,27.6,0.354,39,0
2,96.4,70.1,21.4,160.5,22.6,0.659,44,0
5,65.0,70.2,26.0,89.6,24.4,0.525,27,0
4,138.2,87.6,25.4,121.6,38.0,0.621,59,0
2,125.5,83.2,23.2,51.2,23.1,0.23,42,1
3,132.5,84.6,21.6,92.1,35.7,0.347,64,0
2,103.9,70.3,19.2,210.8,21.4,0.08,21,0
6,65.0,75.4,35.5,237.3,36.2,0.171,39,0
2,84.9,79.5,22.3,182.5,26.7,0.119,34,0
4,65.0,82.0,25.1,105.5,29.5,0.08,76,0
0,144.4,79.1,16.4,67.1,22.4,0.295,48,1
1,133.1,70.7,20.6,30.0,28.9,0.443,36,0
4,105.5,83.2,22.8,59.9,29.5,0.08,47,0
1,79.8,76.2,31.0,145.7,27.5,0.132,30,0
1,105.4,75.4,22.3,40.3,19.7,0.685,44,0
4,65.0,86.0,19.8,57.1,22.7,0.241,85,0
1,97.4,75.5,20.6,37.8,20.5,0.427,28,0
1,186.3,73.9,17.4,84.8,27.2,0.29,39,0
2,121.2,76.3,27.3,60.6,22.1,0.649,25,0
1,191.2,76.0,22.9,62.2,20.9,0.08,23,1
4,65.0,80.3,22.0,177.7,21.0,0.676,54,0
0,108.9,70.3,24.4,74.4,22.6,0.085,21,0
3,80.1,83.0,37.3,150.1,41.4,0.509,44,0
5,96.3,80.5,23.5,91.7,29.8,0.774,52,1
2,114.7,69.0,19.1,94.2,27.9,0.179,30,0
3,100.5,81.5,22.3,68.4,28.9,0.828,63,0
1,79.6,66.8,17.8,100.5,18.0,0.19,60,0
3,97.6,90.5,31.4,94.4,32.1,0.436,30,0
0,84.0,74.5,24.1,107.8,31.5,0.085,21,0
2,124.5,85.6,21.9,68.2,29.8,0.256,46,0
3,144.0,81.0,30.8,40.2,30.9,0.964,36,0
5,153.1,89.1,22.7,110.2,27.9,0.199,40,1
7,120.5,80.6,29.3,107.0,26.7,0.587,45,1
0,113.7,77.3,20.8,46.9,27.8,0.189,21,0
1,66.4,73.3,13.7,70.7,18.0,0.292,30,0
3,112.4,84.8,21.8,110.9,38.0,0.919,72,0
2,122.3,73.6,18.0,72.8,18.1,0.484,40,0
1,104.6,78.3,31.0,98.8,33.8,0.097,47,0
2,77.5,73.1,26.8,206.8,32.2,0.08,39,1
0,139.5,81.5,20.8,94.0,28.6,0.182,46,1
1,88.7,80.8,19.9,354.8,18.0,0.08,60,0
2,143.3,68.2,20.5,67.7,29.0,0.08,21,1
2,140.8,90.5,23.1,167.0,36.8,1.284,51,1
2,65.0,69.0,21.4,66.1,28.0,0.216,36,0
2,141.8,74.7,28.0,59.6,25.7,0.719,55,1
3,108.7,86.7,23.9,28.9,26.4,0.451,31,0
2,65.0,74.0,24.8,107.7,28.9,0.648,30,0
1,95.6,73.5,22.4,188.9,18.0,0.813,21,1
3,146.3,77.9,23.0,126.7,30.6,0.62,36,1
0,115.1,68.9,10.4,57.8,22.2,0.23,21,0
1,94.3,76.0,32.6,63.5,29.6,0.321,35,0
3,118.2,81.6,31.2,127.7,37.4,0.32,40,0
2,110.5,80.1,26.1,71.9,24.4,0.314,26,0
0,76.4,76.4,21.7,73.5,21.7,0.319,21,0
2,75.6,76.5,23.7,112.3,27.9,0.182,21,0
0,121.7,80.6,32.4,38.3,36.8,0.148,23,1
1,135.2,81.6,30.3,81.3,29.0,0.847,21,1
2,102.0,85.9,25.1,107.4,33.6,0.743,39,0
3,122.7,85.9,21.2,72.8,31.0,1.205,85,0
1,90.0,70.7,27.6,62.2,34.0,0.104,21,0
2,174.9,92.5,21.7,35.9,24.0,0.754,85,1
1,114.4,81.0,29.9,62.8,35.7,0.092,39,1
2,65.0,82.0,24.0,46.3,30.9,0.08,42,0
0,82.1,74.1,26.6,120.5,19.9,0.216,21,0
1,105.1,69.2,17.6,78.7,26.4,0.317,40,0
1,148.1,74.2,28.0,26.5,28.5,0.08,29,0
2,135.9,73.6,22.3,50.9,28.1,0.279,70,0
1,93.9,69.7,25.3,109.4,27.1,0.586,21,0
2,65.0,63.8,19.6,210.2,28.9,0.371,29,0
1,107.6,72.5,26.1,134.7,28.9,0.174,25,0
2,93.1,78.4,29.4,78.6,24.6,0.181,43,0
2,108.4,63.7,22.6,69.7,29.8,0.344,21,0
2,112.9,90.3,21.0,52.4,31.8,0.375,69,0
4,123.6,80.0,27.9,178.3,37.3,0.31,42,1
3,110.3,86.5,35.6,174.6,39.3,0.804,41,0
1,65.0,76.2,20.2,83.7,25.5,0.622,21,0
2,123.2,80.3,21.7,128.0,25.0,0.202,52,0
6,128.8,78.8,22.6,51.6,25.7,0.196,50,0
2,96.3,74.3,19.9,85.4,21.0,0.08,62,0
0,70.3,75.0,27.6,86.3,28.4,0.637,32,0
1,132.0,72.9,36.9,81.8,46.1,1.012,21,0
1,106.0,79.3,25.2,91.8,22.7,0.372,27,0
0,88.7,76.5,20.5,34.1,24.1,0.434,56,1
4,118.5,72.3,23.6,107.3,18.3,0.367,29,0
1,148.6,86.7,21.5,40.3,32.7,0.496,83,1
2,98.7,81.3,20.2,96.2,28.6,0.383,53,0
3,106.7,86.2,22.0,35.8,23.0,0.245,78,0
4,104.6,71.5,19.9,178.6,21.7,0.811,30,0
3,75.0,76.9,21.1,289.5,24.3,0.241,45,0
0,112.0,73.5,24.1,230.3,31.3,0.466,23,1
3,167.0,82.5,28.0,135.7,29.5,0.087,54,1
3,65.0,77.2,16.6,68.3,22.8,0.283,46,0
2,107.6,78.9,25.3,60.5,24.1,0.145,51,0
2,140.6,82.9,20.4,174.2,32.7,0.287,31,0
4,77.7,77.0,19.6,170.4,18.0,0.322,39,0
4,121.0,83.4,22.6,106.4,21.4,0.57,38,0
1,143.1,73.2,16.0,31.6,28.3,0.169,31,0
3,66.6,78.2,20.4,188.3,28.1,0.087,40,0
4,164.5,81.5,28.8,65.0,31.2,0.452,44,1
3,111.1,81.0,32.2,34.0,32.1,0.217,47,0
1,101.1,74.7,30.9,299.8,31.1,0.266,31,0
3,66.2,77.2,24.1,111.2,18.0,0.09,53,0
3,94.1,82.3,15.0,191.1,31.9,0.085,51,0
2,65.0,88.2,25.5,62.6,29.7,0.257,48,0
3,65.0,81.3,28.6,66.2,27.7,1.067,54,0
2,120.3,82.2,29.3,36.3,33.0,1.11,34,1
1,118.6,80.6,18.2,63.6,34.4,0.08,21,1
3,65.0,80.0,30.0,124.7,23.9,0.212,51,0
4,121.1,82.0,14.3,42.1,18.0,0.843,28,0
0,73.1,76.1,20.5,96.0,25.0,0.429,21,0
3,119.7,81.0,18.6,152.8,21.2,0.241,29,0
4,131.0,77.8,21.6,128.9,26.4,0.252,40,1
1,65.0,84.4,22.4,86.5,30.9,0.686,67,0
6,113.6,80.0,25.0,109.0,23.8,0.556,44,0
6,135.1,85.3,19.9,72.6,22.9,0.173,54,0
4,77.9,76.1,16.5,81.1,18.0,0.158,51,0
2,103.7,86.9,30.0,43.0,29.9,0.213,43,0
4,140.6,82.8,26.6,59.2,31.9,0.343,33,1
0,102.8,77.9,25.6,142.6,22.6,0.163,23,0
2,147.8,90.7,16.3,108.0,21.9,0.644,85,1
1,160.4,83.4,26.2,285.1,26.8,0.08,29,0
2,158.7,70.2,16.1,35.4,18.1,0.464,33,0
0,97.8,79.5,23.2,54.9,33.4,0.324,35,0
3,80.6,70.0,21.3,96.2,22.9,0.984,29,0
1,134.3,82.9,22.9,102.3,32.0,0.597,47,0
1,110.2,79.8,26.4,72.0,27.0,1.08,29,1
3,111.4,76.1,12.8,42.3,18.0,0.231,32,0
2,176.5,77.8,21.0,38.8,22.3,0.08,28,1
1,109.6,74.5,26.7,54.0,18.0,0.211,32,0
0,91.8,84.7,24.5,103.2,28.1,0.117,21,0
0,65.0,76.2,19.9,84.4,23.3,0.145,21,0
2,79.8,84.9,19.8,104.6,25.5,0.914,73,0
2,105.0,85.1,25.7,132.1,34.9,0.08,54,0
2,143.7,81.6,23.2,34.1,32.5,1.044,68,1
1,159.3,73.1,18.2,81.1,25.4,0.498,71,1
4,117.9,72.3,33.0,48.9,26.9,0.159,24,0
1,101.8,79.3,20.1,85.0,23.0,0.304,67,0
2,98.0,85.8,27.3,143.9,31.0,0.22,59,0
0,126.5,78.3,26.6,62.3,38.9,0.407,32,0
1,89.8,69.8,19.6,173.4,22.8,0.205,44,0
0,142.5,82.8,23.2,193.7,29.5,0.348,54,1
2,152.2,72.7,17.8,108.6,22.9,0.194,49,1
2,154.1,82.8,24.3,115.6,32.3,0.08,35,1
1,68.3,84.9,25.2,131.1,30.8,0.111,40,0
9,126.1,86.7,30.3,112.2,30.3,0.782,46,0
2,108.2,71.5,22.1,116.9,19.1,0.145,32,0
3,65.0,77.6,23.4,70.3,18.0,0.815,48,0
3,112.8,77.8,27.7,89.1,29.8,0.31,27,0
3,102.5,75.5,20.5,39.7,19.9,0.423,68,0
2,100.2,80.7,19.9,78.6,26.2,0.165,57,0
3,166.4,80.7,19.5,108.8,24.9,0.475,54,1
2,66.1,82.3,27.5,87.2,33.2,0.136,45,0
2,112.7,83.5,25.9,328.9,32.0,0.095,42,0
3,120.8,79.9,30.1,180.9,25.2,0.142,58,0
1,65.0,76.3,23.6,153.4,29.3,0.157,22,0
3,116.8,68.1,31.1,81.5,29.4,0.258,25,0
2,122.1,86.8,25.0,18.5,32.3,0.464,49,0
1,141.7,80.3,16.3,77.7,18.0,0.947,37,0
4,65.0,74.9,23.5,79.8,22.7,0.146,29,0
3,113.2,92.6,34.6,44.3,32.4,0.513,60,0
2,99.2,69.7,15.9,95.0,20.0,1.116,40,0
3,126.1,75.4,23.8,108.3,20.5,0.471,44,0
3,125.8,84.3,20.6,241.6,26.4,0.225,61,0
3,123.2,70.6,24.3,55.6,24.3,0.387,35,1
2,119.0,92.7,23.2,213.3,30.0,0.08,84,1
2,112.7,74.4,27.4,376.9,34.3,0.08,23,0
5,118.9,79.1,25.5,87.9,18.0,0.766,60,0
3,65.0,82.0,23.9,42.1,27.9,0.276,30,0
2,212.7,79.5,24.2,63.3,26.6,0.102,56,1
3,135.9,67.1,15.9,80.5,20.7,0.442,27,0
2,168.3,69.9,22.5,76.2,18.0,0.539,21,1
1,115.2,73.4,19.1,81.3,22.5,0.152,56,0
4,132.5,69.4,14.1,56.0,18.3,0.57,32,0
1,65.0,71.8,14.4,113.5,28.7,0.395,21,0
6,168.4,79.8,16.8,240.6,23.5,0.354,57,1
2,158.1,84.5,18.1,42.3,23.1,0.08,41,1
6,84.7,72.5,16.4,82.6,31.2,0.491,32,0
4,95.6,84.6,33.9,102.1,38.1,0.603,45,1
2,109.3,74.0,30.6,160.7,25.8,0.185,35,0
2,127.8,74.9,29.8,210.5,30.4,0.499,33,0
3,108.1,85.4,25.4,222.3,32.6,0.219,53,1
3,137.2,64.6,18.2,51.9,20.2,1.119,42,0
6,122.8,70.6,19.5,65.6,18.7,0.658,26,0
1,123.8,81.5,21.1,86.2,26.1,0.491,37,1
3,116.0,86.2,15.3,272.3,30.1,0.08,53,0
0,159.2,74.1,21.0,199.2,23.2,0.34,23,0
1,142.1,79.3,18.9,64.4,18.0,0.318,63,0
2,103.2,72.1,34.5,74.3,35.2,0.571,41,0
1,144.4,73.4,20.4,57.7,31.3,0.46,40,1
5,87.3,83.0,24.5,89.3,25.9,0.273,41,1
3,97.7,90.6,16.6,101.0,21.8,0.261,75,0
4,143.2,75.5,17.5,53.4,19.5,0.598,38,0
2,133.3,73.6,25.3,199.6,22.3,0.583,32,0
2,123.3,90.7,22.6,184.4,36.8,0.335,85,1
3,130.1,75.6,26.6,217.7,25.5,0.777,35,1
3,167.5,81.6,21.8,78.3,28.8,0.663,56,1
5,113.3,83.2,32.7,274.3,43.6,1.194,50,0
3,115.0,77.2,28.2,113.0,37.6,0.248,38,0
2,159.0,88.2,24.7,194.3,28.4,0.435,85,1
1,81.3,78.9,29.2,60.9,37.2,0.596,48,0
4,100.2,75.7,23.3,77.7,30.1,0.249,25,0
0,136.7,68.3,32.0,70.7,38.2,0.821,21,0
1,94.9,80.3,29.8,40.3,27.6,0.313,50,0
4,116.6,79.6,30.9,61.3,31.5,0.344,33,1
0,77.4,76.0,28.1,69.8,30.7,0.393,21,0
5,123.4,77.6,11.6,82.3,23.0,0.101,36,1
3,65.0,81.4,24.2,66.5,31.7,0.164,51,0
2,72.8,80.0,18.0,71.0,21.7,0.355,35,0
3,124.7,77.6,23.5,173.5,24.6,0.283,37,0
2,143.1,64.7,25.1,106.5,32.0,0.735,21,0
4,116.3,73.0,20.4,38.9,29.6,0.59,50,0
1,159.3,80.2,26.5,101.6,27.7,0.376,21,0
4,128.0,68.4,25.6,118.5,29.2,1.121,29,1
1,97.2,76.4,25.9,86.8,27.3,0.193,43,0
0,157.6,77.3,28.0,340.3,33.3,0.649,26,1
1,132.7,74.4,33.7,73.3,40.2,0.456,29,1
0,130.5,70.8,24.0,70.9,35.3,0.512,21,0
2,159.8,76.4,18.2,119.9,25.6,0.42,42,0
2,103.1,85.4,28.2,48.1,30.3,0.353,43,1
2,136.3,84.0,22.0,72.2,23.1,0.201,38,1
0,99.2,76.2,30.5,59.4,34.2,0.198,21,0
0,115.0,70.7,20.7,107.2,27.6,0.173,21,0
2,81.5,78.8,20.4,77.2,31.9,0.951,56,0
3,124.0,76.9,21.3,169.1,29.3,1.168,32,0
4,139.3,80.5,19.8,65.3,18.0,0.668,85,1
2,112.5,79.4,21.5,111.2,27.4,0.726,42,0
0,126.2,88.7,22.8,54.2,29.0,0.259,83,0
1,65.0,79.0,15.6,55.7,29.8,0.308,35,0
3,129.5,68.1,15.3,112.8,22.5,0.196,30,0
2,73.0,73.0,16.9,79.9,20.3,0.24,50,0
1,148.0,76.2,20.3,83.2,28.7,0.952,61,1
3,144.7,80.9,23.2,192.5,28.1,0.08,35,0
1,86.6,74.7,24.8,78.6,25.2,0.489,49,0
0,97.7,79.6,25.3,88.5,24.5,0.897,21,0
3,159.0,64.4,30.2,77.9,34.3,0.293,25,0
2,157.9,90.0,22.1,63.9,23.3,0.47,45,0
2,129.2,69.8,18.1,63.0,24.4,1.246,32,1
4,98.5,72.6,24.4,251.9,18.0,0.358,43,0
3,65.0,89.8,24.2,148.8,31.9,0.369,46,0
0,138.7,84.7,28.1,137.7,28.3,0.118,49,0
1,96.1,89.6,30.7,93.0,36.1,0.901,56,1
0,135.6,81.0,15.2,244.6,22.6,0.102,56,1
0,141.4,77.6,16.3,168.6,19.0,0.411,22,1
2,108.2,76.8,25.3,60.1,23.1,0.566,35,0
3,121.9,77.0,34.2,233.2,32.4,0.178,34,0
4,157.1,75.8,28.3,206.8,33.6,0.101,37,1
2,107.8,86.8,22.9,72.9,28.1,0.879,33,0
4,96.8,84.1,25.7,168.0,27.9,0.407,38,0
1,128.1,72.0,27.6,184.4,36.3,1.143,28,1
1,108.2,85.2,23.1,52.7,30.8,0.708,54,0
1,118.8,72.4,29.1,45.4,27.5,0.725,46,0
0,148.0,83.1,14.7,108.6,23.6,0.139,28,0
2,78.0,76.6,22.8,62.6,31.2,1.178,38,0
2,133.4,89.7,19.7,30.7,20.9,0.373,79,0
0,95.2,75.6,19.3,56.0,20.8,0.233,23,0
2,104.5,75.8,19.5,63.2,26.5,0.158,25,0
1,116.5,74.5,27.1,68.1,35.9,0.211,55,0
3,111.2,82.3,25.4,93.8,20.7,0.669,72,0
0,65.0,85.0,28.8,251.8,33.6,0.936,43,1
1,159.2,89.9,26.0,123.2,31.1,0.507,39,0
1,151.3,70.6,19.8,202.1,21.3,0.08,21,0
1,110.3,78.9,27.3,137.1,29.1,0.08,31,0
3,144.9,66.8,15.7,98.0,23.5,0.119,30,0
4,102.3,77.9,28.4,127.8,23.5,0.717,31,0
3,83.6,68.3,28.2,99.7,34.0,0.576,27,0
2,116.7,72.8,21.5,114.6,26.8,0.102,21,0
1,77.6,71.8,18.5,110.1,26.5,0.21,50,0
3,134.5,74.5,16.0,75.7,27.4,0.087,45,0
1,92.5,84.8,29.8,45.1,34.6,0.225,21,1
5,65.0,76.5,20.4,42.4,26.1,0.099,38,0
4,65.0,77.9,26.6,60.5,31.8,0.342,33,0
6,110.9,78.8,28.2,61.3,31.9,0.233,75,0
2,125.3,73.2,22.7,67.3,18.4,0.172,64,0
1,157.8,85.7,15.7,227.9,33.6,0.681,75,1
1,65.0,70.5,26.8,159.0,34.3,0.381,30,0
0,147.3,69.6,25.7,263.2,31.1,0.189,21,0
0,99.4,75.2,23.0,95.4,24.9,0.296,22,0
4,113.0,62.5,11.7,50.4,22.9,0.285,31,0
6,115.2,87.9,18.5,91.6,27.0,0.705,34,0
3,114.7,84.9,20.2,71.9,18.0,0.339,76,0
0,65.0,70.4,20.7,171.3,29.8,0.656,54,0
1,137.9,74.6,17.5,202.8,20.6,0.158,45,0
1,141.7,82.9,28.7,44.4,29.5,0.126,64,1
2,145.6,81.4,20.0,154.0,25.3,0.4,48,0
0,130.6,85.3,23.5,160.6,29.7,0.139,53,0
2,108.4,70.2,20.3,196.2,24.9,0.081,33,0
0,68.0,67.3,21.6,150.2,27.1,1.0,21,0
0,129.4,69.0,27.0,30.5,23.6,0.555,21,0
1,116.2,80.7,20.1,127.6,28.9,0.505,21,1
1,114.9,74.2,25.3,118.9,32.6,0.16,50,0
5,129.1,74.6,30.7,84.5,34.1,0.653,26,0
2,113.6,79.0,18.7,155.2,25.5,0.925,33,1
0,100.8,72.4,19.5,68.0,18.0,0.08,21,0
7,77.2,74.5,26.0,53.7,24.7,0.83,61,1
2,114.8,80.6,28.1,106.1,31.3,0.143,37,1
5,162.1,84.3,21.6,55.6,33.1,0.622,42,1
1,79.7,86.9,29.0,90.8,38.0,0.303,44,0
4,147.1,72.9,17.2,154.4,23.8,0.175,46,0
1,137.9,77.6,29.2,83.3,36.0,0.344,62,1
2,65.0,82.3,20.8,45.5,25.8,0.162,51,0
0,134.5,77.6,19.8,102.6,30.0,0.08,23,0
5,115.6,75.7,23.7,83.1,29.8,0.369,25,0
4,112.3,84.3,21.4,87.1,34.4,0.319,85,1
1,178.9,84.5,14.9,119.1,18.6,0.36,57,1
2,145.1,88.2,20.1,220.9,20.0,0.166,85,0
3,85.3,67.3,25.5,87.9,28.1,0.288,34,0
6,135.5,89.5,13.4,51.4,21.6,0.605,71,1
2,85.7,83.0,22.1,90.7,28.0,0.322,47,1
4,87.0,79.8,29.1,53.2,32.5,0.08,43,0
3,120.1,85.3,23.5,89.8,35.4,0.298,38,0
3,152.6,82.5,19.7,197.9,22.5,0.355,54,0
0,67.4,67.8,23.9,80.8,21.5,0.246,48,0
2,98.9,79.8,23.4,42.3,30.2,0.103,35,0
3,152.6,76.1,30.8,280.0,32.0,0.382,29,1
3,84.9,79.6,19.5,73.7,23.9,0.282,35,0
3,116.0,80.3,28.5,199.5,23.0,0.45,38,0
1,105.1,75.4,23.6,51.3,31.8,0.08,31,1
0,155.8,74.4,25.8,240.4,33.3,0.237,25,0
4,125.2,79.5,22.2,58.1,27.6,0.436,39,0
3,105.4,75.8,28.7,148.5,30.6,0.279,45,0
1,88.2,77.9,23.9,328.7,23.1,0.25,42,0
0,182.4,68.8,20.9,147.9,24.5,0.119,22,1
2,112.6,80.7,23.2,79.2,26.4,0.134,75,0
7,107.8,93.5,25.9,136.8,24.2,0.55,83,1
3,131.0,85.6,17.7,26.5,18.5,0.28,50,0
3,138.0,81.9,20.2,112.4,24.4,0.879,54,0
0,70.2,76.7,20.3,65.0,29.5,0.967,42,1
1,108.9,84.4,22.6,73.6,25.2,0.579,44,0
3,80.7,75.8,26.9,112.9,32.2,0.08,21,0
2,96.9,75.0,20.1,99.4,25.4,0.516,36,0
2,155.8,89.0,25.6,141.9,21.9,0.357,36,1
2,151.9,92.0,26.5,73.4,28.1,0.169,82,0
1,133.8,81.0,27.6,105.7,31.6,0.268,33,0
1,70.0,78.6,21.7,44.5,22.6,0.174,74,0
3,121.0,72.4,19.0,79.6,18.0,0.162,38,0
1,96.6,78.6,28.5,177.6,29.3,0.595,31,0
1,146.7,79.8,22.7,61.4,31.7,0.727,21,1
5,97.0,67.5,21.3,150.9,18.0,0.08,44,0
5,88.5,72.8,16.5,51.3,33.0,0.278,26,0
0,126.5,78.3,24.4,277.0,24.5,0.152,21,0
2,153.8,89.3,20.4,249.4,26.1,0.172,50,0
4,149.2,70.0,23.0,80.7,25.4,0.095,44,0
2,156.6,75.0,19.0,147.3,25.5,0.944,46,1
2,156.9,78.2,19.2,129.2,26.1,0.363,38,1
2,167.2,79.9,22.1,50.8,28.5,0.384,27,0
0,120.8,71.8,21.3,110.5,25.6,0.272,23,0
2,100.8,81.9,28.0,116.8,35.9,0.623,70,0
4,88.6,75.9,23.1,60.7,28.1,0.108,51,0
1,153.2,76.0,26.6,94.7,30.1,0.808,57,0
3,109.5,79.4,28.8,117.0,38.6,0.27,35,0
5,85.9,77.1,29.5,44.0,32.0,0.328,26,0
2,131.7,71.5,32.3,103.3,42.8,0.218,25,1
4,68.7,77.3,23.4,95.8,26.2,0.12,39,0
2,80.4,80.0,28.0,101.8,31.9,0.916,26,0
0,122.0,68.9,20.4,211.8,30.2,0.269,21,0
1,143.2,83.6,24.2,45.2,28.8,0.08,48,0
1,104.4,86.8,20.2,116.3,30.3,0.607,57,0
4,107.6,72.5,23.9,72.7,28.0,0.113,29,0
1,140.2,82.1,24.8,73.2,32.1,1.41,21,1
5,141.5,70.7,28.0,75.9,23.5,0.475,41,0
5,65.0,79.8,14.4,173.3,21.0,0.167,35,0
3,162.5,73.7,24.4,198.3,29.5,0.313,32,1
6,104.5,85.2,24.0,99.2,32.6,0.529,46,0
1,91.1,82.6,23.7,64.1,30.7,0.176,40,0
2,100.0,83.6,16.4,65.3,18.5,0.671,45,0
4,71.3,81.4,32.9,153.9,32.7,0.279,39,0
1,196.5,79.8,36.8,89.3,27.6,0.089,26,1
5,73.2,82.6,32.2,76.5,34.2,0.162,25,1
3,67.0,80.0,26.2,92.7,19.8,0.253,38,0
1,106.6,82.7,25.9,163.1,33.9,1.193,56,1
2,70.8,80.3,29.3,227.1,27.2,0.786,39,1
4,118.9,72.6,25.0,40.4,39.4,0.08,28,0
1,167.5,75.8,24.4,42.8,29.4,0.156,41,0
2,120.3,78.5,24.4,90.7,31.2,0.213,41,1
3,125.8,71.9,23.7,70.7,24.5,0.198,26,1
4,105.7,94.1,19.6,89.8,25.8,0.551,83,0
2,81.7,82.4,23.8,44.6,26.6,0.478,54,0
4,105.6,80.8,23.8,56.7,28.1,0.321,35,0
2,148.7,82.7,31.9,91.5,26.2,0.273,80,0
5,158.4,82.7,26.7,148.3,31.0,0.175,44,1
1,116.3,80.2,25.8,93.0,33.6,0.524,42,0
4,143.1,87.2,20.6,91.3,30.8,0.418,67,0
3,90.2,77.1,26.8,77.0,28.8,0.26,54,0
1,95.3,76.9,25.1,115.5,25.7,0.419,47,0
4,65.0,73.0,21.8,56.5,18.0,0.08,31,0
1,150.5,82.2,20.9,107.7,31.5,0.246,38,1
1,96.6,67.9,15.7,53.3,23.5,0.286,35,0
2,72.5,68.3,16.7,94.6,24.6,0.127,28,0
3,131.0,91.8,26.3,128.1,24.5,0.738,85,1
2,158.0,78.1,26.1,87.3,29.1,0.447,55,1
2,103.1,80.8,29.5,58.1,33.4,0.148,34,0
2,65.0,82.9,21.0,25.6,23.7,0.186,45,0
5,104.6,74.9,19.5,63.5,18.9,0.223,35,0
0,122.7,83.9,24.9,68.7,29.4,0.082,26,0
1,134.1,75.1,17.5,130.7,21.0,0.797,21,0
3,139.9,82.9,21.3,202.9,24.9,1.093,46,0
4,117.4,79.2,19.6,194.1,22.6,0.21,38,0
3,106.7,83.4,26.5,121.5,27.9,0.136,61,0
4,136.9,78.1,32.8,49.3,30.0,0.437,29,0
6,72.7,80.5,26.5,54.1,30.8,0.46,61,0
5,84.0,83.9,16.9,85.4,26.3,0.491,64,0
2,91.7,75.9,32.4,41.7,35.2,1.045,21,0
7,100.9,74.8,19.4,78.4,23.0,0.922,58,0
5,70.7,74.0,20.7,81.7,20.8,0.509,53,0
2,146.1,76.2,18.7,33.7,21.7,0.194,37,1
2,76.2,86.0,30.6,100.2,41.9,0.319,61,0
1,65.0,82.6,16.1,152.3,20.8,0.361,56,1
5,146.6,81.9,23.6,51.1,34.2,0.176,40,1
0,131.5,73.5,19.4,68.5,26.1,0.494,21,0
1,113.1,81.2,22.6,183.7,31.8,0.725,34,0
1,130.0,74.6,18.9,82.7,18.0,0.603,58,0
2,118.5,75.2,20.5,68.4,25.3,0.463,43,0
0,152.2,84.0,27.3,157.4,31.1,0.21,31,1
2,90.4,75.1,25.0,170.9,30.5,0.404,39,0
1,170.5,79.3,26.4,57.3,35.7,0.204,40,1
1,145.3,69.9,16.7,113.4,19.1,0.566,26,0
1,95.6,68.9,27.3,86.3,30.8,0.361,30,0
3,90.5,83.0,21.7,38.0,28.9,0.082,85,1
0,119.7,80.9,23.2,74.8,26.7,0.17,21,0
1,79.0,75.1,28.8,88.0,27.8,0.136,39,0
1,108.4,82.0,21.8,66.4,24.4,0.24,58,1
4,158.1,79.1,20.5,178.4,22.3,0.14,38,1
3,120.8,75.9,25.2,73.8,30.6,0.11,29,0
5,182.0,78.0,19.6,287.4,32.5,0.735,33,1
2,90.4,80.1,20.3,196.5,27.9,0.08,81,0
5,129.5,83.7,26.7,111.6,28.6,0.337,51,0
2,98.0,71.5,31.7,190.8,28.4,0.421,49,0
5,108.4,83.3,29.0,135.8,37.5,0.489,36,0
8,131.0,78.3,30.9,95.8,20.3,0.193,42,0
1,91.5,72.5,27.3,269.8,29.1,0.216,24,0
1,87.4,87.7,23.6,53.8,26.1,0.453,83,0
4,100.1,91.7,25.1,212.4,24.7,0.213,85,0
0,97.8,89.9,29.9,46.6,33.6,0.207,52,0
4,82.7,71.3,28.3,111.7,29.9,0.31,39,0
1,161.2,71.8,21.4,105.7,26.6,0.087,41,1
3,105.3,88.0,32.1,32.7,32.2,0.298,47,0
0,141.6,72.5,23.7,89.9,23.4,0.249,24,0
3,139.3,74.8,34.0,101.3,35.7,0.298,33,0
1,147.8,78.6,29.0,97.3,29.2,0.137,24,0
0,72.3,86.7,25.5,144.1,31.7,0.932,52,0
2,103.8,73.8,19.8,122.4,23.7,0.468,21,0
1,137.0,70.1,16.4,223.4,24.5,0.196,25,0
4,95.3,77.8,23.1,32.2,29.2,0.401,55,0
2,162.6,75.4,16.8,111.9,19.6,0.705,43,0
2,75.7,89.9,32.5,335.7,35.9,0.43,77,0
2,141.3,69.2,28.1,80.8,25.5,0.16,33,0
3,100.7,74.3,19.8,76.4,32.0,0.984,36,0
2,148.6,82.1,33.2,101.3,31.4,0.495,70,0
1,123.6,80.4,25.2,79.1,36.3,0.182,62,0
1,87.9,78.2,21.6,40.8,22.0,0.25,55,0
4,141.2,79.2,30.4,56.0,29.3,0.151,27,1
4,65.0,78.2,15.8,132.7,31.3,0.698,28,0
1,103.9,71.9,20.8,52.4,20.6,0.634,37,0
1,100.4,80.0,23.3,360.8,25.4,0.594,37,1
1,128.8,81.6,19.3,121.8,28.6,0.21,21,0
1,65.0,80.6,24.3,161.5,25.1,0.4,27,0
4,122.5,69.2,9.0,172.7,18.0,0.532,33,0
3,126.9,72.4,18.3,181.0,18.0,0.198,38,0
1,89.6,88.2,30.6,198.9,39.4,0.152,60,0
4,105.3,78.7,20.3,203.6,34.1,0.446,67,0
4,116.1,79.5,26.8,154.8,31.0,0.979,51,1
0,145.3,78.9,24.3,119.4,26.8,0.194,21,0
0,65.0,85.3,20.5,137.0,23.9,0.213,64,0
1,113.2,86.0,28.6,42.8,29.7,0.627,51,0
3,130.4,78.4,19.7,117.0,22.3,0.243,56,0
1,135.0,86.6,24.4,59.2,33.1,0.848,28,0
1,108.0,86.2,15.5,140.9,30.5,0.118,71,0
2,133.4,74.9,21.4,57.6,28.0,0.156,35,0
2,112.6,72.6,21.4,112.2,26.0,0.412,27,0
4,151.1,81.4,24.8,317.7,26.0,0.191,53,0
3,88.3,82.0,27.8,99.0,29.3,0.365,37,0
3,93.8,79.1,22.6,123.9,20.9,0.08,51,0
3,129.8,83.3,27.6,148.0,40.6,0.816,32,1
1,135.7,75.4,23.9,111.1,25.2,0.237,23,0
2,131.1,77.8,22.1,107.9,20.9,0.443,32,0
1,101.4,69.3,22.3,139.6,32.0,0.418,21,0
2,101.9,76.7,21.3,64.3,25.0,0.202,51,0
1,114.6,72.8,20.2,97.6,24.9,0.128,21,0
3,79.7,84.0,31.4,84.3,27.8,0.08,62,0
1,88.9,74.6,18.1,70.3,24.7,0.128,21,0
2,161.8,89.9,20.2,178.0,24.5,1.075,58,1
2,109.7,75.6,23.6,51.7,26.7,0.082,49,0
1,98.2,80.7,33.2,56.3,35.2,0.267,21,0
3,96.5,71.5,20.6,119.8,26.4,0.597,42,0
1,124.3,67.9,22.5,115.9,26.5,0.336,21,0
5,182.5,75.0,26.1,107.2,33.4,0.613,42,1
2,151.8,83.8,23.3,221.4,18.0,0.375,28,1
1,73.1,79.4,32.3,168.0,31.0,0.163,21,0
0,156.1,92.2,28.5,247.7,31.2,0.443,48,0
1,88.3,75.7,27.3,62.7,28.1,0.189,37,0
1,94.3,70.5,16.3,41.5,25.6,0.54,38,0
0,100.1,79.0,19.5,92.3,27.7,0.279,21,0
2,77.4,72.5,25.7,84.6,25.9,0.08,21,0
1,156.1,79.1,25.5,110.8,28.9,0.08,34,0
4,96.4,77.7,26.7,164.1,26.2,0.263,58,0
4,65.0,74.4,25.3,55.5,33.5,0.175,52,0
1,87.9,79.3,20.2,279.8,25.5,0.184,47,0
0,121.3,80.2,15.6,121.3,26.5,0.369,66,0
3,65.0,74.8,27.3,53.6,31.8,0.25,29,0
2,123.6,79.7,22.9,127.5,31.3,0.647,48,0
0,86.6,75.5,31.6,85.4,28.3,0.161,21,0
2,150.7,80.0,16.0,67.7,25.8,0.602,85,0
2,129.6,76.3,29.9,122.2,26.4,0.386,27,0
2,117.6,83.7,25.8,160.2,43.0,0.354,46,1
3,65.4,89.7,32.3,44.6,32.9,0.846,76,0
3,73.7,75.0,21.2,138.6,30.0,0.24,32,0
7,96.5,80.4,23.4,48.8,27.1,0.23,46,0
2,107.7,75.2,27.3,29.9,35.8,0.614,41,0
4,163.9,87.1,22.6,159.2,18.0,0.643,31,1
3,124.5,69.3,20.7,89.2,31.8,0.307,28,0
1,102.7,68.0,20.1,31.3,28.4,0.718,21,0
1,162.2,74.0,29.5,147.9,28.9,0.282,21,0
0,112.1,75.0,30.3,98.0,34.5,0.228,35,0
4,128.9,87.1,30.7,66.9,36.3,1.023,27,0
1,164.7,73.3,29.7,62.4,27.5,0.138,21,0
0,137.9,75.2,28.9,62.6,27.3,0.842,26,0
2,129.2,85.1,21.7,53.4,22.4,0.328,50,1
4,133.6,72.8,22.7,78.5,26.9,0.25,40,1
5,112.9,81.6,22.2,87.7,36.0,0.117,59,0
2,116.3,67.1,20.3,100.5,25.7,0.08,31,0
2,65.0,72.2,14.3,67.2,18.0,0.326,22,0
2,92.3,87.8,21.4,153.1,21.9,0.589,50,1
3,113.4,78.0,13.9,103.8,25.0,0.239,51,0
2,129.8,84.3,20.5,200.9,23.4,0.094,43,0
4,101.1,83.9,29.6,63.6,31.0,0.515,26,0
1,191.5,76.9,26.1,127.9,30.0,1.006,39,1
0,140.2,74.4,28.1,95.8,33.2,0.257,21,1
1,122.9,79.1,24.5,51.0,25.8,0.257,27,1
2,68.8,86.0,19.5,116.8,29.0,0.293,63,0
4,113.2,63.3,16.9,114.6,22.2,0.172,30,0
1,131.4,85.8,23.1,106.9,25.9,0.135,56,0
3,112.0,75.7,22.1,119.5,27.7,0.694,44,1
4,110.7,85.6,20.4,206.3,28.0,0.298,75,0
1,110.0,81.9,22.1,60.1,32.6,0.35,44,0
3,92.5,78.0,28.4,188.2,29.7,0.176,42,0
0,75.0,74.0,26.0,72.3,27.0,0.223,21,0
2,184.9,80.9,33.4,55.2,39.0,0.495,27,1
0,82.9,68.4,34.3,95.3,22.1,0.582,33,0
3,100.0,84.4,23.9,54.4,32.4,0.776,85,0
2,123.1,68.5,23.3,68.3,27.5,0.337,28,0
0,65.0,73.3,22.2,37.0,30.2,1.283,22,0
1,164.7,74.5,24.3,62.0,21.5,0.367,21,1
0,152.4,68.7,22.2,93.5,21.4,0.122,21,0
3,66.9,91.2,26.2,65.8,25.9,0.394,85,0
4,104.7,80.9,20.1,119.4,27.3,0.259,41,0
0,145.6,64.1,14.4,161.8,21.5,0.08,23,0
2,114.3,87.5,21.6,83.4,24.6,0.125,66,0
0,147.0,77.4,25.3,52.7,29.3,0.463,80,1
0,163.9,73.6,16.9,138.1,24.0,0.143,24,0
3,88.5,76.6,24.3,56.4,36.4,0.168,31,0
2,130.0,83.3,17.8,79.8,24.3,0.453,62,0
2,76.5,80.0,21.8,63.1,27.1,0.357,51,0
0,100.1,74.9,24.4,93.1,26.1,0.515,35,0
1,117.2,73.8,21.6,100.3,20.6,0.906,63,1
1,119.7,90.7,22.9,53.9,27.2,0.519,21,0
0,87.8,80.9,20.7,99.7,22.9,1.181,21,0
0,134.1,76.6,26.5,71.3,33.9,1.21,22,1
1,68.0,84.7,22.5,125.1,28.1,0.555,26,0
5,86.8,82.9,16.4,103.3,26.6,0.721,25,0
0,149.3,71.6,14.7,101.5,25.6,0.498,21,1
4,89.4,78.0,27.2,89.3,33.5,0.365,31,0
2,123.7,75.1,33.0,84.0,27.9,0.08,48,0
6,167.3,75.3,21.9,138.4,21.6,0.096,55,1
3,114.4,77.9,23.8,84.2,32.0,0.172,53,0
4,158.0,78.9,20.1,30.1,31.5,0.08,60,0
2,71.7,70.8,21.3,45.7,22.5,0.607,46,0
3,96.1,75.7,25.0,85.0,25.7,1.197,29,0
1,122.1,79.1,27.3,100.4,39.1,0.225,21,0
1,82.0,76.6,22.1,52.9,29.2,0.87,21,1
2,100.2,84.1,32.8,112.5,48.2,0.08,40,0
0,119.6,90.0,33.0,76.9,34.9,0.169,24,0
2,120.4,87.3,31.6,126.6,41.3,0.615,39,1
2,105.0,73.8,24.7,25.9,23.5,0.137,21,1
0,65.0,83.6,22.6,107.1,41.0,0.734,65,1
4,94.3,77.3,26.5,23.5,20.8,0.237,32,0
3,70.1,81.2,18.3,219.1,26.5,0.158,33,0
1,112.6,73.2,25.2,94.6,23.5,0.349,35,0
0,113.7,72.7,17.4,65.2,27.8,0.104,21,0
1,110.9,77.7,27.3,102.0,30.9,0.085,62,0
0,84.8,70.6,23.3,68.3,27.0,0.903,22,0
5,65.0,74.9,29.5,78.7,29.2,0.447,35,0
0,160.7,68.8,21.6,64.0,25.9,0.355,38,0
2,115.6,82.4,21.5,20.5,30.5,0.082,25,0
2,105.0,80.0,32.2,49.7,30.0,0.167,49,0
3,112.8,79.1,21.2,68.9,26.0,0.219,59,0
0,72.1,76.3,21.1,199.3,26.2,0.938,21,0
1,156.2,82.5,19.7,52.0,20.8,1.424,51,0
1,92.1,76.2,21.5,93.5,28.3,0.18,21,0
4,111.4,71.5,24.7,50.4,30.1,0.271,25,1
5,130.5,78.7,29.5,52.7,32.8,0.08,29,0
0,138.0,73.2,13.4,129.1,21.0,0.332,29,0
2,114.2,79.8,16.1,156.8,23.0,0.509,63,0
4,82.0,69.7,26.4,90.8,30.7,0.388,30,0
0,134.2,78.6,24.1,30.9,30.7,0.199,30,0
1,142.2,73.7,24.6,154.0,32.1,0.123,21,0
2,152.5,77.9,30.7,70.7,41.0,0.319,43,1
3,132.4,71.8,22.4,87.9,21.0,0.365,34,0
1,182.0,78.5,26.6,151.1,23.6,0.684,46,0
2,119.8,72.6,18.7,90.2,28.6,0.354,21,0
2,121.4,79.0,12.7,53.6,28.0,0.577,76,0
2,154.3,83.6,22.2,88.9,29.6,0.556,53,0
3,166.6,79.2,24.3,48.0,36.5,0.282,85,1
5,159.4,88.4,28.8,316.3,40.0,0.603,38,1
3,112.4,87.7,14.6,93.6,23.4,0.287,57,0
4,139.4,87.1,18.1,277.9,31.5,0.476,77,1
6,149.0,81.3,30.0,30.3,35.7,1.664,43,1
3,117.0,75.2,15.8,56.8,24.2,0.397,34,0
4,87.9,79.8,26.3,99.7,28.9,0.213,30,1
4,82.9,83.1,24.6,71.2,25.7,0.448,32,0
0,127.1,74.1,22.2,114.2,18.9,0.402,40,0
2,143.1,66.1,16.7,70.6,23.5,0.232,34,0
0,100.3,73.6,27.7,172.4,26.6,0.284,51,0
4,90.5,84.2,32.3,48.0,35.4,0.438,68,0
0,98.5,82.1,34.8,88.1,29.5,0.155,21,0
0,119.8,69.5,27.6,110.3,29.3,0.203,21,0
2,139.9,78.2,27.7,132.1,27.0,0.159,30,1
1,126.9,71.2,18.8,128.6,28.9,0.226,21,0
7,115.2,86.1,27.7,92.1,29.3,1.203,74,1
2,159.5,84.6,13.7,67.9,18.0,0.523,60,1
2,202.1,86.3,18.4,65.5,31.1,0.08,34,1
3,115.4,80.8,27.8,31.4,27.4,0.232,36,0
2,166.4,83.1,32.6,111.1,34.2,0.279,44,1
3,93.0,73.8,23.3,32.5,22.5,0.094,25,0
1,151.6,81.1,26.1,104.7,36.7,0.636,32,1
4,88.7,75.4,29.7,80.7,22.9,0.421,26,0
3,103.7,73.1,21.6,80.8,33.9,0.25,38,0
3,113.7,82.6,20.5,63.3,24.9,0.628,39,1
1,65.0,83.2,31.6,60.9,31.0,0.123,35,0
2,65.0,81.5,27.4,66.8,34.8,0.202,58,0
1,87.8,82.1,24.9,123.5,30.5,0.272,35,0
1,157.4,70.4,23.0,37.2,26.1,0.08,36,0
1,107.3,79.6,25.6,86.1,24.7,0.264,21,0
1,144.3,84.8,20.7,114.5,25.9,0.194,50,0
3,65.0,69.1,20.8,27.7,21.1,0.286,40,0
2,126.5,80.4,28.4,48.0,28.7,0.469,52,0
1,129.1,74.6,29.8,44.5,34.5,0.375,24,0
0,84.3,78.2,23.9,55.0,33.6,0.085,21,0
6,174.6,81.9,34.8,58.8,34.5,0.504,33,1
0,74.8,74.3,24.1,60.6,31.8,0.721,21,0
3,107.2,74.9,15.7,46.7,18.0,0.637,76,0
1,193.6,72.8,21.7,57.9,25.6,0.579,33,1
0,84.6,69.6,32.5,86.7,30.4,0.474,21,0
3,95.1,65.9,13.0,83.9,25.1,0.08,29,0
2,120.0,75.5,29.4,55.5,25.7,0.978,34,0
2,72.5,74.8,27.5,126.0,28.8,0.557,68,0
1,131.5,83.4,11.7,171.6,27.8,0.89,38,0
0,65.0,75.9,27.4,103.8,31.3,0.605,21,0
2,115.0,82.2,18.0,94.0,23.3,0.651,44,0
2,161.3,73.6,19.3,52.2,18.0,0.289,38,1
4,135.5,70.9,23.3,56.9,21.7,0.309,34,0
5,113.7,75.7,24.1,36.8,34.7,0.525,31,0
6,104.7,84.9,22.9,42.8,28.1,0.406,56,0
5,112.3,77.7,28.5,411.2,25.9,0.498,37,0
5,105.8,87.0,28.6,93.3,34.8,0.299,36,0
1,127.7,79.7,22.3,142.1,19.6,0.663,62,0
3,135.6,87.0,25.1,124.6,33.3,1.127,53,1
2,119.6,79.8,24.3,253.0,30.1,0.309,44,0
1,137.4,79.8,25.1,43.6,32.3,0.431,27,0
4,131.4,75.8,27.7,71.1,30.2,0.157,32,1
1,75.1,82.2,21.2,102.7,32.4,0.752,36,0
2,65.0,70.4,20.3,65.9,30.4,0.285,21,0
5,120.5,85.0,28.1,72.0,29.6,0.83,29,0
3,100.6,76.2,24.4,94.5,30.0,0.197,38,0
1,121.5,82.3,27.2,94.5,21.4,0.08,48,0
3,168.5,75.2,26.0,217.1,23.2,0.13,47,1
0,106.4,71.8,34.6,70.5,42.1,0.16,21,0
2,124.9,71.7,22.3,196.1,23.6,0.327,31,1
3,87.9,76.9,23.5,139.2,21.6,0.246,25,0
1,130.7,69.9,15.1,129.2,25.3,0.186,21,1
1,90.0,80.2,17.7,117.6,23.9,0.37,35,0
1,147.0,74.0,22.9,92.4,21.9,0.395,29,1
1,118.9,78.7,29.6,106.7,31.3,0.511,37,0
2,110.3,86.9,18.4,83.6,26.2,0.462,47,0
1,65.0,81.6,21.5,30.8,20.7,0.169,44,0
3,71.1,77.0,27.1,136.0,23.8,0.238,81,0
1,133.6,73.8,25.0,101.7,21.1,0.244,40,0
2,152.2,85.5,22.6,68.5,25.2,0.08,67,0
0,122.7,80.6,24.4,172.2,31.8,0.124,22,1
4,107.7,69.7,20.6,149.1,27.4,0.407,43,0
3,116.5,76.5,30.5,67.0,30.1,0.382,26,1
3,110.4,75.9,22.1,108.6,29.2,1.174,33,0
1,92.5,79.7,17.2,191.9,27.2,0.08,53,0
2,71.8,75.0,18.8,106.5,28.9,0.292,33,0
3,72.1,81.3,27.9,51.4,30.3,0.08,58,0
6,93.0,81.6,19.6,50.5,21.7,0.564,27,0
0,118.0,69.4,31.4,94.4,33.9,0.572,22,0
1,72.5,83.2,22.0,249.6,35.0,0.667,41,0
3,112.7,80.1,25.2,123.3,23.6,0.632,42,0
2,91.0,77.0,22.6,83.6,31.0,0.359,32,0
5,65.0,84.3,23.8,173.6,27.5,0.418,49,0
1,94.4,62.6,28.4,104.2,25.7,0.855,21,0
0,122.6,79.0,31.3,90.3,38.2,0.33,23,1
2,94.8,87.5,22.8,121.0,25.1,0.323,45,0
2,162.3,80.6,26.4,89.8,24.8,0.19,34,0
3,135.0,80.7,20.8,91.9,27.7,0.09,27,0
0,148.7,74.0,18.9,134.7,25.8,0.154,40,1
2,214.4,81.0,14.2,124.3,20.2,0.34,56,1
2,96.7,81.6,18.6,56.7,24.3,0.375,44,1
0,69.1,78.3,24.9,76.1,32.4,0.304,52,0
4,89.9,78.2,29.9,148.1,28.6,0.08,45,0
7,117.1,82.0,19.5,194.8,28.6,0.442,62,0
2,127.6,69.9,26.4,93.6,33.2,0.621,29,0
3,120.9,81.4,25.0,62.5,29.6,0.962,58,0
2,100.7,73.6,23.8,68.9,21.6,0.239,21,0
0,128.2,70.7,27.0,75.5,30.5,0.113,21,1
2,151.5,82.2,24.8,67.6,27.6,0.743,49,1
3,90.9,70.0,22.2,65.8,26.8,0.306,21,0
1,85.2,77.6,29.5,73.6,30.1,0.221,32,0
6,177.9,70.8,19.8,72.6,20.5,0.218,62,1
0,79.0,80.5,23.2,64.7,25.2,0.297,22,0
0,142.1,85.8,27.6,92.6,25.8,0.152,54,1
1,108.7,78.9,27.7,63.5,35.9,0.162,31,0
0,162.5,70.9,17.6,75.2,24.8,0.593,21,0
1,105.7,82.8,25.5,120.2,30.9,0.154,37,0
0,127.7,81.8,21.8,97.4,24.9,0.325,60,0
0,73.0,70.8,23.0,103.9,25.9,0.249,21,0
0,93.3,62.7,26.2,211.6,30.1,0.47,21,0
2,122.9,74.6,16.4,82.3,23.2,0.486,48,0
2,93.7,73.4,20.4,104.5,20.3,0.587,29,0
6,73.9,83.8,22.2,95.3,23.9,0.413,81,0
2,183.0,82.5,28.6,166.5,29.5,0.339,42,1
3,114.4,85.1,24.6,44.1,28.0,0.487,56,0
3,151.7,84.6,31.0,54.9,35.5,0.159,41,0
2,176.0,73.4,27.9,128.2,34.3,0.123,21,0
1,98.3,81.7,26.1,167.3,29.6,0.088,24,0
3,112.3,75.4,27.9,109.5,28.3,0.49,26,0
1,117.5,88.5,25.1,163.1,29.5,1.695,46,1
4,130.1,68.0,24.0,43.2,24.9,0.115,37,0
2,150.7,66.7,19.8,42.3,29.4,0.848,21,0
6,146.2,73.3,16.8,103.7,18.4,0.082,50,0
1,138.0,83.0,21.6,127.5,28.1,0.292,85,0
1,104.7,78.6,16.4,116.4,30.9,0.145,22,0
0,114.7,69.1,25.7,126.0,30.9,0.478,23,0
1,74.9,79.7,32.0,79.9,35.6,0.247,27,0
3,137.8,79.9,19.4,41.4,22.9,0.564,35,1
1,189.0,83.4,26.5,143.1,37.6,0.149,22,1
1,123.4,83.6,29.1,96.2,43.7,0.105,62,0
2,159.7,85.6,28.3,81.6,32.5,0.336,72,1
1,141.8,75.0,30.4,215.4,37.2,0.245,39,1
0,97.6,86.0,23.2,107.6,29.7,0.08,36,0
0,86.7,67.1,16.9,81.4,21.5,0.395,21,0
0,78.6,80.7,20.8,68.4,19.2,0.308,21,0
1,118.9,70.3,17.3,114.6,18.0,0.08,21,0
4,132.8,80.1,28.6,92.0,31.0,0.099,28,0
5,134.5,75.9,19.5,127.6,31.7,0.894,30,1
2,78.6,76.9,26.7,265.2,31.8,0.769,48,0
2,154.5,80.5,27.4,122.2,30.3,0.233,39,1
4,97.3,73.3,22.7,32.4,27.5,0.08,25,0
2,118.9,84.8,20.0,48.2,19.7,0.251,49,0
1,94.4,80.1,17.4,87.2,18.1,0.357,85,0
1,77.1,75.7,18.3,219.2,25.5,0.257,50,1
1,74.7,84.3,14.1,32.4,19.1,0.526,29,0
3,137.7,72.1,18.9,157.2,18.0,0.315,41,0
1,114.7,86.3,25.3,232.9,27.6,0.162,22,0
0,79.8,82.6,23.6,155.8,28.6,0.648,21,0
2,95.1,91.6,20.2,102.4,26.0,0.443,74,0
3,160.5,84.6,21.8,83.4,28.5,0.6,41,0
2,143.2,79.1,22.5,25.2,19.1,0.908,57,1
2,134.6,74.8,28.4,100.1,31.4,0.142,32,0
0,182.5,78.4,28.9,109.3,31.7,0.379,21,1
0,163.1,75.9,27.7,98.2,25.4,0.605,21,0
3,116.2,79.3,21.1,30.2,18.0,0.182,24,0
3,97.6,81.4,23.1,120.2,23.5,0.157,44,0
1,197.7,78.3,25.4,124.6,29.7,0.639,21,1
4,153.6,76.2,26.8,102.1,22.6,0.407,37,0
0,97.6,71.8,32.6,97.3,40.0,0.203,46,1
0,72.4,79.2,29.2,43.5,31.1,0.08,21,0
3,65.0,82.4,28.8,99.4,30.0,0.138,57,0
2,74.1,86.3,25.0,39.2,30.3,0.339,85,0
2,99.6,75.0,17.7,129.2,21.6,0.161,54,0
3,157.8,77.6,25.2,125.1,27.9,0.231,35,1
4,146.7,67.8,20.8,62.7,18.0,0.481,26,0
0,123.6,72.0,28.4,54.2,18.0,0.08,42,0
1,134.7,78.2,26.5,59.1,26.0,0.115,41,0
3,90.0,79.0,25.0,86.8,26.6,0.175,38,0
2,73.2,71.0,30.7,234.8,32.7,0.325,43,0
0,107.6,67.3,13.9,86.8,21.2,0.181,23,0
1,146.6,77.6,23.5,300.0,27.5,0.856,50,0
0,116.5,75.0,19.0,87.8,24.6,0.237,21,0
0,137.7,68.9,19.1,101.2,18.4,0.18,21,1
1,116.2,80.3,25.2,100.9,25.3,0.263,21,0
3,73.5,81.4,15.6,50.7,22.1,0.268,47,0
3,124.2,87.6,22.5,42.2,23.6,0.786,43,0
2,102.7,83.1,21.7,135.7,25.2,0.165,36,0
2,149.7,77.8,27.1,70.3,39.3,1.431,27,1
1,65.0,80.2,29.9,96.4,31.5,0.1,29,0
3,164.0,77.7,31.9,63.4,32.9,0.167,22,0
3,75.6,77.0,30.0,102.1,30.1,1.094,41,0
0,105.9,69.4,29.6,63.7,27.8,0.442,21,0
0,67.5,80.4,28.2,140.0,32.8,0.371,21,0
1,147.5,75.3,22.6,60.4,26.0,0.476,23,0
2,79.3,67.3,12.4,141.3,19.1,0.538,39,0
3,97.6,77.7,24.4,102.7,26.8,0.155,35,0
1,148.2,85.0,20.4,25.3,27.0,0.535,64,1
4,98.7,76.8,29.6,59.2,40.0,0.453,32,0
2,112.5,85.8,23.8,51.9,32.7,0.492,52,0
1,133.7,77.5,20.5,66.9,25.1,0.684,38,0
0,126.3,72.1,24.2,102.4,26.4,0.093,21,0
0,121.8,64.4,22.6,78.2,24.9,0.514,21,1
1,96.3,80.5,18.6,60.9,23.2,0.445,22,0
3,102.4,72.2,24.2,89.9,30.6,0.372,25,0
4,128.9,65.9,21.3,49.0,18.0,0.66,31,0
2,105.8,70.9,26.3,41.0,27.1,0.37,57,0
2,123.2,67.9,22.6,66.2,22.7,0.392,33,0
2,65.0,74.8,20.2,99.5,18.0,0.315,26,0
6,114.1,84.2,21.6,71.5,18.0,0.283,53,0
2,132.1,79.1,29.5,84.8,29.6,0.166,53,0
2,136.2,69.5,26.5,145.2,36.8,0.621,21,1
5,108.3,72.8,17.9,101.0,20.2,0.678,35,0
2,125.2,86.2,23.8,84.2,32.1,0.42,61,1
2,95.7,77.5,19.7,160.2,25.4,0.102,32,0
1,160.2,72.9,27.9,63.3,25.4,0.264,21,0
1,104.1,75.2,23.7,64.1,29.3,0.179,51,0
1,155.8,75.1,20.4,98.5,25.7,0.243,21,0
2,111.5,73.5,26.7,49.0,29.4,0.734,38,0
4,77.8,81.2,27.7,82.4,33.4,0.337,32,0
1,107.5,76.7,29.3,41.1,28.3,0.895,21,0
3,83.1,70.3,31.6,168.7,28.0,0.128,56,1
3,106.2,81.2,27.8,61.7,32.6,0.08,42,0
4,82.1,84.3,28.6,178.8,25.5,1.097,65,0
2,107.7,83.5,22.6,29.8,33.4,0.193,35,1
1,146.5,73.7,35.3,60.4,36.6,0.311,22,0
1,160.8,66.8,33.4,93.8,33.1,0.429,21,0
3,95.3,81.6,23.6,131.9,29.8,0.814,53,0
0,138.2,75.8,27.4,155.5,32.8,0.19,21,1
1,163.6,86.0,27.4,117.5,24.7,0.547,85,1
5,77.8,83.6,24.6,36.4,32.2,0.809,76,0
2,65.0,81.9,22.5,50.7,26.2,0.523,36,0
3,70.8,79.4,29.9,61.5,25.8,0.543,31,0
2,113.5,83.3,30.8,201.8,25.1,0.576,25,0
1,65.0,77.8,27.1,57.9,34.6,0.289,26,0
3,151.7,88.2,23.4,56.8,34.3,0.189,85,1
4,65.0,80.1,31.0,82.8,34.5,0.132,29,0
3,114.7,82.4,27.1,83.3,29.9,0.352,44,0
1,125.3,85.9,20.0,51.4,18.0,0.36,45,0
3,137.1,81.6,22.7,66.1,18.0,0.611,55,1
2,151.1,85.7,21.7,137.8,29.3,0.158,42,0
4,167.5,71.9,28.9,284.7,26.1,0.356,35,1
0,127.6,71.3,11.6,122.2,18.6,0.622,24,0
0,96.0,73.7,17.7,87.0,28.6,0.08,45,0
4,121.0,78.3,21.3,135.4,25.3,0.287,41,0
3,127.7,77.6,32.5,157.7,35.4,0.224,29,1
0,122.7,81.1,23.9,36.3,27.3,0.923,43,1
2,99.7,80.2,22.2,55.2,24.8,0.791,34,0
3,153.7,74.8,17.9,39.8,20.0,0.577,41,0
3,102.6,88.8,18.4,40.2,27.8,0.242,49,0
0,111.2,82.8,26.5,32.6,32.1,0.096,38,0
1,88.1,75.4,18.4,59.3,26.4,0.398,51,0
2,144.7,80.7,20.5,82.5,31.8,0.411,38,0
4,185.2,71.6,10.7,129.6,27.4,0.188,55,1
7,153.4,77.6,28.8,86.7,31.8,0.883,30,0
0,80.6,70.5,27.3,81.9,27.8,0.386,21,0
1,89.1,64.5,17.5,91.5,19.7,0.187,40,0
0,65.1,89.4,22.2,52.1,34.3,0.604,71,0
2,124.8,75.9,28.3,88.8,33.1,0.5,52,0
1,130.4,89.8,30.9,115.1,33.6,0.553,71,1
2,93.4,71.2,37.1,88.5,47.2,0.337,28,0
2,97.3,75.1,23.4,85.0,27.0,0.132,35,0
0,65.0,77.7,30.6,126.0,27.2,0.109,22,0
1,111.4,76.4,32.1,73.6,26.7,0.08,21,0
1,92.7,74.1,23.5,71.8,24.4,0.327,66,1
1,93.0,87.7,26.7,97.3,30.5,0.225,63,0
1,188.2,83.9,28.9,66.4,25.8,0.548,47,1
0,136.4,72.9,32.1,232.8,35.5,0.124,29,0
1,114.1,81.2,28.4,229.4,27.8,0.242,49,0
3,122.2,81.7,25.8,141.4,30.7,0.824,61,0
1,98.9,92.8,23.6,45.0,29.9,0.799,75,1
0,146.0,71.7,22.5,126.2,30.7,0.129,21,0
1,106.3,75.7,21.8,146.1,22.4,0.102,31,0
0,80.3,78.7,31.5,44.2,34.5,0.259,29,0
4,167.2,83.1,23.9,83.0,30.2,0.533,33,1
3,89.8,91.9,19.4,129.6,30.3,0.474,45,1
1,180.7,71.5,17.6,115.7,30.1,0.195,21,0
0,144.0,72.7,15.9,80.1,18.0,0.532,28,0
1,136.8,72.9,28.2,163.2,28.1,0.392,30,1
3,84.3,80.4,26.3,158.6,28.0,0.491,37,0
4,162.1,76.0,24.7,108.9,29.0,0.39,40,1
3,191.5,70.1,28.5,61.0,33.1,0.427,33,1
4,82.5,88.8,22.5,162.8,32.5,0.613,82,0
4,112.4,70.8,29.7,84.8,32.9,0.504,34,0
4,86.3,76.8,21.3,86.8,22.2,0.128,45,0
1,104.0,79.7,30.3,40.9,28.2,0.354,49,0
1,109.5,75.4,23.7,92.3,18.9,0.413,23,0
0,156.4,74.2,31.3,161.9,28.0,0.546,24,1
1,69.4,81.2,17.5,88.9,21.3,0.437,49,0
0,138.0,80.9,30.5,109.0,26.0,0.08,64,1
1,139.3,75.1,25.4,74.7,31.9,0.363,74,1
2,85.7,83.3,32.1,78.1,39.2,0.222,24,0
0,115.8,85.5,18.4,66.0,22.2,0.48,56,0
0,96.6,77.9,25.5,48.9,28.9,0.693,36,0
4,118.9,80.1,25.8,118.1,27.2,0.43,63,0
2,174.2,62.3,22.2,71.2,25.0,0.664,43,0
4,87.1,83.8,28.4,76.3,29.1,0.489,47,0
3,124.5,77.3,31.0,53.8,29.2,0.838,68,1
2,85.5,77.4,22.5,91.5,28.0,0.699,71,0
3,138.2,77.5,12.6,89.5,19.9,0.08,39,0
1,125.3,75.4,22.0,44.6,27.7,0.117,21,0
2,134.0,82.3,28.3,54.6,31.0,0.692,26,0
3,98.1,86.7,20.3,154.0,18.5,0.163,85,0
2,78.5,76.3,14.1,134.0,23.5,0.226,48,0
1,65.0,69.5,19.7,58.4,22.5,0.377,24,0
6,115.3,80.3,19.5,142.8,26.6,0.217,28,0
2,132.2,78.1,23.2,49.6,31.7,0.19,59,0
0,127.6,94.7,21.1,183.3,26.3,0.233,81,0
4,138.6,85.8,30.5,500.0,35.5,0.408,37,1
4,97.8,84.2,18.3,57.1,29.3,0.423,63,0
0,111.9,82.0,25.1,88.3,27.9,0.303,56,0
2,65.0,78.1,19.2,88.2,27.7,0.307,43,0
4,110.6,84.8,16.5,119.9,18.0,0.334,51,0
3,170.7,76.5,27.7,56.3,26.9,0.421,42,0
1,120.9,88.1,26.6,82.0,29.8,0.08,64,0
6,179.1,88.1,23.4,208.1,37.7,0.144,52,1
1,128.9,68.7,14.6,66.9,22.3,1.239,21,0
4,146.9,82.5,23.0,127.3,34.5,0.127,34,0
2,137.8,82.5,18.1,49.8,30.9,0.375,23,1
4,141.7,82.0,19.8,131.1,24.2,0.274,39,0
3,125.5,79.7,18.0,192.0,24.2,0.112,33,0
2,142.3,73.0,30.5,87.5,34.8,0.813,27,1
0,98.7,76.3,20.2,112.2,30.4,0.167,21,0
0,157.9,81.2,26.1,141.6,32.9,0.393,21,0
1,164.9,85.5,28.7,51.4,25.5,0.086,64,1
3,127.6,75.9,20.6,49.3,22.1,0.336,64,0
0,103.5,72.7,12.8,48.9,18.0,0.126,21,0
1,76.4,69.1,18.6,127.3,20.8,0.417,43,0
2,127.3,70.1,24.6,227.2,23.8,0.856,21,0
4,114.4,80.9,24.5,62.2,32.0,0.344,25,0
3,94.3,79.0,19.0,84.9,21.9,0.6,32,0
3,83.5,75.5,21.8,83.5,18.4,0.523,26,0
3,81.3,75.9,23.8,49.2,24.3,0.632,48,0
0,117.0,70.2,19.3,34.9,24.6,0.256,21,0
3,130.5,86.2,24.0,204.4,27.5,0.148,25,0
4,131.7,87.0,23.2,125.6,41.5,0.716,54,1
1,217.7,72.8,17.0,69.7,29.3,0.121,21,1
0,138.3,80.5,26.0,119.6,28.4,0.242,26,1
6,150.6,76.2,21.2,105.0,29.7,0.285,57,1
3,115.2,86.3,29.5,102.6,39.6,0.197,85,0
4,70.5,70.9,19.9,127.8,18.0,0.798,64,0
3,101.5,88.6,34.6,66.6,34.3,0.594,31,0
2,172.3,84.5,30.3,23.9,32.2,0.133,85,1
6,88.6,73.2,19.1,60.5,19.3,0.398,55,0
2,117.7,74.8,24.2,67.7,23.7,0.461,21,0
0,116.6,75.9,24.7,83.9,22.4,0.17,21,1
1,164.4,83.8,18.9,51.8,19.6,0.199,53,0
3,132.5,77.8,23.5,185.7,24.6,0.565,34,0
0,134.5,73.5,16.0,98.5,20.2,0.564,21,0
1,110.3,74.8,23.3,16.8,30.5,0.384,33,0
4,65.0,84.0,23.3,198.7,35.4,0.561,59,0
1,102.5,81.4,23.6,157.8,23.2,0.546,27,0
2,114.3,71.7,22.6,64.7,21.1,0.418,26,0
1,120.5,75.4,27.9,52.0,33.9,0.482,33,0
3,93.2,74.8,21.8,120.5,21.0,0.798,35,0
3,70.0,74.3,12.4,45.9,18.8,0.407,30,0
0,139.6,74.4,26.0,95.7,23.8,0.148,48,1
1,104.8,80.8,20.5,51.1,31.6,0.557,51,0
2,114.7,73.4,23.7,166.5,28.8,0.104,35,0
6,65.0,74.8,29.9,73.9,33.5,0.748,26,0
2,107.3,75.4,20.3,90.9,21.8,0.153,28,0
0,137.9,79.8,21.7,76.3,32.6,0.733,67,0
1,125.1,83.8,19.6,159.1,26.4,0.644,84,0
2,101.9,69.0,14.6,123.4,18.0,0.387,21,0
2,97.8,72.2,24.4,126.4,35.1,0.501,21,0
1,109.1,76.0,21.2,112.5,28.0,0.862,28,0
4,126.6,91.3,31.7,61.7,35.4,0.247,67,1
1,126.3,73.5,33.0,215.0,34.2,0.585,30,0
3,132.9,78.7,27.9,104.9,33.3,0.371,48,0
2,141.3,70.1,33.3,76.9,41.5,0.279,33,1
4,118.6,86.0,24.5,82.7,21.3,0.59,28,1
3,170.2,70.6,35.4,20.2,39.1,1.078,32,0
0,136.2,71.3,24.7,47.6,26.2,1.215,21,1
4,91.2,84.3,23.2,62.3,32.6,0.08,51,0
3,125.7,82.5,23.4,110.7,28.2,0.328,26,0
4,132.1,75.8,24.4,59.6,32.6,0.27,27,0
1,139.3,78.3,22.1,140.7,27.0,0.16,24,1
0,101.3,80.6,29.0,162.1,36.3,0.218,72,0
3,65.0,77.9,25.9,105.8,31.9,0.454,29,0
3,161.4,75.6,20.4,77.9,21.2,0.663,40,0
1,111.8,81.7,23.5,164.9,29.9,0.329,21,0
2,65.0,76.0,24.3,187.0,31.2,0.647,21,0
2,106.2,76.2,26.4,63.5,31.5,0.695,21,0
3,138.7,81.1,21.7,54.6,22.3,0.52,57,1
4,80.8,80.9,27.0,41.6,26.1,0.365,39,0
0,80.3,81.0,23.9,68.7,29.2,0.08,75,0
1,107.0,83.1,27.6,72.4,26.4,0.273,61,1
1,118.4,72.3,24.6,147.8,38.7,0.144,24,0
5,96.4,74.5,23.0,100.6,26.8,0.189,33,0
6,103.2,76.2,24.0,217.2,22.4,0.563,66,0
4,141.0,65.1,22.3,55.1,26.9,0.285,32,0
2,115.5,81.9,13.3,45.8,19.1,0.348,50,1
0,67.6,71.6,29.1,239.6,28.0,0.402,21,0
0,153.0,66.0,18.7,91.9,22.4,0.201,43,1
4,109.1,83.6,28.4,111.9,22.9,0.283,36,1
4,85.9,70.4,27.7,110.1,31.2,0.752,24,0
3,109.0,65.1,23.1,62.5,18.0,0.08,34,0
1,72.6,76.1,19.3,97.4,25.7,0.127,42,1
4,115.3,76.1,23.1,62.2,34.4,0.292,56,1
5,132.5,81.8,15.2,62.6,21.6,0.322,73,1
2,96.7,82.4,21.0,89.2,27.2,0.416,53,1
2,105.2,83.9,24.6,154.4,38.1,0.315,63,1
2,96.1,77.5,27.8,138.5,34.2,0.249,23,1
0,138.2,81.9,23.8,77.3,25.2,0.193,21,0
7,107.2,79.2,22.4,60.0,23.0,0.305,47,0
1,96.3,75.6,24.2,83.5,30.9,1.106,21,0
5,119.6,69.2,25.2,63.8,25.6,0.422,33,0
4,106.1,78.7,29.8,75.1,36.9,0.418,52,0
3,110.5,86.6,24.6,145.3,30.8,0.149,67,0
5,89.2,79.2,21.5,56.1,18.0,0.149,43,0
0,134.9,83.9,21.3,83.5,19.6,0.294,22,0
2,102.1,72.5,20.0,166.1,21.5,0.475,37,0
3,105.6,73.8,19.0,27.6,23.0,0.08,39,0
3,121.0,75.6,19.3,60.8,27.1,0.633,26,0
0,177.8,76.2,23.2,79.7,30.3,0.576,21,1
4,141.7,82.7,18.4,61.4,20.7,0.481,53,1
4,93.5,80.6,22.2,56.2,19.9,0.434,33,0
0,74.9,80.8,18.9,61.5,21.5,1.262,49,0
0,125.3,78.1,23.7,127.4,24.9,0.246,41,0
1,96.2,78.7,21.6,49.0,30.9,0.572,33,0
5,107.6,75.5,14.6,168.0,21.5,0.84,31,0
0,109.1,73.9,26.0,90.3,30.2,0.202,36,0
1,111.4,77.3,16.8,51.9,24.4,0.302,47,0
0,108.1,70.9,20.9,66.8,22.6,0.216,21,0
5,99.7,72.5,26.8,147.6,25.4,0.148,46,0
0,65.0,75.2,22.4,174.6,26.1,0.388,45,1
6,120.9,86.2,27.8,107.5,36.2,0.498,53,0
3,134.8,83.1,21.1,71.0,29.7,0.089,69,1
3,84.8,77.2,24.5,78.6,21.1,0.181,26,0
3,138.1,73.2,25.6,118.9,36.5,0.232,21,0
2,124.8,80.7,25.7,72.7,34.9,0.638,40,0
0,118.9,84.5,24.9,52.3,21.5,0.319,39,0
0,120.9,76.3,19.3,67.4,21.3,0.096,31,0
4,138.7,85.1,19.7,337.1,24.0,0.558,45,1
3,132.4,80.4,16.3,94.5,20.5,0.493,27,0
0,65.0,76.4,32.8,30.4,31.6,0.249,33,0
3,156.4,67.6,23.2,71.3,31.4,0.58,46,0
1,132.8,68.8,23.4,149.8,28.9,0.638,32,0
2,83.2,76.4,30.3,89.1,25.7,0.08,39,0
3,65.0,80.2,20.0,55.0,29.0,0.16,32,0
0,76.3,63.1,25.2,259.1,25.6,0.447,22,0
5,154.9,73.2,19.8,99.0,25.2,0.277,52,1
2,111.4,86.6,31.3,41.9,26.6,0.093,50,0
2,140.2,88.2,29.8,85.1,28.5,0.519,49,1
0,179.9,67.3,28.2,294.8,29.9,0.08,34,0
1,78.1,80.0,12.4,172.1,21.7,0.183,54,0
6,76.8,83.7,18.7,216.2,26.6,0.965,55,0
3,114.4,71.2,23.6,48.6,27.7,0.78,65,1
1,124.5,73.2,25.5,100.7,27.2,0.506,35,0
2,139.5,79.7,20.2,31.1,18.0,0.309,40,0
0,85.3,66.3,18.1,32.5,26.7,0.729,22,0
4,93.8,86.3,20.0,108.6,25.2,0.283,69,0
2,159.2,77.9,15.6,79.1,22.8,0.219,32,1
0,128.0,80.1,19.2,73.7,30.8,0.154,21,0
3,125.1,83.5,24.6,132.3,32.1,0.225,66,1
2,100.8,69.5,30.4,68.1,29.2,0.08,34,0
2,157.1,83.8,20.3,43.4,21.1,0.41,81,0
3,149.0,71.5,18.9,65.5,22.1,0.607,37,0
3,114.0,74.3,30.9,63.0,35.0,0.09,26,0
2,65.0,83.3,26.5,296.8,34.7,0.259,53,0
1,145.1,81.2,27.5,41.1,30.9,0.388,33,0
1,132.1,72.2,28.3,96.5,22.4,0.366,49,0
0,117.9,73.1,25.9,18.3,31.3,0.287,27,0
3,152.5,80.7,26.1,99.7,34.8,0.167,46,1
0,129.6,75.9,32.4,101.6,39.7,0.104,31,0
2,105.5,74.4,20.2,89.5,21.7,0.111,52,0
3,147.0,75.4,25.6,76.5,39.3,0.365,35,0
1,122.0,67.8,16.7,146.9,18.0,0.968,40,0
3,144.5,84.9,27.9,162.0,35.5,0.555,33,0
2,119.5,74.9,21.0,192.5,24.9,0.564,36,0
0,132.9,81.5,29.0,49.9,31.2,0.963,51,1
0,162.3,74.2,19.5,42.7,21.4,0.561,22,1
2,159.7,84.5,25.4,136.3,33.5,0.666,42,1
3,97.9,84.5,23.2,136.9,22.7,0.491,85,0
1,144.7,85.6,18.1,20.0,22.5,0.08,62,0
3,95.5,77.4,27.6,85.1,34.5,0.37,34,0
4,140.4,74.4,15.2,69.2,20.0,0.23,39,1
1,110.8,72.1,18.4,99.0,23.2,0.106,30,0
2,66.7,75.5,25.4,32.8,35.4,0.693,48,0
0,124.3,71.8,24.1,171.4,29.6,0.585,21,1
1,148.6,87.8,23.7,273.2,31.2,0.722,31,0
7,134.3,78.0,17.2,93.0,24.8,0.627,26,0
0,87.4,85.4,14.0,17.5,20.1,0.561,30,0
0,123.6,83.6,25.7,62.6,26.7,1.156,41,1
0,110.7,73.6,24.3,59.1,24.5,0.656,21,0
0,141.0,78.6,24.1,150.0,24.6,0.906,32,0
0,148.1,74.1,14.4,111.4,26.4,0.378,29,1
2,73.6,91.7,24.7,225.9,29.4,0.864,56,0
2,118.1,79.6,19.9,36.4,23.5,0.778,24,0
4,86.1,81.0,24.4,56.4,30.0,0.352,41,0
3,121.4,82.5,24.2,117.7,34.1,0.08,34,1
3,70.6,87.6,18.3,134.6,30.2,0.365,58,0
6,113.0,84.2,32.9,48.5,34.9,0.453,55,1
1,124.1,78.3,20.8,93.8,33.0,0.633,74,0
1,65.0,83.9,29.8,177.8,32.8,0.533,59,0
5,106.4,79.9,21.0,43.2,24.3,0.337,43,0
1,67.1,87.8,27.4,106.8,32.8,0.52,53,0
1,141.6,83.6,25.2,186.3,27.5,0.286,33,0
1,65.0,82.0,27.7,246.8,35.6,0.625,39,0
3,103.7,81.5,25.1,63.3,36.6,0.827,40,0
2,157.0,84.0,27.1,85.7,32.4,0.812,24,1
1,81.5,76.4,26.8,103.0,28.8,0.136,64,0
0,91.5,84.8,23.6,286.5,29.5,0.178,57,0
0,112.6,84.6,23.0,121.2,28.8,0.08,67,0
3,116.7,79.5,22.7,89.2,23.1,0.317,35,0
3,65.0,82.0,24.6,133.4,22.3,0.359,36,0
1,106.6,74.3,28.7,96.6,31.1,0.583,27,0
1,137.2,80.7,29.1,52.3,23.8,0.492,21,0
4,183.8,79.2,18.5,125.6,28.9,0.275,50,1
2,90.6,73.3,27.3,217.9,25.5,0.201,21,0
1,105.5,78.0,21.3,110.3,22.2,0.228,21,1
2,128.0,76.9,23.0,68.5,23.7,0.271,49,0
2,88.9,86.5,30.5,107.2,39.8,0.08,40,0
3,162.4,82.6,10.2,47.7,23.7,0.47,50,1
2,113.9,72.1,29.1,222.3,23.9,0.219,26,0
6,122.0,80.9,14.2,108.7,22.5,0.273,79,0
0,132.2,70.5,22.6,104.5,28.7,0.756,24,0
2,65.0,64.4,17.6,90.8,26.1,0.08,29,0
3,123.8,68.8,20.4,213.4,18.1,0.37,26,0
5,94.8,83.6,30.7,47.7,35.9,0.3,78,0
2,87.1,72.8,16.8,90.4,18.0,0.511,31,0
0,129.7,74.6,11.8,39.0,22.3,0.29,23,0
5,151.1,76.9,28.0,171.5,25.7,0.208,85,1
3,115.0,92.8,26.6,102.1,31.7,0.302,72,0
1,164.2,92.7,16.2,65.2,23.9,0.761,62,1
2,107.5,81.1,23.4,76.9,23.7,0.424,70,0
0,65.0,78.9,20.6,94.5,28.4,0.236,23,0
2,77.7,79.5,30.9,123.6,24.9,0.101,74,0
1,163.8,68.3,22.7,55.3,20.1,0.174,34,1
4,172.0,76.0,23.0,59.4,34.0,0.234,43,1
3,126.6,81.3,23.3,165.9,30.9,0.497,37,0
1,95.3,82.3,24.5,40.5,32.3,0.323,67,0
0,105.2,71.9,26.3,169.6,28.5,0.687,21,0
1,113.6,72.6,19.1,120.6,26.9,0.416,22,0
0,115.5,85.8,35.0,80.2,35.2,0.292,70,0
4,132.9,72.4,21.3,97.6,23.4,0.08,27,1
1,126.0,88.4,17.0,246.0,30.3,0.581,65,0
2,76.9,78.6,27.8,60.2,28.5,0.12,27,0
1,78.9,74.8,23.0,50.8,28.1,0.334,33,0
1,132.4,78.4,20.7,95.5,19.3,0.674,81,0
4,102.2,86.4,24.8,142.8,22.2,0.195,53,0
1,112.4,89.1,28.4,28.6,37.7,0.468,41,0
3,115.5,88.7,31.8,129.0,30.9,0.306,47,0
3,97.7,88.1,21.4,90.9,21.1,0.231,59,0
2,119.2,74.9,20.0,51.6,18.1,0.202,39,0
5,137.1,76.6,27.1,98.8,21.2,0.402,49,0
2,110.9,84.9,28.0,114.6,22.6,0.511,85,0
0,158.9,73.1,21.7,167.8,31.1,0.08,22,0
4,165.0,71.0,19.3,66.8,18.0,0.779,40,1
0,88.0,70.4,25.8,75.6,36.5,0.278,30,0
1,128.1,73.9,29.7,124.5,29.9,0.575,24,1
0,107.3,83.3,24.0,161.3,34.1,0.188,40,0
2,90.6,81.5,19.9,44.4,27.9,0.569,25,0
0,113.8,80.0,25.8,24.0,26.5,0.356,23,0
4,65.0,76.8,19.6,125.4,24.5,0.362,36,0
4,139.9,76.6,20.2,63.0,24.9,0.204,48,0
3,142.8,72.1,28.0,54.1,29.0,0.695,46,0
5,122.3,78.5,24.4,76.7,29.0,0.443,36,0
1,145.9,72.6,19.3,82.9,20.8,0.692,21,1
0,92.6,75.3,23.5,92.5,18.0,0.45,21,0
6,65.0,77.7,11.2,60.6,26.0,0.25,44,0
2,99.6,89.2,28.4,55.3,35.3,0.486,28,0
1,76.0,79.7,22.9,134.1,25.5,0.08,41,0
0,115.3,79.4,25.4,67.4,18.0,0.511,39,0
1,161.1,78.9,32.9,174.6,30.2,0.134,21,1
2,124.5,77.3,24.4,79.0,26.0,0.522,71,0
1,106.7,67.4,18.6,196.4,22.6,0.307,21,0
2,150.6,75.3,19.9,51.5,18.0,0.504,33,0
0,169.1,80.6,29.4,43.0,29.6,0.594,21,1
3,129.2,76.9,24.1,76.5,31.8,0.123,27,0
4,94.3,75.4,14.8,95.5,26.0,0.507,29,1
2,118.9,69.8,23.9,109.9,21.7,0.08,30,0
0,120.0,76.7,10.4,153.3,18.0,0.285,34,0
3,109.0,86.0,39.1,101.7,41.5,0.218,77,0
0,156.3,77.1,24.6,133.0,27.2,0.08,24,0
1,142.0,77.9,13.9,132.1,31.0,0.715,49,1
2,78.1,80.9,22.3,172.4,26.5,0.387,62,0
4,74.6,81.5,18.9,174.1,26.8,0.371,47,1
0,97.9,86.7,17.5,113.3,26.4,0.27,68,1
2,83.2,86.0,18.5,251.5,29.9,0.27,47,0
1,100.0,86.4,21.9,26.9,31.8,0.906,46,0
5,115.0,88.2,33.3,75.3,30.5,0.579,63,1
2,109.3,87.7,22.5,91.1,33.0,0.662,43,1
2,120.5,79.3,17.3,82.2,29.3,0.495,62,0
3,104.3,79.3,17.9,406.0,27.2,0.388,43,0
1,70.3,84.3,29.0,76.8,27.6,0.454,62,0
2,84.1,86.4,21.4,63.6,26.4,0.203,74,0
2,81.3,74.9,26.5,45.0,32.1,0.292,31,0
2,89.6,75.3,12.1,28.5,18.0,0.708,29,0
3,128.0,86.3,28.9,35.3,29.8,0.247,68,0
1,102.3,78.8,16.8,43.9,26.5,0.08,61,0
0,85.3,77.5,24.9,155.0,27.4,0.08,21,0
1,112.1,80.5,20.3,43.7,29.3,0.367,42,0
3,124.3,83.5,15.0,103.5,29.1,0.252,81,0
3,123.2,80.9,25.0,112.2,31.6,0.273,22,0
1,192.0,72.2,16.1,212.1,27.1,1.058,21,1
2,96.0,70.7,26.4,87.9,26.3,0.751,27,0
2,127.0,70.1,20.4,76.9,25.5,0.498,31,0
1,149.2,80.0,17.1,137.6,25.3,0.568,21,0
0,165.1,74.1,25.8,64.5,22.4,0.092,22,0
0,107.0,76.9,28.3,87.9,36.2,0.08,21,0
0,65.0,81.0,23.7,125.4,25.2,0.35,41,0
4,105.1,77.8,17.4,58.9,18.0,0.249,41,0
3,126.4,87.0,20.8,101.4,26.3,0.227,68,1
2,199.6,77.0,20.5,31.0,20.9,0.902,43,1
5,70.6,77.7,25.1,50.1,27.0,0.168,49,0
6,113.2,80.6,17.1,63.5,24.5,1.087,51,0
1,93.3,72.5,23.1,110.0,25.2,0.512,23,0
0,144.3,69.2,23.6,160.8,30.8,0.686,22,1
1,95.2,86.7,26.9,164.3,29.2,0.236,21,0
3,66.0,74.9,27.9,79.3,33.8,0.598,30,0
5,65.0,82.5,34.2,85.2,37.1,0.624,29,0
0,123.3,78.6,30.1,79.7,28.6,0.497,39,1
4,117.5,80.3,19.8,113.4,26.7,0.23,53,0
4,131.7,76.5,25.2,186.1,29.5,0.227,48,0
2,119.3,74.1,27.0,134.1,22.7,0.102,29,0
3,124.8,77.2,16.9,72.5,23.0,0.794,27,0
2,129.8,73.9,20.1,48.5,24.2,0.284,28,0
2,88.3,71.4,26.2,65.6,26.2,0.146,30,0
0,115.0,73.6,15.4,114.8,24.0,0.097,21,0
2,131.3,79.5,26.8,117.3,33.3,0.082,43,1
1,84.5,90.4,24.7,34.5,30.7,0.099,81,1
3,65.0,82.8,25.8,111.9,24.6,0.833,38,0
2,126.1,81.8,14.1,33.8,18.0,0.832,38,0
2,109.1,74.0,29.4,66.2,26.7,0.329,46,1
1,157.8,78.5,26.6,125.4,32.2,0.494,21,1
2,136.1,78.8,28.3,50.4,29.7,0.171,27,0
1,104.8,76.1,22.2,111.0,26.6,0.366,28,0
1,71.8,76.1,15.6,76.4,25.3,0.384,21,0
3,158.1,80.7,28.2,55.5,26.4,0.867,74,1
0,140.0,75.4,22.7,111.3,20.3,0.606,52,1
2,156.2,88.8,17.3,112.1,26.1,0.527,54,1
1,145.8,78.2,17.5,185.1,18.0,0.439,32,0
2,76.0,84.5,21.4,68.3,18.5,0.407,40,0
2,129.8,80.0,30.6,160.0,29.0,0.282,31,0
2,145.5,75.1,27.9,116.0,27.0,0.08,34,0
1,118.5,67.1,18.3,180.8,20.5,0.474,39,0
4,104.6,80.4,26.5,77.0,32.3,0.64,35,0
2,100.1,66.1,20.6,35.3,26.4,0.784,38,0
0,90.5,84.4,23.1,126.6,29.9,0.08,21,0
0,111.6,79.4,27.4,41.5,32.6,0.692,22,0
2,74.9,85.1,27.5,205.1,22.9,0.774,30,0
1,65.0,79.8,10.2,21.5,19.6,0.185,33,0
3,97.4,66.0,19.4,66.2,24.4,0.15,33,0
0,96.3,86.6,23.8,123.2,23.2,0.552,48,0
2,186.6,75.4,31.8,79.4,27.7,0.182,42,1
3,158.7,75.9,19.7,67.5,29.3,0.442,45,1
7,108.5,72.5,19.2,81.7,24.3,0.303,28,0
1,114.0,83.0,20.8,58.4,32.0,0.099,23,0
2,148.7,81.2,23.3,84.7,36.9,0.501,34,1
3,114.6,73.6,11.0,263.5,19.0,0.253,50,0
1,109.0,88.3,12.5,105.2,22.4,0.178,72,0
5,106.9,69.2,14.3,79.2,25.9,0.491,29,0
1,110.4,80.6,24.7,142.6,23.1,1.374,72,0
1,79.3,77.6,24.7,101.6,29.7,0.846,22,0
1,151.7,75.5,16.0,55.8,21.9,0.287,21,0
3,106.6,75.3,21.0,125.6,23.7,0.254,33,0
1,155.3,76.1,31.4,147.3,35.2,0.891,23,1
1,149.6,78.4,37.7,48.3,34.6,0.588,27,0
1,130.0,84.2,28.0,293.1,34.0,0.35,56,1
1,154.5,80.2,20.3,116.4,23.0,0.295,53,1
3,108.4,82.1,18.8,52.7,31.3,0.702,42,1
1,97.2,79.9,23.2,219.1,33.2,0.686,40,0
1,94.3,65.0,21.7,97.1,21.7,0.089,26,0
0,117.3,84.3,10.6,110.6,18.0,0.663,34,1
0,137.3,82.1,22.4,64.1,30.9,0.566,32,0
2,127.3,71.0,17.4,103.5,18.0,0.261,21,0
2,176.4,76.3,23.6,122.5,23.6,0.091,78,1
0,131.2,73.4,19.2,83.9,18.2,0.603,32,0
1,97.4,65.3,22.9,51.5,27.7,0.132,22,0
0,120.2,72.7,29.8,59.8,38.2,0.145,21,0
2,143.8,75.4,27.0,85.7,31.6,0.098,46,0
0,99.9,85.3,25.4,87.6,35.8,0.105,75,0
2,94.7,95.7,29.8,216.0,30.4,0.08,85,0
2,151.7,86.2,14.2,63.8,18.6,0.682,35,1
3,139.8,73.1,21.9,199.5,27.0,0.513,32,0
2,116.2,77.2,17.5,91.3,29.1,0.375,39,0
2,98.5,81.7,27.9,103.0,30.4,0.345,38,0
0,105.8,77.9,22.6,59.6,32.9,0.37,21,0
0,124.5,63.4,18.0,195.4,23.1,0.741,30,0
0,138.4,78.7,21.3,263.8,28.5,0.436,43,1
1,148.2,78.7,28.2,124.4,26.1,0.274,47,0
3,120.6,80.2,32.9,85.8,32.1,0.472,48,1
6,76.4,71.6,26.2,92.1,27.3,0.592,38,0
2,161.3,81.3,23.8,39.9,27.8,0.291,22,1
3,152.8,82.4,19.4,44.4,28.0,0.306,35,0
1,146.2,81.2,28.6,227.9,29.5,0.08,63,1
6,158.8,79.1,28.8,49.8,27.6,0.236,44,0
2,141.3,82.9,21.4,78.2,34.4,0.422,33,1
5,118.7,86.4,19.5,249.4,18.3,0.08,85,0
0,79.9,76.2,31.7,89.9,32.4,0.205,39,0
1,90.1,84.1,21.2,82.3,29.8,0.582,35,0
1,102.6,83.3,21.7,72.5,28.9,0.181,50,0
0,139.9,77.3,23.0,88.9,26.2,0.193,21,0
2,165.8,73.4,23.2,136.8,37.4,0.34,32,1
6,159.3,78.9,19.3,109.6,27.5,0.221,35,1
0,100.5,73.5,22.4,99.6,34.4,0.476,21,0
0,110.9,83.0,27.7,63.0,38.1,0.091,41,1
8,71.7,72.2,26.1,109.6,23.6,0.08,47,0
5,168.4,71.0,17.8,65.2,26.7,0.205,29,0
2,68.4,79.0,14.9,198.2,18.9,0.26,51,0
1,109.4,86.1,23.9,212.0,21.6,0.162,59,1
2,159.3,94.0,23.9,103.7,30.8,0.253,63,1
1,127.6,73.1,30.1,155.8,26.9,0.739,22,1
5,133.1,74.1,21.9,76.6,24.4,0.512,40,0
4,122.9,91.8,23.8,89.0,40.9,0.652,85,1
2,65.0,82.4,27.2,75.9,26.1,0.772,49,0
6,129.3,76.4,23.2,116.0,20.4,0.461,40,0
5,134.8,77.3,24.1,131.8,22.5,0.761,57,1
2,97.0,78.1,16.5,71.6,28.5,0.152,41,0
1,138.9,71.1,27.2,141.6,29.4,0.634,22,0
2,100.2,78.4,20.0,63.9,23.6,0.3,58,0
4,159.0,83.9,27.2,64.8,23.1,1.076,39,0
3,113.7,92.5,18.8,88.5,23.5,0.23,73,0
0,133.1,75.9,28.2,208.7,36.0,0.977,22,1
2,124.5,82.5,25.5,82.1,35.1,0.248,40,0
4,138.1,80.7,21.1,124.4,27.4,0.594,71,0
2,118.5,67.9,18.9,193.2,29.3,1.11,42,0
1,138.0,82.2,24.1,152.4,28.3,0.469,53,0
1,137.7,81.1,19.4,89.0,24.6,0.08,60,1
1,75.9,74.6,37.2,83.6,31.6,0.878,39,0
3,135.9,81.7,12.6,63.3,18.3,0.149,25,1
2,100.5,92.0,32.8,99.8,29.6,0.807,56,0
4,110.0,82.5,25.4,31.0,33.6,0.284,35,0
2,107.0,68.9,25.0,186.5,22.9,0.41,21,0
3,102.0,76.6,17.7,109.2,25.1,1.107,65,0
3,159.6,84.7,20.3,33.3,18.0,0.331,77,0
1,71.0,75.9,21.2,93.4,22.6,0.288,28,0
2,65.0,72.1,28.1,67.1,37.1,0.64,38,0
2,97.1,76.8,32.6,58.4,18.0,0.334,80,0
5,108.9,85.6,23.7,56.1,23.0,0.459,71,0
4,89.1,75.7,27.2,95.3,35.5,0.325,49,0
3,84.6,88.0,21.4,156.9,26.2,0.201,68,0
4,137.2,79.0,22.3,47.5,23.8,0.344,34,0
2,118.6,69.9,27.1,352.0,28.3,0.175,21,0
3,195.8,77.3,19.9,170.8,24.1,0.305,62,1
2,89.8,76.6,21.2,244.8,23.8,0.391,37,0
1,127.3,76.0,19.8,112.8,28.6,0.163,21,0
2,132.8,68.1,21.3,50.8,24.9,0.08,29,1
0,105.8,75.4,25.6,86.6,29.0,0.179,34,0
4,80.7,72.8,28.6,80.9,37.9,0.14,36,0
2,112.0,81.8,26.4,110.5,31.9,0.251,27,0
0,132.7,72.9,19.5,70.3,29.1,0.795,23,0
1,93.7,73.9,25.7,112.5,26.0,0.276,21,0
1,107.2,77.8,21.4,41.7,19.0,0.518,21,0
2,110.9,74.4,22.8,81.7,34.2,0.178,37,0
1,89.7,81.9,19.5,91.4,25.6,0.262,42,0
0,156.3,67.7,23.5,63.0,22.2,0.509,23,0
2,120.1,81.0,17.7,142.7,19.4,0.114,68,0
2,108.6,73.5,23.0,89.1,28.0,0.08,31,0
1,141.1,76.6,24.2,90.3,28.2,0.603,36,0
2,119.9,66.7,22.7,56.1,23.9,0.326,35,0
0,153.5,75.4,23.3,70.2,32.0,0.08,21,0
3,86.9,85.8,23.7,154.3,29.1,0.307,58,0
0,134.2,83.1,31.0,66.0,21.9,0.08,49,0
5,114.2,75.6,16.9,78.1,18.6,0.101,69,1
0,158.0,86.2,22.6,195.1,26.5,0.111,67,1
5,145.9,79.4,16.2,163.2,24.6,0.08,46,0
1,124.3,76.4,31.3,34.2,29.7,0.717,50,0
0,124.6,75.1,22.9,116.3,32.1,0.382,22,0
3,112.4,75.7,31.4,90.2,34.0,0.225,31,0
1,151.3,80.8,24.1,104.1,21.8,0.797,35,0
2,97.9,79.2,24.8,45.8,24.9,0.231,29,0
1,113.1,85.4,21.4,94.5,24.0,0.414,66,0
3,135.3,77.8,17.3,289.0,21.0,0.567,41,0
3,91.3,85.4,24.4,99.5,32.3,0.25,26,0
0,82.6,85.4,26.8,122.2,27.0,0.284,64,0
3,144.1,72.2,34.8,70.4,32.2,0.319,41,0
3,69.1,80.4,21.3,205.9,26.7,0.281,57,0
0,144.8,71.0,24.4,48.2,31.4,0.321,22,1
4,104.2,82.0,22.5,71.9,24.3,0.08,43,0
1,76.2,65.8,19.2,57.3,21.1,0.471,25,0
2,158.7,78.2,23.8,43.7,30.4,0.392,42,0
4,65.0,82.3,29.0,126.5,20.8,0.534,49,0
2,150.8,74.9,24.1,37.0,23.2,0.288,21,0
2,207.4,80.4,28.2,64.6,28.8,0.921,37,1
1,169.5,73.1,25.2,71.0,25.1,0.18,22,0
3,105.1,76.3,28.4,77.7,32.0,0.088,58,1
2,164.2,73.0,13.7,189.5,23.9,0.398,38,1
4,151.4,70.3,22.0,239.2,19.4,0.429,26,1
2,88.6,71.8,22.5,213.1,26.2,0.08,29,0
4,83.8,76.4,17.6,100.8,18.0,0.495,31,0
2,123.0,84.3,20.5,158.2,25.7,0.191,68,0
4,132.4,77.0,29.2,62.1,20.6,0.7,36,0
3,148.3,84.3,24.0,110.4,31.5,0.684,54,1
4,146.9,76.9,26.8,101.8,28.5,0.092,37,0
2,122.1,80.3,27.2,86.3,30.6,0.426,22,0
2,99.0,70.4,28.5,143.1,32.1,0.08,29,0
3,144.2,89.0,26.9,122.7,31.3,0.241,43,1
3,151.1,74.1,31.1,72.0,31.0,0.276,21,0
6,119.5,85.8,28.5,76.8,31.8,0.169,47,1
2,108.9,69.2,26.3,91.4,32.6,0.297,27,0
1,99.6,70.4,19.4,121.7,20.6,0.08,40,0
2,67.6,78.7,31.6,102.3,31.6,0.201,29,0
4,91.8,78.6,22.9,51.8,28.6,0.231,51,0
2,161.3,69.7,27.8,60.1,29.7,0.842,38,1
3,116.3,76.9,24.6,128.4,36.4,0.277,50,0
0,96.0,83.8,27.5,69.1,29.9,0.657,21,0
3,114.2,72.7,23.3,97.5,26.3,0.462,34,0
2,103.3,71.4,19.2,110.1,18.0,0.194,27,0
4,129.1,91.1,19.9,41.9,26.0,0.624,46,0
2,103.7,77.3,18.5,96.5,30.3,0.695,58,0
2,113.4,82.2,17.4,41.0,22.4,0.592,57,0
2,65.0,80.7,34.8,91.2,33.9,0.852,70,0
2,83.5,90.2,29.8,86.5,36.8,0.437,58,0
3,124.9,82.6,24.3,71.1,28.4,0.207,34,0
0,110.2,85.3,23.6,59.8,26.4,0.527,24,0
0,133.7,74.1,21.5,88.4,25.8,0.425,21,0
0,123.0,82.3,24.2,81.5,37.2,0.111,23,0
0,159.9,77.1,21.9,31.9,34.1,0.527,21,1
0,65.0,61.9,14.9,66.3,19.2,0.449,21,0
0,113.1,73.8,24.3,89.8,27.3,0.307,42,1
1,135.5,66.6,25.7,80.6,37.4,0.402,21,1
1,117.6,76.2,27.4,144.4,32.2,0.389,44,0
0,106.7,80.9,22.1,137.1,22.2,0.538,29,0
3,101.0,82.9,22.1,56.9,26.2,0.267,39,0
2,94.4,77.6,30.6,140.2,25.9,0.098,39,0
1,100.9,80.2,14.0,57.1,21.5,0.713,70,0
2,85.6,87.1,29.0,29.8,39.6,0.108,40,0
1,106.5,84.9,30.3,63.1,34.3,0.085,21,0
3,88.3,76.4,19.6,46.7,29.9,0.134,24,0
2,150.1,88.5,30.4,50.9,29.6,0.311,39,0
4,87.5,74.7,24.8,120.6,34.9,0.271,33,0
3,165.3,82.1,20.5,91.3,25.3,0.234,40,1
2,145.5,89.4,21.6,71.4,32.1,0.437,45,0
5,152.7,70.3,22.8,59.2,39.5,0.386,25,0
3,114.0,80.1,21.0,254.7,29.6,0.08,45,1
6,78.7,87.3,22.8,146.1,31.9,0.135,48,0
2,65.0,76.1,30.3,69.2,26.9,0.847,40,0
4,141.8,88.3,25.8,118.4,24.8,0.254,79,0
0,111.9,65.4,20.7,237.6,21.9,0.434,21,0
3,100.7,84.5,23.7,230.1,28.5,0.08,75,0
2,136.0,69.0,17.3,64.1,19.5,0.407,32,0
3,199.3,68.0,27.0,88.2,23.6,0.317,26,0
6,116.2,74.2,27.1,150.5,24.7,0.229,46,0
3,150.4,73.5,22.9,248.9,30.8,0.081,29,0
2,110.0,84.7,23.1,148.7,23.3,0.08,56,0
4,145.9,74.2,31.3,77.3,27.4,0.08,32,0
2,118.2,81.0,18.7,15.7,20.1,0.513,59,0
1,144.0,81.7,21.8,95.5,28.1,0.313,23,0
5,134.9,83.1,26.7,62.4,32.8,0.371,43,1
3,94.5,65.7,23.1,98.0,25.7,0.709,26,0
3,70.7,83.5,22.2,88.8,20.2,0.199,44,0
0,65.0,84.9,18.6,129.7,28.8,0.633,21,0
0,128.3,79.7,34.1,164.5,37.8,0.486,21,0
2,158.2,76.6,22.4,76.3,25.9,0.295,31,0
5,133.8,84.5,25.5,53.5,28.6,0.395,61,1
0,159.2,72.6,16.8,110.6,22.2,0.802,21,1
2,168.5,79.9,28.0,126.1,25.0,0.232,65,1
2,131.3,76.0,26.2,112.5,24.4,0.297,44,0
1,65.0,77.5,22.3,309.5,30.5,0.109,58,0
3,77.7,74.5,18.7,91.3,23.5,0.238,38,0
3,93.3,75.2,21.3,107.0,25.3,0.08,41,0
3,70.7,75.9,21.8,162.7,28.8,0.08,34,0
4,65.0,72.0,17.5,130.9,18.0,0.174,32,0
0,113.8,77.6,22.8,134.5,31.5,0.632,51,0
0,77.7,73.6,24.7,73.9,20.4,0.735,23,0
2,89.6,74.1,21.9,67.9,20.9,0.216,38,0
0,123.8,77.3,20.5,92.6,21.2,0.732,21,0
1,87.2,76.2,30.4,44.4,35.3,1.149,21,1
5,117.1,67.6,35.3,115.4,34.7,0.416,36,0
2,106.2,80.8,21.1,80.4,23.2,0.08,28,0
4,149.4,81.8,28.9,160.4,36.5,0.8,34,0
2,94.3,86.8,28.1,126.9,36.3,0.161,24,0
2,71.6,83.2,23.7,94.7,28.2,0.152,49,0
1,104.9,85.4,36.7,83.9,39.1,0.123,21,0
1,183.8,89.0,32.7,83.5,34.7,0.359,76,1
1,164.2,77.9,22.2,52.4,26.8,0.491,64,1
1,167.7,79.8,28.4,98.6,30.7,1.122,46,0
1,128.4,67.7,23.3,57.2,23.9,0.215,21,0
3,121.1,81.3,19.8,74.5,25.7,0.224,34,0
1,82.8,81.7,24.5,67.8,26.8,0.525,47,0
2,129.7,69.3,12.1,88.5,22.6,0.562,57,1
2,71.6,90.7,28.2,139.5,28.6,0.08,57,0
5,108.9,74.5,21.3,76.9,18.0,0.229,52,0
0,128.0,71.9,24.3,173.6,28.3,0.195,21,0
0,95.7,74.6,19.6,78.8,25.4,0.08,23,0
0,128.8,87.2,28.4,75.8,31.6,0.745,53,1
4,98.0,76.1,27.4,44.5,25.1,0.498,29,0
1,65.0,87.6,26.2,68.5,29.0,0.492,43,0
5,139.5,79.8,27.7,70.2,25.8,0.094,78,1
6,135.2,75.3,15.3,52.0,21.6,0.266,28,1
2,95.8,78.0,18.7,117.9,28.4,0.699,59,0
0,112.2,81.5,23.4,193.5,27.7,0.765,44,0
1,194.7,85.1,31.8,156.6,32.8,0.669,85,1
3,137.8,78.3,29.3,38.1,35.5,0.3,44,0
4,95.2,80.3,25.8,101.7,39.8,0.08,29,0
4,126.2,83.6,26.3,75.7,29.4,0.116,38,1
0,133.7,71.5,29.9,125.1,29.7,0.824,23,1
0,104.8,80.5,19.2,36.7,28.9,0.08,51,0
1,109.7,76.4,19.3,102.9,22.9,0.264,31,0
3,65.0,83.8,24.1,96.8,25.5,0.148,38,0
1,109.9,72.9,21.3,169.5,30.0,0.555,61,0
2,73.9,74.1,18.8,83.1,34.2,0.568,21,0
3,76.8,87.1,29.5,162.1,34.0,0.504,57,0
0,101.2,75.7,28.8,114.3,26.3,0.278,21,0
2,130.1,73.9,27.3,42.1,23.2,0.782,36,1
1,65.0,89.1,29.6,154.2,35.5,0.531,46,1
3,104.2,78.5,19.0,58.4,24.2,0.08,53,0
0,68.3,78.2,21.5,116.3,20.7,0.098,22,0
4,183.0,85.1,23.0,39.9,28.7,0.08,79,1
2,67.9,71.2,23.2,228.8,25.9,0.307,47,1
1,112.0,75.2,17.7,129.7,26.9,0.23,53,0
5,75.6,81.5,19.0,116.2,26.3,0.252,47,0
0,126.9,70.8,19.0,66.5,27.1,0.246,23,0
2,65.0,77.0,25.1,54.9,27.1,0.543,27,0
1,160.3,79.5,29.5,43.6,30.6,0.333,64,1
0,193.1,83.2,17.6,87.0,28.2,0.35,65,1
0,151.6,84.3,17.0,79.3,27.3,0.163,21,0
3,118.8,82.2,24.3,60.0,29.9,0.268,51,0
2,102.2,80.4,23.3,140.1,31.9,0.389,35,1
3,82.3,75.0,22.4,145.2,20.4,0.264,45,0
4,74.2,68.4,26.9,28.2,23.7,0.376,41,0
3,94.7,77.6,16.6,114.2,18.7,0.756,41,0
0,132.4,80.0,33.1,84.0,27.2,0.439,25,0
2,98.0,79.9,29.3,77.2,24.6,0.148,58,0
2,108.6,75.3,22.5,40.2,22.2,0.634,29,0
1,123.4,83.0,24.7,71.1,27.5,0.403,35,0
5,145.7,65.5,20.3,142.6,22.0,0.11,25,0
2,175.0,83.6,21.9,121.7,30.2,0.266,38,0
1,65.0,66.2,29.2,366.8,27.0,0.758,21,0
1,178.1,78.2,26.7,218.4,25.9,0.119,29,1
1,158.9,78.1,17.3,86.8,28.2,0.089,58,1
1,140.1,75.1,25.7,146.4,30.3,0.305,22,1
0,104.5,79.6,16.9,177.0,27.0,0.095,50,0
1,101.1,75.1,17.5,93.8,25.7,0.476,21,0
1,148.8,71.8,25.5,79.6,26.4,0.53,28,0
7,103.5,85.5,25.9,104.1,31.7,0.274,28,1
0,65.0,70.1,15.8,45.6,18.9,0.476,55,0
4,110.3,84.3,28.2,42.7,27.2,0.169,66,0
3,95.5,75.9,26.7,132.3,34.7,0.584,32,1
0,149.0,73.3,20.6,30.2,32.2,0.207,21,0
2,71.0,79.5,23.0,66.2,29.0,0.427,30,0
3,193.2,75.5,31.0,29.8,30.6,0.327,31,1
4,112.9,71.4,33.6,101.2,39.9,0.994,29,0
2,65.0,82.9,19.6,83.2,28.4,1.428,35,0
1,116.1,67.2,25.2,102.7,25.0,0.264,25,0
0,128.9,79.3,21.5,57.4,34.4,0.514,21,0
1,154.8,71.3,25.2,47.5,28.5,0.19,21,0
1,117.2,82.3,20.3,92.9,18.0,0.122,54,0
1,120.1,82.8,20.1,54.1,28.7,0.764,41,0
2,117.5,77.1,24.5,64.2,30.5,0.08,48,0
2,76.4,74.0,21.6,39.0,22.3,0.157,46,0
2,116.0,94.8,25.0,195.3,38.6,0.69,36,1
6,114.1,75.2,19.3,240.5,24.1,0.401,35,0
5,92.6,79.3,24.7,57.0,24.7,0.313,78,1
1,65.0,71.7,25.0,70.3,32.7,0.178,30,0
3,102.7,67.6,25.8,122.5,31.0,0.771,38,0
1,134.4,80.9,23.0,223.9,28.5,0.574,31,0
0,162.1,69.4,25.7,41.1,30.0,0.08,23,1
5,108.4,78.6,19.9,72.8,25.5,0.109,85,0
2,110.4,79.2,20.4,130.9,24.8,0.459,47,0
2,106.0,81.0,19.8,54.1,21.4,1.056,28,0
4,124.8,74.9,34.3,153.7,38.2,0.187,25,1
1,99.4,79.0,15.2,104.3,20.1,0.232,50,0
6,133.0,80.3,26.3,224.7,27.2,0.088,60,1
0,65.0,69.4,13.1,54.6,20.3,0.415,22,0
0,132.6,80.1,16.8,83.6,26.6,0.144,35,0
3,100.8,78.0,20.7,80.6,30.0,0.714,38,1
0,111.1,76.5,27.9,91.1,27.7,0.711,38,0
3,65.0,81.1,27.9,97.7,37.9,0.406,42,0
1,114.0,81.9,28.7,60.8,29.9,0.141,33,0
5,131.8,83.4,24.0,90.4,27.6,0.273,36,0
2,151.2,81.5,22.6,138.3,31.1,0.341,37,1
0,115.4,64.8,20.1,61.0,24.8,0.717,21,0
0,125.4,81.0,16.8,240.0,26.6,0.986,77,1
0,134.8,74.7,19.5,77.3,20.5,0.364,52,0
1,90.8,90.2,27.1,120.4,32.7,0.214,58,0
1,156.3,80.6,31.4,55.2,29.8,0.152,42,0
2,71.6,94.9,25.6,17.5,31.9,0.142,85,0
1,141.0,77.8,19.8,126.6,35.3,0.353,21,1
4,78.8,66.3,29.5,145.7,27.7,0.438,39,0
0,70.6,64.3,24.5,125.2,25.7,0.32,24,0
3,88.2,77.4,32.3,233.2,29.3,0.29,40,1
2,134.0,69.7,28.8,137.1,27.0,0.326,70,0
3,81.7,67.7,24.8,102.3,23.7,0.113,50,0
1,142.5,88.6,16.0,106.5,25.8,1.181,37,1
2,116.1,86.2,21.8,246.1,29.9,0.109,73,0
3,77.9,84.7,19.7,105.7,23.0,0.344,56,0
1,107.0,77.2,19.7,119.9,18.0,0.08,48,0
3,139.8,79.6,15.5,188.0,19.4,0.483,47,0
4,156.3,89.3,21.8,82.6,29.9,0.438,54,1
2,138.6,80.8,20.1,111.4,26.9,0.818,29,0
1,145.6,74.5,22.4,100.4,28.3,0.449,27,0
1,115.3,81.1,23.4,61.9,26.7,0.225,23,0
4,101.5,73.0,20.9,270.4,29.7,0.705,29,0
1,108.4,72.4,27.3,71.9,32.5,0.197,71,0
2,160.7,77.4,25.4,153.7,31.5,0.174,35,1
5,87.8,84.5,22.0,65.9,19.7,0.092,72,0
2,116.7,79.4,23.9,109.0,22.6,0.453,28,0
4,127.5,85.0,25.0,91.2,29.8,0.472,61,1
1,107.6,78.5,17.6,108.6,23.6,0.657,66,0
1,157.2,75.4,21.6,121.8,33.3,0.128,40,1
4,126.8,83.4,30.2,62.5,34.7,0.168,34,0
3,121.5,76.1,27.1,188.4,34.6,0.727,26,0
2,121.6,83.9,25.1,22.9,26.8,0.241,57,1
1,151.5,76.3,18.7,160.9,30.1,0.439,34,1
3,102.4,79.0,18.9,104.4,27.0,0.376,32,0
5,93.6,79.6,34.0,186.5,35.8,0.36,44,1
4,130.0,81.3,30.7,65.8,27.6,0.486,50,0
1,134.3,76.8,33.4,270.4,36.7,0.08,25,0
1,132.7,76.6,17.4,50.3,18.0,0.426,44,0
4,65.0,79.4,18.7,35.3,24.0,0.291,66,1
1,114.5,75.6,20.4,75.4,25.6,0.177,23,0
1,117.2,84.7,20.0,85.8,40.0,0.458,58,0
6,137.3,81.9,20.9,152.9,19.9,0.08,58,0
2,80.3,77.7,30.1,132.5,28.7,0.08,60,0
1,134.7,83.9,21.9,41.3,30.0,0.752,51,0
4,95.3,79.5,26.0,122.5,33.6,0.445,50,0
0,112.8,76.1,18.7,65.9,24.1,0.285,57,0
5,159.6,73.1,19.2,105.0,18.5,0.868,44,1
7,121.7,82.3,19.9,101.2,33.1,0.524,31,0
2,121.3,78.2,28.6,125.2,33.8,1.153,31,1
4,133.5,79.9,29.3,99.2,26.6,0.082,36,0
3,137.6,76.0,17.2,239.2,27.4,0.301,52,1
5,65.0,71.2,16.4,186.3,18.0,0.926,37,0
2,142.7,66.9,26.2,212.9,37.8,0.626,34,1
3,155.3,79.0,29.0,103.0,33.7,0.479,60,1
1,119.1,70.8,21.8,45.2,22.2,0.501,41,0
2,65.0,69.5,20.4,60.0,33.1,0.163,21,0
1,92.3,78.5,25.8,90.0,18.0,0.722,23,0
0,77.6,72.2,25.0,116.3,26.1,0.08,22,0
8,116.7,75.7,24.6,90.9,26.2,0.851,37,0
3,119.4,70.7,14.7,59.6,21.1,0.683,24,0
3,151.3,73.7,19.7,131.4,26.9,0.517,34,1
1,160.0,71.2,25.9,42.8,27.8,0.68,30,0
1,196.3,80.8,28.5,121.3,31.9,0.08,21,0
0,92.9,81.9,27.5,114.3,37.7,0.197,23,1
4,115.1,84.3,23.9,121.5,30.2,0.467,73,0
1,114.5,78.7,23.1,166.7,40.2,0.502,32,0
3,93.4,84.5,27.2,97.9,28.5,0.173,31,0
3,123.9,74.5,27.0,71.4,23.1,0.446,31,0
2,138.9,82.1,23.3,102.8,23.6,0.678,42,1
2,188.9,84.4,20.1,76.2,27.1,0.181,38,1
1,135.2,86.6,21.2,104.9,23.5,0.478,81,1
3,80.6,80.4,26.7,137.3,32.3,0.31,61,0
0,72.3,81.3,25.6,57.5,26.7,0.272,79,0
3,88.8,83.5,24.8,178.7,29.3,0.3,52,0
2,136.6,70.4,13.3,108.9,22.2,0.83,49,0
2,117.4,77.9,24.2,200.7,31.6,0.18,23,1
0,73.7,71.7,16.5,82.2,24.1,0.281,21,0
3,87.2,75.0,29.7,44.6,33.9,0.125,21,0
1,149.6,67.8,23.5,62.5,24.1,1.0,21,1
1,156.2,83.1,19.2,58.2,23.9,0.363,35,1
0,65.0,83.6,16.9,239.7,22.5,0.412,56,0
4,123.9,72.3,20.1,97.0,20.3,0.673,28,0
0,142.4,73.1,28.1,107.7,34.8,0.093,25,1
1,104.4,88.5,31.7,195.8,34.8,0.206,54,0
1,148.1,77.7,24.3,77.8,32.0,0.226,25,1
3,171.8,95.0,23.1,129.2,25.7,0.585,71,1
0,148.0,80.4,17.8,132.0,18.8,0.283,24,0
2,128.7,80.3,23.7,74.4,32.3,0.142,56,1
3,86.8,70.6,26.8,109.3,22.3,0.535,43,0
2,170.2,78.9,19.6,65.3,23.2,0.08,21,0
0,85.2,75.0,28.1,84.7,27.6,0.297,26,0
4,132.8,78.7,19.5,60.0,31.8,0.26,57,0
0,95.3,77.1,28.2,185.3,31.2,0.932,21,0
1,82.2,74.4,25.7,37.3,32.1,0.398,32,0
0,157.7,67.5,27.2,92.1,19.7,0.521,21,1
4,159.8,70.1,27.2,38.7,26.7,0.497,35,1
1,80.4,77.6,22.8,79.3,30.0,1.198,45,0
2,130.6,74.9,18.7,177.6,18.7,0.128,40,1
5,110.4,73.6,18.1,105.0,27.1,0.237,41,0
2,77.4,77.8,23.6,87.3,27.5,0.505,40,0
6,86.8,73.8,15.9,163.8,20.8,0.389,34,0
2,102.6,80.9,18.8,106.3,29.0,0.3,53,0
1,123.1,78.7,24.8,116.1,31.5,0.135,21,0
2,179.6,77.5,18.6,24.9,25.7,0.321,70,1
3,147.9,81.0,25.1,91.6,35.7,0.258,40,1
0,123.3,77.4,25.7,122.3,32.0,0.358,21,0
2,111.5,81.5,24.3,133.1,24.7,0.166,65,0
4,65.0,83.0,28.8,118.3,30.5,0.08,34,0
1,95.2,82.3,27.1,97.5,18.0,0.242,29,0
1,151.5,81.7,27.1,125.7,36.6,0.998,21,0
2,145.4,78.3,27.8,45.0,30.2,0.617,28,1
1,74.3,88.3,16.0,64.3,29.4,0.307,54,0
0,105.7,69.4,22.8,31.3,23.3,0.224,24,0
3,72.3,80.1,22.7,62.9,20.9,0.163,55,0
2,137.4,76.5,31.2,59.2,32.6,0.567,32,0
1,127.8,70.0,25.4,80.4,30.0,0.199,23,0
3,69.3,71.4,19.8,26.3,29.4,0.288,29,0
2,134.3,80.0,25.9,205.4,31.2,0.526,46,1
2,143.1,78.4,14.3,122.9,24.6,0.429,41,0
3,139.4,87.9,25.6,172.0,26.7,0.613,73,1
2,107.4,72.7,25.3,89.6,28.0,0.664,32,0
3,134.1,76.6,17.3,74.3,22.6,0.109,56,0
4,145.8,73.2,18.5,55.3,30.1,0.12,35,0
4,65.0,72.3,25.8,111.7,26.2,1.322,25,0
1,135.4,62.4,24.1,54.8,26.5,0.297,21,1
2,65.0,77.8,33.2,59.0,28.5,0.612,33,0
0,99.1,85.1,22.0,126.8,28.0,0.312,37,0
1,107.5,81.8,29.6,69.8,27.7,0.238,65,1
5,133.5,85.5,16.6,41.2,18.0,0.436,73,0
4,112.1,90.6,19.4,71.8,26.2,0.673,73,0
3,137.4,63.9,19.2,182.4,27.5,0.367,27,0
1,99.1,72.3,17.1,158.5,21.8,0.605,24,0
6,136.6,83.0,20.0,331.8,23.7,0.191,28,0
3,130.7,74.9,26.1,163.4,37.4,0.316,35,1
0,122.5,81.4,28.9,107.5,30.7,0.265,21,0
0,103.9,79.2,24.7,50.3,26.8,0.141,23,0
0,108.3,76.9,19.3,49.8,22.8,0.534,63,0
1,113.4,78.5,29.1,76.6,27.1,0.444,42,0
3,91.2,77.0,28.9,79.9,39.1,0.616,29,1
1,112.9,64.4,24.4,120.4,25.6,0.08,21,0
3,124.5,79.5,29.4,54.9,26.7,0.189,42,0
2,116.4,75.2,15.0,80.5,18.1,0.124,38,0
0,81.6,77.2,21.8,120.2,22.0,0.368,23,0
1,106.6,84.8,24.5,67.1,26.3,0.136,51,0
0,117.2,77.9,21.9,69.6,28.8,0.243,30,0
5,101.2,75.6,30.4,112.0,39.3,0.149,40,0
3,121.6,85.7,24.6,62.4,25.0,0.08,72,0
3,98.7,70.8,19.6,102.7,26.8,0.128,49,0
0,120.6,75.8,25.6,157.8,29.5,1.014,21,1
3,136.5,79.1,31.1,144.9,26.4,0.694,49,0
4,103.8,86.7,23.6,183.4,30.1,0.417,27,1
4,126.9,71.4,32.7,107.4,33.7,0.643,46,0
2,153.2,84.6,27.4,135.4,37.2,0.08,55,0
3,109.7,78.1,17.3,28.5,18.0,0.134,40,0
1,135.4,67.8,26.5,209.7,20.6,0.304,21,0
1,97.0,78.6,22.3,101.9,25.6,1.109,21,0
2,123.0,87.0,25.9,216.3,29.1,0.591,60,1
1,104.1,86.1,20.4,32.2,24.5,1.041,69,0
0,65.0,75.1,22.3,134.7,25.6,0.137,26,0
2,161.8,70.3,21.2,70.8,29.7,0.186,21,1
0,103.5,71.5,14.0,99.4,18.0,0.6,21,0
2,130.4,70.9,21.9,115.3,21.3,0.08,30,0
1,107.4,79.3,25.0,78.8,32.6,0.277,55,1
0,81.4,66.9,21.4,260.6,23.7,0.114,21,0
1,155.2,67.3,24.2,52.5,36.8,0.842,64,1
0,136.3,72.3,27.4,165.0,28.9,0.168,61,0
4,87.5,74.1,29.7,37.7,36.6,0.102,63,1
2,141.5,86.9,30.4,88.2,34.8,0.724,23,1
5,166.6,81.3,24.0,43.0,25.7,0.172,57,0
3,124.2,66.2,11.6,65.9,19.2,0.092,38,0
0,145.6,73.2,21.0,124.3,30.0,0.584,22,1
2,158.0,73.8,20.4,30.7,26.0,0.289,40,0
4,89.9,68.6,19.0,100.4,26.6,0.232,37,0
1,134.2,78.1,26.2,67.8,25.7,0.748,21,0
1,71.3,89.8,24.6,59.3,20.4,0.272,48,0
2,112.4,72.2,28.7,53.7,30.2,0.345,36,0
3,98.8,73.6,24.7,39.3,23.5,0.08,31,0
1,100.3,78.8,22.3,75.2,22.8,0.422,31,1
2,88.8,75.0,26.6,86.9,26.1,0.157,43,0
2,86.8,69.9,28.3,79.9,33.4,0.251,30,0
0,79.1,69.6,20.1,66.9,26.9,0.684,21,0
2,65.0,67.2,19.1,139.0,21.9,0.22,21,0
5,102.3,79.2,24.1,59.1,28.1,0.52,37,0
2,69.8,71.2,31.1,61.2,34.5,0.08,29,0
4,91.1,81.5,26.3,47.8,32.0,0.241,31,0
0,84.5,77.7,9.8,112.1,18.0,0.152,23,0
1,68.7,63.4,19.3,111.9,28.7,0.498,23,0
4,124.8,77.0,31.1,118.8,34.4,0.08,46,1
1,117.7,84.2,31.3,299.7,28.2,0.308,40,0
1,122.8,75.4,19.1,69.3,18.9,0.278,25,0
3,116.4,75.1,13.4,158.5,18.7,0.609,30,0
1,135.0,77.4,19.9,162.0,22.6,0.9,52,1
1,107.7,72.7,23.4,97.9,19.9,0.976,21,0
3,165.4,78.6,18.7,104.4,20.9,0.452,55,0
2,71.6,70.7,27.1,118.9,19.7,0.08,34,0
4,67.4,83.3,23.1,49.6,26.3,0.113,31,0
0,65.0,65.9,22.5,101.7,24.6,0.08,21,0
4,65.0,85.8,32.7,84.8,26.6,0.231,85,0
4,100.3,75.9,24.0,61.5,30.6,0.922,44,0
0,106.7,69.1,14.8,90.5,20.5,0.445,21,0
3,145.6,81.3,29.3,59.7,36.4,0.199,40,1
1,105.5,84.6,25.8,219.9,32.4,0.547,60,0
3,164.2,72.1,21.6,63.3,18.0,0.111,42,0
8,123.1,84.2,29.2,264.8,29.3,0.08,52,1
3,131.6,74.3,20.9,80.7,24.4,0.189,28,0
3,143.3,68.3,22.2,56.5,28.4,0.265,26,0
2,102.6,72.3,26.2,67.7,29.6,0.452,32,0
1,168.7,69.7,26.2,163.3,24.5,0.213,38,1
0,127.7,75.6,28.3,125.2,25.9,0.627,28,0
2,168.3,75.1,22.6,79.0,24.0,0.296,34,0
0,148.1,75.7,24.3,87.8,28.9,0.45,21,0
2,133.0,70.4,23.5,68.4,26.5,0.169,21,0
0,103.6,79.8,27.7,82.3,29.3,0.364,25,0
3,112.4,87.6,19.6,89.1,25.9,0.275,77,0
4,126.0,75.6,18.6,49.2,18.1,0.423,62,0
2,78.5,74.1,24.3,170.4,26.7,0.08,41,0
0,65.0,84.5,23.9,71.2,30.7,0.119,21,0
1,102.3,73.9,33.0,67.1,32.8,0.223,35,0
0,104.4,78.9,28.3,132.4,18.0,0.484,39,0
4,131.6,82.1,19.4,36.8,27.4,0.261,28,0
1,158.2,91.0,36.1,107.3,33.6,0.2,64,0
2,114.6,72.5,27.8,61.7,24.4,0.961,21,0
1,76.7,79.5,28.3,53.9,34.3,0.534,46,0
2,115.3,77.0,19.1,131.2,18.0,0.649,21,0
1,120.1,76.2,21.2,109.0,22.2,0.348,22,0
3,107.8,65.9,21.8,269.2,20.7,0.201,35,1
1,85.8,76.7,28.5,161.7,27.8,0.607,21,0
2,178.3,77.5,20.0,66.9,25.4,0.464,40,1
1,140.3,73.6,21.5,150.2,33.8,0.142,29,1
2,135.1,73.0,27.7,105.1,32.7,1.345,34,1
0,65.0,82.2,26.9,259.4,24.9,0.416,26,0
3,75.9,79.3,19.8,87.4,31.4,0.217,63,0
2,66.0,74.3,32.0,52.9,22.7,0.428,54,0
2,105.7,81.6,28.3,190.7,32.1,0.292,46,0
0,152.6,69.3,17.4,228.1,18.0,0.263,22,0
1,108.7,80.1,27.7,74.1,42.0,0.456,49,1
5,104.6,78.4,29.3,219.0,30.5,0.265,42,0
6,65.0,90.3,29.1,60.0,37.0,0.755,85,0
3,124.6,72.3,30.1,279.2,31.7,0.278,21,0
5,99.4,71.0,25.7,146.6,23.1,0.226,33,0
1,150.2,78.6,14.1,61.0,18.0,0.08,26,0
4,89.7,77.8,18.9,90.6,23.4,0.334,43,0
2,109.1,74.7,23.3,214.8,31.2,1.042,21,1
5,96.0,77.3,16.4,55.1,18.6,0.428,50,0
0,103.5,80.8,27.2,91.8,38.2,0.08,21,0
4,137.5,83.7,26.0,128.1,26.4,0.611,43,0
0,77.0,85.5,28.8,85.9,40.1,0.323,31,0
0,108.9,73.1,21.2,57.9,24.2,1.095,24,1
1,113.5,79.3,21.1,162.6,30.7,0.08,21,0
0,134.7,78.6,28.9,71.8,30.5,0.192,26,0
1,102.7,73.0,24.7,70.8,18.6,0.443,31,0
3,148.3,81.6,23.2,164.6,29.7,0.08,36,0
4,65.0,91.0,29.4,129.9,30.6,0.474,38,0
1,129.7,81.7,29.1,113.3,31.6,0.435,33,0
2,114.3,84.5,27.7,57.1,34.5,0.878,30,0
3,146.0,72.3,22.9,181.9,18.9,1.132,71,0
5,81.9,88.3,27.3,136.4,30.4,0.517,49,0
0,169.1,73.6,17.0,63.8,20.8,0.354,21,0
2,158.7,74.5,17.8,66.5,21.9,0.262,28,1
4,100.1,78.2,27.1,326.8,21.4,0.109,34,0
0,128.7,80.7,27.8,91.2,28.7,0.667,24,0
4,79.8,78.3,31.4,146.9,31.2,0.218,31,0
1,134.8,72.6,19.7,46.6,25.8,0.876,21,1
1,88.3,71.7,18.4,137.4,27.3,0.118,37,0
1,124.9,83.6,16.1,115.6,18.8,0.326,82,0
2,83.0,77.4,21.3,61.5,29.3,1.07,38,0
1,152.7,74.5,27.2,62.7,24.8,0.19,38,0
2,133.3,79.6,24.1,81.1,21.6,0.388,33,0
1,178.6,80.9,22.9,52.9,18.0,0.544,21,0
1,120.6,79.7,20.4,39.7,21.8,0.139,74,1
3,66.2,71.7,27.2,108.0,26.1,0.464,40,0
1,124.0,81.8,26.0,108.7,30.5,0.979,46,0
3,196.5,76.9,21.8,29.1,21.8,0.816,30,0
2,107.4,80.8,20.9,63.0,25.6,0.504,47,0
1,130.8,92.2,28.1,98.9,35.7,0.201,74,0
4,135.3,89.5,31.1,88.3,33.9,1.104,63,1
0,74.7,72.2,21.6,42.4,24.5,0.361,21,0
2,123.3,78.5,22.7,46.3,24.8,0.448,61,0
1,137.6,84.2,33.8,37.9,37.7,0.415,22,0
1,138.3,84.8,25.2,32.3,28.4,0.277,23,0
2,102.2,74.1,24.0,70.2,25.6,0.983,21,0
1,85.3,76.2,26.0,47.8,26.9,0.561,22,0
4,91.2,82.4,20.8,31.1,22.5,0.08,43,0
5,107.1,77.3,25.0,157.3,19.7,0.203,38,0
5,118.6,78.1,20.7,157.1,25.7,0.631,48,0
2,72.3,83.5,28.8,68.2,34.2,0.555,36,0
0,148.6,74.7,26.8,57.6,26.3,0.272,23,0
3,143.1,82.3,17.5,28.0,26.1,0.08,50,0
0,194.9,76.3,25.5,62.0,30.8,0.285,31,1
1,124.6,84.0,25.5,91.1,28.2,0.255,50,0
2,109.2,73.5,14.7,96.8,19.1,0.239,40,0
6,66.4,66.8,26.8,74.5,29.3,0.183,38,0
3,66.3,81.4,23.1,107.0,18.0,0.08,80,0
1,81.6,80.7,30.2,50.3,34.3,0.138,21,0
0,73.9,73.7,25.9,102.0,30.3,0.243,21,0
1,99.5,76.0,21.9,72.2,30.1,0.493,26,0
2,90.9,78.5,26.7,107.5,39.1,0.426,51,0
2,150.4,78.3,21.0,187.0,21.4,0.427,28,0
4,132.0,85.5,26.6,93.7,31.3,0.574,32,1
1,135.6,77.3,23.2,70.0,28.5,0.08,21,0
2,65.0,73.9,33.4,174.3,30.6,0.409,50,0
2,116.1,75.0,20.7,153.7,25.2,0.655,21,0
1,65.0,71.8,22.1,53.4,30.4,0.433,30,0
1,134.0,78.9,17.1,60.4,27.0,0.545,21,0
4,91.5,81.8,29.3,44.3,33.0,0.383,54,1
0,72.5,71.8,24.1,69.3,29.0,0.472,21,0
5,101.1,79.8,34.4,94.1,32.7,0.404,29,0
1,94.5,82.7,22.5,176.1,23.8,0.418,26,0
3,138.4,73.1,28.1,70.3,24.9,0.272,46,0
2,97.5,75.4,11.1,129.2,21.3,0.283,39,0
1,115.7,88.0,30.0,55.9,34.5,0.601,78,1
0,85.7,78.4,27.9,103.1,37.4,0.445,21,1
2,98.0,85.0,19.0,69.6,23.3,0.734,61,0
4,82.7,88.8,22.5,131.0,28.9,0.145,67,1
4,103.0,88.1,25.2,105.4,35.0,0.639,77,0
4,131.7,64.1,20.8,206.8,28.3,0.412,36,0
1,125.5,75.7,28.6,78.9,28.3,0.217,21,0
0,157.1,84.0,25.6,104.4,23.0,0.351,44,0
0,72.1,73.0,30.5,207.2,28.1,0.246,21,0
4,110.7,86.4,17.5,60.5,22.1,0.336,58,0
3,96.9,73.9,26.5,90.8,35.7,0.694,34,0
3,117.8,79.7,20.9,49.8,18.0,0.108,42,0
3,118.7,84.9,18.3,68.2,20.8,0.207,77,0
4,85.9,80.5,28.2,71.4,28.7,0.08,38,0
1,124.1,74.2,17.3,130.9,20.2,0.328,21,0
2,110.4,72.4,17.7,109.0,18.0,0.409,34,0
1,158.0,77.1,20.9,279.8,41.8,0.08,27,1
5,68.9,74.0,33.6,77.7,30.8,0.581,40,0
3,96.3,73.0,22.4,114.1,26.2,0.108,30,0
1,156.7,68.9,22.8,242.4,30.3,0.709,25,1
3,121.4,76.1,27.0,72.1,29.8,0.24,35,1
2,85.5,63.4,28.0,49.0,23.7,0.164,21,0
4,112.9,74.1,27.6,140.9,25.8,0.528,34,0
6,65.0,87.6,16.1,45.8,26.0,0.217,45,0
4,135.2,75.3,20.7,70.0,25.3,0.288,69,0
4,87.3,71.5,22.0,64.4,25.1,0.115,27,0
4,116.1,93.7,24.8,38.9,31.9,0.294,84,0
0,120.2,74.3,20.3,133.9,26.4,0.3,42,0
1,105.7,79.1,25.9,65.5,32.6,0.245,31,0
3,65.0,82.7,18.8,88.2,23.2,0.401,32,0
2,104.9,78.1,28.7,46.7,30.0,0.772,36,0
6,65.0,74.2,15.2,33.8,18.0,0.457,29,0
3,165.1,68.9,24.8,199.4,30.2,0.234,26,1
1,105.0,78.7,26.1,189.9,32.2,0.092,40,0
1,85.9,74.3,18.9,174.4,21.1,0.238,21,0
2,65.0,64.5,21.5,88.3,28.9,0.169,24,0
3,133.8,89.1,25.1,181.1,31.7,0.47,50,0
0,128.5,73.9,20.0,66.3,25.9,0.278,21,0
2,108.8,77.6,27.7,159.7,32.3,0.127,43,0
2,112.8,69.9,28.4,213.7,23.7,0.3,38,0
6,88.3,71.4,24.6,153.5,29.1,0.34,27,0
1,89.7,76.4,21.0,219.8,27.8,0.559,21,0
1,153.8,80.3,26.2,160.8,28.2,0.217,30,0
3,102.6,83.8,31.5,218.3,33.6,0.095,35,0
1,125.9,79.2,31.1,104.5,28.0,0.783,44,0
2,102.4,81.2,25.7,47.5,25.0,0.416,42,1
2,108.9,88.1,35.7,125.9,37.2,0.269,59,0
1,182.1,92.6,26.1,53.3,36.9,0.166,41,1
0,158.4,78.3,30.2,154.5,38.4,0.924,64,1
0,137.3,82.3,25.2,86.3,34.0,0.25,21,0
1,112.1,76.3,27.9,60.4,31.5,0.135,59,0
3,140.4,76.9,31.9,230.7,34.9,0.415,31,0
3,65.0,72.4,21.8,124.7,24.3,0.408,39,0
2,112.6,84.5,25.6,94.6,23.1,0.536,48,0
2,91.0,67.8,16.2,45.6,19.5,0.33,21,0
5,137.2,84.0,26.0,73.8,23.7,0.243,32,1
1,140.6,84.0,16.7,99.4,26.3,0.341,61,0
0,152.0,76.5,16.7,76.6,19.1,0.839,69,1
0,112.7,85.5,24.7,97.2,27.6,0.475,26,0
1,112.1,82.1,15.4,83.6,22.1,0.08,46,0
0,134.5,75.0,22.0,44.6,18.0,0.361,29,0
1,155.7,78.2,22.4,48.3,18.0,0.488,21,0
2,69.4,85.0,22.6,155.7,20.9,0.08,66,0
1,109.8,78.7,19.5,82.6,24.3,0.968,21,0
3,65.0,82.6,24.6,33.3,34.1,0.571,85,0
0,146.3,76.3,19.6,99.8,21.3,0.953,21,0
1,92.6,84.9,30.2,70.7,39.8,0.995,58,1
1,128.3,89.0,24.2,80.9,31.3,0.846,57,1
3,72.0,73.6,29.4,198.0,27.2,0.114,29,0
2,112.3,83.2,33.1,45.1,23.0,1.064,41,0
3,98.3,73.0,24.9,69.7,25.4,0.606,30,0
1,90.3,71.4,17.6,191.3,22.2,0.351,24,0
2,145.9,76.3,24.4,165.3,25.8,0.385,45,0
2,86.2,76.3,19.6,99.0,24.5,1.216,53,0
2,153.1,70.1,21.4,208.5,31.1,0.236,25,1
4,165.2,85.3,18.1,43.7,20.1,0.574,66,1
1,98.3,80.1,27.7,68.2,29.0,0.101,41,0
1,169.2,75.0,22.7,217.4,26.6,1.125,36,1
1,144.3,79.6,26.6,70.6,25.4,0.263,36,0
3,187.6,68.4,22.9,68.0,18.0,0.474,66,0
3,172.6,77.5,21.4,79.1,24.6,0.189,31,0
3,121.1,75.3,30.1,117.2,27.2,0.355,32,0
3,149.1,89.1,24.3,106.8,29.7,0.978,65,1
4,107.6,86.6,28.8,65.4,30.1,0.388,67,1
0,158.1,84.4,25.1,37.0,32.3,0.214,56,0
1,78.3,69.5,24.4,69.3,26.9,0.231,21,0
1,101.2,94.0,19.9,45.4,27.1,0.256,83,0
3,93.0,82.7,18.0,37.8,26.3,0.221,39,0
4,103.2,84.8,17.9,102.9,30.6,0.123,36,0
2,104.5,76.4,34.7,190.4,27.3,0.08,56,0
4,115.0,76.4,24.5,66.9,31.8,0.265,43,0
1,136.0,81.0,37.8,146.8,32.7,0.176,30,0
3,119.1,83.1,29.1,49.2,32.1,0.163,72,0
2,129.7,83.7,23.3,62.8,25.2,0.734,35,1
2,83.6,76.5,22.7,87.5,18.0,0.153,39,0
1,94.2,92.9,25.8,145.9,28.3,0.432,71,0
3,100.9,78.7,32.2,149.6,28.7,0.44,55,0
0,111.8,75.7,24.2,196.5,18.0,0.12,48,0
3,154.8,66.3,28.0,56.1,35.5,0.952,29,1
1,117.3,72.9,25.6,61.2,30.0,0.237,44,0
2,91.3,86.5,25.5,75.7,35.5,0.49,45,0
2,134.6,83.7,21.6,98.5,28.3,0.181,45,0
3,117.5,75.1,12.8,121.8,28.9,0.451,36,0
1,107.4,75.7,30.9,80.1,29.6,0.802,25,0
3,159.1,79.1,25.1,77.3,24.9,0.315,58,1
4,140.1,74.5,14.5,156.3,21.1,0.811,29,0
2,113.2,70.0,23.5,139.9,20.5,0.29,38,0
0,111.2,81.3,30.9,130.8,40.0,0.317,21,0
1,104.9,83.8,23.4,55.5,26.4,0.41,54,0
1,70.9,72.7,17.6,134.4,21.0,0.16,23,0
1,105.9,80.4,28.4,107.8,37.3,0.581,45,1
1,115.2,72.8,26.0,115.4,34.7,0.492,21,0
1,72.6,83.0,27.3,62.6,33.7,0.531,34,0
3,79.7,72.6,19.6,47.1,18.0,0.639,32,0
1,189.5,74.6,17.8,41.3,34.8,0.253,23,1
7,167.0,79.5,17.6,154.1,19.4,0.289,41,0
1,91.5,80.4,23.2,97.3,26.7,0.913,21,0
3,91.4,74.9,16.8,57.7,26.5,0.512,51,0
1,132.4,83.7,30.7,97.4,30.4,0.177,53,0
3,101.7,74.0,18.6,49.6,28.4,0.39,25,0
4,117.8,91.8,16.9,218.5,24.6,0.396,65,0
3,113.5,86.4,19.1,49.8,36.9,0.467,34,1
3,99.2,76.3,34.1,62.6,36.9,0.08,22,0
1,67.1,78.0,28.2,35.7,29.5,0.117,21,0
0,88.5,77.1,23.9,183.1,26.8,0.199,21,0
4,102.5,83.6,29.3,79.3,35.8,1.245,64,0
4,94.6,74.7,17.7,75.9,33.3,0.284,26,0
4,74.9,69.5,27.3,140.3,20.5,0.08,31,0
0,168.3,81.7,32.1,72.7,39.8,1.057,30,1
1,130.9,88.6,18.2,154.8,22.2,0.398,57,0
4,108.0,85.6,17.7,50.1,25.0,0.08,47,0
0,135.5,76.5,28.5,62.0,19.3,1.162,39,0
2,106.6,68.2,24.4,71.2,24.6,0.325,21,0
1,190.8,80.2,22.3,175.9,34.0,0.545,21,1
1,207.8,83.6,32.7,122.3,27.7,0.581,73,1
4,169.2,78.6,23.9,209.8,28.7,0.527,47,1
4,147.0,78.8,20.7,64.7,23.0,0.479,48,0
2,102.9,73.8,22.8,73.1,31.4,0.24,21,0
0,65.0,79.4,22.4,49.9,18.0,0.082,21,0
0,157.7,77.4,23.1,70.5,25.7,0.322,22,1
2,99.1,78.1,24.5,137.7,26.7,0.36,39,0
3,115.8,72.5,22.8,151.9,25.7,0.818,39,1
1,128.6,69.2,31.1,72.3,28.9,0.245,23,0
0,133.9,79.2,23.2,152.0,19.1,0.181,21,0
2,126.3,77.4,23.3,262.7,32.4,0.104,28,0
1,90.2,75.1,23.7,108.6,21.6,0.183,32,0
0,109.9,72.1,23.8,42.1,38.0,0.414,21,0
3,104.9,89.0,18.7,64.7,29.6,0.273,48,0
3,149.4,90.5,31.1,125.6,30.9,0.849,49,1
2,104.5,78.3,27.6,54.2,23.8,0.083,46,0
0,106.4,74.5,22.5,58.5,24.9,0.451,21,0
0,118.0,82.3,33.9,27.6,34.8,0.137,28,1
1,105.5,80.9,18.7,103.2,19.7,0.813,52,0
1,114.8,71.8,26.4,69.1,27.5,0.125,40,1
2,80.9,83.6,23.0,75.1,27.6,0.465,66,0
1,78.9,85.8,30.0,42.0,30.0,1.371,61,1
1,96.4,75.4,28.4,206.9,28.8,0.354,37,0
1,125.5,84.0,24.1,104.9,30.0,0.08,28,0
4,86.7,79.5,25.0,98.8,24.4,0.625,51,0
3,123.4,79.5,26.7,181.5,41.5,0.304,53,1
2,146.0,84.3,18.9,63.6,27.6,0.673,56,0
1,67.5,76.9,25.5,124.3,33.2,0.227,40,0
6,84.6,80.5,28.2,81.9,33.2,0.269,26,0
2,71.3,77.4,21.3,88.7,18.0,0.402,45,0
4,70.1,80.5,17.7,32.5,18.9,0.296,46,0
3,65.0,78.2,22.8,116.6,23.0,0.452,50,0
4,120.9,74.2,22.2,59.2,24.7,1.13,29,0
1,86.3,72.5,17.8,98.4,29.0,1.289,21,0
2,121.3,82.4,24.5,61.6,29.1,0.613,45,0
1,145.4,74.4,21.9,122.9,23.2,0.646,21,0
3,84.1,86.6,19.4,63.8,18.0,0.88,52,1
6,139.7,74.3,25.7,166.3,36.4,0.147,39,1
3,151.3,79.9,25.8,126.0,32.4,0.375,27,0
2,93.6,95.6,34.5,105.5,31.1,0.64,64,0
4,65.0,75.5,30.5,69.5,30.2,0.252,31,0
4,76.3,87.2,26.3,191.9,31.0,0.293,40,0
3,193.4,75.4,21.3,33.0,19.2,0.799,29,0
1,106.9,69.9,19.3,95.6,18.9,0.453,38,0
4,147.5,76.6,26.7,62.5,31.0,0.768,47,1
1,115.6,80.7,12.3,87.8,18.0,0.697,30,0
2,65.0,84.1,22.6,152.2,29.8,0.135,34,0
2,131.2,84.3,20.0,61.4,31.8,0.212,52,0
0,95.2,90.8,24.3,70.3,37.1,0.091,21,0
3,177.9,88.3,16.5,43.1,25.8,0.195,53,1
1,91.2,83.1,14.6,327.8,21.5,0.357,58,0
2,169.4,76.0,28.4,47.6,33.3,0.231,22,0
0,168.8,73.3,21.8,413.0,26.2,0.284,21,1
1,68.8,73.3,21.9,103.7,18.1,0.287,21,0
1,137.1,73.4,17.6,114.0,18.0,0.76,24,1
1,103.6,69.2,21.8,121.5,30.7,0.718,21,0
1,152.2,84.4,26.4,45.8,31.9,0.329,48,1
2,128.0,80.1,19.5,192.4,27.4,0.526,35,0
0,121.0,78.8,25.3,84.7,27.3,0.219,43,1
4,101.4,86.9,25.3,66.2,27.6,0.333,56,0
4,133.8,73.7,26.9,126.3,26.5,0.515,51,1
1,69.8,87.5,24.6,500.0,18.7,0.138,71,0
3,145.3,77.9,20.7,83.4,25.5,0.163,61,0
1,141.8,82.3,18.7,126.8,26.8,0.389,21,0
2,131.4,74.9,22.9,108.5,33.0,0.261,33,0
4,84.8,74.3,26.5,132.8,23.3,0.431,45,0
2,84.0,84.8,19.6,68.0,25.1,0.271,72,0
2,93.9,76.5,26.3,100.4,30.1,0.109,31,0
1,86.0,75.8,22.2,66.1,23.8,0.782,47,0
5,124.7,85.8,20.1,89.6,23.7,0.392,81,0
1,98.6,75.5,17.2,29.8,19.3,0.844,50,0
1,102.8,76.7,25.4,92.0,34.8,0.596,23,0
0,100.0,70.6,19.0,115.3,30.2,0.211,21,0
2,77.8,80.1,27.5,138.4,32.1,0.16,25,0
0,97.7,67.5,16.7,113.3,24.6,0.749,34,1
3,150.4,86.5,32.5,153.6,37.6,0.21,78,1
7,141.7,80.6,25.8,55.8,29.2,0.208,57,1
1,130.6,83.7,28.7,140.8,31.1,0.332,31,0
0,162.8,81.7,27.8,38.0,29.2,0.223,23,0
2,98.0,80.9,26.4,102.3,28.5,0.805,23,0
2,103.9,94.7,19.4,50.3,28.3,0.287,85,1
1,147.0,74.1,21.9,45.5,23.2,0.323,22,0
0,114.0,84.5,19.8,94.4,29.5,0.183,53,0
2,85.7,82.4,28.8,154.6,29.3,0.151,52,0
3,76.9,72.0,25.7,122.3,25.6,0.158,33,0
0,85.4,79.7,30.3,209.4,25.7,1.193,21,0
4,155.9,76.8,29.9,90.8,28.0,0.135,46,0
4,121.8,88.2,25.0,62.1,22.1,0.282,76,0
0,125.0,78.3,22.9,135.7,28.4,0.157,21,0
2,116.6,82.8,30.9,96.2,33.0,0.089,39,0
0,92.6,81.1,19.8,124.6,20.5,0.147,51,0
5,65.0,84.8,27.6,57.1,33.8,0.882,73,0
0,65.0,74.9,26.2,195.8,23.4,0.444,21,0
0,154.5,89.7,27.4,61.6,27.2,0.879,48,0
1,139.3,90.8,25.2,80.6,32.4,0.167,73,0
5,166.5,81.6,26.2,96.8,26.0,0.404,53,1
2,123.4,74.6,16.6,108.4,30.5,0.085,28,0
5,137.4,75.9,21.9,66.0,22.5,0.346,39,0
1,73.9,80.2,18.6,333.5,30.2,0.622,57,0
5,65.0,81.7,20.1,133.7,31.5,0.295,59,0
4,149.3,75.8,20.6,92.4,24.4,0.422,53,1
2,124.3,80.1,25.7,233.7,28.2,0.432,41,0
3,115.1,81.0,25.8,281.6,28.9,0.248,36,0
2,99.0,94.6,23.6,124.3,26.2,0.08,60,0
2,172.9,70.4,26.1,103.5,24.2,0.78,46,1
1,88.0,85.0,17.4,86.7,25.8,0.33,40,0
1,163.0,67.7,20.2,45.2,26.9,0.181,27,1
0,115.8,73.8,17.3,81.1,27.7,0.702,26,0
2,65.0,78.8,33.3,80.2,29.1,0.297,36,0
1,134.9,77.8,14.1,76.1,28.3,0.221,49,0
3,112.7,69.6,20.5,53.9,25.6,0.255,48,0
4,101.2,79.1,27.1,79.8,25.3,0.557,46,0
3,118.5,77.0,27.0,80.2,30.8,0.107,39,0
1,65.0,74.4,22.9,43.3,28.8,0.12,58,0
4,121.2,79.0,25.0,44.5,28.5,0.368,63,0
1,118.2,77.8,18.7,183.7,26.1,0.323,22,0
2,174.4,73.5,21.1,51.7,21.7,0.602,29,0
2,189.7,78.4,23.5,143.5,26.5,0.113,85,1
6,106.1,76.4,23.7,159.6,28.1,0.276,35,0
6,146.6,87.8,25.9,205.0,23.5,0.683,36,1
1,158.0,81.4,34.9,64.0,43.6,0.83,25,1
1,118.1,80.0,23.4,55.5,32.9,0.253,59,1
2,122.9,88.1,22.0,29.1,27.3,0.08,85,0
2,103.0,77.6,26.8,66.4,30.4,0.363,26,0
4,73.1,81.6,29.9,120.0,28.0,0.566,60,1
1,150.6,67.3,21.1,211.5,26.6,0.149,24,0
4,83.7,78.6,27.1,155.0,36.9,0.107,56,0
1,106.8,82.1,20.9,79.9,28.8,0.291,24,0
0,148.7,70.2,22.9,83.2,22.0,0.234,21,0
4,70.8,85.0,20.4,116.5,28.9,0.096,85,0
3,105.4,91.8,20.0,43.4,28.1,0.365,30,0
0,160.6,63.5,18.8,62.1,27.1,0.12,21,0
1,69.6,83.6,26.2,119.5,29.6,0.244,41,0
4,101.1,70.6,24.7,83.4,26.2,0.998,50,0
0,74.1,82.0,28.0,95.6,18.0,0.364,61,0
1,146.3,78.7,25.2,45.1,30.5,0.335,34,1
3,177.1,75.9,21.3,88.7,24.8,0.212,33,0
2,153.6,81.7,22.2,60.4,26.6,0.088,31,1
3,126.7,74.3,28.8,53.8,26.5,0.166,39,1
2,109.0,93.1,26.1,141.4,30.7,0.105,52,0
1,139.8,80.5,23.3,67.6,31.0,0.248,44,1
2,135.9,76.1,26.9,68.4,24.1,0.581,30,0
4,74.8,83.7,17.4,78.5,30.9,0.501,38,0
0,79.7,70.8,23.5,160.2,23.4,0.885,21,0
2,65.0,79.4,24.4,275.7,36.0,0.135,35,0
2,122.8,77.3,22.4,87.4,21.3,0.854,33,0
2,106.2,84.8,22.8,265.6,30.7,0.135,62,0
2,134.4,79.7,20.2,35.4,28.4,0.386,41,1
1,154.4,72.8,28.6,58.8,31.7,0.478,35,0
0,126.0,89.0,15.0,68.0,25.4,0.491,37,0
1,112.2,76.6,27.5,159.8,36.0,0.258,35,0
0,156.2,67.7,19.5,135.1,25.6,1.224,23,0
2,66.1,77.5,23.7,126.8,33.2,0.243,52,0
0,117.0,75.4,15.5,42.5,18.0,0.734,21,0
1,108.1,84.1,23.6,37.3,26.6,0.237,30,0
2,110.0,79.1,24.7,71.0,34.5,0.524,26,0
2,98.3,82.0,17.4,49.1,28.8,0.491,31,0
1,156.7,72.6,31.2,140.8,42.5,0.111,21,1
6,65.0,84.6,25.7,65.6,38.7,0.155,51,0
3,136.6,80.0,23.0,161.7,19.9,0.201,35,0
1,82.8,82.9,34.1,73.4,44.7,0.4,38,0
2,65.0,80.2,29.7,79.0,32.3,0.1,50,0
3,129.1,86.3,25.3,45.9,30.3,0.08,48,0
5,131.6,83.3,24.1,36.0,19.2,0.132,47,0
3,158.9,80.8,33.0,176.3,33.1,1.622,38,1
6,116.5,80.2,29.4,70.4,33.8,0.284,60,0
2,145.5,74.2,26.3,89.7,25.2,0.483,26,0
2,143.3,74.5,33.8,97.4,35.9,0.162,35,0
1,120.0,65.1,22.1,80.4,20.3,0.184,31,1
1,74.1,80.0,24.9,40.6,27.7,0.953,32,0
0,138.0,85.2,24.6,67.0,35.5,0.416,24,1
0,143.7,83.2,20.8,168.7,23.8,0.252,55,1
2,86.2,74.6,28.2,68.4,25.5,0.607,49,0
7,103.4,80.5,15.7,78.1,24.4,0.335,35,0
3,65.0,79.4,25.0,65.1,25.6,0.163,45,0
2,144.7,75.4,24.8,44.0,27.0,0.363,56,0
1,84.0,79.8,19.4,144.5,25.6,0.289,72,1
1,135.2,70.7,41.8,237.0,41.6,0.08,21,0
2,141.4,72.8,24.4,63.4,24.3,0.312,36,0
2,134.9,77.4,28.8,229.9,26.3,0.16,63,0
1,118.5,88.6,22.2,88.3,22.6,0.733,85,0
4,146.8,78.8,27.2,90.8,20.3,0.477,44,0
0,112.0,79.7,21.7,40.0,30.1,0.338,54,0
1,148.3,80.3,26.2,125.2,36.0,0.395,21,0
3,101.3,76.0,28.4,160.3,38.4,0.15,45,0
4,154.7,67.5,20.1,33.2,31.5,0.493,34,1
2,122.7,84.2,21.8,85.8,27.6,0.77,52,0
1,114.2,77.9,24.5,72.6,35.2,0.867,74,0
0,115.8,76.4,24.6,43.9,27.0,0.205,38,0
13,153.7,69.6,19.2,144.4,34.8,0.08,37,0
6,101.1,73.7,24.5,80.8,24.0,0.175,29,0
2,123.6,75.2,32.5,79.1,36.7,0.246,21,0
4,83.4,75.0,16.6,66.1,26.8,0.187,30,0
0,99.9,80.8,27.1,242.6,34.9,0.412,21,0
3,132.0,72.5,27.7,135.4,37.3,0.203,21,1
4,95.2,74.2,30.6,84.0,28.7,0.108,45,0
0,146.0,78.6,27.1,43.7,27.8,0.735,21,0
2,161.9,86.8,28.2,46.5,35.1,0.261,39,1
4,96.7,93.8,25.8,114.3,31.7,0.08,85,0
1,97.4,82.6,31.5,30.0,34.8,0.267,32,0
0,143.8,72.6,28.9,180.7,32.1,0.177,21,1
4,124.9,89.0,26.3,256.6,29.6,0.409,76,1
0,68.2,75.9,32.2,134.3,32.1,0.244,24,0
5,88.5,81.3,24.6,15.0,28.6,0.342,30,0
0,119.9,78.9,26.0,47.0,21.7,0.767,58,0
1,177.6,77.3,27.4,54.7,30.0,0.225,22,1
2,146.0,81.4,19.9,78.4,25.0,0.148,29,0
1,195.9,80.8,18.2,69.8,23.1,0.181,22,0
2,115.9,75.7,21.8,64.0,26.0,0.343,58,0
0,65.0,85.4,20.9,69.8,21.1,0.08,21,0
2,194.7,79.7,15.9,183.1,18.0,1.077,48,1
1,84.7,74.1,26.0,136.8,31.4,0.193,36,0
2,69.6,76.0,15.0,151.6,24.4,0.706,28,0
3,143.2,80.0,18.5,148.3,29.1,0.26,36,0
2,160.4,70.5,28.6,157.4,26.6,0.339,31,0
4,155.1,70.4,25.5,177.6,33.1,0.128,26,0
0,129.1,68.3,20.3,55.5,24.9,0.281,21,0
1,65.0,67.9,25.1,184.2,20.6,0.569,22,0
5,126.3,73.7,25.7,33.4,32.2,0.564,41,0
2,159.2,76.8,25.4,126.1,18.0,0.701,33,1
3,129.9,85.5,18.1,93.7,28.7,0.77,47,0
2,114.4,74.5,29.5,172.3,28.7,0.579,39,0
0,148.2,69.8,29.5,149.6,31.1,0.359,21,0
5,146.4,83.8,35.3,37.9,40.7,0.117,45,1
2,102.2,77.3,20.4,60.2,25.4,0.165,21,0
0,130.4,71.3,26.5,81.1,30.1,0.334,37,0
1,112.4,80.8,24.1,199.9,31.0,0.35,21,0
0,123.5,83.3,29.5,132.7,28.0,0.453,57,0
8,113.8,77.1,17.7,48.1,23.0,0.301,52,0
4,106.1,77.3,18.5,82.2,19.0,0.563,33,0
2,91.9,82.4,24.7,201.6,23.7,0.346,51,0
1,128.7,66.8,19.6,28.1,19.9,0.568,23,0
4,135.6,68.1,26.0,80.1,20.5,0.449,27,0
4,96.5,89.6,21.8,82.4,27.8,0.711,56,0
0,79.9,71.0,20.4,70.7,20.3,0.2,21,0
2,111.6,82.2,21.6,67.8,30.9,0.275,34,0
0,106.9,90.3,22.3,45.6,21.3,0.64,43,1
1,147.1,68.7,26.1,66.8,32.0,0.323,30,0
4,147.2,73.2,21.7,184.5,22.2,0.259,63,1
2,75.2,79.5,25.1,97.4,31.3,0.345,71,0
4,108.4,81.0,17.5,77.7,28.6,0.804,45,1
1,125.3,73.3,17.7,122.7,30.6,0.473,21,0
1,103.4,81.9,18.6,108.3,25.2,0.574,52,1
3,159.9,91.3,19.8,24.3,24.8,0.217,83,0
4,67.1,73.0,27.4,137.5,37.1,0.576,38,0
4,93.3,71.3,20.8,177.4,22.0,0.195,35,0
1,116.8,78.5,21.4,217.9,23.1,0.08,23,0
3,91.4,78.4,18.9,87.8,18.0,0.72,42,0
2,102.0,67.9,17.3,77.9,23.5,0.257,35,0
3,65.0,78.7,29.3,48.0,19.4,0.615,21,0
3,153.8,79.4,30.4,137.3,36.6,0.08,50,0
0,133.8,78.4,22.3,114.4,31.3,0.203,21,0
4,65.0,91.9,21.3,53.2,24.1,0.514,85,0
4,146.8,74.0,19.2,87.0,31.9,0.08,39,0
3,107.8,71.3,17.2,169.3,18.0,0.185,33,0
1,102.6,86.4,16.0,138.6,21.4,0.244,39,0
3,119.5,71.7,32.9,118.4,31.5,0.112,37,0
7,102.1,73.0,17.5,86.5,21.1,0.739,31,0
1,114.1,70.3,25.8,161.7,23.9,0.455,21,0
1,82.5,80.7,32.9,98.7,32.7,0.537,64,0
1,103.2,80.0,20.6,87.6,29.6,0.088,38,0
1,92.0,79.4,19.9,76.2,20.7,0.213,58,0
1,130.1,78.6,31.7,34.0,25.5,0.358,21,1
6,111.3,71.4,21.7,41.6,24.1,0.162,25,0
2,112.5,73.9,19.5,160.7,23.7,0.252,29,0
0,83.9,76.3,19.2,43.9,24.2,0.225,21,0
1,136.8,93.8,24.7,162.1,34.2,0.088,50,0
2,129.2,85.9,25.3,68.1,23.1,0.126,33,1
4,152.5,78.5,18.1,215.1,34.0,0.93,42,0
2,125.9,82.9,25.8,85.4,32.2,0.892,27,0
3,112.4,85.1,27.3,99.3,32.8,0.373,59,0
4,134.8,79.3,21.4,50.0,30.4,0.532,53,0
2,92.1,81.8,24.2,47.1,30.4,0.08,49,0
1,101.2,78.6,26.0,31.1,28.7,0.504,39,0
5,97.7,78.3,28.0,45.4,24.6,0.278,64,0
3,154.9,77.6,30.8,85.3,36.2,0.704,53,1
0,112.0,86.3,18.8,62.0,25.2,0.181,36,0
4,118.8,76.1,20.5,139.7,26.9,0.691,28,0
2,95.0,75.3,22.4,73.7,31.2,0.897,33,0
2,124.1,87.3,28.4,254.7,30.1,0.304,46,1
0,114.1,67.2,13.9,66.6,20.5,0.111,21,0
3,158.8,70.5,23.9,19.5,26.5,0.347,25,0
3,111.4,80.7,22.5,73.4,26.4,0.08,63,0
4,136.3,76.4,35.6,76.1,34.7,0.224,57,0
4,84.2,83.5,25.7,107.9,30.1,0.173,33,0
3,117.7,87.6,33.4,99.8,37.2,0.109,85,0
3,126.5,80.4,21.0,107.9,27.0,0.379,52,0
3,85.0,86.2,27.7,82.5,27.2,0.165,38,0
0,122.5,78.4,26.6,72.6,27.0,0.206,57,0
1,79.8,84.2,26.6,60.9,30.0,0.08,28,0
3,65.0,74.7,40.8,77.4,42.6,0.144,26,0
0,120.9,68.0,26.7,68.8,28.1,0.804,35,0
2,147.0,75.2,24.0,154.7,22.6,0.575,38,0
2,65.0,82.4,18.2,185.9,29.3,0.506,26,0
3,138.9,90.5,23.2,55.3,23.8,0.944,67,0
3,150.4,74.3,20.6,182.1,24.5,0.597,31,0
0,65.0,75.2,27.9,237.6,28.6,0.549,21,0
1,111.3,87.5,26.3,91.9,37.5,0.243,39,0
3,75.1,79.2,24.9,219.8,25.9,0.141,34,0
6,178.4,79.5,21.1,257.9,29.2,1.133,54,1
3,117.5,74.1,20.6,164.3,27.4,0.461,28,1
1,65.0,80.1,27.6,149.8,31.2,0.277,50,0
2,144.7,80.4,12.4,95.5,18.0,0.2,42,1
1,102.6,91.0,20.3,115.5,25.9,0.316,59,0
1,115.8,75.1,20.8,76.9,26.8,0.08,39,0
4,80.8,76.1,27.3,63.9,28.9,0.098,25,0
2,138.9,78.5,22.0,89.4,31.7,0.432,43,0
1,131.8,74.0,29.2,168.1,35.0,0.186,22,1
0,140.0,75.1,27.2,210.7,28.1,0.538,21,1
1,99.8,72.1,22.7,68.8,36.0,0.151,26,1
3,85.9,87.1,29.6,112.6,31.9,0.314,61,1
2,142.1,85.8,23.0,136.1,33.8,1.916,79,1
0,147.8,71.3,25.4,80.7,29.8,0.688,21,0
2,65.0,78.0,28.5,94.5,29.4,0.414,56,0
4,126.0,92.7,25.4,54.4,35.1,0.539,73,1
3,123.1,81.0,23.9,61.6,29.9,0.557,22,0
2,115.4,76.2,16.2,113.1,30.4,0.08,68,0
1,135.3,79.0,32.3,64.0,22.5,0.153,21,0
4,65.0,74.3,28.5,170.0,27.5,0.439,35,0
1,169.5,73.7,21.3,145.9,25.7,0.409,44,0
0,190.4,86.5,27.5,75.1,32.8,0.08,22,1
4,123.1,86.1,20.3,54.9,30.5,0.187,66,0
7,131.3,75.9,35.2,55.2,31.0,0.211,37,1
1,91.0,85.2,24.3,65.7,26.3,0.352,54,0
0,138.6,80.7,20.2,107.6,25.2,0.08,23,0
1,114.1,93.1,25.0,96.8,29.2,0.57,82,0
4,108.0,82.2,33.4,185.9,34.2,0.541,47,0
3,108.6,80.3,29.9,193.9,22.5,0.896,46,0
4,85.6,84.0,24.1,63.5,24.9,0.131,44,0
1,156.7,79.9,33.7,117.5,38.4,0.329,46,0
3,167.1,86.5,21.2,65.6,21.8,0.098,51,1
2,89.1,79.5,28.0,115.9,33.8,0.524,32,0
1,128.7,78.4,28.4,160.1,18.3,0.08,21,0
1,140.7,71.3,18.6,23.4,24.2,0.215,21,0
4,81.5,77.5,26.1,80.6,32.0,0.689,38,0
1,97.8,92.0,28.4,68.8,24.7,0.159,74,0
2,95.8,71.3,23.8,24.5,25.5,0.665,35,0
3,152.8,84.1,18.7,46.6,18.2,0.432,62,1
2,144.1,65.6,21.2,58.9,22.4,0.253,36,0
3,137.3,80.4,16.5,64.5,19.0,0.898,70,1
2,102.5,73.4,18.4,90.4,20.4,0.409,46,0
7,125.9,76.3,32.0,138.2,31.5,0.144,43,1
4,151.7,82.0,20.4,50.2,20.4,0.479,59,1
1,161.4,83.9,26.4,192.8,29.1,0.307,45,0
9,90.0,80.4,17.4,127.7,26.9,0.448,50,0
1,65.0,73.5,23.0,89.4,21.5,0.21,38,0
3,78.4,80.4,23.8,158.8,21.0,0.348,44,0
1,98.4,81.4,32.5,167.2,30.7,0.278,21,0
0,123.4,78.7,26.9,82.8,31.1,0.838,65,1
3,131.8,82.9,23.2,206.9,34.0,0.228,66,0
0,112.9,66.8,28.9,79.5,26.6,0.08,32,0
2,126.9,76.8,14.7,112.2,24.9,0.374,36,1
0,135.9,72.4,15.5,82.5,18.0,0.273,81,0
0,95.7,79.5,24.2,65.6,27.4,0.08,33,0
3,101.6,76.9,25.0,186.4,19.8,0.427,53,0
2,132.7,75.6,27.3,223.3,24.3,0.971,41,1
1,128.0,79.2,24.4,93.8,25.7,0.402,21,0
4,72.9,79.1,20.5,219.3,21.9,0.18,47,0
1,139.6,71.6,29.1,108.1,35.1,0.617,21,0
3,118.9,82.3,30.1,46.5,41.2,0.378,65,0
1,81.7,80.2,28.5,184.0,35.5,0.172,34,0
2,108.1,78.8,19.9,139.6,35.3,0.5,21,0
3,107.8,80.0,32.6,68.4,30.1,0.834,55,1
1,86.3,74.7,33.0,111.1,32.8,0.56,21,0
1,119.1,77.3,31.5,84.1,31.9,0.283,21,0
0,124.0,89.5,23.0,142.9,25.2,0.409,83,0
0,154.5,84.9,20.2,120.8,34.2,0.57,60,0
5,65.0,71.3,21.3,77.6,24.4,0.436,39,0
3,119.0,76.0,27.8,153.5,34.0,0.263,47,0
1,100.2,75.5,21.4,41.6,32.3,0.313,24,0
2,104.0,75.8,22.2,47.6,26.5,0.447,41,0
0,180.4,81.9,23.8,66.2,21.2,0.377,22,0
1,148.1,74.3,24.1,92.6,31.9,0.948,21,0
5,152.1,73.3,16.4,151.8,22.4,0.08,56,1
5,123.7,87.9,24.3,34.3,29.9,0.441,30,0
6,119.0,71.0,22.2,120.8,29.4,0.763,28,1
4,78.1,76.3,18.7,43.3,28.3,0.103,45,0
3,169.8,76.0,20.8,113.5,28.9,0.531,28,1
2,84.3,79.8,20.9,141.1,26.1,0.487,34,0
2,128.6,86.8,21.0,88.4,22.7,0.12,77,0
0,102.6,77.4,26.7,59.9,30.5,0.139,21,0
4,104.0,82.8,32.5,100.7,38.5,0.264,71,1
1,69.2,90.2,25.0,76.8,33.1,0.111,85,0
2,124.1,76.8,22.5,82.2,31.3,0.374,21,0
2,65.0,75.0,27.2,82.0,25.0,0.29,21,0
1,65.0,79.7,36.4,63.0,42.9,0.559,49,0
1,96.8,78.0,22.8,120.0,30.5,0.286,21,0
5,128.9,84.4,24.0,138.0,29.3,0.132,40,0
2,77.9,85.2,19.7,107.6,31.9,0.992,26,0
2,65.0,79.3,17.9,74.9,22.0,0.165,66,0
3,173.6,81.4,27.5,117.9,28.8,0.102,32,1
4,180.2,75.9,29.0,25.6,32.2,0.312,43,1
3,136.4,83.8,25.5,84.2,28.0,0.882,52,0
4,102.6,90.2,18.8,220.3,19.1,0.207,47,0
3,131.5,74.2,21.9,137.4,31.7,1.077,38,0
3,135.8,81.6,26.8,95.5,26.1,0.325,53,0
1,132.9,74.8,29.1,119.4,34.3,0.161,21,0
1,138.8,78.4,25.5,172.3,27.3,0.62,60,0
4,133.3,78.0,21.6,63.5,22.9,0.122,33,0
4,103.8,73.1,20.7,79.0,28.6,0.316,50,0
1,116.8,76.4,23.7,80.5,28.2,0.1,37,0
1,139.8,77.3,27.4,59.3,32.8,0.16,28,1
1,128.4,80.9,27.6,168.5,30.1,0.685,36,1
1,143.6,75.3,21.0,189.7,23.5,0.188,43,0
2,87.4,78.6,27.5,59.4,30.6,0.118,46,0
5,124.8,87.9,24.0,181.5,32.5,0.813,43,1
1,89.1,69.1,23.2,79.5,23.2,0.301,27,0
0,117.3,77.4,22.4,69.2,28.6,0.301,23,0
3,93.4,75.3,10.4,96.1,21.6,0.333,24,0
2,105.5,80.2,28.0,52.6,35.5,0.564,34,0
0,144.4,80.3,32.0,98.2,33.1,0.34,50,1
2,133.1,71.8,20.3,97.0,25.1,0.443,51,1
3,83.2,81.9,16.9,188.5,24.7,0.349,29,0
4,99.8,73.6,28.1,53.4,27.3,0.181,38,0
2,141.5,71.6,28.8,48.1,27.2,0.357,21,1
3,174.6,70.9,22.7,95.7,26.4,0.25,32,0
3,142.1,80.0,21.7,88.3,27.3,0.447,29,0
3,94.1,71.3,18.4,123.5,21.7,0.483,26,0
2,109.7,84.3,17.9,94.0,21.5,0.406,40,0
1,125.9,83.6,18.0,137.3,21.7,0.219,78,0
2,125.7,81.1,28.4,114.6,28.7,0.211,39,0
2,121.3,82.7,29.8,251.2,33.4,0.217,62,1
1,86.7,85.6,23.0,126.7,39.5,0.283,56,0
2,100.9,80.9,31.7,86.5,36.3,0.778,30,0
2,123.1,77.7,17.6,83.1,23.1,0.505,53,0
3,101.7,83.5,25.9,90.7,34.1,0.316,80,1
0,146.5,72.3,25.7,154.3,28.3,0.287,21,0
2,65.0,74.5,24.4,82.3,30.6,0.594,56,0
1,155.7,74.4,35.7,86.4,36.4,0.229,37,1
2,182.1,66.5,36.6,101.5,34.6,0.664,27,1
2,127.0,81.9,19.6,172.4,24.2,0.08,45,0
2,91.1,83.1,25.3,79.0,25.8,0.687,46,0
3,166.1,87.8,22.6,81.8,27.0,0.719,85,1
2,104.9,72.4,20.1,108.3,28.5,0.08,28,0
1,90.1,76.9,21.4,82.0,29.8,0.539,39,0
1,125.0,80.9,33.6,79.9,35.9,0.142,39,1
4,152.4,74.5,20.6,127.1,26.9,0.631,28,0
2,177.2,76.3,23.4,149.9,25.5,0.203,24,0
3,95.9,81.3,25.0,172.4,28.5,0.127,31,0
4,119.1,79.4,18.9,86.9,24.4,0.095,36,0
0,118.4,86.5,27.7,69.4,35.9,0.342,23,0
1,100.1,79.6,21.9,137.2,21.4,0.08,57,0
1,123.1,82.2,19.2,107.3,18.0,0.514,48,0
1,132.9,71.1,22.7,151.2,22.8,0.493,21,0
5,125.2,73.5,19.2,39.0,18.0,0.624,31,0
3,85.0,82.7,24.7,136.8,29.4,0.312,40,0
2,117.3,80.9,19.7,204.6,20.5,0.16,52,1
3,78.9,83.3,32.5,145.3,39.0,0.091,36,0
2,65.0,80.5,26.3,130.8,28.7,0.092,51,0
2,114.3,69.6,19.6,127.4,25.8,0.085,44,0
4,129.5,71.9,21.2,30.7,20.8,0.543,53,1
4,115.9,75.6,27.2,170.2,28.6,0.602,26,1
1,105.2,78.1,26.0,64.9,37.2,1.214,48,1
2,124.9,71.5,20.8,52.7,18.0,0.23,37,0
6,169.9,74.6,24.5,130.3,31.9,0.732,61,1
4,122.3,74.5,23.4,84.2,22.9,0.76,26,0
3,185.1,76.5,29.3,38.9,33.8,0.108,44,1
2,109.6,75.6,26.7,74.2,23.2,0.225,39,0
3,111.4,82.2,23.3,74.1,35.9,1.273,35,0
2,123.2,78.5,26.5,78.8,30.8,0.307,32,0
4,65.0,85.2,25.1,30.8,21.9,0.19,33,0
2,119.6,83.6,14.9,131.0,22.3,0.343,76,1
2,82.9,70.9,25.0,70.2,26.3,0.666,35,0
3,138.1,77.8,22.6,65.9,21.7,0.63,73,0
2,96.5,79.4,23.5,52.7,18.7,0.536,35,0
0,94.3,85.2,25.5,158.1,34.3,0.182,41,0
0,119.6,74.5,19.3,72.0,18.0,0.625,38,0
2,93.2,89.8,33.7,30.9,36.4,0.207,75,0
1,91.6,80.6,25.3,25.8,25.2,0.893,55,0
3,113.3,70.7,21.6,45.5,30.0,0.183,30,0
3,160.2,85.6,30.2,166.7,40.2,0.288,21,0
0,108.7,75.6,26.1,162.4,31.3,0.466,31,0
1,186.1,77.1,20.9,83.2,23.9,0.34,66,1
1,153.6,76.3,23.0,53.7,37.3,0.099,21,0
2,103.8,72.2,23.9,176.7,18.0,0.671,21,0
2,126.6,78.7,26.9,98.4,28.7,0.233,28,0
0,126.0,79.7,27.9,57.9,34.6,0.196,23,0
0,111.4,75.6,18.1,111.2,24.9,0.193,25,0
0,124.6,77.4,18.5,131.3,21.8,0.095,21,0
3,83.3,74.5,20.5,201.6,20.7,0.291,41,0
0,155.4,76.9,28.8,114.1,27.0,0.959,45,1
3,117.3,69.0,25.9,65.9,18.0,0.442,34,0
1,146.2,66.7,19.4,70.0,18.0,0.452,21,0
2,98.9,63.4,21.0,158.8,23.9,0.486,28,1
4,177.6,72.1,20.1,72.0,25.0,0.239,44,0
3,107.6,82.0,29.6,40.8,29.3,0.486,47,1
1,89.6,78.0,20.7,96.6,25.7,0.109,21,0
3,65.0,81.1,19.6,114.2,23.7,0.322,38,0
3,120.2,78.6,25.3,222.2,34.4,0.231,27,0
0,139.3,78.1,20.3,80.2,29.5,0.634,37,1
1,142.8,89.0,24.6,79.5,37.7,0.237,21,0
0,116.2,80.4,20.0,36.4,27.4,1.004,21,0
3,82.1,78.7,19.5,79.6,18.5,0.808,34,0
2,166.7,82.5,22.4,122.3,23.7,0.202,35,0
0,106.8,68.6,26.5,122.5,20.9,0.328,24,0
1,65.0,84.9,24.1,143.6,28.2,0.3,70,0
5,110.2,66.8,14.8,77.0,28.4,0.582,26,0
1,65.0,83.9,19.9,202.7,20.7,1.097,26,0
3,65.0,76.2,23.9,95.5,26.2,0.08,38,0
5,99.3,75.3,21.2,249.1,29.9,0.107,36,0
1,79.9,73.3,20.4,186.1,22.0,0.358,26,0
3,95.3,89.2,37.8,105.7,45.3,0.224,45,0
3,111.2,73.0,23.7,29.3,24.7,0.188,45,0
2,75.5,75.6,19.8,90.0,26.4,0.217,38,0
4,132.7,71.3,21.6,145.0,23.8,0.747,41,0
2,82.0,76.5,18.5,140.9,19.8,0.122,37,0
3,98.5,76.9,24.6,82.6,23.2,0.632,36,0
0,126.4,77.1,23.2,66.0,24.5,0.41,21,0
3,167.3,79.3,20.3,36.1,29.6,0.143,39,1
2,97.0,77.7,23.1,57.1,28.0,0.487,55,0
4,97.1,79.1,23.4,38.7,20.8,0.298,41,0
2,139.8,75.1,18.3,86.7,30.0,0.48,32,1
2,113.5,86.1,25.9,73.5,27.9,0.472,54,0
0,115.2,85.3,23.6,45.0,34.2,0.593,41,1
2,123.3,78.0,31.8,70.9,38.6,0.147,26,1
1,93.0,82.9,21.4,382.9,31.1,0.576,54,1
3,120.7,67.4,20.3,44.1,31.3,0.08,30,0
1,182.6,75.4,23.6,61.0,23.3,0.306,22,0
5,110.6,77.7,23.4,75.6,26.7,0.396,25,0
1,181.3,75.6,26.5,92.1,18.0,0.182,28,0
1,66.1,71.8,24.0,129.0,24.9,0.25,21,0
1,106.8,84.2,25.5,76.1,30.3,0.096,64,1
0,114.7,70.0,27.9,124.8,36.3,0.167,21,0
3,70.2,79.5,28.0,64.7,26.1,0.179,47,0
5,105.4,67.9,27.5,136.9,25.9,0.97,42,0
3,91.8,82.5,21.5,42.2,25.2,0.463,41,0
4,91.5,76.7,24.8,222.1,22.5,0.127,45,0
2,116.6,72.6,11.6,52.5,22.2,0.549,34,0
3,166.8,79.1,20.2,137.9,22.7,0.158,47,1
5,134.7,77.1,35.3,48.8,34.4,0.608,35,0
1,141.6,80.5,20.3,58.7,26.4,0.819,31,0
1,124.3,71.2,22.4,70.2,21.3,0.441,21,0
6,85.8,77.5,16.2,37.3,21.8,0.231,43,1
2,109.4,76.1,14.1,147.6,18.0,0.285,43,0
1,115.8,76.8,15.9,57.8,25.5,0.362,37,0
2,107.3,81.7,18.0,170.6,23.9,0.42,52,0
0,105.7,84.8,23.3,122.0,28.4,0.199,60,0
4,132.2,70.7,22.1,103.2,31.6,0.123,29,0
4,146.0,72.3,16.6,23.2,23.1,0.668,48,0
1,159.0,80.2,17.4,96.1,26.2,0.131,21,0
3,112.6,71.6,27.1,85.8,33.3,0.501,38,0
3,158.1,80.8,22.7,97.5,23.7,0.185,34,1
4,111.5,79.6,17.4,116.1,20.6,0.333,52,1
4,119.0,73.7,25.0,135.6,29.8,0.726,30,1
0,128.1,79.4,24.2,129.5,33.8,0.112,61,0
1,145.9,69.6,22.2,108.8,33.5,0.331,33,1
2,178.3,62.7,26.7,106.0,23.6,0.08,21,1
1,74.4,75.2,21.6,52.5,21.5,0.803,21,0
6,106.5,79.7,21.8,56.5,26.1,0.323,50,0
1,132.5,75.6,23.5,62.1,27.6,0.551,21,0
1,79.8,78.3,24.6,217.9,27.4,0.258,45,0
4,66.1,70.9,18.9,124.2,24.3,0.417,50,0
4,109.1,78.1,25.4,91.6,34.0,0.319,26,0
5,84.0,83.5,31.2,41.6,34.8,0.145,42,0
1,133.9,79.3,22.0,137.4,20.0,0.378,70,0
3,92.9,71.0,21.7,53.0,22.2,0.142,34,0
1,131.7,74.2,21.4,58.7,26.2,0.107,21,0
4,162.2,85.6,25.3,92.0,26.9,0.08,28,0
2,177.6,77.8,31.7,71.0,30.2,0.222,74,0
2,125.0,82.9,18.9,45.9,25.4,0.644,51,1
1,91.1,74.7,20.3,118.2,26.3,0.377,21,0
3,158.9,68.9,19.3,125.8,18.0,0.456,59,0
2,123.3,89.7,28.5,121.0,34.2,0.27,61,0
1,123.6,76.7,20.9,42.8,18.0,0.291,30,0
1,131.9,75.2,15.2,99.6,18.0,0.257,21,0
4,81.0,71.9,16.3,50.5,18.7,0.38,57,0
0,76.3,83.2,27.4,130.1,22.7,0.374,78,0
2,140.4,73.9,17.6,117.5,33.1,0.687,26,0
2,101.9,76.2,29.4,53.4,33.1,0.637,50,0
2,133.7,81.3,19.5,98.4,24.5,0.083,26,1
2,114.3,69.6,13.9,78.8,19.2,0.175,26,0
4,150.2,74.2,25.2,87.8,29.4,0.804,42,1
3,168.0,83.2,27.1,29.6,25.6,0.352,25,1
3,121.3,77.1,30.3,105.8,32.1,0.202,36,1
0,143.0,78.5,13.4,159.6,20.6,0.197,62,1
1,114.8,78.5,19.8,50.1,25.8,0.368,21,0
2,157.3,90.1,21.6,199.7,31.4,0.152,53,0
3,67.1,73.7,27.8,93.6,32.7,0.904,40,0
4,134.6,88.0,26.6,40.9,35.2,0.246,45,1
2,103.1,78.3,30.7,91.2,35.3,0.095,38,0
5,135.2,79.5,25.8,83.3,26.6,0.227,65,1
1,111.7,82.4,25.2,85.0,32.7,0.269,44,0
4,128.4,75.9,25.7,63.5,33.0,0.155,31,0
4,103.8,85.5,20.2,100.2,20.7,0.828,40,1
4,65.0,78.3,27.5,116.6,30.8,0.755,31,0
0,154.3,74.0,20.7,183.8,26.3,0.316,27,0
3,65.0,76.9,26.7,304.8,31.0,1.075,59,0
2,81.7,74.8,20.9,74.8,30.2,0.335,31,0
0,130.2,82.7,30.4,56.0,33.3,0.08,21,1
4,130.5,75.8,29.7,147.9,31.0,0.556,45,0
2,146.9,77.3,24.5,71.1,25.9,0.091,31,0
4,129.5,86.7,21.0,39.2,28.6,1.312,71,1
4,153.5,82.0,22.8,100.7,22.9,0.137,48,1
4,140.7,86.2,30.1,62.7,34.6,0.342,69,1
1,65.0,81.2,24.2,43.4,32.5,0.651,52,0
1,120.1,90.6,17.1,145.7,20.5,0.441,60,0
3,96.4,73.6,25.0,40.2,29.4,0.214,44,0
0,172.0,73.6,33.6,235.2,35.8,0.908,54,1
1,95.0,77.0,27.6,226.3,31.6,0.08,25,0
0,140.7,81.5,24.8,54.8,30.0,0.709,52,0
1,68.0,60.6,37.0,96.9,31.1,0.304,21,0
1,110.0,70.3,26.4,113.3,28.3,0.189,36,0
4,118.7,70.8,15.2,116.7,23.5,0.739,28,0
2,65.2,74.6,22.5,96.0,25.3,0.559,42,0
2,104.9,78.1,23.0,53.4,23.7,0.508,30,0
0,130.2,78.1,31.1,188.3,29.7,0.69,21,0
1,147.4,77.9,23.1,81.4,34.5,0.207,21,0
0,143.8,74.9,26.2,107.4,33.6,0.438,21,0
1,119.2,82.0,20.3,92.9,21.2,0.35,42,0
1,129.4,80.1,22.4,107.2,22.8,0.245,43,0
2,79.6,73.9,22.7,228.8,24.3,0.696,30,0
2,65.0,69.7,16.0,74.7,28.6,0.988,46,0
2,114.9,73.2,16.8,89.1,22.6,0.188,35,0
1,72.3,79.0,27.9,131.9,32.3,0.658,44,0
4,65.0,69.6,21.6,80.2,20.5,0.08,37,0
4,105.6,76.1,27.6,167.9,31.9,0.649,53,1
0,104.9,75.4,29.3,188.1,30.6,0.24,25,0
0,89.1,68.8,25.8,82.8,20.5,0.378,21,0
2,126.9,70.2,23.1,96.0,27.0,0.56,35,0
4,131.8,78.1,31.0,147.5,24.8,0.296,39,1
0,128.5,75.3,22.9,129.4,21.6,0.164,22,0
0,107.2,78.7,22.5,152.5,31.1,0.288,24,0
2,101.2,70.9,27.0,45.5,29.0,0.215,48,0
2,75.8,77.8,20.9,94.2,23.4,0.32,48,0
4,112.1,79.1,28.8,102.4,37.0,0.499,34,1
1,138.3,68.9,19.3,109.4,26.0,0.518,21,0
4,110.4,71.0,19.3,55.2,22.7,0.215,47,0
2,118.5,77.4,23.6,43.2,28.4,0.091,39,0
1,122.5,78.1,39.7,44.0,36.3,0.226,29,1
2,110.7,80.9,21.0,122.1,21.4,0.553,56,0
0,93.2,83.9,20.4,39.4,28.2,0.375,21,0
0,114.2,75.4,23.0,101.4,26.4,0.132,36,0
1,123.6,83.1,23.7,222.2,29.2,0.225,47,0
1,132.7,72.9,19.0,88.8,22.5,0.538,21,0
0,183.0,75.1,26.0,58.7,29.9,0.814,21,1
3,118.4,82.6,27.3,55.0,29.3,0.725,74,1
2,129.2,83.4,20.7,112.6,32.0,0.389,48,1
2,92.5,97.6,26.3,35.6,29.9,0.918,66,0
0,118.2,80.3,31.3,28.8,32.5,0.584,54,1
5,82.4,76.9,20.6,101.0,29.8,0.406,43,0
2,70.4,94.1,26.6,50.7,32.7,0.364,78,0
4,81.0,83.2,20.8,149.4,31.6,0.187,41,1
7,115.4,86.0,27.0,127.4,30.1,0.381,35,0
3,65.0,77.9,26.5,84.3,30.7,0.126,54,0
4,123.3,73.0,23.9,132.2,29.4,0.613,56,1
1,116.8,84.7,20.0,165.3,23.8,0.08,45,0
2,73.2,79.6,18.2,56.4,28.1,0.356,29,0
3,104.2,75.9,16.7,69.9,24.5,1.036,54,1
3,104.7,79.9,18.8,101.6,30.4,0.236,28,1
5,139.1,74.4,22.4,76.6,18.0,0.358,38,0
0,89.1,79.4,20.7,105.3,25.8,0.323,24,0
3,156.5,70.2,19.0,115.2,20.8,0.983,25,0
0,105.0,79.3,26.7,40.6,27.4,0.885,21,0
2,103.4,69.6,27.7,152.4,22.5,0.101,34,0
3,65.0,83.4,38.1,135.4,36.9,0.59,43,0
7,65.0,91.9,17.3,91.0,21.1,1.032,77,0
5,101.0,72.8,26.6,26.9,25.2,0.784,27,0
4,65.0,82.1,22.2,42.3,35.9,0.57,38,0
4,78.8,84.8,30.3,73.3,33.8,0.431,35,0
3,105.5,73.7,26.4,136.8,33.7,0.432,44,0
4,150.6,76.8,24.4,41.2,18.6,0.158,32,0
2,106.5,82.3,20.7,114.9,26.3,1.428,48,0
1,104.8,70.8,18.0,180.3,22.1,0.289,23,0
2,96.3,78.2,26.5,222.6,29.9,0.17,37,1
2,123.1,77.2,24.3,82.0,31.4,0.358,43,0
2,191.4,77.1,24.3,97.7,34.3,0.091,58,1
5,131.2,76.3,29.3,54.9,27.8,0.149,49,0
3,76.9,72.5,21.0,40.2,24.1,0.83,36,0
5,123.1,79.0,16.7,85.2,23.7,0.155,25,0
5,89.1,89.4,20.0,158.4,27.5,0.185,81,0
3,143.3,73.5,22.4,53.1,29.9,0.245,26,0
1,111.7,85.4,29.0,176.8,31.4,0.887,21,0
0,127.7,74.3,27.5,90.9,28.9,0.32,28,0
2,145.2,65.5,24.1,86.3,21.1,0.202,21,0
2,178.6,85.3,29.9,78.2,28.3,0.244,43,0
4,93.6,75.0,30.1,51.0,29.4,0.665,36,0
3,65.0,72.8,24.4,56.8,18.0,0.163,33,0
0,65.0,78.4,23.1,59.1,28.6,0.418,35,0
1,102.3,76.6,26.1,304.0,27.4,0.36,29,0
1,131.1,64.3,24.6,41.2,31.6,0.303,21,0
7,109.3,86.2,22.8,91.8,23.3,0.61,54,0
1,114.2,81.8,23.0,144.5,27.0,0.475,30,0
0,73.6,70.0,20.0,57.5,25.8,0.204,21,0
0,121.0,82.4,22.1,101.4,28.3,0.363,21,0
4,124.1,73.8,18.0,271.3,22.6,1.092,63,0
2,65.0,69.8,29.8,73.1,32.1,0.521,31,0
1,178.5,81.2,19.8,104.8,19.5,0.08,31,0
3,140.7,80.4,17.7,62.2,29.9,0.463,45,0
3,123.0,79.4,25.1,213.8,41.7,0.71,29,0
0,184.5,79.7,21.8,238.2,26.4,0.225,21,0
2,98.8,74.5,29.8,38.6,34.0,0.465,27,0
2,124.2,78.8,20.5,90.1,25.1,0.686,41,0
2,66.4,75.6,27.7,60.1,36.0,0.309,27,0
1,170.5,71.5,22.6,192.0,26.5,0.375,24,1
1,136.3,85.4,26.2,216.6,28.1,0.143,22,0
6,92.6,78.0,33.4,81.8,28.1,0.102,43,0
2,95.0,81.0,24.2,103.4,20.7,0.123,40,0
1,146.0,82.4,16.0,123.1,30.6,0.506,45,0
3,164.6,78.4,27.9,51.4,27.2,0.171,33,0
4,97.0,73.2,25.2,215.6,26.6,0.507,30,0
3,140.3,73.8,14.9,79.7,18.0,0.582,25,0
2,85.6,81.5,28.6,318.7,36.6,0.147,31,0
1,134.2,81.6,32.6,47.8,40.0,0.674,21,1
2,116.2,80.4,16.3,121.3,18.0,0.193,41,0
0,65.0,74.3,20.1,67.4,28.2,0.206,30,0
2,98.4,73.1,26.1,70.3,28.3,0.138,57,0
2,141.7,75.2,28.7,56.1,37.3,0.08,35,0
2,130.2,66.0,17.9,158.6,23.6,0.485,21,0
1,76.1,79.1,34.2,350.8,35.4,0.306,39,0
6,81.2,85.5,22.4,58.2,22.9,0.08,82,0
1,65.0,83.2,24.6,99.1,27.1,1.092,43,0
1,88.7,78.8,25.8,104.5,33.2,0.545,51,0
2,120.8,86.4,20.6,80.1,30.3,0.14,60,0
0,138.9,77.7,26.2,86.9,27.8,0.625,24,0
2,65.0,77.4,18.2,64.6,29.2,0.166,34,0
2,119.3,70.7,30.0,67.4,33.6,0.131,24,0
1,79.3,82.5,29.3,76.4,26.9,1.005,48,0
1,115.1,80.8,21.0,101.7,29.4,1.014,25,0
2,173.4,72.5,29.4,361.1,34.5,0.476,33,1
0,76.1,80.0,20.0,50.8,28.0,0.389,50,0
5,115.5,75.8,26.0,36.1,25.0,0.234,48,0
7,65.0,71.7,26.2,98.6,31.4,0.115,39,0
1,132.4,89.1,26.6,135.5,34.2,0.308,60,0
4,100.3,78.3,28.8,64.2,34.1,0.467,50,0
1,152.6,80.7,25.0,175.9,31.3,0.369,27,0
0,108.6,74.4,23.9,189.0,36.2,0.08,21,0
0,131.8,80.0,27.5,61.3,28.5,0.844,23,1
2,176.3,81.8,23.1,74.3,25.0,0.095,51,1
2,135.0,83.6,20.4,86.1,19.9,0.463,43,1
1,137.0,81.0,19.2,67.9,22.1,0.912,60,0
1,153.5,77.3,26.4,183.5,30.1,0.2,45,0
1,127.1,83.9,23.2,339.1,30.1,0.372,50,0
6,90.8,74.0,26.8,55.4,35.5,0.373,41,0
0,65.0,89.8,23.8,92.6,31.1,0.374,27,0
2,95.1,69.2,24.8,65.1,29.8,0.152,26,0
0,135.8,67.2,21.9,62.4,24.4,0.687,23,0
6,101.3,74.1,28.6,90.2,34.0,0.128,27,1
1,109.0,85.1,32.9,221.8,40.8,0.655,61,1
1,107.8,76.1,26.2,64.7,25.8,0.309,47,0
3,97.5,80.4,22.4,118.4,23.4,1.367,33,0
0,136.2,79.4,19.3,84.7,23.8,0.182,43,0
2,133.0,79.5,21.2,74.2,36.6,0.115,43,1
3,111.2,79.9,24.0,32.3,31.7,0.34,63,0
3,137.6,71.0,24.7,125.3,28.0,0.165,32,1
3,116.6,71.3,19.8,68.1,30.6,0.12,40,0
2,119.4,72.6,17.3,95.2,18.7,0.795,50,0
1,103.7,81.7,31.8,44.5,37.0,0.385,27,0
2,101.7,79.8,26.2,43.6,31.4,0.62,65,0
4,99.8,83.3,25.2,32.7,32.2,0.128,49,0
2,110.7,85.7,20.6,136.3,25.0,0.083,23,0
3,131.6,86.9,21.1,163.8,20.9,0.433,75,1
4,98.7,74.7,24.5,147.8,28.6,0.248,60,0
2,116.5,78.2,26.3,42.0,30.4,0.173,47,1
0,151.2,74.3,22.8,84.0,28.4,0.501,21,0
2,149.9,78.9,26.4,87.5,32.5,0.102,29,0
1,82.2,79.0,22.6,92.0,22.7,0.246,39,0
1,191.3,80.9,19.0,128.8,22.7,0.297,40,0
3,135.3,78.3,14.9,132.6,23.1,0.094,37,0
1,99.3,74.0,20.7,152.4,21.4,0.146,21,0
3,65.0,75.4,24.8,51.0,25.2,0.62,33,0
2,143.0,70.2,17.1,158.5,25.6,0.166,34,0
1,128.4,76.8,23.8,69.3,28.4,0.461,21,0
4,85.4,82.7,21.1,93.0,32.4,0.243,46,0
1,118.5,81.3,15.6,148.2,29.5,0.273,69,0
4,70.2,72.3,33.9,30.0,19.6,0.193,35,0
1,71.2,76.9,26.9,82.9,31.9,0.398,47,0
0,105.5,67.2,21.3,90.1,21.4,0.356,24,0
3,107.9,72.9,24.1,107.0,18.0,0.726,42,1
4,162.8,91.6,28.7,71.7,32.0,0.706,43,1
2,115.1,85.7,31.9,61.5,33.1,0.08,57,0
1,100.4,91.8,36.1,64.3,35.0,0.288,62,0
4,91.5,80.9,19.5,254.9,29.0,0.155,47,1
5,123.6,78.6,31.8,160.7,35.6,0.427,27,1
1,65.0,77.9,12.9,135.9,18.6,0.374,27,0
1,118.6,84.8,19.5,86.0,25.5,0.08,61,0
1,170.3,77.7,29.2,64.4,32.5,0.47,21,1
1,147.1,72.2,24.5,162.8,27.5,0.08,21,1
3,182.3,83.0,21.9,139.7,30.3,0.297,29,1
2,92.7,72.9,23.0,62.7,30.1,0.23,45,0
5,129.7,82.2,28.9,123.9,32.4,0.219,68,0
5,109.7,85.3,25.9,82.6,38.1,0.171,70,0
0,154.0,64.6,22.1,69.2,30.2,0.095,21,0
1,111.9,74.3,24.6,172.2,30.9,0.518,42,0
2,149.2,75.3,33.3,49.6,22.5,0.316,36,0
1,83.8,76.4,21.2,245.6,25.1,0.28,25,0
1,110.3,81.3,26.2,145.1,28.4,0.508,21,0
1,105.2,72.5,20.7,53.4,26.6,0.35,36,1
1,154.1,65.5,20.7,278.5,21.1,1.018,21,0
1,83.2,82.4,30.7,90.1,33.0,0.449,44,0
2,100.0,83.9,20.2,126.3,24.7,0.222,37,0
1,108.8,68.9,27.4,68.7,27.4,0.136,21,0
1,65.0,73.0,22.5,125.6,20.6,0.165,33,0
0,105.3,81.1,20.7,115.8,31.2,0.561,21,0
4,117.7,77.1,24.0,77.3,26.3,0.269,41,0
1,164.9,84.5,24.6,240.9,30.8,0.414,48,0
4,104.7,82.0,23.0,110.5,18.0,0.257,31,0
0,110.6,83.2,19.3,131.2,23.3,0.502,60,1
4,96.8,77.2,28.9,66.6,32.3,0.486,41,0
4,99.4,81.2,36.7,79.3,27.2,0.42,37,0
0,105.2,88.4,37.3,80.3,39.3,0.15,37,0
3,111.8,78.0,18.6,55.9,29.2,0.123,33,0
4,125.3,83.1,25.0,49.0,32.4,0.107,33,0
0,134.3,77.4,26.3,70.4,31.3,0.285,21,0
3,102.4,83.0,21.0,126.3,23.7,0.188,66,0
1,121.6,75.9,19.9,211.7,26.0,0.112,33,0
1,100.4,86.2,22.3,43.5,31.2,0.522,70,0
0,91.5,80.5,27.6,254.9,29.9,0.14,48,0
4,153.5,76.1,17.8,89.5,18.0,0.429,35,1
2,115.0,76.7,28.8,106.7,33.0,0.45,39,0
2,97.0,71.8,19.5,81.1,28.3,1.127,48,0
5,123.4,84.5,17.5,74.0,18.0,0.106,54,0
3,149.8,69.4,25.6,346.2,24.1,0.226,37,0
2,96.7,76.5,29.6,89.9,31.2,0.487,52,1
0,126.8,73.8,20.2,177.5,24.1,0.161,48,0
2,132.7,75.7,25.7,427.9,24.5,0.481,49,1
0,120.4,90.1,27.3,85.7,31.6,0.505,53,0
0,114.8,79.5,18.5,243.5,23.7,0.255,28,0
2,173.1,82.0,28.1,48.8,31.2,0.326,63,1
3,104.1,85.2,21.8,52.0,20.8,0.406,43,0
0,113.0,86.5,27.2,64.2,31.9,0.211,54,0
5,101.7,82.3,27.5,129.4,33.8,0.188,37,0
4,127.3,82.5,24.5,38.2,28.4,0.619,41,0
3,65.0,86.6,19.9,48.4,27.5,0.242,28,0
1,149.8,75.4,22.7,90.7,21.7,0.132,22,0
4,72.9,83.0,22.4,84.9,32.7,0.117,34,0
3,128.8,92.4,24.2,131.6,28.2,0.161,49,1
0,96.3,82.2,22.9,28.9,33.8,0.739,29,1
2,166.6,79.5,27.6,50.8,30.6,0.521,21,1
0,124.4,73.0,32.2,102.2,35.3,0.297,58,1
0,65.0,80.0,24.4,133.1,32.3,0.204,21,0
2,107.7,79.0,34.1,191.1,32.8,0.104,42,1
3,128.9,84.5,29.7,64.7,29.1,0.642,74,0
3,105.5,89.7,24.1,161.1,25.7,0.242,85,0
4,82.4,82.0,23.8,54.4,27.3,1.19,35,0
3,65.0,88.0,23.1,76.2,25.3,0.167,59,0
2,176.9,81.7,28.9,82.2,30.5,0.27,42,1
1,200.1,82.1,21.1,54.2,19.1,0.11,24,0
2,81.7,81.3,27.1,109.8,29.4,0.08,33,0
1,122.9,85.6,26.1,73.7,28.6,0.733,30,0
2,100.0,84.0,26.8,90.2,28.4,0.08,58,0
3,147.1,84.2,24.2,213.7,23.2,0.25,72,1
3,105.7,82.3,15.7,97.7,20.4,0.235,31,0
0,105.2,75.3,23.0,66.3,23.3,0.099,21,0
3,72.6,73.2,21.0,78.4,27.2,0.468,40,0
2,90.7,73.4,22.8,109.3,27.0,0.349,25,0
2,143.1,76.4,19.3,147.6,26.5,0.822,22,0
2,134.1,79.0,21.4,63.9,27.4,0.236,27,0
3,110.8,72.1,19.5,83.7,22.6,0.08,26,0
3,158.8,73.7,19.5,135.3,28.6,0.536,44,0
2,74.5,72.5,14.0,108.3,18.0,0.311,49,0
2,78.4,78.0,25.1,85.0,33.9,0.149,42,0
3,109.6,73.9,25.6,152.4,25.7,0.107,25,0
5,146.8,74.8,26.3,252.8,35.6,0.495,25,1
5,167.2,73.8,23.5,172.5,26.6,0.337,36,1
2,65.0,89.7,26.5,142.3,29.8,0.309,32,0
3,94.0,70.4,27.1,77.8,36.9,1.192,38,0
1,155.6,79.4,28.8,156.3,29.2,0.974,44,0
2,71.9,80.6,18.6,32.3,23.7,0.313,36,0
1,65.0,83.8,23.4,46.1,32.8,0.941,47,0
3,105.8,80.2,21.7,52.5,29.2,0.516,41,0
4,152.4,83.8,24.5,200.0,21.2,0.255,48,0
0,121.4,78.7,13.0,147.9,19.8,0.937,22,0
2,154.7,84.1,22.3,211.0,23.3,0.177,21,0
2,168.8,86.2,25.3,80.7,35.9,0.627,24,1
3,153.8,70.9,24.4,54.1,28.3,0.163,56,0
2,161.3,79.2,26.2,30.9,27.2,0.399,41,0
2,65.0,75.9,35.3,141.5,34.3,0.505,28,0
0,97.7,84.6,24.5,46.7,37.5,0.813,27,0
4,84.6,79.2,19.6,104.6,27.8,0.142,49,0
4,102.8,83.3,28.0,76.4,31.2,0.29,41,0
1,146.6,79.7,24.3,176.0,31.3,0.783,21,1
2,141.6,81.0,25.4,86.8,33.7,0.117,21,1
3,107.6,72.7,30.0,161.8,27.0,0.393,47,0
4,154.8,79.0,26.8,79.3,34.3,0.465,28,1
0,72.3,79.7,13.3,65.5,18.6,0.176,21,0
0,188.4,77.4,21.4,39.0,29.6,0.55,21,1
5,139.5,74.8,28.3,53.7,22.5,0.506,44,0
0,165.3,69.3,21.5,181.2,24.6,0.279,29,0
5,101.8,81.3,29.7,132.0,35.7,0.434,51,0
3,89.5,80.4,25.1,73.5,25.5,0.29,38,0
4,161.8,77.1,19.7,76.5,27.6,0.08,31,0
1,120.0,73.5,21.2,101.7,26.2,0.447,37,0
1,97.6,83.7,23.6,41.9,28.2,0.108,77,0
2,118.0,80.3,27.7,131.1,33.2,0.317,24,0
1,104.8,76.9,22.9,93.5,26.9,0.08,60,0
5,125.0,71.4,28.2,200.1,33.0,0.134,47,0
4,156.0,68.6,20.2,69.9,30.7,0.443,29,0
5,116.4,76.7,25.3,454.3,20.8,0.294,47,1
4,65.0,77.1,19.4,102.5,29.9,0.207,40,0
2,88.8,87.6,26.1,116.6,34.3,0.199,35,0
1,105.5,70.5,28.9,70.8,27.8,0.084,32,0
4,110.6,82.4,33.0,75.3,28.9,0.581,55,0
4,65.0,72.5,17.0,102.8,30.4,0.352,38,0
0,100.1,77.5,18.6,72.2,33.6,0.114,24,0
3,112.3,79.9,31.7,112.7,35.6,0.304,37,1
2,91.8,68.6,30.3,156.8,32.7,0.409,21,0
2,113.9,76.8,24.9,47.4,28.4,0.295,28,1
3,156.2,79.2,19.9,161.6,31.7,0.795,47,1
0,97.4,72.0,25.8,63.0,32.7,0.348,23,0
4,65.0,84.5,21.9,44.8,22.0,0.734,85,0
1,183.5,76.9,23.7,90.5,18.0,0.317,21,1
1,95.6,82.2,6.7,147.2,18.0,0.109,32,0
4,106.8,74.9,22.0,38.3,26.3,0.305,49,1
0,116.0,89.1,27.9,237.3,28.9,0.277,21,0
3,71.2,80.6,16.2,26.7,21.9,0.209,49,0
5,122.7,75.7,24.3,58.6,29.5,0.619,48,1
2,99.4,80.7,16.5,35.5,28.2,0.102,33,0
4,122.5,67.8,19.7,33.8,24.5,0.105,25,0
0,132.7,79.4,23.5,83.8,31.4,0.24,37,0
0,153.0,81.4,20.8,90.4,19.8,0.31,47,0
1,171.1,79.5,29.5,35.9,28.3,0.93,26,0
4,108.2,79.1,25.8,57.1,36.1,0.614,35,1
0,96.9,83.8,26.9,36.8,26.4,0.511,21,0
3,75.8,88.6,21.9,109.4,31.7,0.147,52,0
2,132.9,85.7,33.8,41.8,31.6,0.402,71,1
6,115.3,79.1,21.5,74.2,25.5,0.492,30,0
0,109.6,75.5,19.7,60.5,20.0,0.574,27,0
5,75.5,83.5,24.9,80.4,24.2,0.65,57,0
2,93.5,80.4,26.3,119.3,29.2,0.495,56,0
2,134.5,74.5,28.1,126.0,33.3,0.253,50,0
1,144.6,77.0,14.8,142.1,18.6,0.147,21,0
1,122.8,67.9,19.8,54.2,23.1,0.503,21,0
4,117.5,74.9,22.4,61.1,27.6,0.194,35,0
4,155.8,76.9,16.2,132.7,22.9,0.148,44,0
4,142.4,80.0,29.5,83.6,35.4,0.613,30,1
2,142.3,86.1,26.9,69.3,26.7,0.178,56,0
1,89.9,75.0,14.2,57.7,29.0,0.144,28,1
0,185.7,73.5,22.2,99.0,22.9,0.492,21,1
1,164.6,83.1,22.3,64.2,31.5,0.684,30,1
1,128.6,77.3,27.8,74.7,22.4,0.719,43,0
0,94.2,79.7,26.6,55.4,30.0,0.564,23,0
2,85.8,85.3,29.9,198.9,36.3,0.264,41,0
2,128.9,84.0,14.8,162.0,32.0,0.285,35,0
4,123.5,77.7,19.6,52.8,28.6,0.314,71,0
5,107.5,83.2,17.6,95.8,23.2,0.182,53,0
0,81.4,83.1,23.2,57.2,23.6,0.403,85,0
0,126.5,72.4,21.7,127.2,29.9,0.186,21,0
5,109.7,84.5,24.7,159.4,28.3,0.342,61,0
1,67.5,76.4,24.2,122.1,32.5,0.082,21,0
0,115.4,81.2,15.8,48.3,27.3,0.158,55,0
0,145.0,74.4,25.5,42.4,30.4,0.308,21,0
4,126.3,78.2,19.9,121.6,28.1,0.507,49,0
4,104.6,82.4,21.6,151.8,31.1,0.127,41,0
2,169.6,72.0,16.5,34.5,25.8,0.224,43,1
0,91.9,73.1,19.3,131.2,19.5,0.618,21,0
2,127.0,73.6,21.6,217.3,33.0,0.08,47,1
1,98.5,73.9,28.2,110.1,26.7,0.184,21,0
3,117.5,82.4,26.2,90.0,35.0,0.728,71,0
5,101.4,82.9,23.7,57.7,28.1,0.246,27,0
0,155.7,73.3,16.3,41.8,27.7,0.206,21,0
3,125.0,78.6,31.2,79.5,34.8,1.104,31,1
2,122.9,84.9,27.3,65.6,23.9,0.358,60,0
1,103.0,83.4,26.3,81.2,25.1,0.231,38,0
4,110.1,83.5,25.4,224.6,29.9,0.135,38,1
1,137.8,82.4,22.9,107.8,22.8,0.622,45,1
3,138.3,83.4,22.1,122.9,37.4,0.275,24,0
1,123.0,69.4,29.6,108.0,25.8,0.19,27,0
2,138.3,76.9,20.8,221.1,26.5,0.702,39,1
1,159.3,79.7,40.8,117.5,35.0,0.08,73,1
4,133.4,81.4,28.4,60.0,27.9,0.408,51,1
2,65.0,76.2,23.0,118.4,23.0,0.291,52,0
2,122.5,83.1,28.0,194.4,32.9,0.144,63,0
4,179.0,76.9,27.3,110.6,32.3,0.207,56,0
5,146.1,81.0,16.3,75.7,21.4,0.442,50,0
3,115.1,77.5,23.0,210.0,23.7,0.275,34,0
0,138.8,74.0,18.4,94.4,22.1,0.08,21,0
1,105.6,77.5,17.7,62.9,18.0,0.332,23,0
1,132.8,75.1,27.9,213.5,39.1,0.224,24,0
3,138.9,68.3,15.3,175.0,19.8,0.201,58,0
3,162.7,76.9,21.8,108.5,22.9,0.472,47,0
0,65.0,79.3,15.3,136.7,30.2,0.621,21,0
4,78.3,64.4,27.6,90.9,29.4,0.31,38,0
0,102.3,72.4,33.7,83.2,31.1,0.451,21,0
2,138.1,81.8,24.1,66.5,29.1,0.956,34,1
1,147.1,91.8,29.4,36.0,35.9,0.922,57,1
5,118.3,71.5,20.1,112.1,24.3,0.459,47,0
1,65.0,63.5,32.9,58.0,37.2,0.736,31,0
3,155.7,74.2,16.3,141.2,25.3,0.3,40,0
2,127.8,66.9,10.0,327.7,20.5,0.413,27,0
0,129.1,74.1,24.4,32.2,25.4,0.281,21,0
2,65.0,77.5,25.6,46.5,30.3,0.206,26,0
2,161.7,85.5,26.2,256.7,34.5,0.827,54,0
0,109.4,80.9,24.3,50.0,31.3,0.133,61,0
5,153.9,78.1,21.7,52.2,21.0,0.863,55,0
2,140.6,91.1,26.4,74.0,22.7,0.728,53,1
2,94.7,78.0,22.7,156.3,24.4,0.438,22,0
3,128.1,81.5,32.7,256.3,28.9,0.357,33,0
2,150.3,78.2,25.9,49.9,33.1,0.272,34,1
0,65.0,72.8,31.5,248.6,28.3,0.35,29,0
2,146.6,75.5,20.9,55.1,18.5,0.328,23,1
2,73.2,83.4,30.5,39.3,35.0,0.317,41,0
0,87.1,80.1,19.2,101.8,24.0,0.394,40,0
3,78.6,80.8,27.2,158.5,34.5,0.402,32,0
3,188.0,84.9,24.0,33.7,25.7,0.329,68,0
4,121.3,76.7,21.1,216.4,26.4,0.773,30,0
4,65.0,71.9,23.2,96.5,29.4,0.187,35,0
0,92.1,73.9,22.9,77.1,32.5,0.404,21,0
6,92.8,86.4,35.8,128.7,39.5,0.87,50,0
7,118.3,82.0,23.9,137.8,25.3,0.285,60,0
1,91.3,67.3,19.1,67.9,26.6,1.088,21,0
2,67.9,76.9,23.7,169.0,22.6,0.084,45,0
1,159.5,82.5,21.5,119.8,22.9,0.739,31,1
2,112.1,81.5,24.3,122.4,26.4,0.214,51,0
3,109.3,82.7,19.3,63.4,33.0,1.43,41,1
2,167.2,80.8,21.7,129.7,24.4,0.549,41,1
2,175.8,70.3,26.4,51.7,32.9,0.279,40,1
5,112.7,88.1,22.0,82.7,25.4,0.602,75,0
1,79.5,79.1,24.5,22.9,33.6,0.186,21,0
0,115.2,76.3,19.2,36.5,18.0,0.223,21,0
8,188.8,83.7,25.5,96.8,24.0,0.08,50,0
0,87.2,78.0,28.8,73.9,33.1,0.08,22,0
3,82.6,75.0,23.9,101.2,30.0,0.294,52,0
4,122.5,79.1,24.4,57.4,26.8,0.368,49,0
1,112.4,67.4,21.3,188.8,29.2,0.369,26,0
5,124.3,94.7,26.5,69.1,30.0,0.486,85,0
2,121.9,85.3,22.3,87.8,27.3,0.299,65,1
0,110.7,70.1,27.9,121.7,25.9,0.331,36,0
2,98.5,73.2,17.7,44.2,32.6,0.41,41,1
2,102.8,81.9,20.5,77.6,32.3,0.176,59,0
2,80.2,71.1,24.5,81.4,33.3,0.296,21,0
2,107.6,84.3,29.5,70.4,39.1,0.361,45,0
2,110.9,84.3,18.1,207.9,29.2,0.43,36,0
2,104.5,91.3,32.8,81.7,39.2,0.108,66,0
1,129.3,81.7,26.3,91.0,36.4,0.305,21,0
4,108.1,71.3,23.8,85.8,36.6,0.819,42,0
2,120.2,74.2,20.5,46.7,30.2,0.08,21,0
2,114.2,72.2,33.1,75.4,33.0,0.347,46,0
3,117.8,79.4,25.9,157.1,36.9,0.343,38,0
1,81.3,76.0,18.8,93.1,21.6,0.461,40,0
3,84.1,78.2,30.8,91.4,27.4,0.545,53,0
4,150.6,79.3,20.6,88.7,29.1,0.156,48,1
0,125.7,79.3,23.6,94.1,34.2,0.255,27,0
0,81.9,69.1,28.8,100.8,31.5,1.213,21,0
1,65.0,79.7,27.4,86.4,32.6,0.08,21,0
3,143.6,65.7,18.8,58.1,30.3,0.567,28,0
5,136.1,68.9,19.1,37.7,29.1,0.517,40,0
4,100.5,80.9,15.5,80.8,18.8,0.525,36,0
3,117.8,75.0,27.6,84.8,25.2,0.08,41,1
1,121.3,86.5,26.5,87.2,32.4,0.333,60,1
4,86.2,72.3,27.4,67.5,27.7,1.006,28,1
4,115.1,79.4,19.8,63.9,19.4,0.834,52,0
2,112.0,76.7,20.4,32.1,24.8,0.308,40,1
3,84.4,77.4,26.9,83.8,38.6,0.966,62,1
1,121.5,69.4,23.1,122.1,19.4,1.078,42,1
3,124.6,83.3,20.1,66.0,18.0,0.16,72,0
4,80.3,85.9,19.5,27.9,33.8,0.593,50,1
3,142.8,84.5,27.1,114.2,26.8,0.11,57,1
2,96.6,75.1,25.9,121.6,30.7,0.24,28,0
1,93.4,87.4,33.6,106.3,32.4,0.167,62,0
0,138.8,89.6,29.8,46.6,20.4,0.931,72,0
4,137.5,78.5,21.2,40.6,32.4,0.08,47,0
2,88.4,69.7,13.3,145.3,18.0,0.08,33,0
6,129.0,86.6,20.7,210.0,29.4,0.141,58,1
2,128.7,76.2,28.5,152.8,31.9,1.373,51,1
0,102.2,86.6,23.3,195.1,28.3,0.148,81,0
7,133.6,77.6,19.9,56.6,20.4,0.569,46,0
1,65.0,69.5,22.4,108.6,27.5,0.297,36,0
0,95.3,88.2,24.8,78.3,36.5,0.508,39,1
4,142.6,72.5,28.4,65.3,30.5,0.205,25,0
5,99.7,68.1,24.4,103.7,24.2,0.793,33,0
0,80.9,74.5,14.6,116.4,27.4,0.262,21,0
1,65.0,73.5,26.8,47.0,32.8,0.229,35,0
3,147.8,84.4,30.6,45.8,36.1,0.181,58,0
2,92.8,86.6,16.4,76.6,18.0,0.737,85,0
2,65.7,74.5,29.9,43.1,33.8,0.282,32,1
3,126.7,89.4,22.6,115.4,33.0,0.233,49,0
0,166.0,78.7,19.9,99.9,22.4,0.196,36,1
4,117.5,71.1,30.7,106.1,30.3,0.526,31,0
1,65.0,70.5,24.8,44.5,26.1,0.173,22,0
0,90.2,88.9,18.2,84.8,22.6,0.405,69,0
1,146.7,72.8,18.8,91.8,26.8,0.321,21,0
6,121.8,78.9,21.9,125.6,19.8,1.088,45,0
1,72.5,75.8,34.1,43.8,27.9,0.151,21,0
2,196.3,76.2,20.1,223.1,25.0,0.25,29,1
2,96.7,77.9,31.2,172.1,26.0,0.08,67,0
0,107.5,76.3,21.8,81.4,25.8,0.251,22,0
2,104.6,75.9,16.2,149.1,26.5,0.211,43,0
4,143.2,82.8,19.3,41.2,23.4,0.08,62,0
0,107.6,76.5,17.7,150.3,18.0,0.445,44,0
2,65.0,82.5,27.7,95.7,38.3,0.228,45,0
1,65.0,77.8,23.5,262.6,37.0,0.18,44,0
0,96.1,76.9,33.7,114.8,31.5,0.221,21,0
3,121.5,90.3,22.2,127.2,25.3,0.303,56,1
2,98.5,79.1,22.8,47.3,31.8,0.838,61,1
2,134.4,72.5,26.9,72.7,18.0,0.169,42,0
0,161.0,89.7,29.1,105.0,32.6,0.577,39,0
0,74.9,73.9,23.9,139.4,24.6,0.648,21,0
5,121.5,72.8,13.4,56.9,20.2,0.158,26,0
2,98.9,87.4,21.8,115.0,33.9,1.239,44,1
0,90.3,75.5,26.9,134.6,30.3,0.753,21,0
0,97.8,76.2,26.3,138.3,24.8,1.155,24,0
1,137.6,71.3,27.4,79.0,27.2,1.082,32,0
1,117.7,71.9,28.5,58.2,22.4,0.418,21,0
2,98.4,70.8,19.4,94.2,30.4,0.103,25,1
1,176.1,70.0,19.9,55.0,30.1,0.184,45,0
1,103.5,80.3,26.7,21.6,29.5,0.654,35,1
4,126.1,83.3,20.1,91.9,18.0,0.232,51,0
3,112.0,74.8,25.3,222.2,28.8,0.511,31,0
0,65.9,82.8,12.9,53.1,21.3,0.385,35,0
1,105.2,78.2,30.3,58.4,32.4,0.08,41,0
3,96.5,80.5,26.0,143.1,27.1,0.146,25,0
2,101.0,82.4,33.1,151.0,39.5,0.094,46,1
1,179.2,65.6,23.1,112.1,24.4,0.485,23,1
5,95.1,70.8,18.2,115.9,19.8,0.428,27,0
1,117.8,86.2,17.2,139.3,22.8,0.579,29,0
3,141.2,78.9,26.3,75.5,27.6,0.895,28,0
1,90.5,73.6,16.0,99.1,21.5,0.608,38,0
2,82.8,73.4,20.6,67.6,18.0,0.794,28,0
2,123.9,76.9,15.1,110.6,31.0,0.395,34,0
0,115.9,80.3,31.7,131.3,38.9,0.792,60,1
4,131.2,84.0,27.4,219.3,35.1,0.733,62,1
0,65.0,80.0,32.3,88.3,25.5,0.534,21,0
2,167.0,76.0,28.7,54.0,24.3,0.719,45,1
1,116.9,75.5,27.3,64.6,27.2,0.811,21,0
2,147.8,80.3,22.4,199.3,33.8,0.086,47,0
6,192.5,85.5,19.1,101.5,24.3,0.39,55,1
4,110.6,70.0,31.5,125.0,26.4,0.395,30,0
2,87.0,87.6,35.9,76.3,39.8,0.151,63,0
0,103.0,76.0,23.4,74.6,28.3,0.821,26,0
1,109.3,76.1,26.1,135.5,35.3,0.161,58,0
0,120.4,79.1,25.3,70.0,29.3,0.466,55,0
3,156.1,80.0,28.7,122.1,27.2,0.141,21,0
6,115.3,73.0,12.1,166.3,27.4,0.393,31,0
0,155.7,77.3,22.9,137.6,19.5,0.393,21,0
0,152.4,83.0,29.1,122.0,29.9,0.526,21,0
2,119.8,85.6,29.8,77.6,30.3,0.444,63,0
2,65.1,81.9,16.2,241.4,21.6,0.333,46,0
2,143.6,68.9,34.7,137.1,33.9,0.08,28,0
0,137.3,75.9,25.0,73.2,28.1,0.333,21,0
1,107.8,69.3,24.0,34.8,26.0,0.105,21,0
1,81.9,85.7,31.8,193.9,35.8,0.241,34,0
1,112.9,85.1,21.7,43.0,19.4,0.204,65,0
4,130.8,81.4,27.8,31.4,30.0,0.238,52,0
2,76.1,76.2,30.0,55.7,31.1,0.509,35,0
2,76.7,73.5,22.4,59.6,29.0,0.669,35,0
1,214.6,66.4,17.4,70.0,24.5,0.517,42,0
3,78.5,80.9,22.3,93.1,39.6,0.437,60,0
0,92.4,74.1,28.9,173.9,31.5,0.381,23,1
1,166.7,79.0,25.8,86.4,22.4,1.286,41,1
0,84.0,68.8,19.3,54.2,24.0,1.262,21,0
6,81.9,68.3,17.8,181.3,18.0,0.247,40,0
2,145.0,79.8,23.7,108.0,26.6,0.169,35,0
1,65.0,72.4,30.9,49.7,38.9,0.155,21,0
3,98.5,70.4,18.4,63.9,19.7,0.192,42,0
4,136.2,83.1,20.5,86.7,29.2,0.526,29,0
6,163.5,74.1,22.4,47.4,25.6,0.495,31,1
0,131.2,79.9,23.2,82.4,29.3,0.251,24,1
2,130.0,79.6,24.7,101.6,29.5,0.151,39,0
3,119.9,74.7,26.4,66.3,28.5,0.131,38,0
2,156.8,77.2,20.7,89.1,19.6,0.143,51,1
1,156.7,69.4,17.1,92.2,22.9,0.08,44,0
3,129.1,77.7,25.7,100.1,25.3,0.26,25,0
4,120.7,84.2,28.8,92.4,28.1,0.14,52,0
1,83.9,87.7,25.5,162.6,35.0,0.394,57,0
1,89.9,79.1,40.3,108.8,39.4,0.404,26,0
1,65.0,70.2,19.7,105.3,26.9,0.209,32,0
0,108.6,86.6,23.6,117.0,25.1,0.6,29,0
2,79.0,79.9,21.4,148.3,28.3,0.435,38,0
1,89.2,83.4,25.5,20.6,29.0,0.538,25,0
0,153.1,81.9,20.1,74.8,37.7,0.188,50,1
1,142.9,65.5,19.4,66.1,19.6,0.357,23,0
4,94.8,75.8,24.0,73.0,31.4,0.226,31,0
1,102.3,80.1,27.4,36.0,33.8,0.08,43,0
1,186.1,80.6,20.8,58.3,22.5,0.349,38,0
3,88.0,81.5,29.2,118.1,34.7,0.335,38,0
1,137.4,71.3,16.9,137.1,22.0,0.08,21,0
4,164.5,75.9,21.5,99.3,19.3,0.08,35,0
0,122.4,85.3,12.7,47.9,26.2,0.531,56,0
2,128.1,80.7,25.4,38.8,31.7,0.215,49,0
3,65.0,77.2,22.2,114.1,18.0,0.463,32,0
4,102.0,72.8,23.9,53.7,18.0,0.47,37,0
0,120.8,80.3,28.8,219.2,33.4,0.145,40,0
2,161.2,82.5,26.0,104.7,26.7,1.017,63,1
2,97.4,73.0,23.4,121.3,29.6,0.272,30,0
2,119.7,82.0,17.0,62.6,30.7,0.41,49,0
4,155.0,75.1,16.7,119.4,19.4,0.253,38,0
5,149.5,83.2,21.0,127.9,24.3,0.18,56,0
6,128.1,88.2,20.6,49.0,27.3,0.368,59,0
2,95.6,71.4,18.8,44.2,22.6,0.257,39,0
4,132.1,72.6,21.2,177.8,25.3,0.567,28,0
3,119.9,87.3,24.5,129.9,32.6,0.308,56,0
1,76.4,78.5,19.1,77.8,18.0,0.309,37,0
1,108.4,78.9,15.6,173.1,28.4,0.532,21,0
1,132.7,78.3,19.9,78.6,21.7,0.08,21,0
2,163.4,77.1,19.1,48.4,25.9,0.501,37,1
0,90.5,80.8,26.5,56.0,26.1,0.384,21,0
3,142.5,77.9,26.6,147.9,28.1,0.199,29,0
0,96.0,94.0,31.2,52.1,27.1,0.212,57,0
2,113.2,79.0,26.7,74.6,29.2,0.274,62,0
2,102.2,73.1,28.4,94.5,30.9,0.339,57,0
0,177.0,79.3,26.4,94.5,18.9,0.644,37,0
1,135.8,81.2,26.0,97.1,25.6,0.721,24,0
1,140.7,85.3,20.4,37.8,23.2,1.038,60,1
2,92.5,79.3,15.2,111.2,18.0,0.665,40,0
2,132.0,71.3,25.9,127.0,22.1,0.08,21,0
2,76.8,79.1,27.3,59.6,33.1,0.099,38,1
1,65.0,84.7,17.1,35.6,26.1,0.292,56,0
2,100.6,80.9,27.5,94.2,30.3,0.429,21,0
1,158.4,76.4,29.8,159.4,29.9,0.337,34,0
3,101.9,85.5,15.7,61.4,22.5,0.428,65,0
3,136.3,74.8,30.8,139.2,30.5,0.186,37,1
1,199.1,67.9,17.8,21.0,21.4,0.884,21,1
1,112.2,74.1,22.0,179.3,31.5,0.345,53,1
2,171.7,72.4,14.9,168.9,24.2,0.08,47,1
1,65.0,84.9,19.0,154.3,20.2,0.531,40,0
1,96.3,69.2,18.6,56.8,28.3,0.127,22,0
2,130.8,69.2,28.4,76.9,23.6,0.795,42,0
9,110.7,90.1,33.5,231.5,31.0,0.166,49,0
0,132.9,73.5,25.5,153.8,31.4,0.585,21,0
3,83.4,72.0,16.3,42.0,18.0,0.08,42,0
1,180.9,87.3,34.0,80.5,46.4,0.104,33,1
0,164.3,72.9,24.6,194.2,20.4,0.354,21,1
4,136.8,74.6,29.4,76.1,31.4,0.468,33,1
1,82.9,74.4,24.3,65.3,25.0,0.846,30,0
0,115.6,71.3,27.2,48.1,29.3,0.611,35,0
1,148.9,72.0,25.4,68.2,24.1,0.527,28,0
0,96.5,75.6,26.9,196.7,35.6,0.711,21,0
4,163.8,87.4,27.3,41.9,19.6,0.373,64,0
2,128.2,81.0,23.1,108.8,33.2,0.279,85,0
3,110.1,77.4,19.6,72.9,18.0,0.421,31,0
3,146.0,80.4,23.5,139.9,28.0,0.437,37,0
0,89.2,83.7,22.5,41.8,19.9,0.724,85,0
0,105.2,70.4,21.9,82.1,31.4,0.158,22,1
1,97.4,67.2,28.9,76.4,29.4,0.86,28,0
2,65.0,79.9,20.3,41.6,30.4,0.29,45,0
2,65.0,71.2,19.2,61.4,26.0,0.34,41,0
5,86.4,75.8,25.1,95.1,26.0,0.08,56,0
2,91.7,75.8,20.3,86.0,26.8,0.383,47,0
4,136.1,83.8,23.5,55.4,21.0,0.274,68,1
1,103.4,87.6,29.8,156.3,41.7,0.535,43,0
0,135.4,74.2,14.0,140.7,23.1,0.1,21,0
2,65.0,79.5,28.3,60.7,25.3,0.29,31,0
1,125.7,81.0,18.3,123.4,29.3,0.275,53,0
0,68.3,76.2,25.7,36.8,25.0,0.206,21,0
3,99.3,77.0,26.1,103.0,29.1,0.396,34,0
3,145.7,71.4,24.0,100.4,18.0,0.109,42,0
2,104.3,81.2,22.8,106.1,27.3,0.27,42,0
3,81.0,69.4,17.1,183.9,22.3,1.282,26,0
2,155.0,84.4,19.0,34.8,29.7,0.378,30,0
2,143.7,79.1,24.0,114.5,35.9,0.244,40,0
3,161.5,85.3,29.4,77.5,37.9,0.16,52,1
0,75.2,63.3,18.4,69.8,25.0,0.752,21,0
0,65.0,83.4,20.3,61.8,18.0,0.08,38,0
3,163.3,74.7,35.5,65.7,29.3,0.08,61,1
1,73.5,74.2,20.8,71.2,25.5,0.304,36,0
2,114.7,75.6,29.0,45.1,22.3,0.279,45,0
3,111.2,81.5,29.5,61.9,28.9,0.169,67,0
2,93.9,82.4,24.8,134.2,28.7,0.668,40,0
3,75.7,84.6,27.9,90.8,31.4,0.561,66,0
2,103.3,73.2,25.4,151.8,24.7,0.199,31,0
3,144.7,74.3,23.5,73.1,24.2,0.29,58,1
2,96.7,75.1,20.8,181.6,24.0,0.405,42,0
4,75.6,79.7,18.4,303.1,23.8,0.505,42,0
0,117.8,74.8,27.9,66.1,31.2,1.573,45,0
4,65.0,85.1,18.2,79.7,23.1,0.429,42,0
3,124.6,68.5,19.5,119.0,19.6,0.135,43,0
1,134.5,86.6,25.6,79.8,30.2,0.23,77,1
2,100.3,78.8,22.4,69.7,30.0,0.781,46,0
5,140.9,88.8,27.6,116.1,38.0,0.193,59,1
1,112.5,78.1,26.0,195.2,41.1,0.363,26,1
0,106.4,77.7,25.9,70.3,35.9,0.107,21,1
2,82.0,72.1,29.7,93.7,31.2,0.276,21,0
3,145.5,76.4,17.6,118.8,27.4,1.082,21,1
2,99.7,81.7,18.5,109.2,23.3,0.641,67,0
1,106.6,71.5,29.0,32.0,39.7,0.488,21,0
4,136.6,80.6,24.4,150.8,29.6,0.361,35,0
1,88.0,85.5,22.5,128.9,35.5,0.285,85,0
4,90.7,79.4,20.1,54.4,27.2,0.864,50,0
1,115.4,79.1,26.4,149.7,30.3,0.182,29,0
3,65.0,73.1,21.1,123.4,28.6,0.239,25,0
2,127.0,69.9,27.2,75.2,23.8,0.422,32,0
1,114.0,88.9,27.0,83.8,30.5,0.283,43,1
0,65.0,79.3,22.3,76.7,39.9,0.331,32,0
0,65.0,78.4,22.9,29.3,24.6,0.353,50,0
3,97.4,89.3,20.0,63.6,26.3,0.194,75,0
0,102.1,79.7,24.3,81.7,18.0,0.816,27,0
1,155.0,89.3,20.9,110.2,30.9,0.108,77,1
5,182.3,82.1,26.2,63.0,30.8,0.502,40,0
1,87.9,76.4,20.1,116.6,30.6,0.421,32,0
2,87.7,63.4,27.6,167.3,26.0,0.406,25,0
1,160.7,77.4,21.1,137.1,25.3,0.08,47,0
0,127.0,68.0,27.1,97.3,28.5,0.442,28,0
3,228.6,71.4,24.5,62.8,30.4,0.418,49,1
2,108.1,82.9,26.2,92.6,27.4,0.479,38,0
0,146.5,69.2,23.5,43.5,24.9,1.022,30,1
2,190.4,75.5,18.7,49.2,18.8,0.165,37,0
4,75.7,84.5,22.2,288.6,32.8,1.254,46,1
1,84.2,77.0,23.8,55.9,28.2,0.08,35,0
2,128.4,87.1,17.0,49.8,19.7,0.446,28,0
1,113.5,74.2,21.6,138.1,30.9,0.246,26,0
3,120.0,84.0,24.1,202.3,31.1,0.142,51,0
1,90.6,88.7,24.6,46.2,24.8,0.211,22,0
6,114.0,70.2,23.8,60.2,21.8,0.196,27,1
1,103.3,80.8,22.1,174.1,33.3,0.382,21,1
0,132.2,77.8,27.1,59.0,24.8,0.312,36,0
0,145.0,74.1,15.1,65.9,18.0,0.322,23,0
1,66.9,80.3,25.0,163.8,27.1,0.423,35,0
3,155.6,79.0,22.9,65.1,28.3,0.172,36,1
2,115.9,85.2,25.4,95.4,28.1,0.15,37,0
2,145.3,78.1,16.2,117.7,23.6,0.103,29,0
1,109.4,79.5,23.0,27.7,27.8,0.2,51,0
4,149.8,82.9,26.5,118.6,31.4,0.369,32,1
2,143.0,73.6,23.7,193.2,18.0,0.08,27,0
0,128.2,77.3,28.7,162.8,30.5,0.246,21,0
6,116.4,77.7,23.9,55.6,32.2,0.539,55,0
3,131.6,81.0,18.5,112.5,25.6,0.143,29,0
3,176.8,82.1,20.3,57.5,20.1,0.372,49,1
4,150.4,69.5,29.2,73.2,32.4,0.112,32,1
2,136.0,83.0,22.6,80.2,34.6,0.677,79,1
2,97.4,68.7,18.8,146.6,21.3,0.13,78,0
1,95.1,73.9,23.4,59.1,26.6,0.322,43,0
4,91.2,77.4,20.7,89.0,22.1,0.08,43,0
0,75.5,74.3,22.8,75.4,24.1,0.26,41,0
5,142.1,82.7,22.7,219.2,27.2,0.341,32,0
2,119.3,81.1,25.8,93.4,32.6,0.472,53,1
0,126.3,78.2,25.5,100.0,30.9,0.104,37,0
0,65.0,72.7,30.5,108.3,28.3,0.564,22,0
1,90.8,77.5,21.5,165.3,39.6,0.838,33,1
1,111.0,67.4,21.2,162.6,20.4,0.898,22,0
0,77.2,75.2,18.0,94.3,24.4,0.097,22,0
2,77.7,72.9,27.8,85.1,28.1,0.48,26,0
1,84.2,82.2,18.4,117.7,25.8,0.178,73,0
2,131.3,71.5,29.5,88.8,26.4,0.698,45,0
1,65.0,81.7,29.8,72.4,32.3,0.123,33,0
1,109.6,88.1,24.0,103.0,22.6,0.287,32,0
3,163.6,80.0,32.9,98.1,37.3,0.594,39,1
1,149.0,68.7,24.7,64.1,22.5,0.21,29,0
1,151.0,79.4,23.0,129.9,23.4,0.313,46,0
1,103.8,79.9,29.4,204.1,33.8,0.628,40,0
0,177.3,77.1,20.1,68.5,34.2,0.326,44,0
1,96.8,80.4,24.6,64.8,25.7,0.315,32,0
2,129.4,94.7,27.8,164.4,34.3,0.173,85,1
0,131.9,78.3,26.8,57.9,22.5,0.426,22,0
0,79.9,71.6,22.3,197.4,18.0,0.365,47,0
4,65.0,82.3,24.0,49.9,33.0,0.558,29,0
1,143.2,69.5,28.1,112.0,19.2,0.753,40,1
3,85.5,68.5,27.0,236.9,27.4,0.08,42,0
3,112.0,84.8,27.4,66.2,38.0,0.54,78,1
6,127.8,78.8,15.5,112.0,22.3,0.162,42,1
1,114.3,72.3,19.8,139.0,20.4,0.944,33,0
2,136.7,73.1,24.0,95.3,22.3,0.08,21,0
3,129.9,73.4,18.9,59.8,20.7,0.213,28,0
2,132.3,84.4,16.5,74.9,21.4,0.308,85,0
2,126.9,82.7,30.4,48.2,19.0,0.234,49,1
3,68.4,82.0,18.2,46.5,32.8,0.193,52,0
1,115.9,78.5,20.6,132.7,18.2,0.435,21,0
4,130.3,76.1,20.2,284.1,31.1,0.16,29,0
1,188.4,71.9,21.3,162.1,18.4,0.692,47,1
3,128.0,78.0,31.5,33.7,28.3,0.313,21,0
4,109.4,85.9,22.6,44.9,32.4,0.396,39,0
1,136.5,84.4,26.7,70.5,27.3,0.719,65,0
1,93.4,75.5,24.0,112.4,20.8,0.354,24,1
5,160.3,68.3,24.7,94.6,27.2,0.349,27,1
4,112.3,77.3,22.6,96.1,24.5,0.332,59,1
3,107.6,78.5,24.8,51.8,26.5,0.332,29,0
5,69.0,83.1,20.9,90.6,20.4,0.08,26,0
4,100.0,89.9,28.2,113.9,29.5,0.165,68,0
1,112.4,78.0,21.4,54.8,26.0,0.211,37,0
0,170.3,71.0,23.6,69.3,31.7,0.675,24,1
1,102.2,94.8,21.3,88.8,33.2,1.044,60,1
1,112.6,68.6,20.2,317.1,29.4,0.224,22,0
5,137.3,82.4,21.3,78.9,25.7,0.08,38,0
3,88.4,84.3,27.4,55.9,23.3,0.166,41,0
2,99.6,84.7,15.2,56.9,22.7,0.256,28,0
2,156.4,92.2,25.6,282.9,29.3,0.643,51,0
1,66.7,78.4,22.0,101.4,30.3,0.195,25,0
4,92.9,82.1,20.7,227.7,26.8,1.324,52,0
2,126.8,69.2,28.7,23.7,27.4,0.275,35,0
0,127.6,77.7,17.7,85.2,19.9,0.756,23,0
5,199.2,77.4,19.4,230.3,28.3,0.572,38,1
4,120.4,82.5,24.4,158.7,25.0,0.083,43,0
1,95.9,81.1,28.2,92.5,33.9,0.63,21,0
3,101.4,84.2,27.3,48.9,29.3,1.319,65,1
2,151.1,69.6,22.9,125.7,25.8,0.414,36,1
1,93.1,88.0,26.7,247.8,29.7,0.271,31,0
3,108.8,78.2,30.7,111.2,37.8,0.319,42,0
2,144.3,77.6,27.6,113.5,32.3,0.08,38,0
3,105.2,80.2,16.6,28.2,24.4,0.08,30,0
4,134.0,77.7,21.0,75.4,30.3,0.796,43,1
1,66.2,83.8,28.5,120.4,43.5,0.09,52,0
4,83.0,74.8,28.5,85.8,32.3,0.232,32,0
0,97.4,77.6,25.8,118.4,26.8,0.165,21,0
6,69.0,82.5,24.1,120.4,34.3,0.281,49,0
2,78.9,85.5,19.7,45.9,18.0,0.359,36,0
1,94.4,78.1,23.7,295.7,21.7,0.134,24,0
2,182.8,76.3,19.2,113.8,18.0,0.214,44,1
1,127.7,71.0,22.9,49.0,18.8,0.121,23,0
1,141.4,84.7,20.2,61.9,27.6,0.857,49,0
0,136.7,62.0,22.5,67.9,19.9,0.265,22,1
2,65.0,68.7,18.7,93.0,22.0,0.238,29,0
0,119.1,67.1,18.5,95.3,18.1,0.846,21,0
2,98.3,67.8,26.9,25.3,30.1,0.08,28,0
2,65.0,72.1,27.4,166.5,20.8,0.395,31,1
1,129.6,70.4,27.2,381.8,32.3,0.354,36,0
3,65.0,72.8,20.2,94.3,26.7,0.435,32,0
1,114.5,80.2,27.9,40.1,35.2,0.524,22,0
3,105.3,83.5,25.2,82.5,25.5,0.753,35,1
4,86.6,76.3,25.6,90.6,32.3,0.08,29,0
4,145.8,85.3,26.5,39.8,28.6,0.285,39,0
2,108.9,75.6,21.2,65.4,30.8,0.156,25,0
1,122.2,86.2,30.2,74.4,32.7,0.39,28,1
2,136.7,79.8,22.2,162.2,28.5,0.396,43,0
2,141.1,72.5,23.8,91.0,29.6,0.507,33,0
1,118.6,75.5,24.1,67.1,30.6,0.368,21,0
2,86.3,77.9,16.6,71.0,18.6,0.696,67,0
0,111.8,79.7,29.8,67.6,29.5,0.173,51,1
0,139.3,78.0,23.8,59.6,32.1,0.354,50,0
0,95.5,77.9,23.8,61.5,27.1,0.099,21,0
1,129.9,77.0,19.7,89.3,20.1,0.995,21,0
3,94.4,74.8,25.2,142.8,30.2,0.08,55,1
1,141.1,68.5,21.6,121.9,19.8,1.452,22,1
1,112.3,81.7,23.5,193.1,18.2,0.614,39,0
2,81.1,78.8,28.1,111.4,33.9,0.228,28,0
1,198.4,71.3,23.6,145.7,30.4,0.118,21,1
4,119.4,72.3,19.3,324.5,23.1,0.767,26,0
4,65.0,77.9,30.6,118.3,29.8,0.635,42,0
3,85.4,80.8,9.1,106.0,26.4,0.176,34,0
2,158.6,79.3,22.6,56.9,31.9,0.21,73,0
2,141.5,87.4,19.6,148.9,44.3,0.103,48,1
3,153.9,80.6,25.1,61.7,22.6,0.633,44,1
1,104.1,72.3,25.6,53.7,25.6,0.913,39,0
1,140.5,68.4,29.7,22.1,21.0,0.123,23,1
2,106.3,74.6,25.3,41.3,33.2,0.465,24,0
6,126.2,75.8,15.5,54.4,26.2,0.469,36,0
4,73.8,73.3,24.6,72.0,26.3,0.47,26,0
2,106.4,81.0,18.1,88.4,25.2,0.299,67,0
2,65.0,69.5,17.9,41.3,24.3,0.479,48,0
2,111.5,82.7,18.0,136.9,24.6,0.36,58,0
1,87.2,79.6,23.7,74.6,25.4,0.649,21,0
1,121.3,80.5,29.0,58.3,31.8,0.29,43,0
1,79.4,74.9,23.0,162.6,32.6,0.286,21,0
0,112.0,91.0,24.1,58.1,28.4,0.53,62,0
1,215.0,82.1,26.9,147.5,35.4,0.332,46,0
1,108.9,82.1,27.7,96.4,31.0,0.422,49,0
3,95.5,75.0,17.6,37.3,24.0,0.429,50,0
0,118.6,72.8,22.7,84.8,32.3,0.55,28,0
1,65.0,91.0,21.7,86.2,32.6,0.254,77,0
0,102.3,75.3,18.1,201.4,28.4,0.483,47,0
4,112.9,83.4,26.2,55.6,26.0,0.183,40,0
2,121.3,74.9,26.7,94.7,20.1,0.159,29,0
2,148.9,76.3,23.8,176.8,24.9,0.576,35,0
3,127.6,76.7,20.7,81.8,18.0,0.452,61,0
2,78.3,76.0,19.1,105.4,25.6,0.269,32,0
3,65.0,74.5,20.9,85.7,27.8,0.155,27,0
1,147.1,78.3,27.8,96.8,33.5,0.374,45,0
3,95.4,78.8,31.2,186.7,24.6,0.415,36,0
2,124.3,74.6,22.4,128.9,28.9,0.118,28,1
5,163.1,79.0,24.7,78.6,33.8,0.575,56,0
0,123.8,72.7,18.5,55.1,21.2,0.08,23,0
1,65.4,71.2,25.7,77.2,30.6,0.084,32,0
0,125.5,73.2,20.4,60.2,18.4,0.128,24,0
2,107.1,83.9,24.6,74.6,22.3,0.191,76,0
4,70.1,72.9,22.8,45.0,22.8,0.311,47,0
2,146.0,74.3,20.1,164.9,23.7,0.266,42,0
5,126.1,71.0,22.4,285.4,23.6,0.531,25,0
3,176.1,86.3,23.7,89.7,29.4,0.123,76,1
1,116.0,74.7,24.9,142.2,26.4,0.155,21,0
2,92.1,80.2,21.4,40.6,21.8,0.81,32,0
1,126.4,76.0,17.8,87.7,19.1,0.347,34,1
0,105.8,77.3,31.8,83.2,31.2,0.2,21,1
1,156.3,83.0,24.7,53.1,32.8,0.456,38,0
2,118.3,78.9,26.8,83.8,27.4,0.08,27,0
5,94.2,88.1,23.3,51.4,18.0,0.855,65,0
1,121.4,82.0,21.7,46.7,24.7,0.415,21,0
3,125.1,82.1,20.0,191.3,23.8,1.059,49,0
4,122.2,69.2,17.8,36.8,24.6,0.653,38,0
5,105.9,86.9,30.7,58.7,34.7,0.421,54,1
4,118.0,70.6,31.3,35.1,31.2,0.457,34,0
0,96.9,78.6,26.9,67.4,31.9,0.189,24,0
2,122.8,86.7,30.7,206.2,33.3,0.184,70,0
1,85.5,83.4,25.8,31.9,25.3,0.25,69,0
4,90.0,77.5,16.5,64.8,25.6,0.08,50,0
3,177.8,82.1,22.3,94.9,28.0,0.651,46,1
0,98.3,70.0,20.7,52.4,24.4,0.334,42,1
4,127.7,80.1,23.4,104.4,24.3,0.262,47,0
2,65.0,80.7,24.3,90.0,32.1,0.163,85,0
1,103.9,83.1,26.8,250.1,30.7,0.18,21,0
1,143.5,70.2,19.3,87.1,18.0,0.682,36,1
2,127.5,71.3,22.6,95.2,26.5,0.355,29,0
3,65.0,84.3,31.3,118.5,34.0,0.423,38,0
1,94.3,73.0,24.1,105.7,31.8,0.636,21,0
0,145.0,75.6,22.4,80.3,28.1,0.19,23,1
0,78.2,70.5,29.8,120.4,35.9,0.963,22,0
4,131.0,82.8,21.7,59.3,25.3,0.241,46,1
4,123.0,73.4,17.4,73.6,26.2,0.211,36,0
1,65.0,67.5,18.9,129.0,18.0,0.391,21,0
0,137.8,63.4,21.9,134.8,27.4,0.368,21,0
1,139.7,72.4,27.8,500.0,37.8,0.143,21,1
3,112.1,78.7,24.0,85.4,27.4,1.192,33,0
1,123.6,70.7,22.0,147.4,28.7,0.475,34,0
3,91.6,81.9,17.4,80.7,26.5,0.135,35,0
3,106.7,76.5,21.3,21.1,30.0,0.08,26,0
7,121.7,80.2,22.1,55.1,23.9,0.175,31,0
3,148.2,72.2,31.3,50.2,37.3,0.125,33,0
3,129.7,77.7,25.4,108.3,33.5,0.142,36,0
2,102.2,84.7,22.4,116.7,31.4,0.853,41,0
3,104.7,73.0,26.2,113.8,33.9,0.242,56,1
1,118.9,79.1,23.3,39.3,27.3,0.141,25,0
0,107.5,79.3,22.3,182.5,23.8,0.431,50,0
1,114.4,78.9,27.8,35.2,29.5,0.362,27,0
1,65.0,75.9,30.7,132.0,34.1,0.642,46,0
2,87.1,73.2,20.9,52.9,25.9,0.858,37,0
2,170.5,83.3,30.9,64.4,25.9,0.915,85,1
3,129.0,84.3,30.5,39.8,28.1,1.03,41,1
5,131.7,83.8,26.5,155.6,18.0,0.363,52,0
0,129.5,78.5,16.0,127.9,21.8,0.528,21,1
3,126.5,72.0,22.2,48.2,24.3,0.08,54,0
3,119.7,81.5,31.5,136.3,34.0,0.489,25,1
3,152.9,72.3,25.7,187.6,29.7,0.174,35,0
1,131.4,72.4,20.0,62.2,21.7,0.231,30,0
3,65.0,82.2,26.7,90.5,29.4,0.264,21,0
4,92.7,80.5,24.6,81.3,28.1,0.08,72,0
3,96.0,78.6,17.4,279.6,24.7,0.134,58,0
2,190.7,69.7,19.8,21.9,24.1,0.367,23,1
0,118.8,74.3,31.7,78.5,40.5,0.544,22,1
4,158.7,81.0,19.2,48.9,18.0,0.55,46,0
4,108.0,84.7,11.2,104.3,24.4,0.341,53,0
3,125.9,84.4,21.4,127.0,32.0,0.767,36,1
6,116.9,71.1,26.0,27.1,22.7,0.08,26,0
2,98.4,85.9,19.5,49.9,24.5,0.377,33,0
0,85.8,76.4,27.6,78.3,21.0,0.126,21,0
3,115.0,74.0,29.4,45.5,28.9,0.538,21,0
6,90.0,83.0,26.4,97.4,29.5,0.588,55,0
2,119.6,73.3,20.9,150.6,21.6,0.295,28,0
1,101.2,77.6,29.3,50.9,35.4,1.265,35,0
1,141.5,85.5,25.3,45.4,22.2,0.592,41,0
2,89.0,73.3,17.5,58.5,30.0,0.149,35,0
2,111.7,75.8,15.9,121.8,20.4,0.573,42,1
5,105.7,81.9,29.3,86.7,30.5,0.855,54,1
3,103.4,80.1,23.3,249.8,30.3,0.414,25,0
3,140.7,90.3,24.3,76.6,23.5,0.551,56,1
4,65.0,76.2,25.7,51.6,29.6,0.815,41,0
1,65.0,80.4,18.8,55.8,29.4,0.114,47,0
4,104.7,77.4,26.2,113.3,26.2,0.151,54,0
2,176.9,71.7,26.2,185.3,32.1,0.525,38,1
3,126.4,85.3,16.7,50.3,22.6,0.535,85,0
1,161.6,80.1,33.7,47.7,34.3,0.327,21,0
1,149.3,83.7,27.1,148.8,30.5,0.802,55,1
3,70.0,69.6,27.3,132.5,20.5,0.593,27,0
3,114.5,81.0,20.6,113.9,30.6,0.329,42,0
0,86.9,75.6,25.3,50.9,26.3,0.426,34,0
6,81.8,71.8,13.7,213.2,24.3,0.135,33,0
2,65.0,81.3,24.8,132.1,31.7,0.201,32,0
1,85.3,92.3,31.1,107.8,33.3,1.12,85,1
5,130.3,79.2,20.0,77.7,18.0,0.112,46,0
1,135.6,69.4,20.6,116.1,27.2,0.08,23,0
4,126.2,82.9,16.0,249.5,26.8,0.454,27,0
3,86.9,73.3,26.4,113.0,24.6,0.254,22,0
2,100.8,81.5,22.8,39.6,28.6,0.221,69,0
3,82.3,88.2,27.7,176.1,33.2,0.264,52,0
3,158.2,67.3,13.9,70.2,20.4,0.203,27,0
2,135.4,85.1,22.9,87.9,23.4,0.902,45,0
0,65.0,70.6,21.0,63.8,23.5,0.187,22,0
0,124.0,75.1,23.6,97.4,30.7,0.275,37,0
2,80.6,73.9,19.1,17.8,24.4,1.015,32,0
2,127.2,71.5,28.0,79.2,31.7,0.414,32,0
4,139.1,80.2,30.3,45.6,32.6,0.267,30,1
3,65.0,82.5,16.8,104.8,26.3,0.571,85,0
3,186.6,78.7,24.5,198.7,28.5,0.303,49,1
2,150.4,83.9,23.9,131.4,26.8,0.465,84,1
3,90.2,80.7,32.9,389.0,38.7,0.491,29,0
0,113.6,61.2,26.7,112.2,22.2,0.625,23,0
3,138.7,67.8,27.4,121.9,19.2,0.103,41,0
3,65.0,71.5,16.8,91.2,18.0,0.799,37,0
3,128.2,80.9,33.6,81.8,28.7,0.362,49,1
1,130.2,78.8,15.1,224.0,28.8,0.64,56,0
2,143.5,73.9,24.0,119.4,21.3,0.889,21,1
3,85.1,81.4,17.0,199.7,23.3,0.438,85,0
5,124.5,83.6,29.0,95.4,32.9,0.227,42,0
5,145.8,79.2,21.9,60.6,32.0,0.57,48,0
2,84.6,84.2,26.9,28.1,26.2,0.607,70,0
4,135.5,71.5,23.7,170.8,25.0,0.146,25,0
3,84.3,75.1,18.7,150.2,24.8,0.286,35,0
0,97.7,75.1,22.8,105.3,29.5,0.233,21,0
0,65.0,69.4,29.5,118.3,29.5,0.115,23,0
1,65.0,79.7,27.9,127.7,31.9,0.211,56,0
1,141.7,82.0,25.8,140.8,31.2,0.421,66,0
3,149.4,72.4,18.3,98.4,23.2,0.392,21,0
2,128.2,76.0,23.1,91.6,28.1,0.696,43,0
4,81.6,81.7,30.5,87.0,30.1,0.515,60,0
4,140.1,77.3,18.8,74.7,24.6,0.263,54,0
3,122.6,70.0,37.0,229.2,27.4,0.169,39,0
4,131.4,75.8,25.4,86.2,23.9,0.274,43,0
5,128.3,73.9,20.3,178.3,22.8,0.384,43,0
0,94.0,76.2,19.0,38.5,20.7,0.08,42,0
4,118.1,79.6,17.1,75.4,21.2,0.122,46,0
2,103.3,72.4,20.1,104.6,25.3,0.115,33,0
3,119.3,83.0,22.9,83.7,24.1,0.21,83,1
2,139.2,74.2,34.7,90.5,32.4,0.839,25,0
1,95.7,77.4,17.7,91.4,23.5,0.586,62,0
6,138.6,81.4,26.7,68.4,26.6,0.318,27,0
1,116.7,82.3,26.9,69.2,28.6,0.577,47,0
3,110.4,74.8,22.6,72.3,22.8,0.281,27,0
3,110.6,66.4,24.7,163.7,25.4,0.353,46,0
4,138.8,75.8,12.6,113.7,18.0,0.841,36,0
4,109.4,89.2,33.9,73.0,33.4,0.221,50,0
3,111.4,66.2,17.9,88.9,29.2,0.128,26,0
4,166.5,84.2,33.6,163.3,42.9,0.254,26,1
2,141.6,89.1,20.8,211.2,26.8,0.217,66,1
7,153.0,78.8,20.5,93.0,31.1,0.181,75,0
2,167.5,84.2,27.9,98.3,32.8,0.338,34,1
2,123.1,76.0,17.7,96.0,28.5,0.62,44,0
2,190.6,72.7,16.3,18.9,19.3,0.493,21,1
2,130.6,80.7,23.7,123.4,39.2,0.581,38,1
3,72.8,77.1,30.2,198.0,26.3,0.112,30,0
2,98.3,90.9,19.4,48.1,25.5,0.473,80,0
4,65.0,74.5,30.0,58.2,28.3,0.871,30,0
4,152.3,91.2,28.8,72.3,36.7,0.08,81,1
0,122.0,73.8,26.8,235.5,32.2,0.12,29,1
0,99.2,87.3,19.8,152.0,32.4,0.307,48,0
0,120.8,82.6,26.7,67.3,26.3,0.184,75,0
5,109.1,78.0,29.1,157.5,35.8,0.266,35,0
1,87.1,81.3,25.4,63.2,26.2,0.851,73,0
1,185.2,62.7,22.1,158.7,20.0,0.225,54,0
5,119.8,76.2,25.5,224.3,27.1,0.152,38,0
0,117.8,72.6,18.5,170.0,27.5,0.113,45,0
2,111.9,76.4,13.6,74.3,22.1,0.592,66,0
4,77.6,73.8,19.8,28.3,24.2,0.205,44,0
0,65.0,72.3,20.7,85.6,23.7,0.181,21,0
2,155.4,78.4,31.4,64.2,34.4,0.08,54,1
1,100.2,81.3,27.5,229.6,25.1,0.339,55,0
7,65.0,82.7,25.2,74.1,31.0,0.808,43,0
4,67.9,81.9,29.2,67.8,31.6,0.944,29,0
3,134.1,78.1,29.1,138.2,32.5,0.754,53,0
0,137.2,73.9,20.5,63.6,31.1,0.315,21,1
3,100.3,75.0,34.4,167.4,29.2,0.692,45,0
2,151.1,79.4,19.5,76.2,18.0,0.614,44,1
2,70.2,75.4,14.9,101.5,18.0,0.525,39,0
2,166.2,73.8,29.7,143.8,22.8,0.175,61,0
3,65.0,73.1,16.4,304.5,24.2,0.488,32,0
0,132.2,83.0,24.7,73.6,23.8,0.08,24,0
3,122.8,69.9,25.3,48.4,28.4,0.226,26,0
4,141.4,74.6,28.5,31.3,28.3,0.326,62,0
3,65.0,79.1,17.1,66.5,19.3,0.216,49,0
2,106.2,73.7,32.4,137.5,32.2,0.084,47,0
4,148.6,71.9,20.6,86.1,29.2,0.122,45,0
4,80.2,81.5,23.7,87.8,25.9,0.273,35,0
1,160.9,68.9,16.5,39.4,27.6,0.556,23,0
0,65.0,79.8,34.9,52.0,34.0,0.595,24,0
4,65.0,71.6,20.1,65.1,28.1,0.498,46,0
4,87.3,70.2,36.0,70.2,30.7,0.547,31,0
3,135.4,77.5,23.2,162.3,20.1,0.295,27,0
1,160.1,66.8,26.2,90.8,26.9,0.364,35,1
5,93.4,76.9,24.0,62.7,25.0,0.338,63,0
3,122.1,73.9,18.3,79.0,24.4,0.707,40,0
2,155.1,92.5,21.0,138.0,26.5,0.459,79,1
2,134.5,83.8,22.1,57.1,29.0,0.233,47,0
3,183.2,90.1,24.4,86.5,28.6,0.182,85,1
0,94.4,81.7,21.5,37.3,29.3,0.2,43,0
6,156.0,81.5,29.5,109.5,18.0,0.419,42,1
1,90.8,75.2,25.9,56.0,29.3,0.109,40,0
8,126.2,68.3,28.0,78.4,30.6,0.39,31,0
2,117.6,76.8,17.7,248.2,21.1,0.124,34,0
5,126.4,94.5,28.2,75.6,30.9,0.778,85,1
2,79.5,82.5,22.5,87.3,33.3,0.321,31,0
2,97.6,81.8,19.9,98.3,28.4,1.073,40,0
4,84.9,76.3,22.1,99.2,26.2,0.502,40,0
2,94.7,76.8,21.0,99.8,27.5,0.625,33,0
3,112.0,78.2,22.6,47.6,22.1,0.365,32,0
5,83.2,75.2,19.9,176.8,25.2,0.349,36,0
3,91.5,84.7,22.7,81.1,29.2,0.251,54,0
2,133.7,80.9,33.7,54.3,35.3,0.234,68,0
0,125.3,74.2,24.6,71.8,32.0,0.08,21,0
2,169.5,76.3,12.9,73.9,18.0,0.458,79,0
2,119.6,77.8,17.1,94.3,22.1,0.321,51,1
0,171.2,80.2,31.4,66.2,24.4,0.42,52,0
1,66.6,77.0,31.1,64.5,30.0,0.382,28,0
2,65.0,86.1,19.1,82.3,27.8,0.617,85,0
2,103.3,84.6,30.4,134.4,43.2,0.08,26,0
2,100.5,81.9,23.1,86.9,31.1,0.167,42,0
3,90.4,84.5,22.5,63.4,30.0,0.677,44,0
1,101.4,82.0,30.2,41.1,30.6,0.499,77,1
2,138.7,85.7,23.8,107.0,28.6,0.114,27,0
3,101.1,78.8,31.2,107.3,34.0,0.312,43,0
0,137.1,66.0,24.2,82.3,26.3,0.102,21,0
5,154.7,74.4,30.7,92.7,21.3,0.367,39,0
1,139.2,87.6,26.8,39.8,30.0,0.298,46,0
5,108.2,74.9,24.5,104.5,33.3,0.796,30,0
1,101.3,78.3,23.8,154.8,28.4,0.271,21,0
2,156.8,90.7,25.1,129.1,25.6,0.462,80,1
0,168.3,73.4,36.8,313.5,41.7,1.558,23,1
0,125.0,71.7,22.7,274.6,20.8,1.106,24,1
5,140.8,77.3,21.9,130.3,27.5,0.295,28,0
0,134.8,84.9,27.7,185.6,31.4,0.377,65,0
3,94.2,68.9,18.6,30.7,26.9,1.038,37,1
0,118.8,71.0,21.3,162.8,28.0,0.085,21,0
2,126.5,82.3,28.5,142.3,25.9,0.461,28,0
1,158.9,80.4,21.9,231.4,30.8,0.164,65,1
2,110.1,74.4,24.3,356.1,28.7,0.363,21,0
0,77.3,77.7,26.4,76.7,29.4,0.818,23,0
1,110.3,79.2,21.5,56.0,23.8,0.748,24,0
1,109.1,79.5,21.3,82.2,30.2,2.155,37,1
1,91.0,75.8,17.4,51.7,18.3,0.119,41,0
1,147.4,76.9,20.8,102.1,30.8,0.695,35,1
1,149.9,69.1,35.9,50.8,42.0,0.407,37,1
0,65.0,73.9,30.0,53.5,30.1,0.332,22,0
1,155.8,81.1,26.8,68.5,27.4,0.156,35,0
2,124.6,77.3,28.3,101.5,30.9,0.256,34,1
2,118.4,75.9,18.2,98.4,27.9,0.375,24,0
1,131.1,84.7,31.4,53.8,36.7,0.281,68,0
2,65.0,84.0,29.0,85.0,34.3,0.236,62,1
0,99.8,79.6,26.9,118.9,26.4,0.3,21,0
2,136.9,77.1,21.5,92.7,22.3,0.224,47,0
3,132.3,89.7,25.8,58.1,28.7,0.337,45,1
3,104.1,86.5,23.9,72.7,28.7,0.819,42,0
2,116.8,76.2,30.8,47.6,29.8,0.209,34,0
2,119.4,77.2,31.7,89.3,33.5,0.108,42,0
2,127.8,79.5,37.9,140.4,37.6,0.333,35,0
1,184.7,69.4,21.4,173.6,25.5,0.703,28,0
2,67.0,73.7,16.1,68.1,20.0,0.266,47,0
1,88.0,77.5,28.2,128.7,21.9,0.439,21,0
2,115.2,77.3,18.9,45.9,23.8,0.461,53,0
3,130.0,83.1,29.6,89.5,33.4,0.241,38,0
1,116.4,72.6,27.7,147.6,18.0,0.198,31,0
4,84.1,80.4,23.5,142.5,28.3,0.349,52,0
2,130.4,74.7,13.2,35.9,20.8,0.308,42,0
6,125.5,82.9,27.2,155.1,26.5,0.5,69,1
1,122.8,72.8,21.8,48.1,24.9,0.527,59,0
0,96.8,75.4,18.9,99.2,18.0,0.385,24,0
3,130.3,71.2,27.6,120.0,30.8,0.359,30,0
5,153.0,79.8,19.8,47.7,22.3,0.219,28,1
1,141.9,76.5,32.3,62.2,29.0,0.333,21,0
2,78.7,87.7,27.2,68.5,37.8,0.306,28,0
2,84.3,82.0,28.2,103.6,22.2,0.1,74,0
0,138.8,73.5,23.9,38.7,30.7,0.922,21,0
0,95.7,82.4,28.4,71.9,23.4,0.894,61,0
2,75.3,89.2,18.0,67.6,18.9,0.642,75,0
2,96.3,78.4,25.9,81.4,36.4,0.394,56,1
1,93.1,80.4,22.2,145.9,28.5,0.387,49,0
1,106.3,81.9,25.1,104.5,29.6,0.366,21,0
0,108.9,79.4,16.3,149.1,19.8,0.08,21,0
2,65.0,76.2,17.4,44.0,23.6,0.204,45,0
1,122.4,83.5,24.4,126.8,24.9,0.266,34,0
2,130.2,74.9,11.9,84.7,27.2,0.264,21,0
3,119.6,88.5,24.8,32.5,32.2,0.213,53,0
1,133.0,74.5,20.3,52.8,30.2,0.295,48,0
5,131.9,85.5,21.3,150.2,25.0,0.08,53,0
1,75.3,78.4,23.6,303.3,23.2,0.205,53,0
1,114.3,79.0,22.5,100.8,25.4,0.211,61,0
3,125.1,76.6,22.4,97.6,26.5,0.415,31,1
1,124.8,73.4,21.5,115.5,24.9,0.31,22,0
3,160.2,93.2,24.1,70.9,26.3,0.765,73,0
1,128.1,79.8,24.4,97.7,33.8,0.08,21,0
0,117.2,65.9,9.3,85.4,24.5,0.216,21,0
1,142.6,73.8,14.4,247.0,22.7,0.236,28,0
1,144.1,96.1,23.0,169.1,29.5,0.276,68,1
2,117.1,75.8,19.7,128.2,23.3,0.225,30,0
1,157.1,71.2,24.7,36.9,26.3,0.231,21,0
2,120.9,72.2,19.4,102.2,20.5,0.396,24,0
0,98.7,74.6,31.5,105.8,28.0,0.08,24,0
2,144.8,83.5,20.2,107.7,26.0,0.287,41,1
3,92.4,69.6,18.7,73.9,22.5,0.217,27,0
0,161.5,71.3,16.6,53.7,24.4,1.043,21,0
7,99.8,89.7,18.9,105.3,25.8,0.755,85,1
1,83.2,72.6,29.9,110.0,37.8,0.284,21,0
1,90.5,79.3,22.2,44.6,24.9,0.092,21,0
3,139.9,77.9,34.0,388.2,37.7,0.239,52,1
0,94.3,78.9,27.2,90.5,29.2,0.639,21,0
5,90.4,87.0,23.2,39.9,21.1,0.08,50,0
2,103.4,69.2,24.4,142.1,28.7,0.08,46,0
4,65.0,85.1,21.5,62.1,29.1,0.8,29,0
4,155.2,67.1,24.7,123.2,33.7,1.033,50,1
2,68.6,72.8,25.7,230.6,25.8,0.56,34,0
3,151.5,81.3,24.8,54.0,33.4,1.041,53,0
3,152.5,89.7,21.5,84.7,32.7,0.373,68,1
1,133.9,75.4,22.7,160.4,21.2,0.338,21,0
3,115.9,82.9,15.4,150.1,21.4,0.63,40,0
2,112.4,74.9,19.4,91.6,18.1,0.451,41,0
4,167.1,80.5,30.8,272.5,32.6,0.154,41,1
0,188.0,73.8,25.6,61.3,20.4,0.17,50,1
2,65.0,74.1,21.9,58.0,33.9,0.301,46,0
0,138.3,72.0,26.4,99.1,35.0,0.934,21,0
0,105.8,84.3,24.9,77.3,39.4,0.773,21,0
3,185.2,67.6,22.4,86.9,30.9,0.218,33,1
2,123.6,83.0,28.2,113.9,31.7,0.513,41,0
1,92.2,80.5,17.8,124.7,27.3,0.78,42,0
3,87.5,75.9,26.6,152.4,19.3,0.438,43,0
2,113.1,81.5,18.2,71.5,21.1,0.3,47,1
4,65.0,76.5,19.2,57.6,24.5,0.16,46,0
2,78.1,80.5,24.9,103.8,30.7,0.694,36,0
3,68.7,87.7,20.9,110.8,25.0,0.464,69,0
1,65.0,78.3,22.6,87.9,24.5,0.203,21,0
0,135.5,77.5,31.7,77.7,37.1,0.401,21,1
1,138.4,77.3,19.9,161.9,23.5,0.668,40,1
2,144.1,76.7,25.1,194.4,21.0,0.444,44,0
5,80.9,72.7,28.4,85.2,32.8,0.483,40,0
0,130.1,79.6,23.2,72.7,33.0,0.442,29,0
3,114.2,87.4,27.9,132.7,33.1,0.227,45,0
2,81.7,72.6,24.0,64.3,24.2,0.373,24,0
0,102.1,72.0,19.6,28.9,24.4,0.479,21,1
4,72.2,79.6,35.9,53.8,35.8,0.083,60,0
2,65.0,77.5,19.6,190.7,25.7,0.449,28,0
4,87.8,85.6,28.2,84.1,28.6,0.516,39,0
3,95.1,79.3,27.3,172.9,35.9,0.176,26,0
1,141.8,77.4,18.7,38.1,23.7,0.414,28,1
2,92.5,74.1,23.1,98.3,23.9,0.819,54,0
2,147.4,84.0,24.0,51.0,25.9,0.702,37,1
4,151.6,74.6,29.7,44.9,29.3,0.667,38,1
1,120.5,73.7,22.9,129.1,21.2,0.981,21,0
1,100.5,79.6,22.7,235.1,20.9,0.08,36,0
1,82.7,79.7,22.6,37.8,25.0,0.292,26,0
0,86.9,91.7,25.4,54.0,31.3,0.316,85,0
3,136.8,74.4,21.8,71.5,29.9,0.31,25,0
0,141.6,88.5,23.7,85.2,25.6,0.482,68,1
2,104.2,83.3,19.9,73.8,30.5,0.08,40,0
0,120.2,86.8,18.4,16.8,21.0,0.132,21,0
2,66.7,77.7,24.3,64.6,27.9,0.121,54,0
2,97.3,81.6,23.9,102.0,27.4,0.486,66,0
6,127.2,87.5,28.9,473.5,34.8,0.322,79,1
2,94.1,82.2,26.0,37.1,29.6,0.351,42,0
4,75.7,82.0,21.2,82.7,18.0,0.438,26,0
3,86.1,75.6,14.4,209.2,20.6,0.21,26,1
4,68.4,83.8,18.6,122.1,29.6,0.235,43,0
1,81.3,67.8,20.3,110.0,18.0,0.341,21,0
0,140.7,70.8,26.3,133.2,27.2,0.321,21,0
3,160.4,82.8,23.7,65.6,24.5,0.265,38,1
3,169.1,75.4,16.7,90.7,27.2,0.08,53,0
4,108.5,88.0,20.4,290.5,23.9,0.813,32,0
1,111.0,86.8,23.2,86.8,32.4,1.194,79,1
2,139.3,84.5,25.4,132.7,25.4,0.498,45,0
3,74.6,85.0,23.9,187.1,30.0,0.9,31,0
1,89.2,73.1,18.6,70.7,29.9,0.501,26,0
2,93.0,71.7,23.1,94.2,20.8,0.084,22,0
2,158.7,82.4,26.5,93.5,29.1,0.26,50,1
4,99.1,77.0,29.8,81.5,24.4,0.989,25,0
1,153.6,78.3,24.2,112.5,29.7,0.165,43,0
1,92.6,77.7,18.8,72.7,21.5,0.08,21,0
0,81.1,64.3,23.3,41.5,25.8,0.244,21,1
6,169.4,67.5,25.6,76.8,29.6,0.397,36,1
0,121.1,67.9,27.4,73.1,29.3,0.136,21,0
4,92.7,84.1,23.8,116.9,22.4,0.412,61,0
1,65.0,79.9,24.0,51.9,29.1,0.08,21,0
0,96.3,75.4,20.1,323.2,29.8,0.392,21,1
0,173.7,84.3,20.6,45.8,19.7,0.216,63,0
3,103.3,83.9,21.4,178.4,18.2,0.426,58,0
2,65.0,85.9,22.3,158.1,30.8,0.265,63,0
0,101.8,71.3,24.1,39.0,21.0,0.383,22,0
4,140.6,78.0,20.5,96.2,28.0,0.574,36,0
1,106.1,79.6,23.1,62.5,26.6,0.788,40,0
3,133.0,78.6,19.8,54.9,24.6,0.195,32,0
2,128.0,76.3,27.1,130.8,36.1,0.225,48,0
7,106.7,76.0,24.3,66.9,21.8,0.26,56,0
3,90.8,78.9,22.6,103.1,23.0,0.456,35,0
1,97.8,74.8,26.7,92.4,31.1,0.609,21,1
1,99.7,72.3,30.7,48.4,29.2,0.489,47,0
4,65.0,80.3,22.0,124.4,28.2,0.379,39,0
5,130.2,82.9,27.0,81.5,29.0,0.356,54,1
2,92.9,71.5,16.7,210.0,24.3,0.281,48,0
1,150.7,82.5,25.5,152.0,21.7,0.442,64,1
2,156.2,81.7,29.6,112.4,36.1,0.254,38,1
2,101.7,86.3,20.7,112.8,21.2,0.885,72,0
5,113.8,92.7,18.2,137.0,18.0,0.363,70,0
2,97.8,83.3,27.9,149.6,23.5,0.571,51,1
5,65.8,83.2,28.6,222.3,31.9,0.828,57,0
2,96.3,77.5,17.8,142.9,18.0,0.113,65,0
3,114.9,76.1,18.5,185.7,22.9,0.292,33,0
2,132.6,80.4,33.6,78.3,32.5,0.348,65,0
2,172.9,75.6,18.4,69.5,20.6,0.604,44,0
3,95.0,83.1,20.6,102.2,28.5,0.575,52,0
1,87.3,77.0,20.9,68.9,27.5,0.08,56,1
3,143.4,80.1,28.4,161.0,27.8,0.302,51,1
2,65.0,82.2,24.0,30.3,30.9,0.397,40,0
1,83.0,78.6,21.0,75.0,20.6,0.418,60,0
2,150.9,86.4,26.8,77.0,32.5,0.093,85,0
2,84.6,80.2,11.9,152.5,20.9,0.668,85,1
3,97.7,80.2,19.5,30.5,24.8,0.192,45,0
0,114.7,92.1,27.5,122.5,25.6,0.322,62,0
2,136.6,86.3,21.6,110.4,29.8,0.259,85,0
1,113.5,83.1,15.3,159.4,18.8,0.08,32,1
3,113.1,90.4,23.8,55.6,36.4,0.409,51,1
3,103.9,84.1,25.1,64.7,25.9,0.667,52,0
1,106.0,76.3,28.0,84.2,31.8,0.485,85,0
2,88.0,76.2,23.8,61.2,20.7,0.237,69,1
6,81.7,86.6,30.8,58.7,24.6,0.48,39,0
1,155.1,69.5,19.1,30.3,18.0,0.252,42,0
3,93.5,78.1,22.8,307.8,32.1,0.164,27,0
3,108.1,69.9,37.9,84.5,21.9,0.569,22,0
5,145.7,83.3,19.8,78.2,21.1,0.182,49,0
3,65.0,84.4,21.0,85.7,30.5,0.112,47,0
1,66.9,74.2,12.6,382.5,18.0,0.288,36,0
7,113.8,80.4,25.2,47.4,26.3,0.08,26,0
0,114.9,77.7,28.8,59.6,37.3,0.38,32,0
3,65.0,74.0,16.2,49.0,22.0,0.505,85,0
5,65.0,76.1,23.3,62.6,22.6,0.139,25,0
0,67.0,82.8,25.4,221.1,32.6,0.482,21,0
2,124.3,78.9,23.4,277.1,21.0,0.53,50,0
3,139.7,82.1,30.7,59.8,35.3,0.08,31,1
0,120.8,90.5,27.6,102.7,33.5,0.08,55,0
0,65.0,90.4,24.0,225.8,30.4,0.528,52,0
0,73.9,64.8,20.5,162.9,22.2,0.364,21,0
5,108.2,87.3,23.5,119.7,27.0,0.169,50,0
3,114.5,79.8,22.9,84.3,26.0,0.119,33,0
2,96.1,71.6,26.9,83.8,28.0,0.159,60,0
4,103.0,94.9,21.9,112.4,29.2,0.272,60,0
0,124.3,81.0,22.7,95.9,24.6,0.262,23,0
1,179.4,73.6,13.1,59.2,24.5,0.342,21,0
0,147.7,83.0,24.3,69.2,31.5,0.434,59,0
0,103.2,84.9,35.9,320.4,40.3,0.08,56,0
1,109.5,77.5,19.3,92.2,20.8,0.665,23,0
2,111.3,80.8,28.9,112.2,31.6,0.371,59,0
3,96.6,72.2,24.8,95.2,30.4,0.609,37,1
1,155.7,70.5,29.9,110.6,30.1,0.203,21,0
2,154.8,81.7,28.9,34.0,28.8,0.263,30,0
3,121.9,72.6,24.3,101.3,24.5,0.166,31,1
0,163.3,67.8,31.0,65.5,28.3,0.396,21,0
3,97.2,86.7,17.7,242.2,25.9,0.106,65,0
6,131.3,83.6,24.8,121.8,30.5,0.618,66,0
1,155.0,86.4,22.2,104.3,30.0,0.246,71,1
0,134.3,74.1,23.3,103.9,18.0,0.388,22,0
1,168.0,75.7,24.3,149.3,28.5,0.311,30,0
3,131.8,65.3,25.3,43.9,28.8,0.581,34,0
2,109.3,85.0,26.5,94.7,33.3,0.164,21,1
1,79.2,83.3,23.2,134.0,27.6,0.146,44,0
0,100.8,75.0,21.4,75.1,25.2,0.519,24,0
1,142.5,82.9,12.6,77.3,32.6,0.208,38,1
0,147.4,72.2,22.0,95.1,23.4,0.145,27,0
4,65.0,79.7,20.3,45.3,19.1,0.278,49,0
1,97.3,81.9,28.5,139.4,30.9,0.257,58,0
3,129.8,72.7,32.8,49.5,34.7,0.316,36,1
2,121.1,80.0,20.4,71.9,25.5,0.465,35,0
2,90.4,82.7,23.2,74.4,23.4,0.571,46,0
2,163.4,81.5,27.6,106.4,34.1,0.197,21,1
1,143.6,71.9,28.5,225.4,30.3,0.511,30,1
0,185.2,71.8,20.7,123.7,26.0,0.246,24,1
2,103.8,71.9,14.7,58.6,28.9,0.394,67,0
5,65.0,93.6,13.8,46.5,22.1,0.784,85,0
0,119.6,73.9,27.8,114.1,29.3,0.444,21,0
3,179.4,76.1,17.7,56.1,18.0,0.124,40,0
1,121.1,76.1,20.2,152.3,22.8,0.377,22,0
0,134.3,80.0,24.3,127.3,26.6,0.868,24,1
3,130.5,86.5,24.9,102.3,28.4,0.392,40,0
2,73.1,74.9,30.8,47.6,25.3,0.095,33,0
3,84.5,70.6,27.3,427.1,32.8,0.472,40,1
0,97.0,78.4,17.0,57.7,28.5,0.513,23,0
2,106.3,75.4,21.5,137.3,24.9,0.243,40,0
1,146.6,82.8,19.2,45.7,26.3,0.247,66,1
2,90.4,77.5,22.1,165.9,31.0,0.23,53,0
0,65.0,76.9,18.8,81.4,29.6,0.471,21,0
2,87.2,76.4,28.4,92.6,25.8,0.151,76,0
0,100.3,72.5,24.0,73.6,35.5,0.312,22,0
2,158.0,81.1,17.0,232.0,22.4,0.562,24,1
1,88.9,89.0,26.1,139.8,35.8,0.197,58,0
3,65.0,74.0,25.0,69.4,19.6,0.389,41,0
6,84.5,78.2,21.2,66.6,20.7,0.135,35,0
3,115.5,76.6,19.7,137.3,21.3,0.506,32,0
2,65.0,76.9,26.7,329.3,34.1,0.369,33,0
2,133.7,77.9,30.2,82.6,24.3,0.235,33,0
3,129.5,83.1,25.7,125.7,25.9,0.09,48,0
3,115.5,71.7,17.8,167.9,19.8,0.234,51,0
1,131.0,80.1,21.0,88.3,24.7,0.681,33,0
3,100.1,77.8,21.0,91.8,26.2,1.135,70,1
3,93.8,76.6,20.9,62.8,30.7,0.08,40,0
0,94.9,83.9,21.9,105.5,29.4,0.142,44,0
1,104.7,73.5,25.3,65.4,23.8,0.494,63,1
4,179.4,76.5,27.5,59.4,20.1,0.08,27,0
2,90.8,80.5,24.5,48.8,26.1,0.532,49,0
3,139.4,78.1,25.2,92.9,37.4,0.375,25,1
1,83.9,75.5,31.2,58.1,29.2,0.253,24,0
1,114.3,79.1,19.0,107.2,21.4,0.311,72,0
2,112.7,74.7,20.0,153.0,19.0,0.13,82,0
4,65.0,82.4,26.8,55.6,22.0,0.579,43,0
3,118.8,74.8,22.7,125.4,25.8,0.796,30,0
1,92.3,73.7,30.4,106.3,34.1,0.409,48,1
4,65.0,74.3,20.2,157.9,18.0,0.859,39,0
3,122.2,87.2,25.4,102.3,29.1,0.303,55,0
2,149.1,67.7,24.5,83.1,22.2,0.171,39,0
4,115.5,78.6,26.6,169.7,31.3,0.14,39,0
2,148.0,70.9,27.1,115.7,28.8,0.107,24,0
3,183.4,72.1,29.9,136.0,39.2,0.4,31,1
2,113.3,80.4,29.6,109.6,28.2,0.275,35,0
3,122.2,82.4,35.1,45.7,36.3,0.363,49,0
4,125.3,72.1,22.1,35.5,22.8,0.08,28,0
2,141.7,82.0,16.4,53.8,25.9,0.477,77,0
3,92.0,72.0,19.6,66.8,18.0,0.094,38,0
1,148.7,69.7,24.6,338.4,28.4,0.121,21,0
3,149.1,77.0,25.1,46.4,26.1,0.232,33,0
3,125.8,79.1,28.3,132.8,29.8,0.23,52,0
5,162.7,79.4,28.1,47.0,26.6,0.323,34,0
0,149.0,71.2,29.7,111.3,35.3,0.427,24,0
3,80.4,84.9,22.8,75.6,26.1,0.163,31,0
1,116.0,76.2,21.8,39.6,30.4,0.279,28,0
4,141.6,75.6,25.4,94.2,36.5,0.466,48,1
3,149.1,79.8,28.7,111.4,37.2,0.221,28,0
0,65.0,74.1,21.5,217.5,29.7,0.596,21,0
2,111.6,80.1,22.0,131.8,28.3,0.157,27,0
5,154.7,87.9,29.3,99.3,29.8,0.415,59,1
1,148.1,84.3,30.5,28.5,36.4,0.666,47,1
0,66.3,72.3,26.5,122.5,28.0,0.295,21,0
2,85.4,78.0,25.2,45.4,28.3,0.357,57,0
2,128.2,75.7,25.2,71.1,22.9,0.648,64,0
3,111.4,83.8,26.0,54.9,23.2,0.24,50,1
2,107.7,73.4,27.1,88.4,30.6,0.518,25,1
0,116.3,77.8,20.1,76.2,22.5,0.47,60,0
1,107.3,68.7,28.5,83.3,29.3,0.627,35,0
4,104.3,75.7,20.3,104.0,25.9,1.269,28,0
2,133.9,76.5,27.2,119.1,24.0,0.094,35,0
6,140.4,66.4,15.8,118.6,22.9,0.938,45,0
3,117.6,84.2,31.5,105.0,40.8,0.177,49,0
3,156.7,76.2,23.5,73.8,30.5,0.457,41,1
2,96.4,78.8,26.5,70.0,19.9,0.381,37,0
0,117.5,78.2,30.5,120.0,41.2,0.326,24,1
5,108.5,74.4,25.6,83.1,28.3,0.812,47,0
4,68.1,80.2,23.8,104.0,23.5,0.359,42,0
3,132.9,77.4,20.9,171.2,26.4,0.413,49,0
4,151.7,85.7,31.8,47.9,36.3,0.08,36,1
5,141.9,79.1,23.2,85.3,23.6,0.185,51,1
2,123.3,85.8,23.1,111.1,25.2,0.08,49,0
2,66.1,84.4,34.4,73.4,30.6,0.251,32,0
3,137.0,79.2,18.8,112.3,26.2,0.173,38,0
1,173.7,82.6,21.4,114.1,35.1,0.548,53,1
2,111.5,77.8,24.9,34.1,23.3,0.809,55,0
3,118.8,80.7,22.2,88.8,23.7,1.004,63,1
5,155.6,78.0,24.9,175.4,25.5,0.08,28,1
4,118.0,83.9,14.2,106.4,26.0,0.628,33,0
1,109.3,82.4,27.4,153.9,29.4,0.269,74,1
1,115.0,94.7,24.7,101.0,26.4,0.813,85,1
1,140.4,79.3,22.1,44.4,23.5,0.276,44,0
2,144.6,73.0,27.5,124.0,30.3,0.491,37,1
1,65.0,93.5,23.9,115.7,23.2,0.559,85,0
1,136.6,81.9,22.0,73.5,32.1,0.855,77,1
1,120.0,83.4,18.8,92.8,18.0,0.595,54,0
3,89.7,71.2,30.3,56.6,28.9,1.091,37,0
3,160.8,73.6,26.4,69.1,27.1,0.268,45,1
1,135.9,79.4,27.0,63.0,29.6,0.295,21,0
2,73.1,81.1,25.7,83.1,30.3,0.428,58,0
2,138.7,82.7,22.4,138.0,27.7,0.208,29,1
3,152.4,84.7,30.2,100.9,39.0,0.377,72,0
0,90.3,79.7,28.1,51.1,31.0,0.391,21,0
3,121.9,77.6,28.1,70.2,37.6,0.08,29,0
1,112.4,76.3,17.3,160.7,29.1,0.107,41,0
1,115.5,80.8,18.4,48.6,24.2,0.477,40,0
2,104.8,66.6,17.3,100.8,18.0,0.261,27,0
6,100.9,77.9,27.5,63.2,29.5,0.414,41,0
1,134.8,86.3,29.0,153.4,31.0,0.155,36,0
2,118.6,75.8,20.0,175.9,20.6,0.949,41,0
3,139.8,79.8,26.2,80.4,27.7,0.751,31,0
3,149.4,79.8,22.5,52.1,19.8,0.43,62,0
2,166.5,75.1,26.9,58.3,32.1,0.786,46,1
2,90.7,75.6,28.0,149.7,31.2,0.317,32,0
1,156.9,79.8,17.1,56.2,18.0,0.193,51,1
0,129.8,75.6,18.5,62.0,19.4,0.299,29,0
2,121.0,70.9,13.6,125.8,18.0,0.242,29,0
0,125.5,75.1,17.1,211.0,29.5,0.199,21,0
2,110.8,78.1,26.1,145.2,29.6,0.241,47,1
2,65.0,85.4,28.9,154.1,32.3,0.303,42,0
2,141.5,78.3,18.7,114.1,21.5,0.376,26,0
1,133.6,73.8,24.8,58.5,25.0,0.389,25,0
0,125.0,82.7,19.3,80.7,23.3,0.593,47,0
0,68.0,85.7,21.4,143.8,22.4,0.191,32,0
3,120.6,79.1,23.1,133.4,22.3,0.093,47,0
0,129.4,78.6,21.4,194.6,20.4,0.693,21,0
0,174.5,72.5,26.5,87.7,29.6,0.811,22,1
0,127.3,85.8,23.8,45.4,35.5,0.879,59,1
1,65.0,81.9,29.2,61.6,32.4,1.805,44,0
2,131.6,86.1,24.6,86.2,25.3,0.155,53,0
4,152.6,78.2,20.4,70.0,26.9,0.08,32,0
1,104.5,70.6,24.4,155.9,29.7,0.292,27,0
3,65.7,77.8,25.1,26.6,28.3,0.819,57,0
1,175.0,75.5,17.9,42.6,22.5,0.2,21,0
3,118.9,73.0,25.6,118.2,30.0,0.765,38,0
4,97.8,76.5,22.1,64.2,30.3,0.186,52,0
3,140.5,71.9,20.2,36.3,22.3,1.523,32,0
2,85.2,89.0,25.7,164.8,28.2,0.942,85,0
4,85.0,79.6,29.1,63.0,26.3,0.225,39,0
4,102.8,77.9,29.1,69.0,30.1,0.25,47,0
1,122.7,74.2,21.8,68.7,23.9,0.236,26,0
2,95.5,79.3,30.9,250.9,38.1,0.68,77,1
3,132.9,84.4,23.3,45.8,19.8,0.503,41,0
0,137.1,83.7,30.6,61.8,37.5,0.926,33,0
3,114.2,79.5,22.1,295.8,22.9,0.649,40,0
1,108.7,69.3,21.2,117.0,30.6,0.553,21,0
2,142.1,79.3,13.2,134.0,21.5,0.457,50,0
2,134.1,67.3,17.7,89.5,23.4,0.388,29,0
3,80.7,83.2,28.1,116.8,22.6,0.189,45,0
0,154.1,81.5,24.3,128.7,24.6,0.285,21,0
2,139.7,75.4,17.4,49.1,22.3,0.26,21,1
1,97.8,81.1,29.9,120.3,39.4,0.255,40,0
2,65.0,84.4,27.5,132.8,33.2,0.199,74,0
3,124.3,84.9,25.6,248.6,25.9,0.2,21,0
4,122.3,71.9,28.0,80.4,33.0,0.348,29,0
1,123.5,73.6,31.8,120.7,39.9,0.419,21,0
3,159.2,80.9,24.0,122.5,33.3,0.08,32,0
3,114.1,73.7,34.5,73.5,35.8,0.86,39,0
1,127.4,81.9,28.0,177.3,34.4,0.163,34,1
3,133.0,72.3,23.9,59.6,35.5,0.435,21,0
1,100.8,77.7,28.0,37.1,32.9,0.196,21,0
1,139.9,64.6,19.7,58.5,21.8,0.136,21,0
3,158.5,79.3,31.2,312.5,35.9,0.08,30,0
5,101.7,74.1,16.7,51.8,27.8,0.338,26,0
1,65.0,83.4,26.7,80.4,29.3,0.207,31,0
4,89.6,74.8,22.1,63.8,18.0,0.364,37,0
1,117.1,73.9,20.8,214.0,23.3,0.158,33,0
5,65.0,90.0,28.8,38.1,34.3,0.193,80,0
1,98.3,87.7,24.0,72.6,33.0,0.837,82,1
8,116.0,77.1,26.0,310.3,31.9,0.689,40,1
0,135.5,67.4,13.4,96.2,19.6,0.229,28,0
2,146.5,78.4,26.7,57.4,28.8,0.175,33,0
2,126.3,69.8,20.2,67.4,27.2,0.336,43,0
0,109.5,75.6,21.9,38.0,31.5,0.632,24,0
3,102.1,76.0,23.3,111.6,26.8,1.558,43,1
4,113.2,72.8,21.1,33.3,23.3,0.511,34,0
6,140.7,88.6,23.1,88.5,24.1,0.28,75,0
1,132.0,68.5,21.7,60.4,18.0,0.19,24,0
5,115.9,76.8,16.3,86.8,26.0,0.08,66,0
1,157.2,73.9,22.9,77.7,26.6,0.722,43,0
1,104.5,78.2,22.0,41.1,19.8,0.08,27,0
5,149.9,81.7,18.7,72.1,24.7,0.08,52,0
1,100.9,75.0,26.0,159.3,42.1,0.289,21,0
2,79.5,80.4,27.3,94.2,23.0,0.378,30,0
0,117.4,76.4,29.3,99.0,33.1,0.543,34,0
0,65.0,73.1,25.7,262.9,27.7,0.343,27,0
0,105.6,79.8,27.6,51.9,28.7,0.163,59,0
3,140.8,79.9,25.3,59.7,32.4,0.47,85,1
1,140.3,71.1,19.5,78.1,18.0,0.305,24,0
2,157.8,81.6,22.9,135.1,30.7,0.312,57,1
3,92.5,71.8,20.9,74.0,21.9,0.529,39,0
4,80.8,82.8,22.2,141.0,31.3,0.559,54,0
1,136.0,79.5,18.3,128.4,29.6,0.172,42,0
3,91.2,73.2,14.7,77.0,18.2,1.058,35,0
4,121.9,96.3,38.6,65.1,36.0,0.566,85,1
4,82.2,86.2,23.1,232.0,31.5,1.09,41,1
2,100.5,74.2,24.1,66.2,28.2,0.156,56,1
3,99.2,80.6,28.6,104.6,40.0,0.193,28,1
2,114.6,87.9,16.7,121.1,23.2,0.116,73,0
4,111.3,79.6,23.6,61.3,26.4,0.148,38,0
1,122.1,70.8,30.9,470.1,33.4,0.926,21,1
2,122.2,69.4,19.8,89.9,32.4,0.617,32,0
1,130.1,78.0,28.1,83.4,30.3,0.198,41,0
2,104.1,79.8,14.8,77.9,22.8,0.354,40,0
2,130.6,72.8,22.2,139.7,29.5,0.269,36,0
4,148.0,83.5,29.9,85.4,43.7,0.08,39,0
0,77.8,72.0,26.2,43.2,34.0,0.414,23,0
3,83.1,78.6,27.8,118.2,31.5,0.391,38,0
4,137.6,85.4,38.5,51.7,46.1,0.11,30,1
2,140.3,82.8,23.8,207.3,33.7,0.209,47,1
2,104.6,73.5,31.0,231.5,30.9,0.311,39,0
1,134.3,64.9,16.5,65.1,26.0,0.505,28,0
3,102.7,91.9,14.2,138.7,24.9,0.342,49,0
5,114.3,79.8,24.0,87.4,20.9,0.859,58,0
2,114.3,79.3,19.1,81.8,27.1,0.908,44,1
1,118.8,66.5,17.5,191.4,24.4,0.595,26,0
1,159.4,79.8,26.5,126.3,26.6,1.619,84,1
4,194.3,81.4,31.8,101.4,28.9,0.194,37,1
0,71.2,81.1,21.0,123.4,24.5,0.219,43,0
2,96.9,73.0,25.7,81.0,32.7,0.82,21,0
5,92.8,76.7,18.5,70.0,26.5,0.347,39,0
4,159.1,77.5,23.1,106.8,24.9,0.556,54,1
2,153.1,79.5,26.6,65.5,31.6,0.503,33,1
1,143.5,78.0,22.1,148.2,28.1,0.103,46,1
3,102.4,71.7,21.0,90.6,21.5,0.652,47,0
4,121.8,82.5,21.4,65.7,19.3,0.459,56,1
4,65.0,76.1,24.0,130.2,25.3,0.865,38,0
3,138.4,82.0,28.2,96.2,36.3,0.358,31,0
1,127.5,68.9,29.0,80.9,30.3,0.653,21,1
3,100.2,73.7,19.8,30.0,30.9,0.462,47,0
2,140.0,85.0,26.1,87.0,26.4,0.377,82,1
1,108.6,83.3,28.1,92.9,29.5,0.497,26,0
1,65.0,77.7,24.8,141.4,32.0,0.566,52,0
2,155.9,90.5,16.3,39.6,26.6,0.183,76,0
3,170.5,68.3,17.4,447.2,19.8,0.409,28,1
1,71.3,82.5,19.9,45.8,23.1,0.239,59,0
0,123.5,77.8,21.0,37.6,23.1,0.59,21,1
4,162.7,82.3,25.9,107.2,41.3,0.272,59,1
1,72.7,76.5,30.7,38.2,29.2,0.122,21,0
1,65.0,70.8,20.4,160.7,26.2,0.818,21,0
0,107.4,76.4,15.8,105.5,20.1,0.09,24,0
4,117.8,89.4,24.3,116.3,32.0,1.144,48,0
3,156.2,80.7,29.8,41.7,30.1,0.525,41,1
5,188.1,76.0,30.1,73.0,28.3,0.265,60,0
2,136.6,79.1,28.8,198.0,30.0,0.306,37,1
1,65.0,67.6,23.8,49.9,21.2,0.263,23,0
2,129.5,69.1,25.7,195.7,27.5,0.806,41,0
2,110.5,82.8,25.3,100.8,28.1,0.236,50,0
2,145.6,82.7,28.9,169.5,31.7,0.204,46,1
0,65.0,72.0,23.9,68.5,32.9,0.846,47,0
1,144.6,74.0,22.2,26.4,18.0,0.352,53,0
3,165.6,77.5,16.6,74.3,26.3,1.14,38,1
1,122.1,91.3,25.3,103.3,32.4,0.183,60,1
3,152.4,78.2,25.8,58.1,36.8,0.361,21,0
1,140.1,77.1,19.5,49.8,21.8,0.286,62,1
2,65.0,78.2,26.1,205.2,27.2,0.217,61,0
3,120.2,73.5,20.2,72.2,31.1,0.256,37,0
2,125.8,82.2,25.8,57.2,30.9,0.379,44,0
1,81.0,69.1,22.3,76.4,20.7,0.324,48,0
5,125.1,84.0,16.9,53.8,21.4,0.871,85,1
2,65.0,84.3,19.9,55.3,18.0,0.11,36,0
8,115.7,74.4,24.6,172.2,25.0,0.795,36,0
1,129.3,75.6,19.7,105.9,22.9,0.591,22,0
4,193.2,78.3,14.9,45.7,18.0,0.432,72,1
2,86.1,83.9,29.4,147.0,29.9,0.088,47,0
3,138.7,80.8,23.6,100.5,26.0,0.169,33,0
0,76.0,83.4,20.0,201.0,30.7,0.08,39,1
2,151.8,82.1,21.9,123.6,29.5,0.303,55,0
2,113.4,84.7,28.7,120.3,32.0,0.257,41,1
2,133.3,76.0,20.0,49.8,25.7,0.384,46,0
2,86.0,69.8,19.3,213.8,27.4,0.37,23,0
0,132.2,81.5,22.4,86.2,26.5,0.646,25,0
3,96.1,74.8,21.5,318.2,32.7,0.208,64,0
4,111.0,77.0,23.4,126.3,31.4,0.518,28,1
1,79.5,71.4,28.8,64.2,30.2,0.17,52,0
3,103.6,74.8,22.7,68.3,20.1,0.325,25,0
1,123.8,73.1,32.8,112.1,38.5,0.08,21,0
6,114.4,91.2,22.7,159.8,24.9,0.08,59,0
2,154.6,80.8,18.4,87.3,25.9,0.163,30,1
0,96.5,86.3,27.7,63.7,36.7,0.635,76,0
1,166.1,74.5,26.7,92.0,28.0,0.494,27,0
2,104.1,74.1,18.8,120.0,25.4,0.51,21,0
1,167.2,84.5,31.4,46.6,31.5,0.08,26,1
1,125.6,79.6,25.0,74.8,21.9,0.08,39,0
3,181.1,80.4,12.8,154.0,18.2,1.13,85,1
2,120.1,84.0,18.8,86.7,23.5,0.516,71,0
0,65.0,72.8,25.9,92.4,37.2,0.148,59,0
0,107.4,87.6,18.4,126.7,22.7,0.695,76,0
1,114.8,86.8,21.3,131.9,25.5,1.212,36,0
0,167.2,72.7,18.2,63.5,28.4,0.147,30,0
2,65.0,86.3,24.9,64.0,30.6,0.08,61,0
0,86.1,71.9,25.9,70.9,29.5,0.099,38,0
4,122.0,66.4,26.9,31.7,22.5,0.452,25,0
1,125.1,65.8,27.9,27.1,36.1,0.467,21,0
2,155.0,77.5,18.6,59.9,26.9,0.265,24,0
2,65.0,84.3,32.2,171.3,34.0,0.135,48,0
3,92.2,73.5,21.9,45.2,21.2,0.093,25,0
3,142.0,83.7,22.5,72.1,30.0,0.738,55,1
1,113.0,68.6,25.1,125.0,30.8,0.934,21,0
0,137.7,77.8,12.7,59.1,23.2,0.892,24,1
1,110.8,96.3,24.5,451.4,31.5,0.503,77,1
1,148.2,80.6,17.8,125.2,19.7,0.481,58,0
2,93.8,78.5,21.5,175.2,21.9,0.325,39,0
4,107.0,80.1,20.9,80.0,31.4,0.367,39,0
3,113.3,73.5,19.9,265.8,19.4,0.677,26,0
4,91.8,88.2,20.1,148.2,31.4,0.602,65,0
1,118.7,81.7,23.5,237.9,21.6,0.417,66,1
4,101.0,83.6,28.5,61.6,31.7,0.268,36,0
1,125.1,78.9,20.8,139.6,18.0,0.492,36,1
2,123.5,80.2,26.3,20.7,25.8,0.617,30,0
1,91.2,86.4,23.4,270.0,30.4,0.827,44,0
1,132.6,83.3,33.1,59.0,37.8,0.566,21,0
1,122.8,69.0,16.3,67.6,23.2,0.837,37,1
3,96.1,76.0,18.8,132.5,18.0,0.494,59,0
3,143.0,67.6,18.8,45.6,21.2,0.407,41,0
6,118.7,80.6,29.3,121.2,30.9,0.143,52,0
4,149.3,76.2,31.1,179.5,38.2,0.241,46,0
4,160.4,86.1,24.6,154.4,23.8,0.08,42,0
3,80.0,70.6,22.6,155.0,32.8,1.35,39,0
1,169.0,88.3,25.8,123.5,28.0,1.346,55,1
3,132.7,74.9,23.2,141.9,30.0,0.133,35,1
0,124.9,65.3,22.6,38.4,26.2,0.08,24,0
5,93.0,82.1,25.5,96.2,21.6,0.459,68,1
3,125.9,77.9,24.9,46.6,34.6,0.371,53,1
3,65.0,68.5,14.4,45.8,25.0,0.429,21,0
0,79.7,75.2,23.7,185.6,23.2,0.496,44,0
1,65.0,81.5,21.7,178.9,28.6,0.733,21,0
3,110.6,72.0,23.2,91.4,26.8,0.468,21,0
4,158.5,94.4,27.8,96.8,38.8,2.2,46,1
0,123.3,88.1,23.3,86.9,28.1,0.65,67,0
3,134.0,83.5,19.8,150.4,27.5,0.22,85,1
2,107.6,89.0,29.3,108.3,33.1,0.136,77,0
0,115.4,72.3,29.3,153.8,27.7,0.905,21,1
0,65.0,85.9,25.8,134.3,31.1,0.114,81,0
1,148.7,84.2,29.9,41.4,29.4,0.353,55,1
4,131.3,88.0,29.0,52.5,32.9,0.401,57,1
2,140.1,71.3,35.9,85.4,33.4,0.973,29,1
3,126.0,69.2,16.8,88.3,22.7,0.08,48,0
2,100.3,81.2,13.4,101.1,21.5,0.159,46,0
4,131.4,78.7,19.4,78.6,21.1,0.168,48,0
4,105.5,77.8,24.9,60.0,29.6,0.176,52,0
2,112.4,77.1,26.6,86.4,35.5,0.571,38,0
4,151.3,73.4,20.5,32.3,18.0,0.502,35,0
4,147.3,86.6,36.3,92.6,37.7,1.403,40,1
4,99.7,82.5,26.9,123.7,32.4,0.263,64,0
3,127.1,73.1,28.3,89.7,20.9,0.27,57,0
1,149.5,80.2,23.7,54.0,25.5,0.144,62,0
5,67.9,79.3,29.0,27.3,22.4,0.134,47,0
1,118.7,81.7,24.4,48.6,34.3,0.276,24,0
5,118.7,80.1,25.0,80.2,31.6,0.084,29,0
7,65.0,88.6,29.5,99.7,25.7,0.378,57,0
2,84.3,81.2,23.1,183.1,27.4,0.124,65,0
2,75.8,81.2,20.6,55.7,31.9,0.349,61,0
0,110.9,84.1,30.0,123.7,26.1,0.08,40,0
3,121.8,72.1,18.6,233.6,23.0,0.209,43,0
1,69.6,80.5,17.2,66.6,26.9,0.421,41,0
0,92.1,73.6,25.2,64.8,29.2,0.636,21,1
1,108.9,86.6,16.2,87.7,21.8,0.311,23,0
2,173.8,72.9,21.2,59.4,25.8,0.08,51,0
4,96.9,72.7,24.4,93.9,27.2,0.153,34,0
0,113.2,78.1,16.9,30.2,27.6,0.258,21,0
4,125.1,80.7,30.0,89.0,34.5,0.418,41,0
0,170.6,68.8,32.4,82.7,30.6,0.496,24,1
2,119.9,77.7,28.1,140.4,30.2,0.514,22,0
2,172.0,63.6,24.5,58.7,21.4,0.571,21,0
3,66.6,76.3,24.6,160.3,24.8,0.523,71,1
2,138.1,70.0,16.7,62.7,29.0,0.367,27,0
0,89.2,76.2,24.6,25.0,27.1,0.152,21,0
0,107.0,86.1,25.2,42.9,32.2,0.78,24,1
1,100.8,81.1,27.1,112.0,31.1,0.387,51,0
2,80.7,81.1,19.3,30.9,18.0,0.316,46,0
1,150.2,84.9,24.5,77.8,28.8,0.68,61,0
5,83.2,89.5,21.0,287.2,30.2,0.811,47,0
0,94.1,84.6,20.4,46.5,18.0,0.414,21,0
0,107.5,78.7,22.1,59.9,29.4,0.12,33,0
2,93.4,86.6,37.1,84.0,42.7,0.08,32,0
0,124.3,71.7,30.8,55.4,24.7,0.422,23,0
1,65.0,70.2,32.2,77.4,24.9,0.55,21,0
0,86.0,86.5,23.6,73.0,28.7,0.08,50,0
2,90.7,73.5,28.7,134.1,33.2,0.213,37,0
2,87.3,70.7,27.5,58.8,32.5,0.204,21,0
0,159.0,68.4,17.9,75.7,23.0,0.267,21,0
0,101.0,88.3,24.8,100.8,29.3,0.353,56,0
1,99.4,71.5,21.3,67.2,25.5,0.345,52,0
5,120.6,85.6,21.1,105.3,24.3,0.78,52,1
0,147.6,80.9,19.8,197.2,32.2,0.985,51,1
1,94.3,92.8,32.8,79.6,40.8,0.899,51,0
4,123.1,83.7,15.5,149.7,26.3,0.463,48,0
0,74.0,82.4,19.4,129.6,24.2,0.266,28,0
4,125.2,82.7,18.8,123.4,21.5,0.558,50,0
1,113.7,79.7,27.4,135.5,33.7,0.402,40,0
1,81.3,84.2,21.5,73.6,39.5,1.344,24,0
1,65.0,77.1,21.1,85.3,19.2,0.263,38,0
1,153.2,81.7,22.6,90.5,25.7,1.177,65,1
2,144.2,72.2,20.8,65.6,18.0,0.446,43,0
2,131.9,82.7,25.1,83.4,31.0,0.613,46,1
0,156.4,79.5,22.0,82.0,23.9,0.316,22,0
2,132.2,73.3,20.8,84.7,22.1,0.364,25,0
4,85.0,80.2,17.9,82.2,24.1,0.613,40,0
2,121.4,75.1,14.1,127.8,20.1,0.759,35,0
7,163.8,76.6,27.3,52.1,34.2,0.253,33,1
0,97.7,68.5,15.9,80.2,31.9,0.247,22,0
2,105.4,80.8,28.0,28.9,34.9,0.334,25,0
0,127.3,77.8,29.4,87.4,24.6,0.228,21,0
2,163.4,81.6,26.9,281.6,29.6,0.155,29,0
4,136.5,80.0,21.3,108.1,29.9,0.171,35,0
2,87.7,75.6,18.1,157.6,30.3,0.136,36,0
9,118.4,93.7,17.4,241.9,24.9,0.153,64,1
0,118.3,80.4,21.4,161.1,30.8,0.234,21,1
0,135.8,85.9,22.7,159.3,32.3,0.353,80,1
2,70.9,76.9,24.7,109.3,28.8,0.281,51,0
3,71.9,79.4,24.2,125.0,28.8,0.327,39,0
1,111.6,69.9,22.6,122.6,37.4,0.342,24,0
2,114.4,91.0,29.6,90.5,31.8,0.288,30,0
2,87.8,77.5,27.6,211.6,23.1,0.259,50,0
3,117.3,81.5,24.2,95.5,25.7,0.1,26,0
1,115.8,82.7,30.0,103.5,36.6,0.159,52,0
4,173.7,82.9,25.9,115.5,42.2,0.295,37,1
3,102.3,75.7,26.6,107.4,24.4,0.268,37,0
5,77.7,76.3,23.6,52.8,30.5,1.058,50,0
2,161.6,75.2,23.6,106.6,29.7,0.616,21,1
1,97.4,75.6,30.2,99.7,30.1,0.338,32,0
1,128.4,84.2,22.8,39.5,23.1,0.095,35,0
1,151.1,81.9,27.4,57.5,30.7,0.601,49,0
1,169.1,82.8,28.5,64.4,23.1,0.318,61,1
0,119.9,74.4,14.9,36.0,18.0,0.28,21,0
6,77.7,73.5,28.8,65.6,32.1,0.522,38,0
0,128.1,75.8,24.9,172.8,37.6,0.15,21,1
1,111.2,73.2,25.3,113.2,25.3,0.552,37,0
3,81.1,78.5,26.8,47.2,27.6,0.257,46,0
1,145.6,76.7,26.7,131.2,22.5,0.246,30,0
0,142.5,90.2,19.1,95.0,28.5,0.292,63,0
2,158.8,79.1,17.6,124.2,26.8,0.137,46,0
4,121.9,84.1,16.7,77.1,22.8,0.398,45,1
4,65.0,74.2,23.6,101.4,24.2,0.151,40,0
4,175.0,83.2,23.6,51.0,18.0,0.127,50,0
3,70.0,80.9,17.2,128.4,18.1,0.417,65,0
0,86.5,76.1,17.5,67.0,18.0,0.623,41,0
3,98.2,72.0,19.0,63.8,23.7,0.26,31,0
2,134.2,89.5,24.7,92.6,25.8,0.344,85,1
2,105.4,76.7,21.8,157.7,29.4,0.738,40,0
5,135.0,75.1,28.6,132.1,32.9,0.488,35,0
4,78.9,75.1,23.0,103.7,19.5,0.08,49,0
2,107.4,73.6,23.2,80.9,33.0,0.596,21,0
1,144.0,79.9,22.5,85.7,25.7,0.624,21,0
0,150.8,90.5,28.1,141.0,31.1,0.227,21,0
0,140.6,83.8,20.0,79.7,31.1,0.402,21,1
0,129.8,80.7,23.4,127.8,28.8,0.277,23,0
3,94.0,74.8,28.6,124.4,29.7,0.371,30,0
1,89.3,80.3,27.8,88.1,31.3,0.08,30,0
1,139.6,73.4,27.8,122.6,41.4,0.718,36,1
0,117.7,81.9,33.2,261.1,43.0,0.383,43,0
0,86.6,77.6,18.3,183.1,25.7,0.699,31,0
3,143.4,77.4,21.1,175.9,35.3,0.248,44,1
2,96.3,94.6,33.8,48.0,27.8,0.126,65,0
4,159.8,86.9,28.7,82.9,30.9,0.168,85,1
4,99.4,87.9,12.1,94.9,23.7,0.206,70,0
0,94.1,90.3,28.3,42.6,34.0,0.192,80,0
3,96.2,83.5,25.5,59.1,30.8,0.132,36,0
0,105.2,77.6,25.5,73.8,34.3,0.202,21,0
2,134.6,89.7,21.3,214.1,23.8,0.08,34,0
0,110.7,66.7,17.1,213.1,18.0,0.441,22,0
3,166.9,77.6,25.7,58.0,38.6,0.403,36,1
0,112.3,76.3,24.1,40.4,23.8,0.487,21,0
1,81.9,79.2,19.8,38.0,27.0,0.08,39,0
5,122.0,78.8,27.9,250.6,37.9,0.405,25,0
4,179.9,78.1,18.5,44.0,21.9,0.345,25,1
4,114.6,76.4,29.9,78.1,30.7,0.383,61,0
1,65.0,81.8,30.9,119.7,39.0,0.17,40,0
1,87.4,80.9,22.6,97.0,29.2,0.409,37,0
2,125.5,84.9,33.9,30.4,39.2,0.326,54,0
1,65.0,72.1,20.1,74.7,28.0,0.457,44,0
1,166.8,80.0,28.7,64.7,33.3,0.209,54,1
1,101.9,72.5,20.0,95.8,26.8,0.301,35,0
6,65.0,79.4,28.3,140.8,23.3,0.625,52,0
1,193.7,71.9,17.6,94.9,28.7,0.516,21,0
1,162.1,71.1,17.6,149.2,18.0,0.242,35,1
3,96.1,78.7,20.9,131.3,22.2,0.409,42,0
