age,sex,cp,trestbps,chol,fbs,restecg,thalach,exang,oldpeak,slope,ca,thal,target
59,1,1,144.2,223.7,0,0,111.2,1,0.7,0,1,1,1
52,0,1,121.2,254.4,1,0,148.3,1,0.9,1,0,1,0
61,1,2,156.2,264.7,0,1,151.2,1,0.8,2,1,2,1
71,1,3,158.6,231.8,0,0,151.6,0,0.6,0,2,2,1
51,1,2,129.9,221.3,0,0,170.9,1,0.1,1,1,3,1
51,0,2,143.2,204.9,1,1,156.5,1,0.9,0,2,2,1
71,0,2,155.1,244.0,0,0,135.5,1,1.4,1,0,2,1
62,0,1,124.6,215.5,0,0,125.3,1,0.6,0,1,2,1
49,1,2,131.3,252.5,0,2,111.6,1,0.3,0,1,3,1
60,1,2,136.9,208.7,0,1,159.1,0,0.1,0,3,1,1
49,1,2,113.0,234.3,0,2,131.2,0,0.4,1,0,2,1
49,0,2,137.7,198.0,0,1,153.8,1,2.6,1,0,3,1
57,0,2,150.2,292.8,1,0,164.9,0,0.5,0,1,1,1
33,0,2,123.2,235.1,1,0,205.0,1,1.3,1,0,2,1
35,1,1,135.4,235.5,0,0,157.4,0,0.4,0,2,1,1
48,1,2,157.7,265.5,0,1,126.7,1,0.1,0,0,2,1
43,1,2,124.0,315.7,0,1,157.6,0,2.1,0,0,3,0
57,1,0,141.2,246.0,0,0,105.8,0,0.2,0,1,2,1
44,0,2,118.2,172.3,0,2,149.9,0,0.1,1,2,2,0
38,0,0,116.3,287.8,0,1,157.7,0,0.5,0,0,1,0
70,1,0,144.2,187.3,0,1,141.4,0,1.9,0,0,1,1
52,1,2,137.8,218.9,0,0,175.4,0,0.1,0,0,1,0
55,1,3,144.2,294.2,0,1,162.7,0,0.2,1,0,1,0
38,0,0,128.4,221.1,0,2,142.0,0,1.3,0,0,3,1
48,0,3,137.9,214.1,0,0,180.8,0,0.4,0,1,1,0
55,0,2,161.2,254.1,1,0,175.1,0,0.8,2,0,1,0
41,0,3,146.8,237.3,0,1,136.8,0,0.5,1,1,2,1
58,0,3,138.1,212.3,0,0,109.0,0,3.7,0,1,1,1
47,1,3,141.3,277.6,0,0,103.3,0,2.0,1,0,1,1
51,0,2,124.9,294.4,0,0,162.9,1,1.5,1,1,2,1
47,0,3,126.4,300.0,0,0,174.2,0,1.1,0,0,3,0
74,1,0,147.9,272.7,0,0,126.7,1,0.7,1,0,1,1
54,1,1,135.6,210.6,0,1,147.1,0,0.5,2,0,1,1
42,1,1,145.3,182.0,0,0,166.9,0,0.0,1,2,2,1
63,0,2,156.1,142.6,0,1,148.9,1,1.1,1,3,1,1
41,1,0,128.9,282.3,0,1,163.6,0,0.8,0,0,1,0
56,0,0,95.3,250.7,1,0,192.9,0,0.1,1,0,1,0
32,1,3,165.1,215.3,0,2,157.3,0,1.2,1,0,1,0
39,0,2,115.5,151.1,0,0,160.7,1,0.8,1,0,2,1
56,0,3,135.0,190.0,1,0,133.9,1,0.4,0,0,1,1
62,1,0,149.1,166.5,0,0,166.9,0,0.3,2,0,2,1
56,1,1,159.9,305.5,0,0,180.0,0,1.0,1,0,3,1
53,1,1,166.3,269.0,0,1,153.4,1,0.2,1,0,2,1
51,0,0,123.7,182.9,0,0,158.0,0,0.7,2,0,1,1
38,0,1,148.4,307.7,0,2,187.6,1,1.3,0,1,3,1
46,1,1,135.6,206.8,0,1,143.8,1,1.6,1,1,2,1
49,1,0,182.1,255.0,1,1,157.5,0,0.5,0,0,1,1
66,1,2,156.8,261.1,0,1,105.0,0,0.5,2,2,2,1
58,1,1,131.8,238.7,0,1,148.2,0,0.8,1,0,2,0
35,0,0,112.0,221.4,0,0,154.5,0,0.4,0,0,1,0
58,1,2,90.0,244.3,0,0,171.6,1,2.0,0,2,1,1
50,0,2,142.1,227.7,1,0,146.2,0,1.1,2,0,1,0
47,0,3,147.4,249.9,1,1,144.9,1,0.5,0,0,2,1
61,1,1,149.2,256.6,0,1,178.8,0,0.2,2,2,1,0
65,1,3,94.4,222.2,0,1,136.6,0,3.8,0,1,2,1
64,0,3,110.9,293.4,0,1,155.7,1,3.3,1,0,1,1
45,0,2,137.4,201.4,0,1,184.3,0,0.3,1,0,2,0
51,1,1,165.4,257.5,0,0,136.6,0,0.3,0,0,3,1
58,1,0,134.0,227.9,0,0,164.2,0,0.3,2,0,1,0
65,0,2,153.4,207.0,0,0,124.7,1,0.4,1,0,3,0
49,0,2,111.1,227.4,0,2,164.9,0,0.4,1,0,1,0
52,0,3,134.2,211.6,0,0,167.9,0,0.0,2,1,1,1
42,1,2,126.1,266.2,0,0,142.7,0,1.5,1,0,3,1
41,1,3,152.1,232.7,0,0,105.5,0,0.8,1,0,1,0
63,1,3,126.5,304.8,0,1,118.9,0,0.1,1,1,1,0
69,1,3,167.9,204.8,1,1,142.0,1,3.6,1,0,1,1
53,1,1,128.2,144.4,0,1,124.8,0,0.4,0,0,3,0
65,0,0,114.5,262.6,0,1,132.0,0,2.0,1,0,1,1
58,0,2,113.3,318.6,0,1,156.4,0,2.8,0,2,2,1
47,1,2,121.0,260.5,0,0,145.5,0,0.0,2,0,3,1
58,1,0,141.7,201.3,0,1,147.0,0,3.3,0,2,1,0
71,1,2,127.3,202.3,1,0,122.8,0,0.5,1,0,1,1
54,1,2,119.2,330.5,1,0,189.0,0,0.1,0,1,1,1
71,1,0,154.3,230.7,0,0,121.5,1,0.8,1,0,2,1
25,0,2,90.0,186.6,0,0,163.9,0,0.0,1,0,1,0
63,0,3,125.5,296.9,0,0,154.1,1,0.4,1,0,2,1
55,0,2,107.2,235.3,0,0,124.0,0,1.8,1,0,1,0
51,0,2,114.6,151.1,1,0,149.7,0,1.6,1,2,3,1
55,1,0,138.6,333.4,0,0,142.4,1,3.6,0,0,3,1
32,0,2,121.8,259.4,0,1,177.8,0,0.0,0,2,1,0
52,0,3,125.2,174.2,0,0,149.6,1,0.8,2,2,2,1
58,1,1,156.4,304.2,0,0,132.3,0,0.1,2,1,1,1
70,0,1,134.8,200.9,1,0,144.5,0,2.4,1,1,1,1
48,1,2,165.0,190.5,0,1,175.9,0,0.0,1,0,1,1
45,1,3,144.6,199.0,0,1,146.4,0,2.6,0,0,1,0
48,1,0,115.1,324.6,0,1,152.6,0,0.4,0,3,1,1
64,1,1,171.3,334.9,0,1,139.9,0,1.1,0,0,1,0
58,0,0,137.0,218.7,0,1,153.9,0,0.6,0,1,1,0
48,0,1,163.2,314.3,0,0,134.5,0,0.9,1,1,2,0
60,1,2,130.7,142.9,0,0,185.0,1,0.5,1,0,1,1
55,1,3,139.2,282.0,0,0,177.0,0,1.3,0,0,1,0
65,1,1,144.5,305.3,1,0,133.5,1,0.2,1,0,1,1
46,0,2,126.0,304.9,0,0,198.9,1,0.4,0,0,3,0
50,1,3,155.9,243.4,0,2,96.5,0,0.3,0,0,1,1
50,1,1,167.8,264.9,0,0,169.1,0,0.4,1,0,2,1
38,1,2,90.0,204.2,0,0,205.0,0,0.2,2,0,1,0
57,0,2,146.4,243.6,0,1,140.4,0,1.0,2,0,1,0
57,1,1,118.6,235.2,0,2,165.3,0,0.6,0,2,2,0
54,1,0,90.0,231.6,0,2,167.2,0,0.5,0,3,2,1
51,1,2,142.6,290.3,0,0,144.6,1,2.0,1,3,2,1
38,0,1,136.3,245.3,1,0,169.7,0,0.9,2,0,1,1
49,1,1,145.0,314.1,0,2,188.1,0,0.8,0,2,2,1
50,0,3,136.7,250.9,0,0,131.2,0,1.1,2,0,2,0
45,0,2,144.5,334.7,0,0,164.4,0,1.0,0,2,2,1
52,1,3,122.6,294.7,0,2,170.1,1,1.1,0,0,2,1
58,0,0,136.7,239.0,0,0,130.5,0,1.0,0,3,1,1
75,1,3,151.8,256.4,0,0,137.8,1,0.3,1,3,1,1
56,1,2,158.9,205.1,0,0,158.0,0,1.2,1,2,3,1
57,0,2,132.5,249.5,0,0,130.9,1,0.7,1,0,2,0
53,1,1,129.9,197.8,0,0,181.2,0,1.5,0,1,1,0
33,1,1,127.8,292.6,0,2,167.0,0,0.4,0,0,3,1
54,0,2,109.5,226.3,0,0,132.9,1,0.7,2,2,3,0
55,1,2,148.1,257.4,1,0,122.8,1,1.4,1,1,1,0
81,0,3,111.5,150.5,1,0,126.2,0,0.4,2,0,2,1
52,1,0,140.5,228.9,0,1,142.8,0,1.2,1,3,3,1
57,0,3,133.3,226.1,0,0,155.4,0,1.4,0,0,2,1
54,1,3,106.1,281.9,1,0,122.3,0,0.8,1,2,1,0
41,0,2,100.9,259.8,0,0,142.2,1,0.2,2,0,1,0
67,1,0,121.9,290.8,0,1,174.0,1,2.8,0,2,1,1
62,1,2,129.8,263.7,0,1,109.6,0,0.6,0,3,3,1
63,1,2,162.9,298.7,0,1,129.7,1,2.0,0,0,1,1
44,1,2,129.5,256.3,0,0,127.6,0,2.4,0,2,2,1
69,1,2,147.6,186.1,0,0,144.0,0,0.1,0,3,1,1
39,1,0,153.0,232.2,0,1,173.0,0,0.6,1,2,1,1
60,1,2,154.8,241.8,0,0,205.0,0,0.5,0,0,2,0
78,1,1,139.9,120.0,1,0,155.3,1,0.7,0,1,2,1
43,0,3,115.6,192.8,0,0,128.0,0,0.2,2,3,2,0
48,0,1,138.5,329.1,0,0,164.0,0,2.8,1,0,1,0
55,1,0,121.9,229.7,0,1,145.1,0,0.2,2,0,1,1
48,1,3,165.2,234.7,0,0,141.3,1,0.1,1,0,1,0
37,0,0,142.4,139.6,0,0,158.3,0,0.3,2,1,1,1
55,0,2,135.0,182.5,0,2,166.7,1,0.1,1,3,3,0
42,0,1,137.2,258.5,0,1,173.2,0,0.5,1,0,1,0
59,1,2,138.5,222.7,0,1,114.9,1,0.3,0,2,2,1
44,1,2,124.9,189.1,1,1,154.6,0,0.7,0,0,3,1
71,1,1,147.2,304.4,0,0,115.5,0,0.8,2,0,1,1
45,1,3,127.4,207.4,0,0,156.6,1,0.7,1,2,2,0
50,1,0,167.9,182.8,0,1,140.3,0,2.2,2,2,2,1
63,1,1,123.8,246.3,0,0,160.2,0,2.2,1,1,1,0
40,0,1,136.7,200.6,0,0,150.0,0,0.9,2,0,3,1
57,0,2,117.7,206.5,1,1,130.4,1,0.8,0,2,1,1
68,1,1,123.2,243.6,0,0,140.5,0,0.5,0,2,2,1
36,1,0,97.4,206.8,1,0,158.0,0,1.2,1,0,2,0
56,1,3,141.9,168.8,0,0,142.9,1,0.2,2,1,2,0
57,0,1,122.2,267.0,0,1,136.0,1,0.3,1,2,2,1
63,1,1,155.8,282.7,0,0,88.0,0,0.8,1,0,3,1
40,0,1,134.9,225.5,0,0,198.8,0,0.9,1,0,1,0
39,0,0,129.9,263.4,0,2,127.1,0,1.3,0,0,1,1
60,1,0,110.1,227.3,0,0,149.3,1,3.2,2,0,3,1
57,1,0,145.3,158.4,1,1,154.1,0,0.1,1,0,1,1
57,1,0,122.8,281.9,0,0,193.7,0,1.0,0,2,1,1
58,1,0,109.2,238.4,1,1,196.1,1,0.7,0,0,1,0
47,1,1,140.0,245.6,1,1,160.8,0,0.5,0,0,1,0
57,1,2,112.1,237.8,0,1,123.3,0,0.1,0,0,1,0
57,0,2,94.1,234.5,0,0,123.9,0,1.2,2,1,2,0
46,0,0,152.3,244.9,0,1,138.7,1,1.3,1,0,1,1
75,0,3,126.2,255.8,0,1,134.4,1,0.2,1,0,2,1
59,1,3,103.8,298.7,0,0,134.4,0,1.2,1,1,1,1
41,0,3,110.4,256.1,0,1,134.1,0,0.0,0,0,2,1
61,1,1,122.8,295.6,0,0,145.4,0,0.2,0,1,1,1
43,1,2,151.8,303.9,0,0,135.7,0,0.2,1,0,1,0
63,1,0,106.3,173.6,0,0,172.6,0,3.4,1,0,2,1
67,0,2,110.1,302.1,1,0,121.4,0,0.8,1,0,1,1
45,0,0,146.4,267.0,0,1,137.9,0,0.7,2,0,1,0
65,1,1,128.7,266.7,0,0,143.5,0,4.0,1,0,1,1
59,0,1,136.4,286.7,1,1,115.9,1,0.2,0,0,2,1
63,0,2,124.4,232.9,0,0,134.0,1,3.6,0,3,1,1
75,0,2,172.6,275.3,0,0,101.9,0,0.3,0,3,1,1
51,0,0,107.0,193.8,0,2,148.1,0,1.1,1,0,1,1
46,0,1,134.1,176.5,0,0,134.2,1,1.4,0,0,2,1
44,1,3,158.6,261.3,0,0,142.7,0,0.0,0,2,1,1
45,1,3,125.0,235.2,0,1,156.1,1,1.3,0,0,2,1
53,1,2,120.2,240.9,0,0,139.4,1,0.7,2,0,2,1
58,0,2,145.8,207.7,0,1,161.3,0,0.7,2,0,2,0
57,1,0,152.8,259.7,0,0,124.0,0,0.4,0,0,1,1
63,1,0,121.9,225.8,1,1,131.8,1,2.4,2,1,2,1
54,0,1,157.3,239.4,0,1,140.5,0,0.2,1,2,3,1
70,1,1,138.9,225.6,0,0,155.8,1,0.5,1,0,1,0
51,0,2,139.4,205.1,1,1,172.6,0,0.0,0,0,1,1
84,1,1,168.3,242.8,1,1,108.2,1,0.6,1,1,2,1
61,1,0,149.6,296.0,0,0,134.5,0,2.5,1,3,3,1
45,1,1,131.7,217.4,0,1,110.4,0,0.3,1,3,3,1
42,0,0,115.9,231.6,1,1,154.8,1,1.5,0,0,1,1
59,1,2,184.0,231.5,0,1,145.6,0,0.0,1,0,2,0
52,0,0,116.3,212.7,0,0,180.0,0,1.7,1,1,1,1
62,1,1,141.7,298.3,0,0,139.0,0,0.4,1,0,1,1
59,1,2,144.4,183.2,0,1,141.9,0,0.1,0,0,1,0
53,0,0,140.8,237.3,0,0,138.4,0,0.4,1,1,1,0
45,1,0,170.1,201.1,0,1,164.6,0,0.8,1,0,2,1
37,1,2,130.6,260.4,0,1,163.5,0,2.7,0,0,1,0
49,1,0,131.0,245.5,0,0,160.1,1,0.4,0,0,2,1
63,0,2,161.2,296.6,0,0,189.3,0,0.5,1,0,1,1
56,1,2,132.1,274.4,0,0,113.7,0,1.2,0,0,2,0
40,1,1,146.3,240.1,0,0,95.8,1,0.0,0,0,2,1
56,1,1,138.0,274.9,0,1,162.1,0,1.2,1,0,2,0
58,1,3,151.6,279.6,1,1,144.2,0,0.0,2,1,2,0
44,1,1,144.6,197.7,0,1,141.0,0,2.9,1,0,3,0
56,1,3,127.2,276.1,0,2,168.7,0,5.1,0,0,1,1
55,0,0,98.1,254.8,0,0,150.7,0,1.4,1,0,2,0
41,1,2,100.6,258.4,0,2,146.5,1,0.6,1,2,2,0
58,1,2,101.9,224.9,0,0,164.9,0,0.2,1,0,2,0
60,1,3,133.9,205.9,0,0,160.5,1,0.0,1,1,1,1
66,1,0,94.7,200.1,0,0,154.7,0,1.8,1,0,1,1
66,0,1,131.1,120.0,1,0,112.4,0,1.5,1,0,2,1
39,1,0,132.7,204.9,0,1,138.5,1,2.5,0,1,1,1
44,1,3,146.9,345.2,0,0,160.1,1,0.3,0,0,3,1
60,0,1,141.6,279.7,0,2,154.4,0,0.5,1,1,2,0
60,0,3,148.7,257.5,1,2,174.9,0,2.4,0,1,1,0
60,1,1,143.0,285.8,0,1,131.3,1,0.5,1,3,1,1
85,0,0,132.9,240.8,0,0,128.9,0,0.3,2,0,1,1
60,0,1,130.6,226.3,0,1,169.8,0,0.9,0,0,1,0
66,0,2,118.7,232.8,0,0,137.3,1,0.6,1,0,2,0
64,1,3,140.6,212.5,0,2,145.2,0,0.2,1,0,2,1
61,0,1,104.2,215.1,1,1,142.4,1,2.1,0,3,2,1
51,1,3,152.4,239.7,0,1,161.9,1,1.0,1,1,1,1
62,1,1,118.8,247.0,0,1,153.9,0,0.3,0,0,1,0
45,1,2,134.5,296.6,0,0,117.7,1,1.0,0,1,1,1
51,1,2,139.0,285.4,0,2,163.6,0,3.0,1,0,3,1
49,1,1,153.7,174.3,0,0,187.5,0,0.2,1,2,2,1
55,1,0,104.0,228.8,0,1,116.5,0,1.0,1,0,1,1
79,0,1,131.4,201.5,0,0,140.1,0,6.0,1,2,1,1
33,1,0,138.6,120.0,0,1,172.9,0,0.7,0,0,3,0
62,1,3,167.5,248.0,1,0,113.8,0,1.5,1,0,1,0
36,0,3,125.8,260.5,0,0,141.6,1,1.2,2,0,3,1
49,1,2,122.1,242.8,0,0,135.6,0,0.7,0,1,1,1
66,0,2,170.5,264.8,0,2,145.2,0,0.6,2,1,2,1
55,1,1,148.7,227.0,0,0,117.0,0,1.1,2,1,2,1
42,1,0,155.7,192.0,0,0,139.7,0,0.9,0,1,2,1
46,1,2,110.2,222.5,0,0,160.4,0,0.7,1,1,2,0
61,0,2,142.1,304.1,0,2,162.3,0,0.1,1,0,2,0
46,0,2,109.5,255.1,0,1,153.1,0,1.5,0,1,1,0
56,1,2,111.0,175.2,0,0,123.3,1,1.6,0,2,1,0
55,1,1,144.7,247.5,1,2,141.0,0,0.4,2,1,1,1
47,1,0,144.0,295.0,1,1,156.3,1,0.4,1,0,1,1
78,0,2,128.3,283.3,0,1,166.7,0,0.6,1,0,1,0
61,0,1,158.5,300.5,1,0,152.7,1,0.4,1,2,3,1
32,1,3,121.9,168.2,0,0,205.0,0,1.5,0,0,2,0
56,1,1,129.6,247.6,0,1,164.6,0,3.2,1,0,1,1
47,0,0,128.6,223.6,0,0,178.5,1,0.1,1,0,1,1
63,1,0,131.9,270.7,0,0,127.9,0,0.2,0,0,1,1
45,1,2,154.7,200.9,0,2,169.7,0,0.5,2,0,3,1
53,0,2,112.0,202.9,0,1,152.2,0,0.6,0,1,1,1
60,0,1,118.9,243.4,0,0,197.9,0,0.3,0,0,1,1
64,1,1,115.1,204.3,0,0,134.0,0,2.3,2,0,1,1
41,1,2,164.7,248.3,1,0,194.6,0,1.3,2,0,1,0
50,1,0,127.2,150.3,0,0,187.8,0,2.1,1,0,1,1
49,1,1,118.9,291.4,0,1,138.0,0,0.4,0,1,1,0
47,0,1,124.1,120.0,0,2,158.6,0,2.2,1,0,3,0
73,1,1,154.0,287.9,0,0,104.7,1,2.5,0,0,2,1
58,1,2,146.9,217.2,0,0,185.1,1,2.5,0,0,2,0
40,1,0,120.1,172.7,0,0,108.8,1,0.0,0,0,3,0
64,0,1,126.3,252.4,0,1,106.1,0,0.6,1,0,1,1
77,1,1,113.6,288.4,0,0,130.4,1,1.2,0,0,3,1
65,1,1,139.2,296.2,0,1,120.3,1,1.5,1,2,1,1
37,1,3,152.8,285.0,0,0,135.8,0,0.2,2,0,1,1
49,1,0,122.3,201.9,1,0,143.1,0,0.9,1,0,2,1
68,1,2,148.9,255.3,0,2,160.3,0,0.6,0,3,1,1
46,0,0,118.5,160.4,0,0,174.3,0,1.1,0,0,1,1
59,1,3,115.5,246.6,0,0,154.7,1,1.3,0,0,1,1
63,1,3,148.5,259.4,0,0,153.2,0,0.6,1,0,2,0
44,1,1,173.8,221.4,0,1,154.5,0,0.0,0,0,1,0
53,1,3,143.5,160.3,0,0,171.0,0,1.0,0,1,3,1
22,0,1,115.6,204.1,0,2,169.5,0,5.3,0,1,2,1
43,1,0,125.0,321.5,1,0,136.9,1,1.6,0,0,3,1
51,0,1,164.6,257.6,0,0,143.4,1,0.3,1,0,1,1
40,1,1,136.0,215.2,0,0,161.3,1,1.2,1,1,2,1
72,1,1,124.7,240.7,0,0,155.7,1,0.5,2,1,1,0
38,0,1,125.9,252.7,1,0,164.4,1,0.4,2,3,1,1
49,0,1,133.6,171.5,1,0,123.6,0,0.5,1,0,1,0
55,0,2,139.7,175.9,0,0,165.6,0,1.1,1,0,1,0
70,1,1,165.2,214.6,0,1,129.9,0,1.2,0,3,3,1
38,1,0,153.0,213.3,0,1,168.7,0,0.1,2,1,3,1
67,0,1,137.8,324.9,0,0,105.2,1,1.3,0,1,2,1
54,0,1,130.3,244.5,0,0,160.3,0,2.1,0,0,1,1
43,1,0,138.4,214.8,1,2,175.5,0,1.2,1,0,3,1
59,1,0,124.3,245.6,0,0,133.3,0,0.5,0,3,1,1
56,0,2,149.1,153.0,0,0,155.3,0,1.9,1,1,1,0
47,1,0,128.6,199.2,0,0,156.2,1,0.6,1,0,2,0
55,1,3,143.1,208.8,0,1,131.4,1,1.0,2,0,1,1
50,1,0,163.8,195.1,0,0,171.0,0,0.2,0,2,1,1
55,1,0,144.2,296.1,1,0,142.3,0,0.0,2,1,1,1
61,1,1,139.9,272.9,0,0,134.8,1,1.0,2,0,1,1
71,0,3,125.9,194.1,0,1,150.6,0,0.2,0,0,1,1
40,0,2,126.1,180.8,0,1,160.5,0,0.1,0,0,1,0
77,1,1,119.3,194.0,0,0,148.6,0,0.2,1,0,1,0
33,1,0,138.3,225.8,0,0,163.6,0,1.3,0,0,1,1
52,1,1,95.1,249.5,0,0,158.0,0,0.3,0,1,2,1
60,1,0,152.9,261.8,0,0,142.5,0,1.0,0,0,3,1
57,0,2,144.9,197.8,0,2,131.2,0,1.2,1,0,1,1
47,1,2,134.0,231.1,0,1,136.1,0,0.2,0,0,1,1
52,1,1,123.9,238.2,0,0,134.1,1,0.9,1,0,1,0
49,1,0,132.5,292.3,0,2,139.3,0,0.3,2,1,1,1
48,1,2,100.6,273.4,1,0,205.0,0,1.2,2,0,1,0
63,1,2,151.1,181.4,0,0,154.3,1,0.3,0,0,2,0
58,1,3,132.1,159.9,1,0,129.5,1,0.6,1,0,3,1
46,1,1,159.3,233.7,1,0,174.8,1,0.3,0,0,3,1
64,1,2,143.6,216.9,0,1,183.0,0,5.2,0,0,3,0
57,0,0,135.9,200.2,0,0,134.4,0,1.1,1,1,1,1
63,1,1,143.5,211.3,0,0,132.1,1,0.1,1,0,1,1
61,1,2,118.2,269.3,1,1,103.8,1,3.0,0,2,3,1
45,1,3,123.6,172.1,0,0,146.8,1,1.2,0,0,3,1
48,1,1,134.9,320.6,0,0,168.8,1,0.8,2,0,1,1
62,1,2,130.6,212.6,1,1,135.4,0,0.4,1,0,1,1
61,1,2,125.4,271.7,1,0,120.6,1,0.6,0,1,1,0
54,1,1,128.9,212.0,0,0,114.9,0,1.1,0,3,1,1
55,0,3,132.0,174.9,0,0,153.8,1,0.2,0,0,3,0
68,1,2,179.2,239.9,0,0,125.5,0,0.6,1,0,2,1
47,1,2,126.4,183.8,0,0,196.4,0,1.1,0,1,2,0
60,0,1,120.3,250.0,1,0,145.2,0,0.8,0,0,1,0
52,1,1,130.8,239.6,1,0,131.7,0,2.3,2,2,3,1
52,1,3,160.5,210.1,0,0,168.2,1,0.3,0,1,1,1
66,1,1,165.3,252.3,0,0,185.3,0,2.5,0,0,2,0
63,1,0,171.3,290.3,0,2,182.0,0,1.2,1,0,2,1
63,0,3,134.3,239.7,0,2,122.0,1,0.4,0,0,1,1
68,1,3,149.0,214.2,0,2,111.4,0,0.2,0,0,2,1
54,1,1,115.1,259.0,0,0,119.1,1,0.3,0,3,1,1
62,0,0,126.6,263.6,0,0,158.2,1,0.3,1,2,3,1
51,0,2,110.2,227.8,0,1,143.0,0,2.4,1,0,1,1
58,1,0,143.5,303.2,0,2,130.1,1,0.7,1,2,2,1
53,1,1,134.4,227.9,0,0,166.3,1,1.1,0,0,1,1
55,1,0,138.3,307.2,0,0,127.6,0,0.1,0,0,1,0
61,1,2,120.5,215.0,1,1,165.8,0,3.0,0,1,1,1
45,0,0,144.1,275.7,0,0,130.9,0,2.2,1,2,1,1
77,0,2,93.4,239.8,1,0,126.2,1,0.7,0,2,2,1
43,1,2,126.7,249.4,0,0,184.7,0,3.0,1,1,1,1
41,1,1,128.8,147.7,0,0,158.1,0,0.7,0,1,1,0
67,0,0,97.9,341.4,0,1,117.1,1,1.9,1,0,3,1
63,1,0,143.2,258.5,1,0,175.5,0,1.0,0,0,2,0
61,1,1,132.6,288.6,1,0,168.4,0,0.4,0,2,1,1
61,1,1,145.9,183.2,0,1,175.1,1,1.4,1,0,1,0
54,1,2,170.0,248.9,0,1,110.0,1,0.4,1,1,1,1
44,1,0,137.3,230.0,0,0,160.2,0,0.4,0,2,3,0
55,1,2,151.8,195.2,0,0,131.5,0,1.5,2,2,1,0
47,0,2,154.1,295.5,0,1,138.5,1,0.8,1,1,1,0
65,0,1,142.6,251.7,0,1,155.1,0,0.8,0,0,1,0
52,1,1,117.9,238.3,0,0,110.3,0,0.6,1,1,1,0
45,0,3,99.2,265.7,0,2,156.5,1,0.3,0,0,1,1
50,1,2,139.7,202.4,0,0,183.7,0,1.1,0,0,1,0
59,0,3,125.0,250.2,0,0,147.8,0,4.3,2,3,1,1
48,0,1,152.6,243.3,0,0,175.3,0,0.2,1,0,3,0
45,0,3,120.2,244.2,0,1,155.6,0,0.1,1,0,1,0
57,1,0,134.5,287.7,0,1,127.0,1,0.4,1,2,3,1
57,1,1,113.9,223.8,0,1,188.3,0,1.1,1,0,1,0
48,1,1,126.3,216.0,0,1,147.0,0,1.4,0,0,1,1
49,1,1,115.8,212.6,1,2,122.9,0,0.6,1,0,1,0
57,1,2,119.4,213.6,0,1,115.3,0,0.0,0,2,1,0
38,1,0,129.0,284.3,0,1,153.1,0,0.5,1,0,3,1
39,1,3,119.3,233.0,0,0,175.8,0,2.3,0,0,1,0
46,1,2,179.3,283.6,0,0,152.2,0,0.6,1,0,3,0
52,1,3,148.5,252.6,0,0,115.9,0,0.1,0,0,3,1
57,1,0,154.3,204.0,0,1,147.6,0,0.2,1,0,2,1
70,1,2,136.0,180.7,1,1,162.0,0,0.9,2,1,2,1
63,1,1,138.2,180.7,1,0,139.4,1,0.5,1,1,1,1
52,1,2,125.8,201.5,0,1,180.8,1,0.0,1,0,1,0
54,0,2,178.2,286.3,0,0,129.2,0,1.8,0,0,2,0
43,1,0,129.3,294.8,0,1,173.9,0,0.7,0,0,1,0
54,0,0,120.1,245.5,0,1,158.3,0,1.5,1,1,2,1
51,1,2,119.7,281.1,0,0,161.0,0,1.8,0,2,1,0
58,1,2,141.0,218.4,0,0,155.0,1,0.2,1,1,1,0
45,1,0,157.3,210.6,0,0,145.8,0,2.2,0,0,1,0
60,0,1,152.1,277.4,0,1,150.6,0,0.4,1,0,2,0
71,0,1,121.6,254.7,0,1,128.0,0,0.2,0,0,1,1
53,0,2,116.7,273.3,0,1,154.2,0,0.5,0,1,2,0
58,1,0,157.4,245.1,0,1,151.6,0,3.7,1,3,2,1
62,1,2,173.8,227.7,0,1,137.7,0,2.5,0,0,3,1
50,1,2,130.4,230.5,0,0,146.9,0,3.0,1,0,1,0
56,1,2,156.2,255.6,0,0,115.0,0,0.0,1,0,1,0
54,1,3,107.6,252.0,0,0,148.8,0,0.3,2,0,1,0
55,0,1,116.1,200.7,0,0,160.0,1,1.3,1,0,3,1
45,0,1,110.6,232.9,0,1,158.3,0,1.6,1,2,1,1
54,0,0,138.4,174.5,1,1,150.7,0,0.7,0,0,1,1
59,1,1,132.0,227.8,0,1,113.0,1,0.4,1,0,1,1
70,1,0,142.3,206.5,0,2,146.4,0,0.4,1,0,3,1
65,1,2,158.7,120.0,0,1,113.9,0,0.8,1,1,1,1
78,0,2,125.2,347.0,0,0,116.7,0,0.0,0,0,1,0
46,1,1,133.7,204.6,1,0,127.0,0,1.2,1,1,1,0
64,1,1,112.4,203.5,0,1,118.9,0,0.8,0,2,2,0
56,0,0,152.4,313.5,1,1,149.5,0,0.7,0,0,1,0
78,1,3,159.7,198.2,0,0,103.4,1,0.2,0,2,2,0
45,0,3,135.3,174.4,0,2,125.9,0,0.2,2,0,1,1
45,0,1,130.9,229.2,0,0,187.8,0,0.1,1,1,1,0
47,1,2,123.1,217.2,0,0,192.9,1,2.4,0,2,2,0
31,0,1,100.1,205.2,0,0,183.3,0,2.0,0,2,1,1
48,1,0,138.0,198.9,1,0,144.6,0,0.9,1,0,3,1
46,1,0,145.6,230.3,0,0,177.5,0,0.3,1,3,1,1
56,1,2,170.8,314.1,0,0,158.2,1,1.4,1,0,1,1
58,1,0,127.9,171.9,0,2,102.3,0,0.2,0,1,1,1
75,1,0,144.1,285.7,0,0,160.5,0,1.7,1,0,1,1
64,0,0,153.6,312.4,0,0,114.1,0,1.7,1,0,1,0
48,1,1,153.1,211.7,0,1,139.9,0,0.3,1,1,1,0
44,1,2,120.3,254.5,1,2,160.3,0,0.7,0,0,1,0
59,0,0,127.2,237.8,1,0,151.1,1,1.0,1,2,1,1
39,1,3,120.8,160.5,1,0,165.0,0,0.2,0,2,2,0
74,1,1,122.8,302.0,0,0,161.9,0,0.4,1,3,1,1
67,1,1,163.7,247.5,0,2,145.8,0,0.9,0,0,3,1
49,1,0,133.9,216.7,0,0,154.1,0,0.8,2,0,1,1
35,1,1,127.9,167.8,0,0,192.7,0,0.6,0,0,2,0
69,1,0,142.2,269.6,0,0,136.9,0,0.3,0,0,2,1
53,1,1,134.7,247.7,0,0,145.7,0,0.8,1,0,1,0
68,1,3,133.5,273.0,0,2,149.1,0,0.5,0,0,3,1
36,1,2,115.8,259.5,1,1,202.4,0,0.2,0,0,1,0
47,1,3,160.4,203.2,0,0,136.7,1,0.4,2,1,2,0
54,0,0,120.7,120.0,0,0,109.8,1,0.3,1,0,3,1
55,1,1,117.5,236.9,0,0,146.8,0,0.5,0,0,1,0
49,1,0,131.3,231.9,0,0,181.3,1,3.3,0,0,1,1
61,1,2,174.6,251.1,0,0,156.3,0,2.8,1,1,3,1
42,1,3,116.2,304.0,0,0,143.5,1,1.1,1,0,1,1
52,1,2,146.3,238.6,0,1,148.9,0,1.4,1,2,2,1
55,1,0,129.8,272.2,0,1,125.4,0,0.5,2,2,3,1
60,1,1,139.9,260.1,0,1,104.8,0,1.5,1,0,2,1
62,1,0,152.6,183.3,0,0,136.5,0,1.9,1,0,1,1
42,1,0,100.0,180.4,0,0,132.9,0,1.6,2,0,2,1
37,1,0,113.6,286.2,0,1,150.9,0,0.2,1,0,2,0
68,1,1,153.8,207.6,0,1,106.5,0,1.7,2,0,3,1
58,1,1,136.8,259.0,0,1,183.1,0,1.7,0,0,1,1
46,0,1,132.8,193.5,0,2,173.3,1,1.3,1,0,2,0
71,0,1,148.1,280.2,0,0,125.7,1,1.9,1,0,1,1
55,0,2,115.2,252.6,0,0,148.0,0,1.8,0,1,2,1
67,1,0,156.2,232.8,0,0,163.2,0,0.9,2,0,1,1
55,0,0,146.0,271.1,0,1,153.8,0,1.1,1,2,1,0
77,1,2,144.0,260.9,0,0,126.2,0,0.4,0,1,1,1
73,0,2,144.2,216.3,0,0,146.6,1,0.1,0,0,3,1
51,1,0,154.2,240.9,0,1,143.6,0,0.8,1,1,1,0
65,1,3,126.1,274.7,1,0,137.8,0,0.7,1,2,1,1
61,1,1,147.7,292.6,0,1,181.8,0,1.6,1,1,1,0
69,1,1,169.1,241.0,0,0,148.0,1,0.2,0,0,1,1
43,0,1,139.8,316.2,0,0,152.5,0,1.9,0,2,1,0
62,1,1,132.0,211.4,0,1,120.9,1,1.6,0,0,1,1
66,0,2,175.7,177.1,0,1,152.3,0,1.3,0,3,2,1
35,1,1,133.4,172.7,0,0,181.8,0,0.2,0,1,3,0
41,1,1,155.9,236.4,0,0,180.8,0,0.4,1,0,1,0
32,1,3,120.9,234.2,0,0,205.0,0,0.5,0,0,2,0
51,1,1,152.5,245.9,0,0,127.8,0,0.0,0,2,1,1
62,0,2,123.2,214.8,0,1,98.7,1,0.2,0,1,3,1
71,1,1,144.1,345.3,0,0,159.4,0,1.1,1,1,1,1
55,1,1,123.3,308.2,0,0,120.6,1,0.9,1,0,2,1
72,0,0,169.7,197.4,0,1,111.3,0,2.9,2,0,3,1
39,1,2,126.3,231.7,0,0,168.9,0,0.2,1,2,2,0
35,1,2,109.3,236.9,0,0,165.9,0,0.7,1,0,1,0
53,1,0,135.5,271.2,0,0,134.1,1,0.0,1,1,1,1
58,1,0,144.7,175.7,0,0,127.1,0,0.9,2,0,3,1
54,0,3,130.5,166.0,0,0,148.3,1,0.1,0,1,1,0
31,0,3,110.6,179.7,0,2,150.8,0,0.1,1,2,1,0
53,1,2,152.4,307.2,0,0,150.9,0,0.6,0,1,3,0
40,1,1,153.2,207.7,0,0,134.0,0,0.4,1,3,1,0
61,1,2,106.1,279.4,1,1,124.1,1,0.6,0,0,2,1
58,1,0,119.2,268.7,0,1,111.2,1,0.0,0,0,2,1
44,0,2,125.6,230.0,0,0,161.7,1,0.1,2,1,1,0
48,1,1,122.9,275.7,0,1,137.0,0,0.1,2,0,1,0
42,1,2,140.5,183.2,1,1,170.8,0,0.1,1,1,1,1
53,1,0,166.9,220.3,0,2,99.8,0,0.6,0,3,1,1
65,1,2,129.9,147.7,0,1,110.5,1,0.6,0,0,1,0
43,0,2,156.6,241.8,0,0,150.4,0,0.4,1,0,3,0
60,0,3,106.1,208.6,0,1,129.1,0,0.1,0,0,1,0
48,0,2,137.7,335.7,1,1,127.4,0,2.0,0,1,2,0
45,1,3,121.0,240.8,0,1,146.8,0,1.0,2,2,2,1
53,1,3,142.3,277.1,0,0,141.9,1,1.0,1,1,3,1
43,1,1,99.6,266.3,1,2,173.4,0,0.4,0,2,1,0
48,0,0,106.4,235.9,0,2,157.1,1,2.2,1,1,1,0
41,0,2,136.3,280.5,1,2,180.2,0,0.4,0,1,1,0
76,1,3,128.2,250.6,0,0,168.2,0,1.1,2,2,1,1
54,1,0,128.2,262.3,0,0,133.7,0,2.5,2,3,1,1
46,1,2,165.1,342.4,0,0,176.7,0,5.1,0,1,1,0
56,1,0,137.0,250.6,0,1,165.6,1,0.2,1,0,1,1
53,1,0,150.0,217.8,0,0,147.3,0,2.0,0,2,1,1
52,0,2,116.8,209.6,1,0,160.4,0,1.2,0,1,3,1
61,0,2,108.6,240.2,0,0,147.6,0,0.1,1,0,1,0
62,0,2,131.5,249.4,0,1,141.5,0,0.2,1,0,1,0
48,0,3,102.7,241.9,0,1,156.9,0,0.7,0,2,3,0
48,0,0,116.9,169.7,0,0,158.4,1,0.7,0,0,1,0
51,0,0,134.5,140.8,0,1,171.9,0,1.5,2,1,1,0
29,1,3,125.7,190.0,0,1,139.6,0,0.6,1,3,1,0
37,1,2,135.8,238.0,0,2,174.6,0,1.3,1,0,2,1
69,1,1,148.6,249.4,1,1,113.3,1,5.4,1,3,2,1
72,1,2,117.0,267.7,1,0,135.0,0,3.0,0,2,1,0
51,0,3,113.3,256.3,0,1,155.1,0,0.8,1,0,2,0
60,1,2,96.3,221.5,0,0,88.7,0,1.5,0,0,1,0
57,1,2,128.1,197.5,0,0,139.4,0,0.4,2,1,1,0
85,1,1,155.0,275.2,0,2,138.8,0,1.5,0,1,2,1
66,1,1,163.8,255.5,0,1,138.0,0,1.0,1,2,2,1
53,0,3,134.2,192.9,0,2,128.0,0,0.6,0,0,1,0
43,1,2,156.0,265.0,0,0,170.1,1,0.7,1,3,2,1
36,0,0,133.4,277.2,0,0,141.0,0,0.6,0,0,1,1
56,0,2,133.4,276.8,0,0,151.0,0,1.1,0,0,1,0
46,0,2,118.0,281.0,0,0,150.0,0,1.2,2,0,3,1
38,0,0,90.0,202.8,0,0,155.3,0,0.7,2,0,2,0
47,0,2,151.3,276.4,0,0,155.5,0,2.0,1,0,3,0
42,0,0,127.0,230.3,0,0,141.2,0,2.9,1,2,1,1
73,0,1,160.7,338.0,0,0,156.1,0,1.1,1,0,3,1
64,1,2,119.4,284.2,0,2,123.7,0,0.2,2,0,2,0
54,0,0,174.7,260.3,0,1,166.0,0,0.2,0,2,1,0
70,0,0,130.5,322.5,0,0,129.8,1,6.0,1,0,3,1
55,1,3,121.8,219.5,0,0,103.3,0,0.7,2,2,1,0
45,1,2,127.9,262.5,0,0,135.8,1,1.1,1,0,1,1
71,0,1,138.3,345.7,0,0,166.2,1,0.7,0,2,3,1
60,0,0,131.2,279.3,0,2,169.5,0,1.1,1,0,2,1
43,1,1,122.0,244.2,0,1,111.2,0,0.6,1,0,1,1
52,0,2,98.0,228.8,0,1,132.5,0,2.1,0,3,2,1
44,1,0,117.0,195.3,0,1,110.9,0,0.3,2,0,3,1
39,0,1,146.6,223.4,0,0,158.8,1,5.3,1,1,1,1
64,1,1,120.7,208.9,0,1,126.7,1,1.0,0,0,2,1
75,1,1,108.3,238.6,0,0,142.8,0,0.1,0,2,1,1
39,1,0,111.3,231.3,0,0,171.4,1,0.6,1,2,3,1
60,0,0,130.9,287.0,0,0,177.3,0,0.5,2,0,3,1
47,1,3,118.6,221.0,1,2,189.7,0,2.7,0,0,3,1
49,0,3,124.7,213.4,0,0,192.9,1,0.4,0,1,1,1
47,1,1,117.9,278.0,0,0,172.2,0,0.6,0,2,1,1
44,1,2,149.7,268.6,0,2,150.4,0,1.3,0,1,2,1
55,1,2,143.1,231.0,0,1,107.0,0,0.1,1,0,2,1
45,1,0,171.7,264.7,0,1,135.5,1,0.2,0,3,3,1
57,0,1,124.9,230.9,0,1,115.9,0,1.1,1,0,1,1
53,1,1,128.6,231.7,0,2,158.3,1,0.1,2,1,1,1
51,1,2,154.6,308.7,0,1,195.2,0,0.3,0,0,2,0
44,1,2,138.5,231.8,0,1,133.9,1,0.5,1,0,3,1
48,1,3,115.6,221.4,0,1,118.6,0,0.2,0,0,1,1
62,0,2,143.0,245.0,0,0,120.2,0,0.4,1,3,1,1
60,1,3,142.6,157.0,1,1,182.8,0,0.3,1,1,3,1
43,1,3,99.0,230.2,0,0,182.0,0,1.5,1,0,1,1
55,1,2,122.5,253.0,0,1,170.5,1,0.3,0,0,1,0
62,1,1,139.4,331.4,1,2,113.2,0,1.5,0,1,2,1
36,1,0,155.5,239.2,0,0,178.7,1,0.3,0,2,3,1
60,0,2,145.1,262.8,0,1,145.2,1,0.1,1,0,2,0
47,1,2,122.1,254.2,0,0,170.7,0,2.2,1,0,1,0
60,1,1,122.8,343.3,0,0,120.6,1,1.3,1,0,2,1
46,1,3,146.4,282.7,0,1,151.8,0,0.2,0,1,2,1
34,1,3,90.0,170.6,0,0,146.7,0,0.4,0,0,2,0
36,1,2,115.0,289.2,0,1,173.6,0,0.3,0,1,3,1
55,0,1,156.6,200.2,0,2,195.5,0,1.3,2,0,1,0
57,0,3,137.1,213.7,0,1,117.2,0,0.0,1,0,1,1
44,1,0,117.8,180.7,0,0,149.0,0,3.3,0,0,1,0
61,1,0,114.1,324.0,0,1,166.2,1,0.5,0,2,3,1
36,1,3,144.6,287.3,0,1,149.4,0,0.3,2,1,1,1
53,1,2,135.2,295.2,0,2,130.1,0,1.5,1,0,1,0
41,1,1,126.8,282.4,0,0,157.5,1,0.4,0,0,1,1
47,1,3,139.0,269.3,0,1,142.9,0,0.8,0,1,1,0
55,1,1,137.2,227.7,0,1,185.5,0,0.5,0,0,3,1
45,1,2,133.3,247.3,0,1,160.0,0,1.0,0,0,2,0
50,0,2,106.2,217.3,1,1,161.0,1,0.1,1,0,1,0
65,1,0,118.3,207.8,0,1,122.0,0,0.5,0,0,1,0
48,1,1,146.0,211.1,0,0,154.2,0,2.3,1,0,1,1
63,1,3,146.3,348.1,0,1,140.8,1,3.7,0,2,1,1
42,0,0,134.9,220.4,0,1,169.9,0,0.1,1,1,1,0
60,0,0,121.9,287.5,0,0,158.6,0,1.1,1,0,3,1
70,1,1,151.8,338.4,0,1,125.6,0,0.5,0,0,3,0
27,0,0,117.6,266.3,0,0,166.6,0,0.4,0,0,1,0
45,1,3,155.2,203.6,0,1,174.4,0,0.0,2,0,1,0
60,1,0,122.1,211.1,0,0,130.4,1,0.1,0,1,3,1
52,1,2,124.0,245.9,0,0,190.7,1,0.3,0,0,1,1
58,0,1,129.3,342.1,0,2,119.4,0,0.6,0,2,2,1
47,0,2,144.5,301.6,0,1,146.1,0,1.1,0,1,1,0
55,1,2,133.6,265.4,0,1,127.2,1,0.8,0,0,3,1
52,1,1,134.2,231.7,0,1,160.0,0,0.6,1,0,1,0
67,0,3,127.2,262.6,0,0,140.1,1,1.0,0,3,3,1
57,0,0,136.6,250.8,0,1,116.2,0,0.6,1,0,1,1
58,1,2,133.7,250.8,0,0,191.0,1,0.5,0,0,1,0
49,0,3,115.6,201.1,0,0,137.8,1,3.7,0,0,1,1
49,1,2,135.0,200.3,1,1,107.2,1,1.9,0,0,1,0
49,1,2,135.5,254.1,0,1,155.8,1,0.1,0,0,1,0
58,1,0,177.3,191.8,0,2,148.0,0,1.1,1,1,2,1
49,1,0,121.8,212.1,0,1,136.7,1,5.3,1,2,1,1
57,1,0,119.6,243.8,0,0,127.3,0,1.0,1,0,1,0
77,0,3,141.8,264.0,0,0,133.3,0,0.3,1,0,1,1
64,1,3,118.6,294.0,0,1,118.4,1,1.1,1,0,1,0
50,1,1,113.7,184.9,0,0,168.8,0,0.2,2,1,2,0
67,1,1,111.4,190.9,0,2,156.8,0,1.7,1,2,1,1
50,1,0,119.1,297.5,1,0,151.6,0,0.7,1,0,1,0
32,1,1,115.0,307.5,0,1,135.3,0,0.3,0,0,2,0
43,0,1,105.2,191.6,0,0,129.4,1,0.4,1,0,1,0
33,1,2,124.2,196.9,0,0,168.1,0,1.3,1,0,1,0
50,0,3,90.0,264.0,1,0,159.3,1,0.1,0,0,1,0
54,1,2,142.9,243.5,1,0,148.1,0,2.4,2,0,2,1
72,0,2,125.5,250.2,0,1,148.5,1,0.1,2,0,3,1
58,0,2,124.6,208.5,0,2,156.8,1,0.5,1,0,1,1
52,0,2,141.1,272.4,0,0,149.3,0,1.4,1,0,2,0
63,0,1,139.9,234.1,0,2,144.0,0,1.5,1,1,1,1
30,1,1,116.7,221.1,0,0,126.2,1,0.1,1,1,3,0
57,1,1,142.9,192.7,0,1,146.5,0,0.3,1,1,1,1
62,1,2,163.9,279.0,0,1,139.3,0,0.4,1,1,1,1
38,0,3,108.8,219.9,0,0,139.4,0,2.5,0,1,2,1
67,1,2,150.8,244.0,0,0,152.8,0,0.6,1,3,2,1
58,1,3,115.0,295.2,0,1,143.8,0,2.3,0,0,1,1
49,1,0,153.9,193.6,1,1,157.0,0,1.9,2,1,1,1
61,1,2,122.9,240.0,0,0,99.8,0,0.0,1,3,1,1
79,1,3,126.7,181.6,0,2,128.7,0,1.2,1,0,1,0
56,1,2,155.2,219.1,0,1,160.5,0,2.1,1,0,2,1
57,0,3,144.7,299.1,0,0,137.4,1,0.5,2,3,1,1
49,1,2,120.5,171.8,1,2,146.7,1,0.7,1,3,1,1
45,0,1,131.0,248.6,0,0,158.2,0,0.3,2,0,1,0
63,0,0,120.5,315.1,0,0,142.0,0,0.7,2,2,2,0
45,0,2,100.1,262.4,0,1,181.9,0,0.4,1,0,1,0
55,1,3,137.7,216.1,1,0,158.8,0,1.3,2,0,2,0
49,1,0,126.3,190.7,0,2,160.8,0,0.3,1,0,1,0
59,1,2,118.2,158.2,0,1,151.7,0,0.7,0,1,1,1
58,1,2,158.5,311.5,1,0,172.7,1,0.6,0,2,2,1
65,0,0,117.3,226.7,0,1,150.6,0,0.5,0,0,1,0
48,1,0,135.1,160.0,0,0,127.3,1,0.3,1,1,1,1
51,1,1,152.7,195.4,0,0,172.2,0,1.2,0,1,1,0
43,1,1,126.6,190.1,0,0,137.2,0,0.3,1,1,3,0
49,1,0,119.5,217.9,1,1,163.2,1,2.3,0,0,1,0
58,1,0,140.4,347.9,0,0,119.7,0,0.9,1,0,3,1
62,1,0,144.2,284.8,0,0,106.2,0,4.0,2,0,2,1
44,0,2,144.3,259.2,0,0,147.6,0,2.5,1,3,1,1
64,0,2,167.2,297.6,1,0,178.2,0,0.2,1,0,1,0
69,0,2,126.5,327.3,1,1,116.6,0,1.5,0,1,2,1
59,0,2,135.8,266.4,0,0,120.6,0,0.2,1,0,3,0
75,1,3,116.4,312.2,0,0,119.3,1,2.8,0,1,3,1
45,1,3,143.7,210.1,0,0,110.4,0,1.1,1,0,1,0
40,1,3,133.8,198.5,0,0,185.1,0,0.2,0,1,1,0
34,1,1,125.8,189.0,0,2,200.8,0,0.2,0,0,2,0
70,1,3,126.9,259.9,0,0,134.2,0,1.4,1,1,1,1
61,0,2,126.5,128.1,0,1,126.7,1,1.0,1,0,2,1
53,0,1,135.0,299.3,1,1,137.7,0,0.1,0,0,2,1
57,1,0,117.4,220.7,1,2,123.5,1,0.7,0,0,1,1
42,1,2,125.5,273.6,1,1,157.0,0,1.8,1,1,1,1
81,1,0,141.1,189.6,0,0,150.9,1,0.2,0,0,3,1
55,1,1,106.5,290.6,0,0,184.6,0,0.0,0,0,1,0
55,1,2,115.3,302.6,0,0,129.9,0,0.1,1,0,2,0
62,1,2,124.1,248.7,0,0,123.1,0,0.2,0,1,2,0
59,1,3,163.5,266.4,0,1,157.8,0,1.0,0,2,3,1
56,1,2,119.5,196.9,0,1,140.6,1,0.4,1,0,2,1
45,0,2,127.7,240.3,0,1,151.6,0,0.1,1,0,3,0
59,0,1,113.5,285.9,0,1,138.3,0,0.5,1,1,1,1
75,0,2,122.3,235.4,0,0,141.1,1,0.9,1,0,1,1
69,1,1,111.8,313.8,0,0,149.9,0,0.4,0,0,1,1
72,1,3,150.6,169.2,0,0,136.6,0,0.9,0,1,2,0
48,0,1,105.6,224.8,0,0,135.4,0,2.4,0,2,1,0
43,1,1,147.6,153.0,0,0,177.1,0,0.5,0,1,2,0
53,0,1,139.2,255.0,0,0,144.8,0,2.8,0,3,1,1
55,1,2,132.9,232.4,0,0,178.3,0,2.0,0,0,1,1
66,1,3,153.9,237.9,1,0,117.4,0,0.0,1,0,1,1
35,1,1,185.1,267.3,0,1,148.1,0,1.1,1,0,2,0
71,1,1,146.8,234.9,0,0,106.7,1,0.4,2,1,1,1
52,0,2,110.3,364.2,0,1,164.4,0,0.3,0,0,3,0
49,1,3,159.6,275.2,0,2,159.7,1,1.3,2,0,1,1
43,0,1,131.6,238.9,0,0,166.4,0,1.3,1,0,2,0
36,0,0,164.5,205.4,0,2,150.4,0,1.2,0,0,3,0
63,0,1,124.1,204.5,0,1,159.2,0,0.0,0,0,2,0
55,1,2,157.3,261.0,1,0,159.2,0,0.9,2,1,1,1
40,1,1,130.5,213.3,0,2,144.0,1,0.9,1,0,1,0
40,1,0,178.3,280.1,0,0,198.1,0,3.4,1,0,2,1
50,1,0,127.9,236.4,0,1,150.7,0,1.5,0,2,1,1
72,0,2,189.5,244.2,1,1,141.1,1,0.4,1,1,2,1
51,1,3,141.2,245.4,0,0,168.8,0,1.0,0,0,1,1
37,1,3,145.0,228.8,0,0,141.2,0,2.2,1,0,3,1
51,1,2,163.9,252.5,0,0,149.1,0,1.7,0,0,1,0
51,1,3,119.1,331.4,0,2,134.3,0,0.6,1,2,1,0
24,0,1,140.9,254.7,0,0,138.8,0,2.6,0,0,1,1
53,0,2,125.5,259.7,0,2,160.1,1,3.6,2,0,1,0
51,1,0,136.0,275.0,1,2,91.9,0,1.5,1,0,3,1
62,0,2,134.5,239.4,0,0,109.0,0,0.2,2,0,2,1
74,0,3,146.3,206.0,0,0,152.1,0,1.4,0,1,1,0
66,1,3,146.5,120.0,0,0,107.0,0,0.5,0,3,1,1
51,1,2,122.9,150.1,0,0,136.1,1,0.3,0,0,1,0
42,1,2,133.2,270.1,0,1,160.5,0,0.1,0,1,1,0
82,1,3,99.0,267.4,0,0,141.9,1,0.1,1,0,2,1
55,1,0,152.1,235.2,0,0,158.2,0,0.5,0,3,1,1
54,0,2,161.5,345.3,0,1,162.5,0,0.8,1,0,3,1
54,1,1,137.4,239.9,1,1,124.2,0,1.1,1,0,1,1
56,1,3,105.6,138.2,0,1,157.6,0,2.0,1,0,2,1
52,0,0,143.9,273.7,0,0,138.4,0,0.2,1,0,2,1
48,0,0,115.8,290.4,0,0,92.3,0,0.4,0,0,3,1
48,1,2,135.8,271.0,0,0,187.3,1,0.0,1,2,1,0
54,1,0,146.3,293.1,0,0,137.8,0,1.1,0,0,1,0
48,0,0,139.3,161.8,0,2,151.2,1,0.0,0,2,3,0
46,1,2,151.5,242.8,0,0,134.7,0,0.0,1,0,1,0
55,1,3,136.9,205.2,1,0,158.5,1,0.9,0,1,1,1
51,1,1,136.4,263.4,0,0,140.2,0,0.2,1,1,1,1
71,1,3,151.5,314.2,0,1,120.6,0,1.1,0,0,2,1
25,1,2,125.5,215.1,0,0,205.0,0,0.4,0,2,2,1
66,1,2,124.6,274.3,1,0,78.3,0,0.3,0,0,1,0
68,1,2,145.6,207.7,0,2,127.5,1,1.4,1,0,2,0
31,0,0,104.9,232.6,0,1,165.6,0,1.4,1,1,1,0
50,0,1,128.5,217.4,1,1,123.6,0,0.1,1,0,3,0
50,1,1,108.2,319.2,0,0,133.3,0,1.3,1,0,1,1
39,1,0,120.3,188.6,1,0,161.9,0,2.9,1,0,1,1
45,1,1,122.5,242.1,0,1,97.0,1,0.6,1,1,1,1
42,1,1,113.3,297.4,0,1,187.2,0,0.8,0,0,2,1
73,0,2,155.6,162.5,0,0,140.2,0,0.4,1,0,2,0
64,0,2,151.8,263.9,1,1,144.8,1,1.4,0,1,2,1
68,1,3,161.2,251.2,0,0,138.6,0,1.4,1,0,1,0
62,1,0,132.6,214.2,0,1,129.7,0,2.2,0,0,1,1
42,1,0,123.2,290.7,0,1,148.0,0,1.3,1,2,3,1
48,1,2,147.0,314.8,0,0,153.4,0,3.9,0,0,1,0
59,1,0,137.6,272.1,0,0,132.3,1,3.5,2,0,3,1
41,0,2,130.0,223.8,1,1,146.9,1,0.5,1,3,1,1
62,1,2,90.2,180.5,0,1,151.8,1,1.3,1,0,2,1
51,1,1,146.9,248.3,0,1,117.9,0,0.0,2,0,1,1
50,1,1,144.2,233.2,0,1,162.3,0,0.5,0,1,1,1
62,0,1,132.9,240.1,0,1,194.5,1,0.5,0,0,3,1
59,1,1,149.9,221.3,0,0,188.9,0,1.8,1,2,1,0
50,1,0,143.8,214.3,0,0,156.5,0,0.3,1,2,1,1
67,0,0,121.7,247.2,1,0,112.3,1,0.2,1,0,3,1
42,1,2,127.0,183.0,0,0,185.2,1,0.6,1,3,1,1
61,1,0,117.6,289.5,0,2,139.2,0,0.3,2,1,1,0
61,0,2,159.1,210.3,0,0,174.7,0,0.2,1,0,2,0
51,1,1,150.8,245.3,0,0,132.6,0,0.6,0,3,2,0
58,1,0,120.3,228.5,0,0,132.3,0,0.3,0,0,1,1
40,1,0,141.6,265.1,0,0,166.6,0,0.1,2,0,1,0
64,1,1,141.5,271.1,0,0,126.5,0,0.3,0,0,3,1
52,1,0,121.2,263.0,0,1,190.1,1,1.4,0,1,1,1
48,0,0,131.7,187.9,0,0,163.6,0,0.1,0,2,2,1
66,0,1,149.5,237.1,0,0,179.4,0,0.1,1,0,2,0
46,0,1,145.9,309.1,0,0,127.4,0,0.5,1,0,1,0
39,1,2,172.2,221.1,0,1,137.4,0,0.2,2,0,3,1
37,1,3,131.4,281.6,0,0,205.0,1,0.5,0,0,1,0
61,0,0,128.5,243.4,0,1,108.0,0,2.5,0,1,1,1
40,1,0,140.6,222.9,0,0,185.9,0,0.2,0,0,2,0
73,1,2,135.5,256.3,0,1,140.6,1,1.3,1,0,1,1
31,0,2,114.7,196.7,0,0,152.1,0,0.1,0,0,2,0
73,1,3,122.1,287.6,0,0,158.1,0,1.5,0,2,1,1
56,1,0,90.0,204.5,0,1,182.2,0,2.7,2,2,3,1
53,1,1,147.0,265.4,0,1,149.8,0,1.5,0,1,3,1
48,0,2,100.0,286.8,0,0,157.4,0,2.1,2,1,2,0
58,1,3,119.2,261.5,0,1,148.9,0,1.4,1,0,2,1
54,1,0,139.3,216.4,0,0,146.0,1,0.3,1,2,1,1
66,1,2,131.2,253.8,0,1,103.7,1,0.3,0,1,1,1
55,1,1,172.9,209.4,0,1,127.9,0,2.3,1,2,1,1
56,1,0,107.3,232.8,0,2,173.8,0,0.0,2,0,2,0
50,0,1,170.3,217.0,1,1,138.5,0,0.8,1,1,1,1
53,1,0,158.6,207.6,0,0,125.5,0,0.4,0,1,1,1
57,0,2,148.1,270.2,0,0,138.0,0,2.4,1,0,1,0
35,0,2,152.2,278.0,0,0,153.6,0,0.2,1,0,1,0
39,1,3,137.5,282.5,0,1,125.1,1,0.5,0,0,3,1
62,0,1,102.3,254.9,0,1,139.2,0,0.1,1,0,1,0
56,1,0,143.8,306.7,1,1,148.4,0,2.8,1,1,1,1
52,0,1,103.8,210.9,0,0,133.0,1,0.4,1,0,1,0
54,0,1,121.5,297.9,0,1,154.6,0,0.5,1,2,1,1
58,1,2,133.6,282.8,0,1,205.0,0,0.1,1,1,2,0
48,1,1,116.1,241.1,0,0,144.4,0,0.1,1,2,3,1
45,0,2,145.8,248.1,1,0,125.9,0,2.7,2,1,1,1
56,1,2,130.7,287.7,0,1,169.6,0,1.0,1,1,3,1
43,0,0,135.6,266.7,0,1,175.5,0,0.9,0,2,1,0
58,1,2,134.8,254.3,0,0,170.5,0,1.6,0,2,1,0
35,1,1,131.5,214.9,0,1,166.7,0,1.0,0,0,1,0
65,0,2,117.8,204.6,0,0,128.1,0,0.3,1,0,1,0
59,1,2,114.1,247.9,0,0,148.0,0,2.4,0,1,3,1
57,0,0,129.0,192.1,0,1,133.2,0,0.3,1,1,1,1
65,0,1,116.4,277.5,1,1,170.6,0,1.7,1,2,2,1
72,1,2,163.6,169.6,0,0,158.8,1,0.3,1,0,1,1
65,1,0,112.0,258.8,0,0,106.2,0,0.3,0,1,3,1
34,1,2,171.1,222.2,0,1,149.8,1,0.9,0,1,3,1
40,1,0,135.9,217.2,0,0,174.4,0,0.1,0,0,1,1
47,1,2,133.5,226.8,0,0,124.8,0,0.5,2,0,2,1
54,1,3,124.3,120.0,0,0,148.2,0,0.7,1,0,1,0
60,1,2,147.3,224.1,0,1,105.3,0,2.2,0,0,3,1
46,1,1,128.3,200.4,1,1,143.6,1,0.5,2,0,1,1
56,1,0,139.9,204.5,1,1,145.7,0,0.0,0,0,1,0
46,1,0,147.2,375.9,0,0,126.6,0,1.7,1,1,1,1
47,1,2,144.3,177.8,0,0,154.6,1,1.0,2,1,1,1
39,1,1,152.6,253.6,0,0,168.2,0,1.1,1,0,1,0
44,1,1,141.2,202.9,1,1,133.2,0,0.1,2,0,1,1
39,1,3,113.1,196.0,0,0,172.5,1,0.2,0,0,2,0
43,1,1,93.8,178.3,0,0,176.8,0,0.8,2,0,2,1
66,1,2,140.8,295.2,0,1,136.0,1,0.2,2,2,1,0
44,1,2,135.6,290.9,0,0,114.4,1,1.7,1,0,1,1
83,1,2,175.9,224.3,0,1,116.1,0,0.0,2,0,1,0
59,1,1,133.2,283.3,0,0,150.7,0,1.7,1,3,3,1
56,1,1,141.2,196.5,1,1,121.0,0,0.6,1,1,3,1
45,1,3,145.7,220.6,0,0,149.5,0,0.9,0,0,2,0
62,1,1,145.2,274.1,0,2,123.9,1,0.2,1,0,1,1
48,1,2,147.7,195.2,0,0,150.8,1,0.5,0,0,1,0
55,0,2,116.5,209.2,0,0,142.1,0,0.9,0,0,1,0
82,0,0,120.4,252.3,0,1,129.8,0,0.2,1,1,1,0
53,1,2,128.7,242.7,0,2,158.9,0,0.5,1,3,3,1
67,1,2,98.1,198.5,0,0,133.7,0,1.1,0,1,2,0
46,1,2,131.3,336.9,0,1,188.9,0,2.3,1,0,1,1
54,0,2,119.1,204.3,0,0,178.6,0,0.3,1,3,1,0
73,1,3,144.5,290.0,0,0,146.0,0,1.4,1,0,1,1
47,1,1,127.5,265.2,1,1,162.4,0,0.1,0,0,1,0
74,0,2,117.7,213.0,0,1,123.4,1,0.2,2,2,2,1
62,1,1,159.6,264.6,0,1,151.0,0,1.7,2,2,1,1
48,1,2,134.0,202.3,1,0,163.1,1,2.0,1,2,1,1
61,1,0,151.3,247.0,0,1,155.7,0,0.8,2,0,1,1
65,0,0,137.1,281.5,1,1,164.0,0,0.2,1,3,2,1
61,0,0,141.1,219.3,0,2,152.3,0,0.2,1,0,1,0
37,1,1,105.3,253.6,0,0,164.8,0,2.9,1,0,1,0
46,1,0,155.0,213.3,0,0,180.4,1,0.8,0,3,1,1
51,0,2,146.1,248.1,1,0,151.6,1,0.4,1,2,2,1
53,1,1,133.4,245.7,0,0,135.0,0,0.9,0,0,1,0
61,1,2,140.9,227.7,0,0,156.0,0,0.3,1,0,1,1
56,1,0,152.5,161.5,0,1,160.9,0,1.3,2,1,2,1
39,1,0,123.6,270.5,1,0,148.4,1,0.2,0,3,1,0
58,0,1,103.5,330.4,0,0,137.0,1,0.3,0,1,1,1
61,1,1,129.4,250.0,0,0,146.3,1,1.3,0,0,1,1
60,1,0,138.2,216.5,0,1,172.1,1,0.1,0,1,1,0
66,1,3,136.4,254.8,0,1,129.5,1,5.3,0,0,2,1
63,1,1,160.0,295.0,0,1,111.7,0,0.4,0,0,2,1
59,1,2,118.0,299.4,0,0,112.3,0,1.2,0,3,1,1
53,0,0,115.8,281.2,1,1,119.7,1,0.1,1,0,3,1
36,1,3,110.5,254.7,0,0,132.3,0,0.8,1,0,3,1
59,0,1,140.0,272.9,0,1,133.0,0,0.8,0,0,1,1
56,1,3,107.0,247.3,0,0,135.0,1,0.3,0,0,2,1
57,0,1,145.1,200.4,0,0,156.7,0,0.4,0,0,1,0
40,0,0,110.7,219.8,1,1,183.7,0,1.9,1,0,2,0
42,1,2,117.1,223.0,0,0,174.3,0,0.3,1,0,1,0
66,1,2,168.9,258.5,0,1,124.8,1,1.2,1,0,2,1
54,1,0,156.2,163.8,0,1,134.5,0,0.6,1,0,1,1
61,0,0,134.9,266.3,0,0,198.0,0,0.7,2,1,2,1
54,1,2,110.4,152.8,0,2,114.3,1,0.5,1,0,1,1
54,1,0,170.3,259.5,0,0,167.7,0,1.5,1,1,3,1
64,0,1,130.0,296.4,0,2,122.8,0,0.0,2,0,1,1
48,1,2,137.0,278.7,0,0,168.4,0,0.2,0,0,2,1
55,1,2,150.7,202.3,0,0,173.1,0,0.4,1,0,2,0
49,0,0,94.4,267.1,0,1,154.9,0,0.2,0,0,1,1
49,1,2,121.2,270.6,0,1,174.3,0,0.8,2,0,2,1
51,1,0,132.0,315.4,0,1,205.0,0,1.2,0,0,1,0
56,1,1,136.9,258.2,0,2,116.7,0,0.9,0,1,1,1
49,0,1,106.3,284.8,0,0,174.2,1,0.7,0,0,2,0
68,1,3,143.4,227.1,0,0,165.0,0,1.2,1,1,1,1
44,0,0,129.1,200.4,1,0,122.1,0,2.2,0,0,3,1
52,1,0,163.5,278.7,0,0,156.9,0,1.2,0,1,1,0
49,0,2,147.8,278.3,0,2,147.3,0,1.1,0,0,2,1
70,1,1,133.2,219.0,0,1,152.4,1,2.6,1,2,2,1
56,1,2,131.0,188.8,0,0,151.6,0,3.2,1,1,2,1
65,0,3,152.0,250.7,1,1,159.9,1,0.2,0,0,2,0
38,1,3,135.1,237.7,1,1,138.1,0,0.4,0,3,1,1
57,1,1,110.1,252.7,0,0,193.6,0,0.0,2,0,2,0
64,0,2,171.2,283.9,0,0,146.4,0,0.4,1,3,3,1
55,1,3,116.4,287.0,0,1,183.2,0,1.3,0,0,3,0
66,1,0,181.6,245.9,0,0,150.8,1,3.7,0,1,3,1
48,0,1,137.2,195.5,0,1,180.5,0,0.0,0,1,1,0
70,1,1,126.6,215.1,0,1,138.9,0,0.1,1,1,2,1
79,1,1,97.6,223.9,0,2,159.8,0,0.7,1,1,1,1
50,0,3,144.0,234.7,1,0,128.3,1,0.1,1,0,3,0
49,1,2,104.8,217.0,0,0,173.4,0,0.1,0,0,1,0
70,0,1,141.4,236.2,0,1,122.2,0,0.6,1,0,2,1
71,1,3,173.1,250.6,0,0,133.8,0,1.3,0,0,2,1
48,1,1,112.0,211.0,1,1,127.6,0,0.4,1,1,1,1
49,1,3,146.0,253.8,0,0,136.3,0,0.2,0,0,3,1
51,1,1,118.6,320.8,0,0,143.0,0,0.4,0,3,1,0
39,1,0,150.6,228.8,0,0,170.1,0,0.1,1,1,3,1
44,1,1,132.7,207.9,0,0,161.7,1,0.4,0,1,1,1
43,1,2,130.9,251.0,0,1,146.0,1,0.7,1,0,1,0
46,1,1,153.7,203.6,1,1,165.5,0,0.1,1,0,1,1
54,1,0,145.3,234.9,0,0,158.3,1,0.8,1,0,1,1
57,1,3,120.3,212.6,0,0,138.4,0,0.7,0,0,1,1
71,0,3,167.4,200.3,0,0,128.9,0,0.5,0,0,1,1
43,0,2,100.6,198.9,0,0,146.7,0,1.0,0,0,1,0
65,1,3,141.7,216.2,0,1,185.8,0,2.7,0,1,1,1
52,1,3,118.7,194.9,0,1,134.9,1,0.4,1,1,2,0
53,1,2,107.0,297.3,0,2,172.5,0,0.1,1,0,1,0
61,0,2,112.3,262.8,0,1,126.9,1,1.3,0,0,2,0
42,1,3,130.1,278.6,0,1,145.4,0,0.3,0,1,2,0
58,1,2,141.3,183.0,0,0,155.8,0,1.3,1,0,1,0
56,0,0,150.6,229.2,0,0,161.4,1,0.3,1,0,1,1
59,0,1,158.8,261.6,0,0,152.1,0,0.1,2,2,2,1
57,1,1,139.7,315.2,0,2,161.4,0,6.0,0,0,1,1
81,1,3,132.8,217.7,0,0,145.7,0,0.8,2,0,1,0
47,0,2,148.0,182.4,0,0,165.6,0,1.4,1,1,2,1
48,1,3,121.4,247.7,0,0,139.7,0,0.5,0,0,1,0
47,1,2,103.5,209.3,0,0,145.0,1,2.4,0,0,3,0
48,1,1,149.4,314.4,0,0,151.3,0,1.8,1,0,1,0
47,1,2,156.1,262.8,0,0,176.7,1,1.8,0,2,1,1
67,1,0,122.5,233.4,0,0,154.9,0,1.6,2,1,2,1
70,1,1,173.3,234.6,0,1,140.4,1,0.9,2,0,3,1
48,0,2,140.0,233.7,0,0,155.2,0,0.7,0,0,3,0
45,0,2,136.6,158.0,0,1,129.6,0,1.1,0,0,2,0
59,0,3,122.9,245.0,0,0,139.2,1,0.3,1,0,2,0
48,0,1,147.8,217.9,0,0,140.3,1,0.8,0,0,1,1
61,0,2,105.3,271.7,0,0,162.9,1,1.1,0,3,1,1
56,1,0,128.4,202.6,0,0,151.0,0,0.1,1,0,3,1
37,0,2,113.6,265.5,0,0,184.9,0,1.4,1,1,1,0
71,0,1,111.7,271.2,0,0,188.5,1,0.6,0,2,2,1
74,1,2,154.5,255.4,0,1,154.0,0,3.0,1,0,1,1
47,0,0,135.4,294.1,0,2,131.2,0,3.0,0,0,1,1
50,1,1,147.5,157.1,0,1,145.8,0,1.9,1,0,1,0
57,0,2,126.7,262.0,0,1,110.0,0,0.6,2,3,2,1
58,1,2,152.7,240.8,1,1,184.4,1,1.3,2,0,3,1
61,1,2,137.1,240.6,1,0,193.8,0,0.3,0,2,1,0
76,1,2,131.0,205.9,1,2,113.9,0,0.3,1,0,1,0
52,1,3,122.0,178.2,0,1,139.8,1,0.9,1,3,1,1
45,1,3,96.1,277.5,0,1,140.6,0,1.3,1,0,1,1
39,0,1,148.2,270.8,0,0,138.0,0,0.6,2,1,3,1
46,1,1,150.9,317.7,0,0,120.3,0,1.6,1,0,2,1
54,1,2,186.7,327.8,0,0,166.3,0,1.0,1,0,2,0
74,1,0,133.0,180.3,0,0,112.0,0,0.4,1,3,3,1
48,1,1,120.5,232.5,0,0,151.2,0,0.3,1,1,3,0
56,1,0,103.9,253.1,0,0,129.2,0,1.6,1,0,1,0
54,1,0,151.3,283.7,1,0,110.0,1,0.4,0,0,1,1
67,1,2,150.4,308.7,0,2,126.1,0,0.2,0,0,1,0
82,1,1,168.9,205.9,0,0,99.4,0,1.3,0,0,2,1
48,0,0,113.0,215.5,0,1,151.3,0,0.1,0,0,1,1
49,1,3,145.6,300.0,0,0,163.9,1,0.2,0,0,3,0
65,1,3,127.4,171.6,0,1,153.8,1,1.9,0,0,3,1
62,0,3,157.2,196.8,0,1,148.4,0,0.8,1,1,3,1
74,0,1,145.7,267.7,0,0,149.9,0,0.8,2,0,1,1
60,0,0,104.5,333.9,0,0,123.4,0,2.0,0,2,3,1
50,1,0,130.6,166.2,0,0,143.1,0,1.7,1,0,3,1
60,1,1,100.4,246.1,0,1,137.1,0,1.5,0,0,3,1
66,0,0,113.1,270.0,0,2,108.4,0,0.4,2,0,2,0
63,1,3,116.4,309.2,0,0,124.2,0,0.2,1,2,1,0
60,1,3,124.0,263.2,0,0,119.6,0,0.8,1,3,1,1
66,1,2,132.3,164.6,1,0,137.2,0,0.8,1,0,2,0
67,0,2,137.2,189.4,0,1,152.3,0,0.0,2,0,1,0
69,1,2,139.8,307.0,0,0,129.2,1,0.5,1,0,1,1
61,1,2,135.3,263.2,0,1,122.3,0,0.8,0,0,1,0
52,1,3,139.5,191.2,0,2,151.2,0,0.7,1,0,1,0
56,1,2,112.0,263.8,0,0,137.0,0,4.1,0,0,1,1
67,1,0,138.6,259.5,0,0,124.7,0,0.2,0,1,3,1
45,1,0,157.6,128.5,0,0,187.5,0,0.2,2,2,3,1
58,0,2,129.0,150.4,0,1,168.3,0,2.1,1,2,2,1
50,0,1,138.9,253.7,0,0,153.2,1,2.8,1,0,1,0
54,1,3,141.2,331.0,0,0,136.4,0,2.0,1,0,1,1
68,0,2,150.0,257.9,1,1,129.4,1,2.3,1,1,1,1
56,0,2,136.7,134.3,0,1,128.1,0,0.7,2,1,1,1
55,1,0,149.5,170.8,0,0,131.3,0,2.2,0,0,2,0
39,0,1,136.4,263.7,0,2,154.3,0,0.7,1,0,2,0
62,1,1,147.8,276.5,0,0,88.3,0,0.5,1,0,1,1
61,1,2,143.7,235.3,0,1,174.3,0,0.2,0,0,1,0
78,0,1,118.9,228.5,0,1,142.0,1,1.4,0,1,2,1
51,0,3,109.2,275.3,0,1,130.4,0,0.9,0,0,3,0
56,0,2,125.1,290.7,0,0,178.0,0,0.5,0,2,1,1
57,0,2,159.7,273.0,0,0,159.7,1,0.0,0,2,1,1
71,0,3,132.2,205.4,1,0,154.4,0,1.1,0,0,1,0
53,0,3,136.3,280.6,0,0,140.6,0,1.2,0,2,2,1
57,1,0,99.3,226.9,0,1,157.4,0,0.1,0,0,1,1
61,0,2,136.2,217.4,0,1,106.6,0,0.8,0,0,3,1
56,1,0,136.0,213.9,0,1,153.3,0,0.5,0,0,1,0
49,1,1,90.0,240.6,0,1,142.9,1,1.1,0,0,2,0
56,1,0,139.7,267.2,0,1,167.4,0,0.4,0,3,1,0
66,1,2,107.3,156.7,0,1,132.0,0,1.3,0,1,1,0
43,0,1,115.2,205.4,0,1,141.9,0,0.1,1,0,2,0
55,1,2,152.2,221.5,0,0,173.0,1,0.3,2,2,1,1
46,1,2,134.8,284.2,0,0,177.0,0,1.1,0,0,2,1
67,0,2,126.2,207.8,0,0,157.0,0,1.7,1,2,3,1
37,1,1,120.1,220.9,0,0,167.6,1,1.5,0,0,1,0
48,0,3,122.0,274.9,1,0,166.3,0,0.6,0,0,2,1
58,0,2,134.9,244.5,0,0,139.8,1,0.4,0,2,1,1
71,1,1,116.6,314.8,1,1,118.3,0,0.5,1,0,3,1
53,1,3,154.0,234.4,0,1,155.4,1,0.6,0,0,3,1
48,0,1,108.8,322.2,0,0,113.2,0,0.1,1,0,2,1
75,1,2,108.2,339.5,0,0,164.2,1,0.2,0,1,1,1
38,1,2,147.8,256.0,0,2,155.1,0,0.2,2,1,1,1
30,1,0,120.1,251.4,0,0,158.4,0,0.3,1,0,1,0
59,0,1,133.5,267.7,0,0,124.0,0,0.7,1,1,3,1
48,1,2,144.3,275.2,0,0,180.0,1,0.3,2,1,1,0
43,1,0,118.3,243.0,0,0,169.8,0,2.1,0,0,2,0
62,0,1,135.5,295.6,0,0,148.4,1,2.5,0,0,2,1
57,1,2,146.4,264.5,0,0,157.9,0,4.3,2,0,1,1
48,1,2,162.1,300.3,1,0,153.6,0,0.2,0,3,3,1
40,0,2,118.3,172.6,1,1,174.4,1,1.3,1,0,2,0
64,1,3,128.2,254.4,0,0,134.0,1,2.1,1,0,1,1
61,0,1,142.9,288.5,0,0,143.9,1,0.1,0,0,1,0
53,1,2,137.5,190.8,0,0,160.3,0,1.7,1,0,2,0
74,1,2,136.5,267.3,0,1,104.7,1,0.9,1,1,1,1
42,0,1,156.7,264.0,1,1,126.5,0,0.4,0,1,2,1
37,1,3,99.5,311.5,0,1,198.3,0,0.9,0,0,1,0
46,1,3,106.4,223.7,0,0,133.3,0,0.8,1,2,1,1
53,1,1,103.7,250.3,0,2,181.8,0,1.4,2,0,1,1
57,0,2,153.4,218.0,0,1,138.0,1,0.2,0,0,1,0
51,0,2,139.5,234.2,0,0,125.2,1,0.2,0,2,3,1
58,1,1,110.3,314.1,0,2,171.5,0,0.1,2,2,3,1
40,1,3,128.3,235.2,0,1,169.4,0,0.9,1,0,2,0
70,1,2,137.5,215.8,0,1,153.9,1,1.3,1,3,1,1
53,1,2,94.0,233.0,0,0,122.1,0,0.7,0,0,2,0
66,1,0,140.4,222.8,0,0,150.2,0,0.8,1,2,1,1
58,0,1,110.8,223.4,0,1,78.3,0,0.4,1,2,1,1
59,0,1,145.0,219.4,0,1,153.3,0,0.6,1,0,2,1
60,1,2,114.9,221.5,0,2,124.3,1,2.0,0,1,1,1
59,1,2,139.2,190.9,0,2,176.1,1,2.0,1,1,1,0
61,1,0,159.1,246.9,0,1,164.0,1,1.8,0,0,3,1
69,1,1,155.3,203.6,0,0,142.7,1,0.1,1,0,1,1
56,1,1,143.6,292.3,0,1,170.2,0,3.6,0,0,3,1
62,1,2,134.5,230.5,0,0,195.5,0,0.1,0,1,2,0
53,0,2,103.7,259.0,0,1,147.1,0,3.5,1,2,1,1
70,1,1,130.1,265.1,1,0,145.6,1,1.2,1,0,1,1
47,1,0,128.2,158.1,0,1,124.4,1,2.3,1,0,1,1
74,1,1,133.6,236.7,0,1,116.5,0,1.3,1,1,2,1
54,1,1,106.4,317.0,0,2,127.5,1,1.5,0,0,1,1
38,1,2,137.8,201.7,0,1,158.4,0,2.4,0,0,3,1
55,1,0,113.0,341.7,0,0,155.3,0,2.5,1,0,3,0
47,0,1,157.1,262.9,1,0,136.9,0,0.3,2,1,2,1
63,1,2,138.9,267.3,0,1,148.5,0,6.0,0,0,3,1
47,1,3,149.9,249.5,0,1,173.8,0,0.9,2,1,2,1
49,0,3,147.0,285.7,0,0,154.6,1,2.4,0,2,3,1
33,0,3,163.2,282.5,0,1,184.2,0,0.4,0,0,2,0
49,1,2,136.0,238.8,1,1,112.0,0,0.5,1,2,3,1
27,0,2,117.2,213.0,1,1,129.0,0,0.3,1,1,1,1
37,1,2,123.1,172.8,0,1,171.8,0,2.2,2,0,1,1
62,1,3,162.9,280.0,0,1,148.2,0,1.1,1,0,2,0
63,0,3,109.5,247.4,0,1,144.0,0,0.1,0,0,1,1
59,1,1,119.4,206.0,0,1,147.2,1,0.4,0,1,1,1
43,1,1,135.5,212.0,0,0,129.3,1,0.1,0,0,1,0
53,1,1,131.0,238.0,0,1,110.7,0,0.5,0,0,1,0
54,1,2,151.4,198.2,0,0,168.1,0,2.0,1,2,1,1
41,1,2,106.7,239.0,0,2,179.6,0,0.5,0,0,1,0
71,0,3,134.0,176.1,0,1,122.4,0,0.0,1,0,3,1
64,0,1,130.1,221.5,0,0,95.1,1,0.4,2,1,1,1
52,0,1,111.2,189.6,0,2,145.8,0,1.3,0,0,3,1
54,1,3,149.8,250.2,0,0,132.7,0,0.7,2,1,1,1
56,1,0,132.8,199.1,0,0,164.7,0,1.4,2,1,1,1
32,1,0,126.1,209.1,1,0,139.7,0,1.4,0,1,2,0
51,1,2,118.4,339.8,1,1,165.1,0,1.7,1,1,3,1
46,0,0,122.3,276.7,0,1,154.8,0,1.6,1,2,2,0
43,0,1,109.9,264.0,0,0,182.9,0,1.1,1,1,3,0
51,1,1,148.8,297.4,0,0,161.7,0,0.9,0,3,3,1
74,1,0,157.6,270.9,0,0,127.0,0,0.1,1,0,2,0
61,1,2,166.0,182.1,0,0,151.6,1,0.2,1,1,1,1
48,0,1,137.3,181.4,0,0,151.4,1,1.9,0,0,1,1
60,1,1,129.4,124.3,0,0,110.5,0,1.8,1,2,3,1
69,1,0,129.3,255.5,0,2,152.1,1,0.8,1,2,2,1
64,1,2,145.3,198.3,0,1,140.6,1,1.6,1,0,1,1
55,0,1,134.9,216.7,0,0,100.2,1,0.3,0,0,2,1
47,1,1,129.1,224.9,0,2,120.1,0,0.0,2,0,1,1
62,1,1,131.3,217.4,0,0,130.4,1,0.5,0,0,1,1
58,1,1,156.1,241.3,0,1,164.5,1,1.9,1,2,1,0
64,0,1,125.7,232.4,0,1,127.6,1,0.0,0,0,1,1
61,0,2,157.0,227.0,0,1,159.9,0,0.1,0,1,2,1
66,1,3,140.3,177.5,0,1,157.8,1,0.4,1,1,2,0
48,0,3,122.9,249.9,0,0,147.2,0,0.4,1,0,3,1
68,1,2,123.4,342.0,0,2,156.0,1,0.7,2,0,2,1
56,0,0,128.7,254.3,0,1,145.3,0,0.7,1,1,1,1
77,0,2,145.8,349.3,0,0,117.4,0,0.0,0,0,3,1
46,1,0,125.2,213.6,0,0,147.6,0,0.8,2,1,2,1
73,1,2,154.1,236.9,0,1,119.1,0,0.1,0,2,1,1
56,1,1,126.8,241.2,1,1,164.3,0,1.2,0,0,2,0
47,1,3,130.0,231.5,0,0,162.2,0,2.8,2,0,2,1
49,0,3,106.6,290.9,0,2,184.6,0,5.6,2,2,3,1
50,1,1,143.1,143.6,0,1,148.6,0,0.6,1,0,1,1
59,0,1,127.4,223.1,0,2,153.3,0,1.0,0,0,1,1
60,1,2,163.9,316.7,1,0,150.8,0,0.8,1,0,1,1
48,0,0,142.2,217.4,0,0,163.1,0,0.2,1,0,2,0
54,0,3,132.5,282.3,0,2,157.4,0,0.6,0,0,1,1
78,0,1,159.1,276.4,0,1,116.7,0,2.9,2,0,2,1
73,0,0,143.0,244.9,0,0,139.3,0,0.7,0,2,3,1
59,1,2,153.4,257.1,0,1,145.5,0,1.6,0,1,3,1
54,1,0,118.5,237.6,0,0,196.4,1,0.9,0,1,2,1
55,1,0,142.6,148.2,0,0,109.3,0,0.7,0,2,1,1
61,1,2,144.8,264.1,1,1,160.9,0,0.1,1,1,3,1
43,0,2,100.4,210.4,0,1,188.1,1,2.8,0,1,1,0
51,0,2,157.4,179.8,0,1,129.4,0,0.1,0,0,3,1
36,0,2,105.6,252.1,0,1,205.0,0,1.3,0,0,2,0
58,0,0,108.6,256.9,0,1,149.4,1,0.4,0,3,1,1
61,1,1,90.0,287.0,0,0,139.3,0,0.4,0,3,1,0
49,1,1,141.3,228.2,0,0,153.2,0,0.7,1,3,1,1
71,1,3,108.7,285.1,0,1,142.1,1,0.6,1,0,3,1
41,0,0,118.4,237.8,0,0,161.3,1,0.1,2,0,2,1
38,0,1,142.1,251.0,0,1,131.8,0,0.2,0,0,1,0
56,0,3,135.0,260.9,1,1,156.9,0,2.6,0,0,1,0
66,0,3,122.8,187.1,0,0,102.9,0,0.6,0,0,2,0
73,1,3,110.1,264.6,0,0,127.4,1,0.5,0,0,2,1
49,0,0,127.8,244.2,0,2,143.4,0,0.7,1,0,2,0
66,1,2,152.4,233.7,0,0,142.0,0,0.3,0,1,1,1
54,1,1,146.6,246.4,0,1,146.3,0,0.1,1,0,2,0
52,0,2,162.7,352.9,0,1,155.1,0,2.3,2,0,2,1
64,1,0,124.7,160.4,0,1,112.5,1,0.1,1,3,1,1
61,1,0,112.0,238.1,0,0,144.3,0,1.0,1,2,1,0
37,0,1,132.3,271.2,1,1,138.4,0,1.2,1,0,1,1
70,1,0,141.8,192.2,0,0,145.1,1,0.0,1,3,1,1
69,0,2,134.7,263.0,0,0,177.4,1,1.3,0,0,1,0
47,0,3,115.8,252.3,0,0,154.4,0,4.1,0,0,1,1
58,1,2,90.0,172.9,0,1,179.9,0,1.9,2,0,2,0
59,1,1,117.1,217.4,0,1,150.5,0,0.5,1,1,3,1
57,0,3,141.8,320.9,0,0,131.6,1,0.0,0,0,2,1
48,0,0,134.6,169.3,0,1,156.4,1,2.4,0,2,1,1
47,1,1,149.6,219.6,0,1,106.9,0,1.8,1,0,3,1
54,0,1,137.2,234.1,0,1,153.2,1,2.8,2,0,1,1
67,0,0,147.5,246.1,0,1,167.9,0,4.2,1,0,1,1
60,1,0,149.3,225.3,0,0,122.1,1,0.3,1,0,1,1
50,1,1,133.4,243.6,0,1,174.0,0,0.3,0,0,1,0
62,0,3,133.5,242.6,0,1,123.0,1,0.5,0,0,2,1
23,1,3,90.0,261.8,0,0,163.3,1,0.1,0,1,3,0
67,1,1,125.4,283.1,0,0,116.6,1,3.3,2,2,3,1
35,1,0,118.2,254.1,0,1,159.4,0,1.4,1,0,2,0
50,1,0,131.0,250.4,0,0,205.0,0,0.0,0,0,2,0
42,1,1,114.3,168.4,0,0,142.0,0,1.1,0,0,2,1
40,0,0,144.4,241.6,1,1,152.6,1,0.1,1,0,1,0
67,0,0,118.4,295.0,0,0,140.3,0,1.5,0,0,2,0
49,1,2,152.6,168.8,0,0,147.7,0,1.1,2,0,3,1
58,1,2,117.7,184.8,0,0,170.4,0,0.8,1,2,1,0
53,1,1,122.9,306.7,0,1,134.6,0,0.4,0,0,3,1
59,1,2,123.0,177.2,0,0,151.9,0,1.2,0,1,2,0
55,1,2,125.3,237.2,0,1,138.5,0,0.3,1,1,3,1
40,1,1,151.7,212.2,0,1,191.4,0,0.0,1,0,2,0
65,1,0,130.9,308.2,0,1,146.7,0,2.5,1,2,3,1
49,1,3,127.3,253.0,0,0,153.8,0,0.1,1,0,1,0
37,0,2,113.4,270.3,0,0,173.7,0,1.5,2,2,1,0
49,1,1,128.1,242.1,0,0,182.7,1,0.5,0,0,1,0
71,1,2,142.1,335.1,0,0,159.9,0,0.6,1,0,2,0
63,1,1,132.4,211.8,0,1,161.6,1,0.3,1,1,1,0
50,1,2,130.3,255.1,0,0,177.8,0,0.1,1,1,1,0
50,0,1,148.3,295.3,0,0,150.2,0,0.0,1,0,1,1
50,1,1,137.9,305.3,1,0,195.5,0,0.0,0,3,2,1
77,1,2,119.0,237.7,0,1,152.5,0,0.9,0,1,3,0
58,1,2,133.5,153.7,0,1,157.8,1,2.3,0,3,1,1
59,1,0,125.6,226.2,0,1,142.5,0,0.3,2,0,3,1
65,0,0,143.1,322.0,1,0,108.3,1,0.1,1,0,1,1
57,1,1,136.6,208.9,1,0,147.5,1,0.8,0,1,1,1
51,1,1,153.6,253.2,0,1,130.5,0,0.7,1,0,1,0
52,1,1,120.2,227.2,0,1,139.1,0,1.3,2,0,3,0
53,1,2,130.3,237.9,0,0,151.1,0,0.2,0,3,2,1
54,1,0,114.8,299.1,0,1,177.5,1,2.0,2,1,1,1
62,0,2,132.2,255.4,1,2,140.2,1,0.1,1,0,3,1
55,1,2,106.6,331.6,0,0,125.6,0,0.7,0,0,1,0
62,0,0,138.8,287.2,1,0,111.2,0,1.0,0,0,3,1
53,1,2,132.8,246.8,0,1,124.6,0,0.3,1,0,2,1
55,0,3,134.0,237.6,0,1,194.3,1,0.1,1,0,3,0
32,0,0,139.7,248.3,0,1,148.4,0,0.1,0,0,2,1
64,1,3,140.5,190.6,0,0,102.4,0,2.1,1,0,2,1
58,1,2,112.0,196.3,0,1,151.8,0,0.0,2,1,1,0
65,1,2,126.7,278.6,1,1,127.8,0,0.3,1,2,2,0
22,1,0,124.6,270.7,0,0,166.4,0,3.9,0,0,1,0
77,1,2,133.8,191.2,0,1,153.2,1,0.5,0,1,1,0
52,1,1,129.8,278.5,0,0,176.0,0,0.1,1,0,1,0
66,1,2,166.2,237.9,0,1,138.3,0,0.1,2,0,1,1
43,1,2,133.1,201.0,0,1,161.7,0,2.8,0,0,2,0
61,1,2,142.6,230.0,0,1,172.4,1,2.1,0,0,2,1
42,1,1,94.8,276.3,0,1,137.8,0,0.1,2,3,3,1
47,1,0,145.7,265.7,0,1,124.0,1,0.9,1,1,1,1
75,0,0,187.6,261.8,0,0,145.9,1,1.0,2,1,2,1
52,1,3,157.7,257.4,1,0,126.2,0,1.2,0,0,1,1
56,0,0,123.6,191.9,0,1,136.9,1,0.2,0,2,1,1
64,0,1,174.6,269.0,0,1,141.7,0,0.2,0,0,2,0
59,0,1,132.7,223.0,0,0,149.1,0,2.8,1,0,1,1
56,1,3,140.0,331.0,0,1,140.1,0,1.0,1,1,1,1
58,0,1,127.2,226.1,0,1,167.1,0,0.4,1,0,2,1
80,1,3,135.2,348.5,0,0,130.3,0,1.9,1,1,2,1
53,1,2,93.3,234.0,0,0,112.3,1,0.7,1,0,1,1
56,1,3,148.7,237.9,0,0,151.4,0,0.1,1,0,1,1
66,1,0,131.7,232.7,1,0,143.7,0,1.4,1,1,1,0
66,1,1,133.6,190.2,1,0,134.0,0,1.8,1,1,1,1
67,1,0,142.2,304.3,0,0,134.5,0,0.0,2,1,2,1
61,1,1,128.3,248.1,0,1,132.5,1,0.1,1,1,2,1
41,1,2,135.5,264.4,0,0,136.6,0,0.3,1,1,1,0
72,1,0,160.2,318.8,0,0,169.9,0,0.2,0,1,2,1
41,1,0,138.0,231.1,0,0,169.2,0,1.2,0,0,2,0
57,0,2,129.0,238.4,0,0,160.7,1,0.1,1,0,1,0
46,1,0,129.8,245.0,0,0,147.6,1,0.1,1,2,2,1
53,0,1,134.4,184.6,0,1,128.6,1,5.6,0,2,1,1
58,1,0,120.0,162.3,0,1,78.5,0,0.8,1,0,3,1
58,1,2,138.7,176.6,0,1,170.4,1,0.5,1,0,1,1
59,1,2,147.6,297.8,1,1,190.0,0,0.4,1,2,3,0
72,1,2,140.1,233.4,0,1,107.0,1,0.6,2,1,1,0
59,1,1,127.6,277.7,0,0,101.3,0,0.3,1,0,2,1
51,1,1,128.1,229.0,0,1,163.8,0,2.7,0,0,1,1
65,0,2,145.5,175.8,0,1,180.4,0,2.7,1,1,3,1
67,1,2,117.4,284.1,0,0,123.2,1,3.3,0,0,3,1
40,0,2,112.8,197.4,0,1,199.1,0,2.4,0,0,1,0
61,0,2,103.8,269.4,0,0,154.2,1,2.7,1,0,2,0
62,1,0,136.6,284.8,0,0,87.9,0,0.6,0,0,1,0
51,0,3,145.8,238.4,1,2,174.8,0,0.3,2,0,2,1
69,0,2,158.7,267.5,0,0,133.2,1,0.4,0,1,3,1
52,1,2,161.4,178.1,0,0,145.9,0,1.4,1,0,1,1
55,0,3,118.8,370.5,0,1,141.0,0,0.1,1,0,1,0
52,0,0,135.0,260.1,0,0,150.6,0,0.0,1,0,1,0
54,0,2,123.8,275.8,0,0,128.8,0,1.2,0,1,2,1
42,0,3,157.7,278.3,0,1,129.1,1,0.7,1,3,1,1
38,0,1,150.5,229.7,0,0,170.5,1,1.3,2,0,2,1
72,1,0,141.5,251.1,0,1,109.9,0,1.0,2,0,1,1
45,0,2,117.6,286.0,0,1,129.4,0,0.2,1,0,3,1
43,1,0,90.0,221.4,0,1,110.6,0,1.1,0,3,3,1
30,0,3,99.2,250.2,0,0,182.6,0,3.7,2,0,2,0
47,1,0,98.9,259.5,1,0,204.1,1,0.9,1,1,1,1
39,1,2,104.2,203.8,0,0,127.2,0,0.2,1,2,1,0
72,1,1,172.3,267.2,0,1,120.7,1,0.2,1,0,1,1
65,1,0,113.4,170.7,0,0,140.7,0,0.2,0,0,3,1
46,1,3,112.9,279.0,0,0,170.5,0,1.2,1,0,2,0
79,0,2,120.7,319.2,0,1,131.0,1,1.7,0,0,1,0
65,1,1,183.5,285.1,0,0,177.2,1,0.2,2,0,1,1
50,1,1,131.9,305.9,0,0,133.5,0,4.0,0,0,2,1
27,0,2,142.1,198.4,1,1,163.9,0,1.1,2,1,1,1
79,0,3,140.4,240.3,0,1,133.4,1,0.5,1,0,3,0
39,0,2,91.5,241.7,0,2,118.0,1,0.4,0,3,1,0
36,1,2,157.1,240.8,0,0,155.6,0,1.4,1,0,3,1
65,0,0,141.0,226.0,0,0,147.8,0,0.7,0,0,1,0
81,0,3,135.6,210.7,0,0,98.2,1,0.4,1,2,2,1
69,1,2,169.4,322.6,0,1,122.2,0,0.1,0,1,1,1
60,1,2,129.3,206.8,0,1,184.0,1,0.9,1,2,1,1
61,0,2,130.2,316.7,0,1,126.9,1,0.7,1,3,1,1
63,0,2,127.0,266.3,0,1,145.0,0,1.3,0,2,2,0
62,1,3,155.4,253.1,0,1,136.1,1,4.1,0,0,3,1
57,1,2,149.4,266.3,0,0,132.2,0,0.6,2,2,2,1
55,1,3,139.3,308.8,0,1,120.6,1,3.6,1,0,1,1
53,1,2,114.8,125.6,0,1,156.2,0,0.0,2,1,1,1
46,1,2,125.3,254.4,0,1,131.9,0,0.9,0,0,1,0
51,0,3,111.3,246.9,0,1,140.3,0,1.8,1,1,2,1
35,1,0,150.1,242.9,1,1,186.1,0,0.2,0,0,1,1
53,1,1,105.4,282.4,0,1,128.7,0,0.7,0,2,2,1
43,1,2,159.9,210.7,1,0,179.4,0,1.7,1,0,2,1
42,1,3,154.2,186.6,0,1,144.8,0,0.7,0,0,1,0
56,1,0,118.0,181.2,0,0,141.8,1,0.9,0,2,3,1
69,0,0,127.3,206.7,0,0,148.8,1,0.1,1,1,3,0
64,0,0,120.7,275.1,0,0,110.6,0,2.0,0,1,2,1
37,0,1,134.5,257.7,0,0,173.7,1,0.0,0,1,2,0
43,1,1,156.7,276.4,0,0,132.3,1,0.7,0,2,2,0
64,0,2,154.8,224.7,0,1,145.6,1,0.6,1,0,1,1
43,1,3,123.5,219.3,0,1,128.4,0,0.1,0,0,3,0
52,0,2,153.1,313.5,0,1,156.9,1,0.3,1,0,2,1
60,0,1,153.6,288.4,0,0,113.3,0,1.3,0,3,1,1
43,0,3,124.9,270.6,0,1,141.8,0,2.3,1,1,1,0
55,1,2,134.1,161.5,0,0,134.9,0,0.2,0,0,2,0
39,1,0,158.0,322.3,0,1,167.8,0,3.2,1,0,1,1
47,1,1,151.3,234.9,0,1,183.5,1,0.2,1,1,3,1
58,1,2,157.0,250.4,0,0,135.0,0,1.0,0,0,3,1
36,1,2,176.0,254.8,0,0,150.7,0,1.1,1,0,2,0
59,0,2,142.1,250.4,0,1,128.7,0,1.1,1,2,2,0
54,0,0,136.9,233.8,0,2,181.9,0,1.4,1,0,1,0
60,0,2,156.9,249.9,0,0,137.8,1,0.8,0,0,3,1
56,1,1,170.3,270.1,0,1,156.6,1,0.0,0,0,1,1
69,0,2,123.7,284.0,0,0,146.9,1,0.8,1,0,2,0
55,0,2,127.6,295.4,0,0,129.1,0,1.8,0,0,2,1
49,1,1,114.4,191.4,0,0,162.6,0,0.9,2,2,1,0
55,1,0,140.4,217.7,0,0,174.3,0,0.2,0,1,2,0
60,1,0,151.5,281.0,0,2,134.2,0,0.2,2,1,1,1
55,1,1,117.2,172.7,1,0,168.1,0,0.7,0,0,2,0
54,1,0,154.4,248.5,0,0,153.8,0,0.1,1,2,1,1
46,1,2,123.8,204.0,1,0,126.2,0,0.1,0,0,1,0
47,0,2,119.6,263.2,1,0,185.9,1,0.9,1,0,1,1
39,1,2,150.6,199.0,0,0,173.2,0,3.1,1,0,1,0
73,1,2,127.5,232.2,0,1,108.1,0,0.3,1,0,2,0
40,0,2,102.2,223.7,0,0,135.4,1,0.6,1,2,1,0
46,1,3,145.4,249.4,0,0,180.8,0,0.4,1,3,1,1
46,1,0,129.6,280.8,0,0,130.7,0,1.3,1,0,1,1
64,0,2,155.1,290.3,0,0,112.1,1,0.8,0,3,3,1
51,1,0,148.2,249.4,0,1,114.9,0,0.9,2,1,1,1
68,0,0,103.0,197.5,0,0,124.5,1,0.8,1,0,1,1
47,1,2,155.9,352.5,0,0,167.3,0,1.7,1,0,2,0
57,1,1,168.9,238.7,0,1,151.4,0,0.2,0,1,1,1
45,1,2,150.4,250.3,0,0,125.1,1,1.9,0,1,2,0
78,0,1,156.3,260.5,0,1,126.9,0,0.1,1,0,1,1
41,0,0,123.3,252.4,0,0,169.2,0,0.9,0,0,2,0
57,0,3,123.2,205.2,0,1,126.9,0,0.7,1,0,2,0
61,0,0,136.6,263.1,0,0,139.5,0,0.5,1,1,1,0
59,0,0,148.8,323.3,0,1,182.6,1,0.8,1,0,3,0
52,1,1,149.6,152.3,0,0,150.3,1,0.3,1,1,1,1
53,1,3,125.9,242.5,0,0,183.7,0,0.5,1,1,1,1
54,1,1,124.3,192.1,1,1,130.3,1,0.0,2,0,3,1
52,1,2,106.7,284.2,0,1,139.5,0,6.0,2,2,1,1
65,1,2,148.4,295.5,0,0,168.7,1,0.1,1,1,2,1
78,1,2,133.0,244.2,0,2,134.5,1,1.8,0,0,1,1
48,0,3,124.1,242.0,0,0,124.2,1,0.4,0,1,2,1
39,1,1,161.4,197.4,0,0,201.3,0,1.3,1,2,2,0
53,1,3,144.5,137.3,0,1,154.3,1,0.4,0,0,2,1
82,1,2,146.8,239.3,0,0,172.1,0,3.0,1,1,3,1
45,1,1,146.7,228.8,0,2,138.1,0,0.2,1,0,1,0
72,1,1,164.1,249.6,1,1,133.0,0,0.4,0,0,3,1
72,0,3,106.4,120.0,1,1,151.6,1,3.9,1,1,1,1
48,0,2,119.3,163.4,0,0,182.1,1,0.2,0,2,1,0
60,1,2,131.3,178.2,1,1,166.9,0,0.8,1,0,1,0
72,1,2,120.9,251.4,0,1,83.8,1,0.0,0,0,1,0
50,1,2,128.2,265.8,0,1,134.5,1,2.2,1,0,3,0
52,0,0,102.6,189.5,0,0,152.1,0,0.3,0,0,1,0
48,1,1,149.1,227.2,0,1,168.0,0,0.5,1,1,1,1
43,1,2,121.9,212.1,0,1,146.4,1,0.5,1,0,3,0
47,0,0,132.9,328.4,1,0,143.1,1,0.3,0,0,1,1
41,0,1,128.7,219.9,0,1,160.3,0,1.2,0,0,1,1
54,0,2,141.0,222.6,0,2,128.5,1,0.8,1,0,2,1
46,1,0,90.0,202.7,0,0,138.1,0,0.3,1,0,2,1
57,1,0,142.9,158.8,1,0,149.3,0,2.4,1,3,2,1
37,0,3,121.8,263.9,0,1,156.9,0,0.5,0,1,1,0
58,0,2,139.3,231.1,0,0,119.6,0,0.6,1,1,1,1
63,1,0,115.0,227.5,1,0,148.0,0,0.6,1,0,3,1
32,1,2,135.9,241.7,1,0,169.9,1,0.1,1,0,2,0
58,1,2,158.4,173.4,0,0,175.5,1,0.1,0,0,2,0
68,1,1,140.9,324.2,0,0,138.3,0,1.7,0,0,3,1
41,0,1,114.8,156.7,0,0,180.4,0,1.6,0,0,3,1
72,1,0,126.4,325.9,1,0,92.2,1,1.4,1,1,1,1
59,0,3,142.6,242.5,0,0,143.4,1,1.6,2,0,2,0
46,1,2,142.3,221.6,1,0,141.4,1,0.3,0,0,2,0
53,1,2,140.2,270.6,0,1,137.3,0,2.8,0,0,1,1
60,1,3,134.8,228.3,1,1,153.4,1,0.0,0,3,1,1
55,1,0,137.9,282.7,0,0,106.8,0,0.8,1,0,2,0
60,1,0,134.3,257.0,0,0,106.8,0,0.8,0,0,2,1
44,0,0,121.6,269.3,0,2,166.6,1,0.6,2,0,2,1
56,1,0,148.1,287.9,0,1,150.6,0,1.3,0,1,1,0
38,1,2,135.6,228.1,0,1,141.1,0,0.4,1,3,2,1
53,0,2,154.0,283.5,0,0,176.8,0,0.4,0,0,1,0
44,1,0,151.6,260.7,0,0,176.1,0,0.1,0,1,1,0
46,1,0,137.0,297.3,0,0,160.0,0,5.2,2,0,1,1
68,1,0,148.2,230.1,0,0,108.5,1,1.0,2,3,3,1
66,1,3,119.8,305.7,0,1,169.9,1,0.8,0,3,2,1
61,1,2,134.4,209.8,0,1,101.7,1,0.1,0,0,1,0
42,1,2,137.2,148.9,1,2,130.3,0,0.3,1,1,1,0
51,1,1,104.8,180.3,0,0,167.2,0,0.8,1,0,2,1
67,0,1,142.0,231.3,0,1,106.9,0,1.3,2,0,2,1
56,0,0,114.2,253.7,1,2,176.7,0,0.8,1,3,1,1
80,1,3,125.2,251.2,0,0,174.4,1,3.3,1,2,1,1
58,1,2,125.5,277.4,0,0,159.2,0,0.3,0,0,1,0
56,1,2,134.0,189.3,0,0,130.2,1,1.8,0,1,1,1
51,0,2,106.3,316.2,0,0,120.9,0,1.3,1,2,2,1
55,1,2,149.7,300.9,0,1,113.5,0,0.1,0,0,2,0
52,1,1,136.7,281.8,0,0,155.4,0,0.4,2,0,1,0
62,1,0,170.6,299.9,0,1,145.1,0,6.0,0,0,2,1
65,1,2,142.2,176.9,1,2,145.4,1,0.2,1,0,2,0
45,1,0,142.0,269.0,0,0,183.8,0,0.2,0,3,1,1
39,0,0,111.9,268.7,0,0,173.8,1,0.9,0,1,3,0
34,0,2,104.7,277.0,0,0,166.3,1,1.4,2,3,3,1
60,0,3,143.6,280.8,0,1,146.1,0,0.0,1,0,2,0
42,1,3,111.3,256.8,0,0,132.4,0,0.3,2,0,1,0
30,0,0,136.6,250.8,0,1,172.9,0,0.6,0,1,1,0
58,0,0,162.7,295.3,0,2,150.5,0,1.1,1,0,1,1
81,1,2,157.8,223.4,0,0,155.3,0,0.4,1,0,1,1
54,1,3,144.3,257.5,0,2,153.5,0,0.7,0,2,3,1
63,0,3,138.1,220.2,0,1,194.7,0,0.5,1,1,1,1
55,0,3,124.3,235.1,0,0,173.2,0,0.7,0,0,1,0
53,1,2,131.7,123.5,0,0,107.5,0,1.1,1,0,3,1
64,1,0,126.3,206.6,1,0,146.9,0,1.2,1,0,3,1
51,0,0,106.6,221.2,0,0,177.4,1,0.2,0,0,3,1
57,1,0,135.4,223.8,0,1,132.3,0,0.5,1,1,1,0
58,1,2,154.9,228.1,0,0,131.0,0,0.3,2,0,1,1
47,1,0,109.1,186.8,0,0,188.8,0,0.4,2,3,2,1
65,1,2,161.9,230.6,0,0,119.4,0,0.4,2,3,2,1
52,1,2,155.4,288.5,1,0,161.8,0,0.0,0,2,2,1
46,1,0,139.1,225.5,0,0,150.1,0,1.8,1,2,1,1
60,0,3,139.8,300.6,0,1,159.3,1,0.5,1,2,2,1
44,0,2,125.1,292.1,0,1,140.9,0,2.3,1,0,1,1
54,1,3,134.8,215.6,0,0,133.0,0,1.1,1,3,1,1
54,1,3,125.7,266.5,1,0,172.0,0,2.5,0,0,1,1
66,1,0,137.6,187.8,0,0,175.4,0,2.6,0,0,2,1
59,0,1,134.8,196.8,0,0,140.7,0,0.0,1,1,3,1
54,1,0,167.9,246.3,0,0,157.2,0,0.6,0,0,2,1
63,0,2,143.4,266.9,0,1,160.8,0,0.3,0,0,1,0
69,1,2,134.0,317.6,0,0,142.9,0,0.4,1,1,3,1
60,0,3,130.7,236.3,0,1,159.3,0,0.2,1,0,1,1
54,1,0,121.2,249.1,0,1,185.4,0,0.0,1,1,2,0
40,1,2,120.6,240.8,0,1,127.1,1,0.5,1,0,2,1
42,1,3,147.4,316.1,0,2,176.8,0,1.4,1,2,1,1
51,0,2,121.4,299.4,1,2,196.5,0,2.5,1,0,1,1
47,1,0,121.1,255.9,0,1,175.3,1,0.8,1,1,2,1
52,1,2,122.8,275.6,0,1,121.5,0,0.1,2,0,2,1
55,0,0,118.1,257.1,0,1,183.4,0,0.6,1,1,2,1
60,0,0,152.8,290.8,0,1,143.6,1,1.2,2,0,3,1
53,0,1,133.3,279.0,0,0,161.4,0,0.6,2,0,1,1
59,1,1,130.2,229.9,0,2,167.5,0,0.2,0,3,3,1
55,1,2,134.8,246.1,1,1,179.2,0,1.4,1,3,3,1
32,0,1,129.4,240.8,0,0,142.8,1,1.6,0,3,1,0
44,1,2,118.0,244.6,0,0,155.0,1,1.4,0,1,3,0
52,1,0,108.5,218.4,0,0,155.1,1,0.8,0,0,3,1
41,0,0,151.8,251.7,0,0,136.3,0,1.0,0,0,3,0
61,1,0,153.5,221.5,0,1,160.7,0,1.1,1,0,2,1
71,1,0,145.1,221.6,1,0,131.7,0,2.5,1,2,1,1
67,1,1,153.8,240.7,1,1,141.7,0,0.2,0,0,1,1
52,1,2,168.0,252.6,0,0,138.0,0,0.8,2,0,1,0
70,1,3,128.4,300.9,0,1,150.8,0,0.7,0,1,3,1
56,0,1,111.3,273.3,0,1,133.5,0,0.3,1,0,1,0
50,0,0,141.9,288.8,0,1,149.2,0,4.9,2,3,3,1
47,0,0,102.8,316.9,0,0,152.1,0,1.6,1,0,1,0
51,1,3,133.9,214.6,0,0,137.6,0,0.3,0,0,2,0
50,1,2,127.6,271.3,1,1,109.9,0,1.6,2,2,1,1
56,1,2,146.6,275.2,1,0,161.5,0,0.3,0,2,1,1
56,0,0,122.8,253.4,0,2,145.8,0,0.3,0,3,1,1
54,1,0,155.6,280.7,0,1,139.9,0,2.2,2,0,3,1
59,1,0,121.8,247.0,0,0,143.9,0,2.3,1,0,1,0
67,1,3,150.0,275.5,0,0,158.3,0,1.7,1,0,1,0
64,1,0,124.5,182.6,0,1,189.0,1,5.3,0,2,3,1
38,0,2,136.9,235.9,0,1,119.4,0,0.1,1,3,1,0
26,1,2,108.7,262.8,0,2,173.8,0,0.8,1,3,1,0
64,0,2,133.1,290.2,0,1,131.2,0,0.6,0,1,1,0
39,1,0,154.0,198.3,0,0,188.1,0,0.9,0,1,1,0
52,1,2,135.6,237.1,0,0,119.9,0,0.9,0,3,3,1
41,1,0,152.0,190.1,0,1,157.5,0,1.0,1,3,1,1
34,0,3,125.5,217.3,0,0,156.2,0,0.4,2,0,1,0
60,1,0,126.4,257.4,1,1,119.4,0,0.1,1,0,1,1
62,0,0,136.1,289.8,0,0,128.5,0,0.4,1,2,1,0
48,1,1,143.6,279.1,0,1,144.5,1,1.3,1,0,2,0
25,1,3,92.5,241.1,0,2,168.3,0,0.5,1,0,1,0
48,1,1,141.9,210.7,1,1,98.6,1,0.7,0,2,1,1
58,0,1,115.1,236.7,0,1,139.0,0,4.3,1,2,2,1
38,1,0,108.6,347.4,0,1,174.0,1,1.3,0,1,3,1
56,1,0,144.2,180.6,1,2,175.6,0,2.5,0,1,1,1
54,0,2,155.1,188.3,0,2,154.6,0,0.5,1,0,1,1
60,1,0,139.4,251.2,0,0,156.0,0,0.8,1,0,1,1
55,0,2,106.9,272.8,1,0,119.2,0,0.2,0,1,1,0
43,1,2,119.2,275.5,0,2,146.8,0,0.5,0,0,2,0
67,1,3,129.7,258.6,0,0,112.4,0,0.3,0,0,1,1
52,1,0,137.0,173.8,0,0,144.7,0,0.8,2,0,2,1
54,1,1,132.7,231.7,0,0,198.1,0,0.9,0,0,2,0
44,1,3,140.4,160.2,0,1,185.8,1,0.2,1,3,2,1
49,1,2,150.7,257.0,0,0,168.0,1,2.0,0,1,1,1
44,0,0,134.7,258.0,1,1,160.6,0,0.2,0,0,1,0
52,1,2,149.7,235.1,0,0,143.3,0,0.6,1,0,3,1
73,0,3,130.9,196.0,0,0,150.5,0,0.2,0,1,1,0
39,0,1,186.6,200.1,0,0,143.4,0,0.2,1,2,1,0
36,1,3,139.5,163.7,0,1,205.0,0,0.7,0,1,2,0
70,0,1,147.3,244.7,0,0,156.3,1,0.9,1,0,2,1
52,1,0,165.1,380.1,0,1,170.1,0,0.1,2,1,2,0
47,1,0,133.8,234.5,1,1,140.9,0,0.1,2,1,1,1
65,1,0,125.1,226.8,0,0,130.9,0,0.4,1,1,2,0
47,0,0,152.8,248.5,1,0,135.5,1,0.1,1,0,1,1
74,1,3,163.6,197.8,1,1,108.1,0,1.2,0,0,3,1
61,0,2,135.5,194.8,0,2,174.0,0,2.3,1,0,3,1
49,1,2,164.4,212.4,0,1,165.7,0,1.2,0,0,1,0
78,1,2,138.5,288.7,0,1,124.1,1,0.9,0,0,1,0
47,1,1,149.0,253.6,0,1,138.5,1,2.9,1,0,1,1
62,1,0,163.3,237.2,0,0,175.0,1,0.5,0,0,3,1
57,1,3,136.5,275.4,0,1,157.2,0,0.0,0,1,3,0
68,1,2,145.7,321.5,0,1,129.9,0,0.1,0,0,1,0
71,1,1,156.7,279.7,0,1,163.0,0,2.4,0,0,1,0
54,0,3,124.4,196.6,0,1,189.5,1,3.6,2,0,1,0
46,1,1,117.3,155.7,0,1,139.7,0,0.1,2,0,1,1
59,1,3,159.2,166.4,0,0,135.4,0,2.5,2,3,2,1
47,0,3,134.8,277.2,0,2,146.9,1,0.2,1,2,3,0
76,0,0,127.4,215.8,0,0,140.9,0,0.5,2,0,1,1
56,1,0,136.2,278.1,0,1,145.6,1,1.4,1,2,1,1
50,1,3,142.2,220.0,0,0,117.9,1,0.5,1,1,1,1
56,0,1,103.3,259.2,0,1,126.3,1,1.5,0,0,1,1
39,1,0,143.1,267.0,0,0,159.4,0,1.1,0,1,1,1
43,1,1,138.6,203.1,0,0,187.4,0,2.7,1,0,1,0
67,1,2,167.0,282.2,0,0,144.5,1,0.6,1,1,1,1
47,0,2,125.3,209.9,0,1,172.2,1,0.7,2,0,3,1
42,0,3,152.8,206.3,0,0,162.3,0,1.5,1,0,1,1
60,0,3,131.7,279.6,1,2,140.5,0,3.6,1,1,1,1
67,0,3,136.8,273.8,1,0,120.5,0,0.4,0,0,1,1
62,1,0,141.1,264.4,0,1,151.0,0,2.8,0,0,1,0
65,0,2,171.4,196.7,0,1,168.1,0,1.2,0,0,1,0
46,1,0,109.7,221.7,0,2,124.5,0,2.3,1,0,1,0
38,0,0,135.9,266.1,0,0,169.8,0,0.3,1,3,1,1
71,1,2,139.0,347.8,0,1,125.1,0,1.3,1,2,1,1
50,1,1,132.5,319.7,1,0,157.8,0,0.6,0,2,2,1
51,1,3,143.7,219.8,0,0,133.1,0,0.5,1,1,3,0
69,1,0,157.7,217.6,0,1,141.8,1,0.2,1,3,2,1
60,0,2,142.1,319.6,0,0,123.2,1,0.3,2,0,1,0
59,1,0,157.5,269.6,0,1,165.9,0,1.6,0,2,2,0
78,1,0,135.5,229.2,0,0,134.4,1,1.0,2,1,1,1
47,1,1,131.4,244.5,0,1,191.2,0,0.3,2,3,1,1
64,1,1,118.5,189.9,0,2,148.3,0,1.7,1,0,2,0
55,1,1,169.9,286.1,0,1,125.0,1,3.0,1,0,1,1
57,1,3,131.4,304.0,1,1,110.8,0,0.6,1,0,1,1
71,1,2,132.9,315.1,0,1,168.7,1,3.3,2,2,1,1
60,1,1,146.4,293.0,0,0,130.8,1,0.2,1,2,1,1
60,0,0,152.4,229.4,0,0,122.3,0,0.1,1,2,1,1
66,1,1,124.5,284.9,0,0,170.0,0,0.0,2,0,1,1
50,1,1,154.4,304.3,0,1,140.4,0,1.0,2,0,1,1
45,1,2,126.3,279.8,0,1,173.1,1,1.2,0,0,1,1
43,1,1,157.0,275.1,0,2,162.0,0,1.0,1,0,2,1
32,0,2,115.8,242.1,0,1,118.7,1,1.8,1,0,2,1
77,1,0,153.0,209.6,0,1,147.9,0,1.1,1,0,2,0
42,1,2,131.8,318.8,0,1,133.4,0,1.4,1,0,1,0
52,1,2,113.2,239.1,0,1,121.7,0,0.8,0,1,1,0
51,0,0,104.8,293.8,0,1,100.6,1,0.3,0,0,1,0
57,1,3,121.4,351.5,0,0,120.4,0,0.1,0,0,1,0
63,1,2,154.1,284.5,1,0,134.3,1,3.1,0,0,2,1
63,1,2,101.3,296.2,0,1,143.9,1,0.3,0,0,2,0
48,1,1,138.5,198.1,0,0,154.5,1,0.3,1,0,1,1
52,1,3,137.9,208.7,0,0,168.2,0,2.4,1,3,3,1
57,1,2,104.5,298.1,0,0,108.4,0,2.4,1,0,1,0
51,1,1,118.9,216.2,0,0,103.6,0,0.7,0,1,1,1
72,0,0,121.1,188.7,0,2,191.4,0,5.7,0,2,2,1
59,0,0,133.2,170.1,0,0,143.3,1,0.2,0,0,1,1
62,0,0,159.4,234.7,1,2,154.6,0,0.6,0,0,1,1
61,1,3,155.1,233.8,1,1,111.7,0,0.2,0,3,1,1
67,1,1,130.8,289.9,0,2,154.8,0,0.6,1,1,1,1
56,1,3,119.6,198.6,0,0,169.5,1,5.3,1,0,1,1
40,1,0,102.4,297.1,0,0,114.0,0,0.4,0,1,3,1
58,1,1,128.2,189.4,0,2,155.9,1,0.6,2,2,1,1
47,1,3,116.1,186.8,0,1,162.1,0,4.2,1,0,3,1
48,0,0,128.8,245.4,0,1,96.3,0,0.2,0,1,1,1
60,1,2,135.5,245.8,1,1,148.0,0,1.2,2,2,3,1
68,0,3,125.9,271.8,0,0,124.8,1,0.8,1,3,1,1
54,0,3,122.8,189.7,0,1,157.7,0,1.9,0,0,1,0
57,0,3,119.3,258.0,0,0,161.2,0,0.7,0,0,1,0
73,0,3,126.5,174.2,0,0,146.5,0,0.7,0,3,1,0
57,0,2,157.6,145.9,0,1,139.1,0,0.5,1,2,2,0
83,1,0,150.6,332.0,0,0,120.7,0,1.2,1,2,2,1
60,0,2,142.1,289.5,1,0,148.7,0,1.1,2,2,3,0
35,1,3,147.5,234.6,0,0,153.3,0,1.7,0,1,2,0
62,0,2,149.6,155.2,0,1,110.3,0,0.6,0,0,1,1
58,0,1,157.6,222.6,0,0,149.5,0,0.3,1,1,1,1
68,1,2,148.1,266.0,0,0,135.2,1,0.5,1,1,1,1
61,1,2,139.4,223.6,0,1,139.3,1,2.2,1,2,1,1
52,1,0,122.9,309.4,0,0,140.9,1,1.1,0,0,1,1
41,1,2,115.9,264.5,0,0,151.0,0,1.7,0,1,1,0
52,1,2,149.4,200.1,0,0,134.5,1,1.0,2,0,3,0
45,1,2,129.8,168.0,1,1,171.8,0,1.7,2,2,2,1
48,1,1,108.0,277.8,0,0,141.6,0,0.8,1,0,2,0
60,1,0,97.8,280.5,0,2,145.8,1,0.1,0,0,1,1
72,0,2,174.2,281.0,0,0,121.2,0,0.7,1,0,2,1
58,1,2,117.3,317.0,0,0,121.1,0,5.4,1,1,1,1
41,1,1,118.4,257.0,0,2,152.9,0,0.1,1,0,1,0
59,1,1,157.4,247.3,0,1,159.5,1,2.3,1,0,1,1
67,1,1,115.5,279.6,0,0,162.6,0,0.5,0,0,1,0
47,0,1,138.8,293.3,0,2,167.5,0,0.1,0,1,3,1
53,1,3,166.5,271.3,1,1,127.4,0,0.8,0,2,3,1
54,0,2,169.0,242.8,0,0,148.8,0,3.1,0,1,1,1
45,1,3,123.7,280.9,0,1,151.2,0,0.8,1,1,1,0
61,0,2,132.5,248.1,1,1,159.4,0,0.6,0,3,1,1
53,0,2,123.6,219.6,0,1,159.4,0,0.0,2,2,1,0
59,1,0,134.9,248.5,0,0,130.8,0,4.4,2,2,2,1
44,1,2,154.9,223.9,0,1,161.2,1,0.2,1,0,1,0
49,0,1,104.6,235.9,0,0,163.2,0,3.8,0,0,1,1
62,1,2,147.7,207.0,0,0,150.0,1,0.3,1,0,1,0
50,0,1,126.5,284.0,1,1,149.2,0,0.6,0,3,2,1
73,0,0,160.4,257.5,1,0,121.7,1,0.0,1,1,2,1
50,0,0,153.7,271.3,0,1,141.2,0,0.7,0,0,1,0
56,1,2,127.2,263.3,1,0,194.0,1,0.0,0,0,2,0
64,1,1,134.5,205.2,0,0,115.5,0,1.4,0,0,1,1
38,1,1,146.1,294.0,0,0,198.6,1,0.9,0,3,1,1
35,1,3,146.9,224.8,0,1,200.2,0,0.1,1,0,1,0
37,0,2,90.0,219.6,0,1,129.2,1,0.9,0,0,1,1
68,0,0,150.5,255.7,0,0,125.5,1,1.5,0,0,1,1
48,1,0,162.1,249.6,0,1,144.4,1,0.6,0,0,3,1
82,0,1,142.6,365.6,1,1,117.3,0,0.2,1,0,2,1
48,1,2,149.6,265.5,0,2,137.9,0,1.9,0,1,1,0
56,1,2,157.5,220.7,0,0,161.7,0,0.2,0,0,1,0
71,1,1,142.2,330.9,0,0,143.0,0,0.8,1,0,1,0
76,0,3,151.2,177.4,0,0,146.5,0,0.4,0,2,2,1
77,0,0,137.0,228.2,1,0,130.4,1,0.4,0,1,2,1
67,1,0,136.3,221.5,0,0,134.9,0,0.2,0,2,3,1
65,1,3,124.8,245.1,1,1,124.5,0,1.0,1,1,2,1
61,0,0,135.9,259.1,0,1,153.9,0,2.0,1,0,1,1
63,1,3,170.2,263.7,0,2,164.6,0,0.0,1,1,2,0
48,0,2,113.3,257.7,0,0,126.0,1,0.4,1,0,1,1
45,0,0,139.9,266.0,0,1,170.3,1,1.7,0,2,1,1
54,1,1,139.8,238.8,0,1,153.6,0,1.1,1,0,1,1
52,1,2,160.0,297.4,0,1,123.4,0,0.1,1,3,1,1
49,1,3,162.7,168.7,0,1,118.9,0,0.5,0,2,1,1
62,1,1,119.4,131.9,0,0,136.7,0,2.3,1,0,2,1
65,0,1,123.4,277.8,0,0,129.6,1,1.0,1,1,1,1
55,1,0,124.9,227.2,1,0,169.9,0,1.7,1,0,1,1
70,0,2,126.3,322.6,0,0,129.4,0,0.7,0,1,2,0
41,1,0,123.6,282.7,0,1,143.5,0,0.3,1,0,1,0
52,1,0,139.7,266.6,0,2,139.1,1,0.1,0,2,1,1
46,0,3,113.7,217.2,0,0,147.2,1,1.3,0,1,2,1
33,1,1,116.0,263.8,0,1,166.3,0,0.0,1,0,2,1
53,1,0,119.5,223.6,0,0,171.6,0,0.4,2,2,2,1
53,1,2,142.6,243.7,0,0,121.1,0,0.3,0,1,2,1
71,1,3,137.1,233.0,0,1,146.1,1,0.2,1,1,2,0
61,0,0,128.4,255.3,0,1,114.0,0,0.8,0,3,2,1
43,0,0,113.1,226.5,0,0,177.2,1,4.7,0,0,1,1
74,0,0,107.1,292.4,0,1,101.4,0,2.1,1,0,2,1
67,0,0,163.6,265.9,0,0,166.7,0,0.3,0,2,2,0
60,1,2,130.3,221.1,0,0,164.8,1,0.1,0,0,2,0
52,1,2,182.3,221.0,0,0,131.5,0,1.7,0,0,3,0
43,1,2,145.2,181.7,0,1,142.4,0,1.2,2,0,3,0
50,1,2,165.9,154.1,0,0,108.3,0,1.0,1,2,1,0
66,1,2,154.9,286.6,0,1,101.7,0,0.8,1,0,2,1
75,0,2,139.1,233.1,0,1,128.4,0,1.3,2,2,1,1
71,1,3,127.5,193.8,0,1,141.6,0,0.7,0,1,1,1
49,1,1,115.2,259.2,0,1,173.5,1,0.7,1,0,1,0
42,1,2,151.2,205.5,0,1,148.6,0,0.5,1,0,1,0
56,0,1,136.3,239.1,0,0,143.4,0,1.7,1,0,1,0
35,1,1,140.3,177.9,0,2,131.3,0,0.2,0,0,1,1
58,0,3,146.7,271.4,0,0,142.0,0,2.1,1,0,3,1
52,1,0,139.9,244.6,0,0,150.9,0,1.0,1,1,2,1
49,1,2,124.3,261.6,0,1,163.5,0,0.9,1,0,1,0
36,0,2,144.7,216.3,0,0,157.4,1,2.5,0,0,1,0
60,1,2,131.9,254.4,0,2,164.7,1,1.0,1,0,1,1
48,1,2,134.1,175.3,0,0,151.7,1,0.2,0,0,2,0
41,1,1,143.7,336.9,0,0,152.4,0,1.7,0,2,1,1
22,1,1,124.9,248.4,0,0,184.4,0,2.8,1,1,1,0
54,0,3,98.3,316.5,0,0,165.3,0,0.4,0,2,1,0
73,1,1,157.5,236.3,0,1,129.1,1,0.3,1,0,1,1
72,1,2,161.1,201.5,0,0,176.4,0,1.1,1,3,3,1
49,0,0,96.8,218.0,0,0,156.4,0,2.8,1,0,1,0
47,1,0,113.5,237.0,0,1,154.3,0,0.3,1,0,3,1
59,1,1,171.7,238.0,0,1,137.7,1,0.4,0,0,1,1
43,0,2,132.4,319.5,0,1,164.0,0,0.1,2,2,1,0
57,0,1,131.8,204.8,0,1,165.0,1,1.4,1,0,1,1
62,0,0,125.3,217.6,0,0,144.9,0,1.7,0,2,1,1
67,1,0,118.7,277.3,0,1,144.6,0,0.3,1,0,2,1
53,1,1,130.3,171.2,0,2,123.6,1,2.2,1,0,1,0
52,0,0,148.0,238.9,1,0,130.4,0,0.7,0,0,2,1
44,1,0,131.2,244.1,0,0,136.6,0,0.3,1,1,2,1
45,0,2,139.7,257.3,0,0,158.4,0,0.9,1,0,1,1
52,1,1,165.3,256.1,1,0,123.9,0,0.9,1,0,2,1
58,1,1,124.6,330.3,0,0,101.0,0,0.4,0,0,2,0
64,1,3,142.0,206.0,0,0,110.9,1,1.1,0,0,1,1
45,0,1,146.8,209.9,1,1,164.7,0,1.6,1,0,3,1
70,1,3,121.2,273.8,0,1,174.9,0,1.3,1,0,1,0
51,1,1,136.5,250.3,0,0,170.3,0,0.5,2,0,3,0
54,1,1,167.7,256.9,0,0,123.8,1,1.7,0,0,1,1
46,1,1,125.9,176.8,0,2,133.5,0,1.1,0,0,1,0
27,0,2,143.5,327.9,1,1,149.9,0,0.3,1,0,3,1
64,1,2,134.0,264.8,1,1,107.5,0,2.0,2,0,1,1
62,1,1,168.4,174.6,0,0,138.3,0,0.0,1,0,2,0
51,1,2,103.6,267.2,0,1,159.4,1,1.0,2,2,1,1
55,1,1,135.4,193.2,0,0,125.3,0,0.8,0,1,3,0
60,1,0,108.9,284.4,0,1,117.7,0,1.1,1,0,2,1
37,0,2,114.1,177.6,0,1,174.9,0,0.7,2,0,1,0
48,0,2,116.8,283.6,0,0,131.3,0,3.2,1,0,2,0
63,0,1,128.4,190.8,0,2,124.8,0,0.4,1,1,1,0
40,0,0,106.1,193.6,0,0,103.3,1,0.3,1,0,1,1
57,1,2,133.5,248.5,0,0,166.0,0,0.3,1,3,1,1
39,1,3,138.5,209.2,0,0,185.5,0,0.7,0,0,1,0
59,1,0,107.7,218.8,0,0,137.4,0,1.1,1,0,3,1
54,1,3,122.6,174.1,0,0,146.2,0,0.1,1,0,2,0
36,1,1,175.2,220.6,0,1,168.9,0,2.4,0,1,3,1
67,0,3,140.2,284.8,0,1,154.3,1,0.3,0,0,1,0
46,1,2,99.3,321.2,0,1,150.6,0,0.0,0,0,2,0
45,0,3,103.5,274.7,1,1,140.1,0,2.6,1,0,1,0
56,1,2,138.6,272.2,0,0,142.9,1,0.3,1,0,3,1
67,0,0,136.1,171.7,0,0,131.3,0,1.1,0,0,1,1
43,0,0,117.7,236.3,0,1,159.4,0,0.0,1,0,2,1
55,1,2,173.7,213.1,1,0,123.2,1,1.0,1,2,1,1
59,1,0,182.4,176.7,0,0,170.3,1,0.3,2,1,3,1
62,1,1,131.2,188.2,0,0,186.2,0,0.2,0,0,3,1
56,1,3,150.2,271.5,0,1,130.5,1,0.1,0,0,1,0
50,1,1,149.6,215.5,0,1,132.7,0,2.2,0,0,2,0
45,1,1,150.8,173.3,0,1,134.3,0,2.6,0,0,2,1
55,1,1,122.7,213.8,1,2,136.5,0,1.8,0,1,1,0
42,1,2,165.9,249.9,0,0,193.1,0,0.3,2,0,1,0
22,0,0,121.8,200.5,0,2,154.1,0,0.0,0,1,2,1
59,0,1,139.8,189.9,0,0,147.4,0,0.3,0,0,2,0
64,0,3,133.5,204.4,0,0,131.3,1,0.9,1,2,3,1
28,1,2,125.0,271.2,0,1,118.1,0,0.4,0,0,3,0
43,1,2,136.3,146.1,0,0,142.0,1,0.1,0,0,2,1
61,0,2,111.4,232.1,1,0,142.4,0,0.2,0,0,2,0
77,1,1,104.3,244.4,1,0,167.3,1,1.6,2,0,1,1
54,1,2,130.2,208.1,0,2,109.1,0,0.4,0,0,3,0
46,1,1,116.2,196.4,0,0,173.2,1,0.1,2,0,1,1
52,1,0,143.4,284.0,0,2,153.8,0,0.9,2,0,2,1
69,1,1,145.6,289.8,1,1,136.4,1,0.8,0,0,2,0
47,1,0,132.5,243.6,1,0,128.8,0,0.5,0,0,1,1
45,1,1,158.4,214.3,0,0,180.0,0,0.7,1,1,1,0
49,0,1,129.6,244.6,0,1,157.9,0,0.3,0,0,1,0
44,0,2,102.3,255.7,0,0,152.5,1,1.2,0,2,1,0
55,1,1,130.2,236.8,0,1,144.6,0,0.3,1,0,1,1
72,1,2,159.6,266.7,0,1,157.2,0,0.9,0,0,1,0
58,1,2,101.1,227.2,0,2,126.2,1,0.7,0,0,1,0
51,1,3,131.6,120.0,1,0,180.7,0,0.1,0,0,3,0
51,1,0,143.6,231.8,0,2,197.6,0,0.5,1,2,2,1
37,0,2,174.5,265.6,0,0,151.0,0,0.7,1,2,2,0
64,1,2,158.2,246.2,0,0,170.0,0,0.0,1,2,1,1
53,1,3,136.1,256.2,0,1,135.2,0,1.6,1,0,1,0
52,1,1,142.9,228.8,0,1,123.7,0,1.3,0,1,2,1
85,1,1,107.6,243.8,0,2,116.1,0,0.3,0,2,2,1
57,0,0,112.9,250.0,0,2,154.7,0,0.3,0,3,3,1
46,0,1,140.7,324.1,0,1,147.0,0,0.4,1,0,1,1
49,1,2,135.7,276.7,0,1,159.3,1,1.6,0,1,1,1
67,1,3,142.4,277.2,0,0,145.4,0,2.3,1,0,1,1
55,1,1,134.9,250.8,1,0,137.4,0,0.2,0,0,2,0
38,1,0,129.9,177.2,0,0,130.1,1,0.0,1,2,2,1
64,1,1,138.4,298.8,0,1,140.7,0,1.4,0,1,1,1
47,1,0,113.2,278.9,1,1,121.4,0,0.6,1,3,2,1
75,1,3,135.1,264.9,0,1,136.4,0,1.1,1,1,1,1
66,0,3,111.6,243.7,0,1,147.6,0,2.1,1,0,3,0
49,0,1,118.6,263.7,0,1,99.2,1,2.6,1,1,2,1
68,1,1,159.0,236.1,1,0,167.0,0,0.5,0,1,2,1
55,1,3,131.0,273.8,0,1,139.4,1,0.3,2,0,3,1
63,1,0,147.0,207.7,1,1,153.3,1,1.6,0,2,3,1
59,1,2,137.3,159.1,0,2,130.1,0,0.5,1,0,1,0
45,1,3,124.8,185.4,0,2,143.9,1,0.1,0,0,1,0
47,1,2,114.1,245.2,1,0,187.0,0,1.3,0,0,2,1
65,1,0,129.5,232.0,0,1,111.1,1,1.4,0,0,1,1
50,1,0,136.3,233.5,0,1,138.6,1,0.2,0,0,3,1
50,0,3,140.4,183.0,0,0,151.0,0,0.0,1,0,1,0
43,1,0,133.5,250.8,0,0,99.8,0,0.1,1,0,2,1
59,1,1,146.9,197.5,0,0,124.1,0,0.4,2,2,3,0
77,1,2,112.4,271.3,0,0,151.6,1,0.4,2,3,2,0
42,1,3,146.6,175.0,0,1,126.5,0,2.2,1,0,2,1
54,1,1,113.7,204.5,0,1,151.0,1,0.7,2,1,3,1
70,1,0,155.7,204.2,0,0,145.4,0,2.1,0,1,1,1
53,1,2,142.8,266.3,0,0,159.2,1,0.2,1,0,1,0
59,1,1,101.6,222.8,0,0,121.3,1,1.5,0,1,1,1
42,0,1,141.3,255.9,0,0,158.3,1,0.1,2,3,1,1
59,1,2,153.2,293.3,0,2,118.7,0,1.7,1,1,2,1
52,1,0,156.1,319.0,0,2,142.2,0,0.5,1,2,2,1
65,1,0,122.9,255.4,0,1,160.0,0,1.1,0,1,1,0
67,1,1,140.5,197.5,0,0,121.0,0,2.9,0,2,2,1
82,0,1,150.5,306.3,0,1,142.4,1,1.6,0,2,2,1
60,0,2,145.8,310.0,0,1,142.3,0,0.2,1,0,3,1
58,1,2,142.4,240.2,0,2,161.9,0,1.2,2,0,2,0
56,0,2,123.8,300.1,0,0,103.0,0,0.4,2,0,3,1
50,0,2,147.8,254.7,0,0,175.9,0,1.1,1,0,3,1
58,0,2,149.9,169.8,0,1,105.5,0,0.1,0,0,2,0
51,1,1,130.5,212.6,0,1,122.4,0,0.0,1,0,1,0
56,0,1,117.4,219.9,0,0,171.5,0,2.7,2,0,2,1
68,0,2,121.4,230.3,0,0,137.5,1,2.9,1,0,1,1
43,0,0,152.8,196.5,0,1,144.4,0,0.2,0,0,1,0
67,1,1,154.4,203.5,1,2,160.5,1,2.8,0,2,2,1
68,1,1,137.1,305.5,0,1,136.4,1,0.8,2,2,1,1
53,1,2,130.2,164.6,1,1,126.4,0,0.8,2,0,1,1
31,1,1,96.4,201.5,0,1,188.8,0,1.3,0,0,3,0
47,0,2,127.7,266.3,1,0,157.6,1,1.4,1,2,1,1
68,1,1,116.1,221.8,0,2,111.0,0,0.3,0,0,2,0
54,1,3,136.9,259.0,0,2,130.6,0,1.6,1,0,3,1
43,0,1,149.6,219.9,0,1,132.1,0,1.7,0,0,1,0
48,1,2,114.9,258.5,1,0,125.2,1,0.2,1,0,2,0
63,0,0,137.5,198.9,0,0,139.2,0,1.0,2,2,1,0
60,0,1,150.5,161.7,0,1,142.3,1,1.4,0,0,3,1
51,1,3,137.2,222.7,0,0,158.7,0,0.9,1,0,1,0
50,1,1,123.6,161.3,0,2,162.3,0,0.4,1,0,1,0
50,0,1,130.2,237.1,0,1,168.6,1,0.3,1,3,1,0
44,0,2,145.7,187.9,0,0,176.0,0,3.6,0,0,1,0
72,1,0,143.2,198.2,0,0,147.5,1,1.8,1,3,2,0
50,1,2,132.9,304.8,0,0,157.8,0,0.3,1,0,3,1
67,1,1,158.1,258.0,0,0,161.1,0,1.7,2,0,3,1
71,1,1,147.5,179.8,1,1,146.5,0,0.4,1,0,1,1
65,1,2,115.1,243.1,0,0,120.0,0,2.9,1,0,1,1
49,1,2,144.1,233.4,0,0,120.0,1,1.6,2,0,1,1
58,0,1,149.1,151.8,0,1,122.6,1,1.7,2,0,1,1
54,1,2,111.7,256.7,0,0,154.5,0,0.0,0,1,2,1
44,1,2,90.7,279.8,0,1,146.9,0,0.1,1,0,1,0
58,0,2,113.2,224.2,0,0,150.2,1,1.7,0,1,1,0
41,1,0,128.9,224.0,1,1,149.7,1,0.6,0,0,2,0
67,0,1,152.4,221.4,0,2,119.6,1,2.8,0,0,1,1
49,1,1,116.7,256.6,0,0,93.6,0,1.2,1,0,3,1
56,0,0,141.5,231.1,0,0,119.6,0,0.4,0,0,1,1
57,1,0,90.0,233.2,1,0,184.2,1,0.3,0,3,1,1
51,0,0,133.5,204.7,0,0,170.6,0,2.7,0,3,2,1
60,0,2,125.2,333.3,0,1,127.5,0,0.2,1,0,3,0
49,1,2,170.5,228.2,0,1,138.8,0,0.8,2,2,1,1
64,1,1,102.4,275.7,0,0,130.6,1,0.4,0,0,1,0
39,1,2,130.0,247.8,0,1,180.6,0,2.3,0,2,1,0
55,0,2,97.1,129.1,0,0,167.0,1,4.7,1,0,2,1
75,1,1,129.4,232.4,0,0,156.2,1,0.8,0,1,2,0
43,1,1,100.6,186.8,0,0,131.9,0,0.1,2,0,1,0
47,0,0,170.7,281.9,0,0,191.1,0,3.5,1,2,1,1
60,1,2,129.1,187.8,0,0,137.6,0,0.6,1,0,3,1
56,1,1,130.7,263.9,0,0,164.8,0,0.6,2,0,1,0
58,0,1,131.2,286.6,0,0,151.6,0,0.5,1,2,1,0
59,1,1,114.9,255.5,0,0,107.0,0,0.4,0,0,1,1
61,1,2,154.7,244.0,0,0,132.1,0,0.1,1,0,1,0
66,1,2,148.5,228.2,0,0,139.5,1,1.8,0,0,1,1
59,1,1,151.8,237.7,0,0,126.5,0,0.3,1,0,2,1
51,1,0,111.3,181.4,0,2,116.8,1,0.6,1,0,1,0
61,0,2,153.2,251.7,0,0,133.3,0,0.2,0,0,1,0
75,1,3,157.6,295.0,0,0,163.8,1,0.0,1,1,2,1
53,1,2,129.6,202.7,1,2,160.3,0,0.7,0,1,2,0
43,1,3,147.4,238.4,0,0,142.0,0,0.2,0,2,3,1
66,1,0,141.9,241.0,0,1,145.2,0,0.4,1,0,3,1
53,0,0,102.1,254.8,0,1,118.2,1,0.3,1,0,1,0
30,1,2,124.7,209.4,1,0,161.5,1,0.9,1,1,3,1
63,1,0,127.6,178.2,0,1,99.4,1,1.8,0,0,3,1
48,1,0,134.0,190.0,0,1,125.0,1,0.1,0,0,1,0
53,1,1,152.1,139.0,0,1,165.7,0,0.1,0,0,1,0
58,1,1,105.5,276.9,0,0,131.8,0,0.7,1,0,2,1
56,1,1,126.5,259.6,0,0,136.1,0,0.3,0,2,2,1
62,1,3,121.2,243.6,1,0,140.3,1,1.9,0,0,3,1
49,1,0,118.7,209.0,1,2,184.2,0,1.1,1,3,2,0
60,1,0,120.7,236.4,0,1,75.0,0,1.5,1,2,3,1
51,0,0,131.5,239.1,1,1,128.6,1,1.8,2,0,1,1
62,1,2,145.4,221.3,0,1,194.7,0,0.0,0,0,1,0
61,1,2,142.0,222.6,1,0,168.4,1,2.4,0,0,3,1
44,0,0,131.8,295.5,0,0,164.5,0,2.4,0,3,1,0
66,1,0,148.2,190.6,1,0,145.6,0,0.0,0,1,2,1
48,0,2,172.3,283.0,0,1,145.1,0,0.0,0,1,1,1
63,1,1,138.7,173.5,1,1,111.4,0,0.2,1,0,1,0
58,1,3,153.4,313.5,0,0,135.3,1,3.5,0,2,1,1
74,1,2,156.4,143.3,0,1,132.3,1,0.8,1,0,1,1
52,1,0,165.5,261.2,0,0,173.3,0,0.6,0,1,2,1
50,0,3,140.1,211.0,0,0,157.0,1,2.3,0,0,2,1
54,1,1,118.8,234.1,0,1,148.4,1,1.4,1,3,1,1
51,0,1,135.7,234.4,0,0,134.4,0,0.1,1,2,3,0
63,0,1,137.8,271.2,0,1,131.2,0,2.7,0,2,1,1
36,1,2,144.2,148.8,0,0,119.3,1,2.0,0,3,1,1
42,1,0,115.3,235.8,0,0,159.2,0,0.5,1,0,1,0
42,0,1,150.8,245.3,0,0,126.8,0,0.1,1,2,3,1
64,1,0,136.6,215.8,0,1,133.3,1,1.5,1,1,2,0
73,1,3,153.9,243.2,0,0,158.1,1,0.1,0,2,1,0
53,1,1,139.3,211.8,0,0,153.3,0,0.4,1,0,1,1
52,1,1,135.7,265.1,0,0,155.5,1,0.0,1,1,3,1
55,1,2,138.5,257.8,0,0,173.3,0,0.8,0,1,1,0
67,1,2,149.3,255.5,0,2,154.2,0,0.5,2,1,2,1
44,0,2,163.8,267.0,0,2,150.0,0,1.9,0,0,3,1
57,1,1,98.4,297.3,0,0,101.2,0,0.8,1,0,2,1
65,1,2,146.5,201.6,0,2,131.2,0,1.1,0,2,2,0
60,0,1,133.3,341.3,0,1,141.5,1,0.2,1,0,2,1
56,0,0,128.3,259.4,0,0,146.0,1,1.7,1,2,1,1
65,0,3,91.2,223.2,0,0,104.9,0,2.5,1,1,1,0
24,1,2,136.9,332.1,0,0,169.2,1,1.4,0,0,2,0
61,1,2,133.5,225.6,0,1,159.0,0,0.1,2,0,1,0
47,1,3,117.2,185.7,0,0,143.1,0,1.7,1,1,1,0
34,1,2,129.8,212.0,0,0,168.9,1,1.3,1,3,1,1
60,1,0,130.2,219.0,0,2,128.7,0,0.2,1,2,1,1
69,1,3,106.4,294.4,0,1,143.3,1,0.2,1,0,1,1
52,0,1,132.1,235.7,1,0,189.4,0,2.1,1,0,2,1
64,0,2,143.9,249.3,1,0,131.9,0,0.1,1,2,1,1
72,1,0,128.6,250.5,0,2,110.9,0,0.0,2,2,1,1
68,1,1,142.2,297.6,1,0,154.9,0,0.3,1,0,1,0
72,1,2,140.4,233.5,0,0,130.2,1,0.6,1,0,2,0
62,1,1,154.8,235.2,0,0,125.0,0,0.7,0,0,1,1
55,0,2,129.4,211.4,1,1,129.9,0,1.1,0,1,2,0
36,1,3,143.9,216.6,1,1,163.0,0,2.2,0,1,1,0
51,1,1,127.6,263.5,1,1,149.7,0,1.8,0,0,3,1
45,0,2,164.2,270.3,0,0,180.6,0,1.9,2,1,3,1
78,1,2,132.1,324.6,0,0,141.7,0,0.1,0,0,2,1
52,1,2,121.2,236.1,0,0,169.3,1,0.0,1,0,1,0
55,1,2,132.4,230.1,0,0,146.8,0,0.6,0,2,1,1
60,1,1,122.4,261.0,0,0,154.1,0,0.3,1,1,3,1
54,1,1,111.5,220.8,0,0,145.9,0,1.7,1,1,2,1
73,0,1,148.8,219.9,0,1,175.4,0,2.1,2,0,1,1
47,1,1,90.0,253.2,0,1,161.5,0,0.6,1,1,1,0
56,1,2,121.6,224.9,0,0,113.8,0,1.0,1,0,2,0
46,1,0,107.8,225.9,0,2,147.6,0,0.3,0,2,2,0
39,0,3,129.8,262.8,0,0,161.0,0,0.9,1,0,2,0
47,1,2,92.8,252.6,1,2,150.9,1,1.1,1,0,1,1
54,1,1,143.9,329.4,0,0,165.4,0,0.5,1,0,3,1
49,1,0,144.6,280.2,0,1,139.4,0,1.0,1,0,3,1
46,0,2,99.6,204.8,0,0,152.5,0,0.0,1,2,3,1
39,0,2,130.7,218.6,1,0,176.2,0,1.5,0,0,2,0
53,0,3,140.0,180.6,0,1,117.0,1,0.8,0,1,1,1
37,1,1,146.7,192.6,1,1,136.4,0,0.1,0,0,3,0
62,0,0,106.6,299.7,0,2,184.8,1,0.6,1,0,1,0
55,1,3,105.3,229.5,0,0,138.7,0,0.9,2,1,2,1
38,1,1,157.0,174.8,0,1,175.6,0,0.1,1,0,1,0
51,1,2,118.5,154.7,1,2,173.0,0,4.2,1,0,1,1
46,1,0,122.5,173.8,0,0,123.9,0,1.4,2,0,1,1
58,1,2,146.4,207.5,0,0,126.3,0,0.3,1,0,1,0
69,1,0,116.7,246.8,0,0,138.8,0,1.6,1,0,3,1
33,1,2,124.0,216.6,0,2,145.3,0,1.4,1,0,1,0
55,0,2,147.3,272.5,0,1,155.8,1,0.3,2,0,3,1
52,0,3,104.9,199.5,0,2,160.4,0,1.6,1,1,3,1
61,1,0,126.7,297.8,0,0,147.9,1,0.1,1,0,3,0
56,1,1,114.2,236.1,0,1,145.3,0,1.1,0,3,1,1
46,0,0,115.1,258.8,0,0,165.1,1,1.0,1,3,3,1
50,1,3,154.3,217.1,0,0,176.3,0,3.1,1,0,2,0
45,1,2,157.0,283.0,0,1,181.6,1,1.0,1,0,1,1
66,0,2,138.6,187.2,0,1,146.3,0,0.4,0,0,1,0
54,1,0,143.6,187.1,0,0,128.3,1,0.8,0,0,2,1
75,0,1,145.3,206.1,0,0,131.1,0,4.0,1,0,1,1
53,1,1,121.6,292.8,0,2,163.1,0,0.2,1,1,1,1
46,1,1,136.3,228.2,0,0,176.6,0,1.1,1,0,3,0
37,0,2,103.4,193.7,0,0,181.3,0,1.4,1,0,1,0
34,1,0,111.7,225.8,1,0,155.7,1,1.6,2,1,2,0
37,1,2,128.2,243.0,0,0,162.8,0,2.0,1,0,2,0
57,1,3,115.7,195.1,0,0,157.2,1,1.1,0,0,3,0
60,1,3,112.6,250.5,0,1,176.1,0,0.7,1,1,1,0
37,1,2,116.9,229.5,0,0,141.2,0,0.6,1,0,2,0
64,1,1,157.1,222.6,1,1,151.7,1,0.4,1,2,3,1
49,1,2,160.8,183.9,0,0,139.3,0,2.5,1,0,2,1
56,1,0,133.9,281.2,0,0,172.1,0,0.2,1,0,2,1
72,0,0,146.0,227.1,0,1,136.1,0,1.9,0,0,2,1
64,0,2,123.4,120.0,0,0,146.8,1,0.7,0,0,1,0
51,1,3,96.1,256.0,0,1,131.0,0,0.1,0,2,1,1
44,0,0,112.4,254.7,0,1,144.2,0,1.2,1,0,2,1
30,1,0,122.4,274.0,0,1,205.0,0,0.9,1,1,2,0
46,1,2,134.5,256.8,0,0,165.9,0,0.1,0,2,1,0
52,1,0,131.7,246.8,0,1,152.9,0,0.0,1,0,1,0
43,1,2,126.2,216.1,0,0,184.4,1,0.1,0,0,3,0
53,1,0,123.4,219.8,0,0,181.4,0,1.1,1,0,1,0
55,1,0,140.4,271.5,0,0,146.1,0,0.6,1,0,1,0
52,0,2,105.9,233.8,0,1,132.0,1,0.1,0,0,1,0
47,1,3,146.7,175.7,0,1,148.4,0,1.0,0,0,1,0
56,0,2,120.9,227.0,0,1,138.5,0,0.6,1,0,2,0
59,1,2,172.5,240.8,0,1,146.8,0,1.0,0,0,2,1
42,1,1,125.3,149.6,0,1,160.8,0,1.5,0,2,1,0
70,0,3,126.4,279.9,0,1,193.5,0,0.0,0,1,1,1
53,1,1,123.6,241.1,0,0,125.3,1,0.1,0,0,1,1
54,0,3,122.5,181.4,0,0,118.8,0,1.4,0,1,1,0
62,1,1,146.9,231.1,0,0,129.9,0,0.1,0,0,2,0
57,0,1,131.0,237.9,1,0,79.0,0,0.8,0,2,1,0
64,1,1,154.3,286.5,0,0,100.0,1,1.6,2,0,2,1
57,1,2,143.1,282.8,0,0,116.6,0,0.1,1,0,2,1
47,1,0,132.8,286.4,0,1,176.7,0,1.1,0,0,3,1
58,0,3,138.7,259.3,1,0,115.5,0,0.1,0,0,1,0
41,1,1,152.3,208.1,0,1,118.1,0,1.2,1,2,2,0
55,0,1,143.1,201.8,1,0,128.4,0,1.6,0,0,2,1
54,1,0,139.1,210.6,0,0,156.4,0,0.1,2,0,2,0
52,1,0,141.1,237.8,0,0,137.5,0,2.1,1,1,1,1
53,1,2,113.0,239.9,0,1,140.7,0,1.4,0,0,1,0
33,1,2,175.0,279.3,0,0,147.6,1,0.4,1,1,1,0
48,1,2,142.0,228.1,0,2,122.1,0,0.0,1,0,1,0
55,1,0,145.6,152.7,0,1,126.7,0,0.2,1,1,1,0
56,0,3,131.0,189.6,0,0,128.4,0,0.5,2,0,1,0
43,1,1,90.0,194.6,0,1,168.1,0,0.7,1,0,2,1
68,0,3,129.7,203.3,0,1,114.6,1,1.4,1,3,1,1
44,0,0,129.9,120.0,0,0,176.0,0,1.1,1,0,1,1
65,1,2,121.9,314.3,0,0,156.0,0,2.9,1,0,1,0
59,1,2,120.3,147.1,0,0,110.2,0,0.9,1,0,2,0
47,0,1,123.1,213.7,1,1,160.3,0,0.6,1,1,1,0
74,1,0,152.9,277.4,0,1,136.8,0,0.7,0,0,1,1
41,0,2,150.4,262.8,0,0,185.3,1,0.2,1,0,2,0
64,1,0,139.6,180.2,0,0,123.6,1,1.2,0,0,1,1
65,1,2,126.5,298.3,0,1,155.4,1,0.5,2,0,2,1
47,1,2,125.7,285.6,0,0,169.3,1,1.8,1,0,3,1
69,1,2,139.5,238.7,0,0,100.2,0,0.3,1,2,2,0
51,0,3,134.2,241.5,0,1,178.2,0,0.8,1,3,3,1
57,1,1,142.6,202.2,0,0,129.6,0,0.3,0,0,1,0
57,0,1,123.8,253.6,1,1,156.1,1,1.1,2,2,1,1
53,0,1,140.3,251.0,0,1,143.3,1,1.7,1,1,1,1
63,1,2,144.4,223.1,0,0,138.0,0,0.5,1,0,1,1
63,0,3,126.1,273.0,0,0,124.5,1,0.4,0,0,2,0
35,1,3,98.3,249.3,0,0,145.9,1,2.3,1,3,1,1
68,1,3,121.6,387.7,0,0,149.1,1,0.6,0,0,2,1
36,1,3,157.7,195.4,0,0,189.6,0,0.2,1,1,1,0
65,1,3,106.3,303.9,0,0,114.2,0,0.2,0,2,1,1
66,1,1,160.7,208.1,0,0,128.7,0,0.2,1,1,2,1
42,1,3,99.9,260.4,0,2,160.6,0,0.4,0,1,1,1
49,1,2,118.8,125.3,0,0,155.2,0,0.1,0,0,2,0
42,0,0,121.3,214.7,0,1,165.8,0,1.2,0,3,1,1
52,1,0,165.6,261.5,1,1,174.4,0,0.6,2,2,1,1
51,1,0,133.7,250.9,0,1,111.7,0,1.2,0,2,1,0
63,1,2,132.4,156.3,0,1,129.6,0,0.4,0,2,1,1
68,0,2,117.7,228.2,1,0,162.2,1,0.5,1,1,1,0
69,0,0,144.1,311.6,0,1,134.7,1,0.8,1,1,3,1
48,1,2,123.3,284.6,0,1,125.9,1,0.6,1,1,3,1
52,1,0,129.4,283.0,0,2,121.0,0,0.1,2,3,1,0
35,1,3,122.8,338.2,0,1,158.7,1,0.2,0,0,1,0
45,1,2,144.7,161.5,0,0,143.9,0,0.7,1,0,1,0
65,1,3,150.5,227.9,0,2,188.5,0,2.6,0,0,2,0
72,1,0,122.5,249.1,0,1,133.3,0,0.3,1,3,3,1
40,0,3,116.2,204.3,0,2,139.2,0,0.7,2,2,3,1
47,1,1,119.2,244.4,0,0,179.3,0,0.2,0,0,1,0
54,0,1,134.3,298.6,0,1,145.9,0,0.5,1,0,3,0
57,0,1,148.1,247.3,1,0,162.8,0,0.1,1,0,1,0
45,1,2,135.3,141.3,0,0,194.4,1,0.4,0,2,2,1
59,0,3,92.8,272.9,0,0,177.1,1,0.1,0,2,1,0
49,1,2,146.4,239.0,0,0,158.8,0,0.2,0,0,3,0
54,0,3,106.7,145.5,1,0,163.6,1,0.1,1,0,1,0
60,0,1,119.6,216.4,0,1,173.6,1,1.3,0,1,1,0
54,1,1,137.6,165.0,1,0,126.6,1,0.6,1,0,2,0
49,1,2,131.2,227.0,0,2,121.9,0,0.2,1,1,1,0
53,1,1,149.5,218.9,0,1,192.5,1,2.9,0,1,1,1
53,1,3,122.8,173.9,0,1,120.7,1,0.8,0,0,1,1
50,0,2,112.6,251.0,0,0,199.9,1,0.8,1,1,2,1
51,1,1,127.6,192.7,0,0,134.1,0,0.8,0,1,1,0
72,0,2,153.1,306.0,0,1,116.9,1,0.5,1,0,1,1
60,1,1,146.8,250.9,0,0,161.5,0,0.2,0,2,1,0
51,1,0,134.8,228.9,0,2,114.1,1,0.5,1,1,1,1
62,1,2,159.9,299.4,0,1,199.4,0,0.6,1,3,1,0
50,1,2,153.6,251.5,1,1,192.3,1,1.6,1,1,1,1
67,0,3,148.4,261.2,0,0,173.7,0,1.3,2,0,1,1
58,1,0,113.8,239.9,0,0,111.6,0,1.2,1,1,1,0
53,0,2,144.8,227.2,0,0,176.7,0,0.4,2,0,1,0
59,0,0,128.6,260.9,0,1,170.8,1,2.2,1,0,1,1
37,1,0,122.6,302.5,0,1,161.5,0,1.0,0,1,1,0
42,0,2,115.7,120.0,0,1,173.3,1,0.0,1,0,2,0
41,0,0,124.7,319.1,0,1,169.0,1,1.0,1,0,2,1
56,1,2,123.2,197.7,0,0,119.8,0,1.1,1,1,1,1
73,1,2,141.8,256.5,0,1,126.6,1,2.0,0,1,1,1
79,0,0,134.1,174.6,0,2,126.0,0,2.0,1,0,1,1
61,1,1,139.7,309.5,0,1,110.0,0,0.4,1,0,1,1
60,1,0,145.5,182.7,0,0,160.6,0,0.0,1,0,1,0
34,1,3,123.7,283.8,0,1,184.4,1,0.5,1,2,2,0
48,1,0,119.2,228.7,0,2,161.2,1,1.0,1,0,1,0
45,1,0,95.6,231.1,0,1,194.2,0,0.6,2,3,1,0
47,1,2,146.1,183.5,1,1,159.5,0,0.4,1,2,1,0
52,1,3,134.9,294.3,0,1,149.3,0,0.6,0,2,2,1
49,0,3,126.6,233.2,0,1,138.5,1,0.9,1,0,1,1
32,1,1,149.6,265.3,0,0,166.9,0,1.4,0,0,1,0
62,1,0,112.8,153.3,0,0,83.5,0,0.0,2,2,2,0
42,1,2,132.0,198.0,0,1,193.6,1,1.0,1,0,3,1
57,0,3,114.4,253.5,0,0,154.4,1,0.1,1,2,1,1
77,1,1,151.6,180.0,0,1,158.7,0,1.9,1,1,1,1
44,1,1,91.4,253.8,0,0,178.8,1,0.8,1,1,2,0
26,1,0,141.5,202.5,0,0,180.6,1,0.5,1,0,1,0
51,1,0,147.0,206.1,0,0,126.9,0,1.6,2,2,3,1
66,1,2,120.4,268.2,0,0,75.0,0,1.3,0,0,2,1
76,0,0,137.7,256.6,0,0,182.4,1,2.5,0,1,2,0
40,1,0,114.3,187.0,0,0,156.4,0,1.3,2,0,1,1
59,1,0,142.9,292.6,0,0,137.2,1,0.2,0,0,1,1
49,0,1,144.5,261.9,0,0,144.8,0,2.1,0,1,1,0
53,0,0,112.7,152.4,1,1,138.0,0,0.1,1,0,2,0
83,1,1,117.9,238.2,0,1,129.9,0,1.6,1,0,2,1
37,1,3,149.5,251.9,0,1,156.1,1,2.8,0,3,1,1
57,1,0,169.7,237.6,0,0,148.4,1,3.0,0,1,1,1
59,0,2,141.2,120.0,0,0,139.3,0,1.1,0,2,2,0
66,0,3,144.2,248.4,0,0,160.0,1,2.4,0,0,1,0
55,0,1,125.3,275.1,0,2,163.0,0,3.3,0,0,3,1
57,1,0,138.0,238.9,1,2,134.0,0,1.5,0,1,1,1
50,1,0,139.3,242.4,1,0,154.3,0,0.5,1,0,1,1
57,1,2,131.5,287.3,0,0,120.2,0,0.4,1,0,1,0
50,1,2,157.3,170.3,0,1,163.7,0,0.3,1,0,2,0
61,0,0,135.9,276.3,1,0,180.6,0,0.6,0,1,3,0
50,0,3,135.5,254.9,0,0,169.4,0,1.1,0,0,1,1
58,1,2,132.1,171.4,1,0,143.4,0,0.0,1,0,1,0
54,0,1,129.9,272.1,0,1,126.3,0,1.2,1,2,1,0
66,0,2,155.9,325.1,1,0,155.5,1,0.4,0,0,1,1
53,1,1,136.4,255.7,0,0,135.1,0,0.4,0,0,2,0
34,1,2,132.0,258.8,0,1,160.2,1,0.3,1,1,3,1
68,1,0,140.8,199.4,0,1,156.1,1,0.1,1,0,1,1
44,1,2,124.9,210.7,0,1,135.9,0,1.1,1,0,1,0
47,1,0,106.9,194.2,0,2,154.1,1,0.2,0,2,1,1
47,1,2,160.6,256.4,0,0,129.0,0,1.0,2,0,3,0
69,0,0,154.0,223.9,0,0,131.5,0,2.1,1,3,1,1
31,1,2,150.7,207.8,0,0,151.6,1,1.9,0,0,3,1
85,0,0,119.4,283.2,1,1,156.0,0,0.4,0,0,2,0
66,0,0,160.0,319.1,0,0,145.2,0,1.3,2,0,1,1
56,0,0,166.9,238.2,0,1,131.8,0,0.9,0,3,1,1
53,1,0,152.6,171.8,0,1,139.2,0,0.2,0,0,1,0
57,1,2,164.4,244.2,0,0,168.4,0,0.3,0,0,1,0
60,1,3,149.9,251.9,0,1,109.7,1,0.7,0,0,1,1
61,1,2,120.5,280.4,0,1,125.7,0,2.6,0,0,2,0
60,1,3,144.6,229.3,1,2,121.2,0,1.0,1,1,3,1
55,1,0,115.9,280.5,0,2,150.9,0,0.7,2,2,1,1
52,1,0,122.7,272.7,0,0,151.8,0,1.0,2,0,1,0
52,1,2,139.2,227.6,0,1,145.7,0,0.2,0,0,1,1
52,0,3,133.8,276.8,0,0,147.3,0,0.1,0,0,2,0
66,0,2,142.3,286.5,1,0,111.1,0,3.5,2,3,1,1
61,1,1,103.5,195.8,0,0,123.0,0,1.8,0,2,1,1
22,0,0,120.2,272.5,0,2,179.8,1,0.8,0,0,3,1
61,1,0,145.6,238.6,0,0,111.5,0,0.6,1,2,1,1
56,1,1,148.0,231.2,0,1,140.7,0,0.4,0,3,3,1
54,1,2,148.6,236.7,0,0,168.9,0,0.8,0,1,2,0
50,0,0,134.5,294.6,0,1,154.8,0,3.2,1,1,1,1
66,1,3,130.2,300.1,0,1,125.5,0,0.1,2,1,2,0
64,1,3,145.5,265.9,1,0,157.6,0,0.9,0,0,1,0
45,1,3,126.4,250.1,0,2,137.3,0,3.0,1,0,1,1
58,1,3,151.2,238.2,0,1,146.5,1,1.5,1,0,1,0
43,1,0,138.9,356.3,1,0,137.2,1,1.5,1,2,2,1
39,1,3,129.1,206.0,0,1,124.0,0,1.0,0,0,1,0
47,0,1,115.4,219.3,0,0,149.3,0,2.6,0,0,1,1
63,1,3,156.4,257.9,1,0,168.9,0,2.7,2,1,3,1
64,0,0,143.6,205.0,0,0,166.8,1,0.7,1,0,1,0
60,1,1,173.4,289.6,0,0,160.3,0,1.4,1,0,1,1
62,0,0,142.5,179.5,0,0,158.7,0,4.4,0,1,1,1
60,1,0,146.5,212.1,0,1,160.8,0,0.6,2,2,3,1
47,0,3,102.9,221.3,0,1,147.4,0,0.4,0,3,3,1
59,0,2,137.8,198.9,0,0,117.3,1,0.1,0,1,3,0
63,1,2,130.6,290.4,0,1,145.9,0,1.1,2,0,1,1
62,1,2,150.9,186.3,0,1,163.5,0,0.2,0,0,1,0
67,0,2,140.3,203.6,0,0,158.8,1,0.8,1,1,1,1
62,1,1,153.7,214.4,0,1,148.0,0,0.1,0,1,3,1
58,1,2,173.4,279.9,0,1,152.7,0,5.3,1,0,1,1
66,0,1,119.6,309.5,1,2,109.6,1,1.1,2,2,1,1
54,1,2,151.0,264.4,0,0,181.9,1,0.1,1,2,2,1
44,1,3,143.8,180.1,0,2,151.1,0,1.3,1,0,2,1
52,1,1,169.1,213.4,0,1,102.4,0,0.9,1,0,1,0
46,1,1,144.7,307.8,0,0,149.4,1,1.2,0,0,1,0
47,1,3,143.1,240.2,0,1,153.6,0,1.7,1,0,2,1
52,0,3,145.8,177.1,0,0,160.6,0,1.2,1,0,2,0
45,1,3,148.3,334.8,0,0,151.4,0,0.2,0,0,1,0
51,0,2,156.4,215.3,0,0,136.7,0,0.3,1,0,2,0
33,1,1,114.0,230.9,0,1,148.6,0,0.2,0,0,1,0
56,0,1,124.4,212.0,0,0,146.4,1,1.2,0,0,1,1
54,1,0,165.2,199.4,1,2,143.6,0,0.5,2,0,3,1
45,0,2,93.5,295.3,0,0,196.9,0,0.1,1,1,2,0
61,1,0,134.2,252.5,0,2,136.2,0,0.7,1,2,1,1
64,1,2,139.2,258.8,0,1,124.7,0,0.6,1,1,3,1
36,1,3,126.3,178.8,0,1,182.3,1,0.8,1,0,1,0
46,1,3,160.5,225.4,0,0,152.4,1,2.4,2,2,1,1
46,1,0,140.6,211.2,0,0,172.4,0,1.7,1,1,1,1
44,0,1,121.5,201.6,0,0,151.7,0,1.4,2,3,1,1
63,0,3,121.8,265.1,0,1,158.0,0,0.2,0,2,1,0
52,1,2,138.6,225.8,1,0,176.6,0,2.4,1,0,1,0
51,1,2,154.2,270.8,0,1,180.8,0,0.5,1,0,3,1
32,0,3,128.0,265.4,1,0,177.6,0,0.6,1,0,2,1
61,0,1,130.3,224.7,0,0,97.7,0,0.0,0,0,3,1
40,0,1,115.0,256.5,0,0,122.7,1,1.1,1,0,1,0
55,1,1,141.0,221.4,0,0,153.6,0,2.9,0,1,1,1
57,1,2,140.5,207.8,0,1,113.7,1,0.3,0,0,1,0
69,1,1,124.7,200.0,1,0,114.7,0,0.2,1,0,2,1
40,0,2,146.0,240.3,0,1,175.8,0,0.2,0,0,1,0
22,0,3,153.7,197.6,1,0,152.2,0,0.4,1,0,1,0
56,0,1,132.4,302.7,1,1,133.9,0,1.4,0,1,1,1
74,1,3,144.4,319.9,0,0,126.9,0,1.8,0,0,2,0
68,1,2,117.6,267.2,0,1,165.9,1,1.3,0,3,1,1
56,0,3,144.8,252.8,0,1,174.2,0,0.4,1,0,1,1
49,1,0,141.1,240.5,1,0,202.0,0,1.1,0,1,1,0
63,0,1,127.4,349.0,1,0,161.0,0,0.9,2,1,1,1
43,1,1,117.9,323.9,0,0,188.9,1,0.7,0,0,1,0
59,1,1,168.5,234.1,0,1,129.1,1,0.7,1,0,1,1
60,0,0,139.4,234.7,0,1,113.0,1,0.7,0,0,1,0
66,1,3,120.5,260.0,1,0,153.7,1,0.2,0,0,2,0
84,1,1,156.9,200.0,1,1,125.4,0,2.6,0,0,2,1
58,1,3,139.1,163.6,0,0,181.9,0,1.1,0,2,1,0
48,1,2,133.6,180.4,1,0,142.8,0,2.3,1,1,1,1
54,0,0,148.6,228.1,1,1,134.1,1,0.4,0,1,2,1
35,1,2,90.0,193.2,0,0,152.5,1,0.5,1,1,1,1
46,0,3,96.5,302.6,0,0,151.5,0,0.4,1,0,1,0
49,1,2,157.6,175.0,1,0,151.3,1,1.9,1,1,1,1
48,0,0,127.2,180.5,1,1,154.5,0,0.9,2,0,1,1
56,0,3,123.8,161.4,0,1,176.0,0,0.3,1,1,1,1
45,0,0,104.7,209.9,0,0,127.7,0,0.7,2,0,1,1
66,0,2,137.5,228.1,0,0,159.9,1,0.8,0,0,2,0
54,1,2,139.7,237.9,0,0,163.0,0,1.9,0,0,1,1
54,0,1,156.9,239.9,1,1,154.6,1,0.3,1,0,2,1
50,1,1,139.7,212.6,0,1,159.9,0,0.3,1,1,1,0
56,0,3,126.0,195.8,0,0,136.5,0,0.2,1,0,2,0
63,1,3,143.6,263.0,0,1,111.6,0,0.2,1,0,2,1
44,1,2,151.5,198.3,0,2,162.0,0,0.1,2,0,3,0
47,1,1,148.3,273.3,0,0,141.3,0,0.0,2,1,1,1
51,1,0,144.4,175.1,0,0,162.2,1,0.3,0,0,2,0
39,1,0,135.2,203.2,1,0,149.6,0,0.3,1,1,3,0
45,1,2,121.3,328.1,0,1,171.8,0,0.8,1,0,1,0
49,1,1,114.2,335.5,0,0,173.9,0,0.3,2,0,2,0
64,1,0,115.1,185.0,0,0,161.9,1,2.6,1,0,1,1
57,1,1,141.8,295.6,0,0,173.4,0,0.0,1,1,2,1
56,0,2,140.5,313.1,0,0,146.1,1,0.6,0,0,1,1
63,1,3,155.9,291.3,0,2,164.2,0,0.2,0,1,1,0
52,0,2,140.6,237.8,0,0,140.7,1,0.0,0,0,1,1
58,1,2,153.9,157.9,0,0,133.2,0,0.5,1,0,1,0
53,1,1,131.4,244.8,0,1,150.0,1,1.1,0,0,1,1
57,1,1,148.6,260.6,0,1,174.7,0,2.4,0,0,1,0
48,1,2,114.5,249.8,0,1,146.7,0,0.0,1,0,2,0
27,1,2,126.2,252.9,0,0,183.7,0,1.6,1,0,2,0
53,1,1,100.8,205.3,0,0,126.2,0,0.2,2,1,2,1
70,1,2,138.6,225.7,0,0,96.8,1,0.5,2,0,1,1
64,0,3,155.5,139.6,0,1,131.0,0,1.0,2,0,1,0
65,1,2,138.0,284.4,0,0,139.9,1,0.3,0,0,2,1
68,1,2,150.5,206.8,0,1,161.1,0,2.4,0,2,1,1
55,0,2,136.2,230.8,0,1,141.9,1,0.8,2,1,2,1
56,1,0,124.2,253.2,0,0,181.9,1,1.0,2,0,1,1
47,1,2,128.9,214.3,0,0,162.8,1,0.2,0,0,1,0
51,1,3,154.5,193.2,0,0,144.3,0,0.6,1,1,1,0
61,1,1,148.7,255.1,0,1,148.5,0,0.0,1,0,2,0
67,1,1,126.1,167.5,0,2,116.6,1,0.7,2,0,1,1
52,0,2,105.5,274.4,0,0,143.8,0,0.7,0,0,1,1
49,1,0,136.5,268.7,0,1,146.7,0,0.5,0,3,2,0
54,0,2,120.5,217.2,1,1,151.9,1,0.9,0,0,2,1
61,0,0,129.6,222.1,0,0,137.0,0,1.4,2,1,2,1
38,0,2,100.8,192.3,0,1,167.5,0,0.1,0,0,3,0
29,0,2,143.5,215.8,0,1,127.2,0,0.3,1,1,1,0
48,0,1,127.8,230.5,1,0,175.5,1,0.2,1,0,1,1
41,0,1,128.7,222.8,1,2,154.9,0,0.3,1,2,1,0
48,0,1,114.5,303.0,0,1,168.0,0,0.2,0,1,1,1
52,1,1,128.5,163.7,0,0,171.7,0,1.6,0,0,1,0
49,0,1,132.0,199.7,0,1,154.7,1,0.1,0,0,1,0
70,1,1,127.0,279.2,0,1,157.1,0,0.1,1,0,1,0
58,1,2,131.1,333.2,0,1,153.1,1,0.9,0,0,1,1
57,1,2,159.7,204.4,1,1,152.8,0,5.0,0,1,1,1
61,0,1,101.2,288.4,0,0,132.6,0,2.5,2,0,3,0
41,1,0,134.1,186.2,0,0,182.0,0,1.0,1,0,2,1
65,0,0,119.6,228.1,0,0,143.4,1,0.5,0,2,3,1
53,0,2,154.8,241.5,1,0,178.9,1,0.5,0,0,2,1
61,1,0,132.5,213.5,0,1,118.8,0,2.0,1,0,1,0
42,1,0,112.2,218.8,1,0,141.7,1,0.0,1,3,1,1
37,1,1,125.9,175.5,0,0,133.5,0,0.3,0,2,1,0
63,1,3,142.5,274.2,0,1,166.1,0,0.2,0,1,1,1
58,1,2,185.0,203.3,0,0,158.3,0,0.2,1,0,1,0
44,0,3,90.5,208.7,0,1,119.8,0,0.1,1,2,2,0
44,0,0,106.9,203.5,0,1,135.0,0,0.3,1,3,2,1
66,1,0,160.5,213.5,0,0,115.5,0,0.3,0,1,1,1
41,1,0,103.6,243.2,0,0,178.0,1,0.3,0,0,2,0
72,0,3,135.7,250.5,0,0,163.4,1,0.3,2,3,2,1
44,1,1,122.8,348.7,0,0,143.3,1,0.3,2,0,1,1
61,0,1,121.2,233.1,1,0,97.9,0,1.7,1,1,1,1
50,1,1,129.9,235.6,0,1,106.4,1,1.3,1,0,1,0
61,1,2,129.8,302.7,0,0,172.2,1,1.2,2,0,1,1
48,1,1,151.5,249.2,0,2,178.4,0,0.3,1,2,3,1
52,0,2,154.4,236.4,0,1,183.1,0,0.9,2,0,2,0
54,1,3,141.7,235.5,0,2,144.9,0,1.4,0,0,1,1
43,1,1,127.0,246.1,0,0,109.0,0,0.2,0,0,3,1
62,0,2,137.7,287.1,0,0,153.6,0,0.5,1,0,1,0
48,0,2,144.0,298.5,0,2,140.5,0,0.9,1,0,3,1
51,1,2,151.3,285.7,0,2,188.4,1,0.3,1,0,1,1
43,1,1,137.9,258.1,1,0,169.3,0,1.3,0,0,1,0
26,0,0,151.5,240.9,0,1,168.8,0,0.9,2,0,3,1
52,1,2,122.4,330.4,0,0,140.1,1,0.4,1,0,1,0
81,1,1,161.3,230.0,0,1,160.9,0,0.5,1,3,1,1
63,0,3,145.9,275.3,1,0,126.5,1,0.5,1,0,3,0
54,1,2,123.0,293.1,0,1,117.1,0,0.6,0,0,3,0
51,0,2,134.4,286.3,0,0,151.2,0,0.8,0,2,3,1
54,0,0,136.4,207.9,0,0,171.6,1,0.7,0,0,1,0
60,0,2,129.9,367.4,0,1,180.1,1,0.2,1,0,1,0
41,1,2,128.0,310.4,0,0,120.8,0,1.1,0,1,2,1
66,1,2,109.6,292.2,0,1,168.4,1,0.1,0,1,1,0
62,0,1,120.6,199.9,1,1,141.4,1,0.2,1,3,1,1
62,1,3,131.7,287.3,1,0,160.6,1,1.1,2,0,1,1
59,1,1,124.9,141.4,0,1,113.2,0,0.6,1,0,1,1
54,0,0,115.6,231.2,0,0,139.2,0,0.8,0,1,1,0
61,1,3,154.8,248.5,0,0,157.7,0,0.3,0,0,3,1
61,1,2,133.9,224.1,0,1,143.4,1,0.1,0,2,1,0
50,1,1,172.0,309.7,0,0,147.3,0,2.8,0,0,1,1
48,1,3,136.5,243.9,0,1,143.7,0,0.7,1,3,1,0
55,0,0,150.0,199.5,0,1,147.1,0,0.6,0,0,2,0
71,1,0,134.5,280.5,0,0,137.9,1,2.7,1,1,2,1
40,0,2,115.6,254.0,1,1,131.1,1,4.1,1,0,2,0
38,1,0,134.7,158.7,0,2,144.9,1,0.1,0,0,1,1
56,1,3,157.8,301.0,0,0,159.5,0,0.4,1,0,1,0
55,0,3,129.6,246.2,0,0,144.1,0,1.0,1,0,1,1
56,1,1,142.5,285.5,0,0,157.3,1,2.2,0,1,2,1
57,1,3,139.4,260.5,0,1,142.2,0,0.9,1,0,2,1
52,1,0,131.7,225.9,0,1,136.2,1,4.1,0,0,1,1
70,0,2,134.2,265.7,0,0,160.5,0,1.1,1,0,1,1
36,1,3,111.5,230.7,1,1,172.6,0,0.0,0,1,1,0
45,1,3,131.6,251.0,0,0,150.6,0,0.7,0,1,2,0
53,0,1,142.5,267.5,0,0,165.3,1,3.1,1,1,1,0
36,0,0,131.8,241.6,0,0,172.1,0,0.2,1,0,1,0
52,1,0,136.8,261.2,0,0,136.2,1,2.7,1,0,3,1
72,0,2,148.6,231.3,0,0,140.4,0,0.3,0,0,1,0
54,0,2,134.5,216.3,1,1,155.9,0,2.4,0,2,2,1
57,1,0,135.0,276.5,0,0,156.5,0,0.9,0,0,2,1
40,1,1,143.7,300.3,0,2,194.7,0,0.5,2,0,1,0
47,1,3,134.7,216.2,1,0,166.0,0,2.4,1,3,1,1
50,1,1,128.7,253.9,0,1,164.5,0,0.1,0,3,3,1
51,1,0,141.7,178.4,0,0,125.5,1,1.3,1,1,1,1
68,1,3,136.9,325.7,0,2,197.6,1,0.9,1,0,1,1
60,0,1,127.4,293.9,0,1,115.7,0,0.5,0,1,1,1
42,1,2,133.8,211.5,0,1,142.6,1,0.8,0,3,1,0
57,1,0,137.8,226.9,0,1,134.6,1,1.4,1,2,1,0
59,1,1,115.4,296.4,0,1,137.7,1,0.1,1,0,1,1
67,1,1,143.2,253.7,0,2,120.5,0,0.3,2,0,2,1
71,0,2,168.5,275.2,0,0,101.8,0,0.5,1,1,1,0
43,1,2,113.6,194.2,0,1,180.2,0,1.3,0,0,1,0
45,1,0,122.7,263.6,0,0,141.7,1,2.3,0,3,1,1
40,1,2,180.5,230.0,0,0,109.4,0,2.7,1,0,1,1
51,1,1,118.5,253.5,0,1,143.1,0,0.5,1,0,2,1
59,0,0,155.4,225.7,0,0,154.4,0,0.6,1,1,2,0
65,0,3,129.6,236.0,0,1,105.9,0,2.4,1,0,2,0
53,0,3,131.8,245.6,0,0,161.8,0,0.1,2,0,1,0
50,1,3,130.6,214.3,0,1,156.9,1,1.3,0,0,3,1
56,0,2,139.2,341.9,0,2,127.3,0,0.9,1,1,1,0
45,1,0,103.3,191.8,0,0,159.3,0,0.2,0,2,3,1
77,0,2,140.1,271.4,0,0,169.6,0,1.6,0,1,2,0
36,1,3,122.2,248.4,0,0,159.6,1,0.1,0,2,1,1
56,0,0,98.0,275.6,0,0,135.4,0,0.1,1,0,2,1
76,1,1,159.7,139.1,0,0,116.3,1,0.8,0,0,2,1
54,1,1,96.1,167.2,0,0,187.5,0,0.4,0,1,1,0
52,1,0,172.2,216.6,0,1,144.2,0,0.1,1,1,2,1
50,1,1,144.1,280.5,0,0,144.8,0,1.2,0,3,1,1
52,0,3,106.0,229.1,1,0,168.2,0,0.2,1,0,1,0
69,0,2,158.8,233.2,0,1,151.2,1,3.9,1,0,1,1
30,1,1,114.5,233.7,1,0,131.7,1,2.8,2,3,1,1
71,1,2,125.6,210.3,1,0,141.9,0,0.5,0,1,1,0
38,0,1,94.6,256.5,0,1,146.5,0,1.4,2,1,1,0
51,1,2,117.7,248.8,0,1,175.3,1,1.6,0,0,1,0
49,1,3,119.3,261.8,1,0,125.3,0,0.8,1,0,2,0
60,0,2,147.2,310.2,1,0,161.5,0,1.7,1,2,2,0
36,0,2,147.5,225.0,1,0,115.3,1,1.6,0,0,1,1
59,1,1,112.9,248.0,1,1,158.9,0,4.4,0,0,2,1
76,0,2,141.4,205.7,0,1,151.4,1,0.3,0,0,3,1
39,0,2,94.1,181.0,0,0,136.8,1,2.1,0,0,1,0
56,0,2,136.4,241.8,0,0,165.5,1,1.1,1,3,2,1
47,0,2,168.2,243.5,0,1,149.0,0,0.2,1,1,3,1
59,1,3,103.2,273.5,1,2,96.5,1,0.2,1,1,2,0
54,0,2,112.7,266.7,0,1,154.1,0,1.5,1,1,1,1
47,0,2,142.3,250.1,0,0,134.1,0,0.5,1,0,1,0
59,1,3,150.5,317.3,1,2,165.1,0,2.1,0,3,1,1
74,0,1,119.1,234.7,0,1,164.4,1,0.7,1,2,2,1
52,1,1,160.0,232.4,0,0,139.7,0,0.4,1,1,3,1
62,1,2,121.3,256.7,0,0,118.8,0,1.9,2,1,2,1
40,1,1,160.6,184.4,0,1,155.4,1,2.5,0,0,1,1
43,1,3,139.7,267.8,0,1,170.3,0,0.6,0,1,1,1
59,0,0,155.1,246.3,0,1,131.2,0,0.7,0,0,1,1
70,1,0,144.7,251.0,0,0,148.1,1,2.5,1,0,1,1
58,1,3,146.8,266.7,0,0,164.9,1,0.4,0,0,1,0
51,1,0,146.0,256.9,0,0,174.1,0,1.0,0,1,1,0
54,0,0,151.6,259.5,1,0,156.0,0,0.0,0,0,2,0
40,0,1,126.9,219.4,0,0,118.1,1,6.0,0,1,2,1
61,1,2,119.6,312.9,1,1,136.9,0,0.1,1,2,1,1
64,1,2,135.1,180.6,0,0,137.0,0,0.2,0,0,2,1
49,1,3,120.7,209.5,0,1,152.5,0,0.2,1,0,2,0
49,0,0,118.9,215.3,0,1,94.0,0,0.0,0,1,1,0
57,0,3,161.5,210.7,0,0,128.2,1,1.5,1,0,1,1
49,1,1,144.0,162.8,1,0,146.6,0,0.6,2,0,2,1
53,1,1,144.1,313.4,0,0,157.9,0,0.6,0,0,1,0
77,0,1,156.1,277.7,0,1,183.5,0,3.6,0,1,2,1
51,0,0,141.4,212.6,0,1,163.9,1,0.2,0,0,1,0
50,1,1,166.6,270.7,0,0,128.1,0,0.1,1,0,2,0
47,1,1,94.5,231.9,0,0,133.5,1,0.9,1,2,1,0
62,1,0,118.0,231.4,0,0,127.8,1,0.6,1,2,2,1
52,1,3,120.9,198.5,0,0,140.2,1,0.2,0,3,2,1
47,1,1,107.5,239.7,0,1,156.8,0,0.6,2,1,3,1
69,0,3,136.8,218.8,0,0,117.8,0,0.2,1,1,2,1
70,1,3,140.9,204.2,0,1,133.2,1,3.1,1,2,1,1
47,1,0,167.8,281.0,0,1,147.4,1,2.3,0,1,1,1
33,1,2,145.0,197.9,0,2,167.6,0,0.7,0,1,3,1
65,1,2,127.6,307.0,1,1,132.0,1,0.6,1,0,1,1
46,0,2,137.9,207.2,0,1,135.5,1,0.3,2,0,1,0
63,1,3,103.4,178.4,0,0,126.7,0,1.3,0,1,1,0
32,1,2,131.1,256.8,1,1,169.4,0,0.1,2,0,3,1
64,1,0,138.1,225.2,0,0,125.6,0,1.3,0,0,1,0
41,0,1,111.5,167.3,0,0,170.8,0,0.6,1,0,2,1
62,1,3,132.4,255.4,0,0,150.9,0,0.8,0,2,1,0
54,1,2,121.5,183.9,0,1,123.6,0,1.2,1,1,2,1
44,0,3,111.7,150.4,0,0,180.9,0,1.3,0,0,1,0
50,0,2,142.1,269.8,0,1,151.8,1,1.1,0,0,1,0
62,1,0,154.6,309.7,0,0,128.1,0,0.4,1,2,1,1
55,1,3,143.4,224.4,0,0,187.3,1,0.2,1,2,2,1
60,0,3,124.6,296.8,0,1,143.7,0,0.4,1,2,1,1
76,1,0,127.6,284.4,0,2,142.3,0,0.2,1,0,1,1
37,1,0,122.4,264.8,0,2,158.1,0,2.0,0,1,1,0
72,1,2,134.5,240.2,0,0,168.5,1,0.1,1,0,1,1
55,0,2,115.6,215.5,0,0,186.2,1,0.8,1,1,1,0
44,1,1,150.5,253.0,0,0,159.3,0,2.6,1,2,1,1
39,0,0,123.6,264.7,1,0,158.2,0,3.7,0,0,2,1
52,0,2,144.3,185.2,0,0,169.4,1,2.2,1,0,3,1
64,1,1,111.3,230.6,0,0,131.0,0,0.7,1,0,2,1
53,1,1,121.4,232.7,0,2,153.6,0,1.0,0,2,2,1
71,1,2,153.7,234.9,0,1,123.1,0,0.2,2,1,1,1
38,0,3,142.7,206.1,0,0,198.8,0,0.2,1,2,3,0
54,1,2,112.4,182.8,0,1,171.5,1,0.2,1,2,3,1
40,1,2,136.0,223.1,0,0,195.2,0,0.8,0,0,2,0
58,1,2,140.9,230.6,0,0,134.4,0,0.8,1,0,1,1
64,1,2,123.8,224.1,0,0,161.6,1,0.2,2,0,2,0
49,0,1,136.2,268.2,0,1,159.9,0,0.2,0,0,1,1
25,0,1,95.3,171.0,0,0,171.7,0,1.4,0,0,1,0
56,0,1,114.8,254.4,0,0,182.8,0,0.3,2,0,1,0
59,1,3,146.0,164.2,0,0,124.5,0,0.9,2,0,1,0
58,0,3,132.5,239.9,0,1,131.9,0,0.2,2,3,2,1
68,0,2,136.0,147.1,0,0,127.5,0,0.7,2,0,2,0
42,1,3,127.8,198.0,0,0,123.0,0,1.0,1,0,1,0
61,0,3,142.4,242.9,1,2,99.6,1,3.7,0,0,2,1
67,0,3,144.8,183.2,0,2,136.1,0,0.1,1,0,3,1
34,1,0,143.2,172.0,0,1,176.0,1,1.2,1,2,1,1
58,0,2,134.3,286.0,0,2,140.3,0,1.3,1,1,1,0
48,1,2,125.5,169.1,0,1,133.2,0,0.3,1,2,2,1
53,1,2,123.7,235.8,0,0,174.9,0,0.5,2,0,2,0
58,0,1,113.0,307.7,0,1,120.2,1,1.2,0,1,1,1
49,1,2,125.5,245.9,0,1,109.9,0,1.2,0,0,2,1
47,1,1,121.3,240.2,0,1,118.3,0,0.7,2,0,1,0
54,1,3,162.8,210.0,0,1,182.0,1,1.2,1,0,2,1
42,1,2,112.2,206.0,0,0,150.3,0,0.8,2,3,2,1
42,1,0,149.7,229.8,0,1,182.8,1,0.1,2,0,2,0
61,0,0,127.9,156.0,1,1,170.2,0,1.5,1,0,3,1
41,1,2,127.0,281.4,0,1,112.9,0,0.3,1,2,3,1
61,1,2,143.0,253.0,0,0,144.8,0,3.6,0,2,2,1
59,1,2,109.7,166.2,0,2,161.6,1,1.6,1,0,3,1
35,1,2,114.9,279.9,0,1,135.3,0,1.4,2,0,2,0
47,0,3,106.9,268.8,0,0,123.5,1,1.6,0,0,3,0
67,1,0,130.4,265.3,0,1,150.9,0,0.5,0,0,1,1
43,1,2,114.9,335.9,0,1,127.9,0,0.1,0,1,1,1
49,1,3,156.5,243.9,0,1,156.9,0,0.5,1,0,2,0
59,0,3,121.7,310.5,1,1,161.2,0,0.4,0,0,1,0
63,1,1,93.4,245.7,0,1,161.7,0,0.2,1,0,3,0
51,1,0,127.2,260.3,0,0,167.2,1,0.4,2,0,1,1
47,0,0,143.8,214.6,0,0,180.0,1,1.1,2,1,3,0
70,0,3,164.3,164.0,0,0,115.8,0,0.1,1,0,1,1
73,0,1,131.6,167.7,0,0,173.3,0,0.4,0,0,2,0
65,1,1,127.4,241.5,0,0,129.7,0,0.3,1,1,1,1
55,1,0,134.0,231.3,0,1,123.2,0,0.2,0,2,1,1
45,1,0,139.2,186.3,0,1,176.6,0,2.3,1,0,3,1
45,0,2,108.4,226.1,0,1,166.7,0,1.9,1,2,2,1
60,1,2,131.1,263.3,0,0,106.5,0,1.1,0,0,1,0
59,1,2,134.4,300.0,0,2,163.8,0,1.7,1,1,1,1
69,1,0,138.6,216.2,0,0,144.8,0,1.2,0,1,1,1
61,0,1,130.1,261.1,0,1,144.1,1,0.1,2,0,1,1
37,0,2,109.9,312.0,0,0,147.3,0,1.7,0,0,1,0
66,1,0,143.1,278.6,0,1,169.2,1,0.6,1,1,1,1
43,0,3,127.4,203.7,0,1,189.0,1,0.7,1,0,1,1
50,0,0,129.2,244.5,0,1,164.3,0,3.8,0,1,2,1
57,0,0,112.3,250.6,0,1,118.3,0,3.1,2,0,1,0
76,1,1,151.0,277.1,0,0,107.5,1,0.3,1,0,1,1
85,0,3,121.7,254.0,0,0,110.8,0,0.5,0,0,1,0
61,0,1,161.8,265.1,0,1,164.6,0,0.0,1,0,3,1
52,1,2,112.3,285.6,0,1,141.7,0,0.5,0,0,1,0
60,1,2,149.2,197.2,0,1,157.7,1,0.3,0,0,2,0
64,1,0,102.2,186.8,0,0,128.5,1,0.0,0,3,1,1
50,1,1,92.4,266.8,0,0,180.8,0,0.4,0,1,2,0
74,1,3,129.0,241.7,0,0,110.2,0,0.9,2,2,1,1
57,1,0,94.1,280.4,0,2,140.9,1,0.5,0,0,2,1
59,1,2,148.4,291.0,0,1,139.4,1,0.3,0,0,1,1
61,0,3,132.4,162.4,0,0,158.5,0,0.1,1,0,1,0
59,1,0,160.5,206.3,0,1,152.5,0,1.6,0,1,3,1
63,0,1,130.2,239.0,0,0,174.8,0,0.2,1,0,1,1
47,0,0,133.6,193.9,1,0,180.3,0,1.9,2,1,3,1
48,1,0,127.7,218.5,0,0,135.8,0,0.5,0,0,3,1
42,1,0,115.3,180.9,0,1,155.8,0,2.7,1,3,2,1
59,1,2,127.9,223.9,0,1,144.4,1,4.8,0,0,2,1
63,1,2,114.6,202.0,0,0,130.3,0,0.8,1,0,3,0
59,1,2,142.2,258.3,0,0,110.7,0,0.8,0,1,3,1
72,1,3,133.0,287.4,0,0,136.4,0,0.4,0,2,1,1
54,1,0,132.2,259.4,1,0,166.8,0,2.3,1,2,2,1
61,1,1,186.6,358.2,1,0,147.6,0,0.3,1,0,3,0
42,0,1,120.7,278.5,0,1,162.2,0,0.9,0,1,1,0
50,0,0,135.6,279.7,0,0,181.6,1,1.0,1,1,2,1
62,1,0,135.0,240.6,0,0,123.6,1,2.9,0,0,1,1
63,0,1,154.1,231.0,0,1,124.7,0,0.6,0,3,1,1
51,0,3,134.5,296.4,0,2,140.0,0,0.3,2,0,1,0
53,0,3,125.9,229.9,0,2,171.9,0,0.5,0,0,1,0
37,1,0,171.0,237.0,0,1,177.5,1,1.2,0,2,1,1
50,1,3,117.5,232.4,0,0,155.8,1,0.3,1,2,2,1
64,1,3,133.0,268.7,1,0,173.0,0,0.7,0,0,2,1
60,1,1,152.0,282.7,0,0,123.6,0,0.0,1,0,2,1
60,1,0,120.8,290.3,0,1,134.7,1,0.9,1,0,1,1
55,1,3,148.0,228.4,0,1,155.0,0,0.7,1,0,1,0
54,1,2,125.4,249.4,0,0,143.1,1,0.6,1,1,3,0
47,1,3,150.3,253.5,0,0,170.4,0,0.3,0,2,3,0
62,1,1,153.6,308.6,0,0,180.8,1,1.2,1,0,2,1
59,0,1,130.6,164.6,0,1,142.6,0,2.3,1,0,1,0
59,0,1,114.2,243.7,0,0,153.6,0,0.4,1,0,1,0
48,1,3,125.5,211.0,0,0,171.6,1,4.4,0,0,1,1
30,1,1,127.7,209.6,0,0,178.8,1,0.1,1,0,2,1
66,1,0,153.0,208.2,0,2,179.4,1,0.3,1,1,2,1
49,1,2,138.5,263.4,0,1,159.8,0,0.3,1,1,1,1
45,0,1,138.4,130.4,0,1,154.2,0,1.1,1,0,1,0
62,0,1,139.3,238.1,0,0,121.4,0,0.1,1,0,3,1
50,1,2,148.2,159.9,0,2,157.7,0,0.9,1,1,3,0
66,0,1,130.4,215.1,0,0,120.2,0,2.7,0,1,1,0
61,1,1,138.7,234.4,0,1,122.3,1,2.6,1,0,3,1
62,1,0,136.5,226.4,0,1,151.9,0,4.7,0,0,1,1
39,1,2,122.4,266.1,1,0,149.3,1,1.8,0,1,1,1
67,0,0,152.5,300.9,0,0,86.6,0,0.3,1,2,2,1
57,1,0,152.6,328.6,0,0,196.9,0,0.2,0,2,1,1
50,1,2,154.7,239.7,0,0,118.0,0,0.1,0,0,2,0
56,1,1,120.8,293.2,0,1,140.8,0,0.4,1,0,1,1
34,1,0,135.3,298.8,0,1,133.5,0,2.9,0,0,3,1
58,1,2,154.7,221.8,1,0,139.6,0,0.8,0,0,2,0
43,0,0,155.3,291.8,0,0,144.5,0,0.4,1,1,2,0
39,1,1,103.1,140.4,0,0,141.8,0,0.0,0,2,2,0
37,1,2,129.7,248.5,0,0,155.7,0,0.9,1,3,3,1
66,0,2,130.6,316.2,0,0,117.0,1,3.4,0,0,2,1
47,0,2,157.9,243.3,0,1,163.6,0,5.4,0,0,1,0
71,0,1,95.5,239.0,0,2,147.0,0,0.8,1,0,1,1
48,1,1,113.6,230.7,0,0,152.6,1,1.8,1,1,3,1
35,1,2,155.0,299.4,0,1,170.9,0,0.1,1,1,1,1
42,0,0,119.5,167.2,1,0,177.5,0,4.7,1,1,3,1
68,1,0,114.1,229.1,0,2,108.3,0,0.8,0,1,2,1
52,1,2,160.7,277.8,0,0,184.2,0,0.5,1,2,1,0
48,0,1,103.7,253.3,0,0,188.0,0,0.5,0,1,1,0
56,0,2,149.9,294.3,0,0,165.3,1,1.7,2,1,1,1
60,0,1,104.4,273.5,0,0,136.8,1,2.7,0,2,2,1
66,1,1,111.0,224.8,0,0,187.2,0,3.6,0,0,1,0
70,0,3,138.6,272.6,0,0,162.6,0,0.9,0,0,1,0
50,1,1,117.7,181.9,0,1,117.1,0,0.8,0,0,2,1
39,1,2,135.2,147.4,0,1,148.3,0,0.4,1,0,1,0
49,1,0,165.2,212.7,0,0,163.9,1,1.2,1,0,1,0
57,0,0,129.0,246.0,0,0,117.9,0,0.2,0,2,1,1
43,1,0,160.6,201.8,0,0,178.5,0,4.7,0,0,2,1
43,1,1,137.1,245.2,0,2,149.9,0,2.2,0,0,2,1
58,0,3,149.2,245.4,0,1,123.5,1,1.0,0,3,1,1
53,0,3,90.0,159.2,0,0,144.3,0,0.6,0,2,2,0
54,1,2,145.5,217.7,0,0,135.4,0,1.9,1,2,1,0
46,1,3,140.7,280.0,0,1,114.5,0,0.9,0,3,1,1
51,0,2,123.8,261.8,1,2,148.5,1,2.3,1,0,3,1
44,1,1,165.6,207.3,0,1,144.4,0,0.5,0,0,1,0
64,1,0,127.6,272.1,0,0,144.1,0,1.9,1,0,1,0
65,1,2,107.8,322.5,0,1,117.2,0,0.0,0,1,1,0
34,0,0,140.1,215.7,0,0,163.1,0,0.2,1,0,1,0
44,1,1,105.9,270.5,0,0,205.0,0,1.5,1,0,3,0
38,0,3,128.4,261.5,0,0,129.7,0,1.5,0,0,1,0
47,1,0,156.4,217.9,0,2,153.2,1,0.6,1,0,1,1
53,1,0,142.7,191.2,0,0,155.2,1,0.2,0,0,2,1
38,1,0,125.5,308.4,0,0,158.7,1,0.1,2,1,1,1
44,1,2,125.2,285.8,0,0,153.1,0,0.4,2,0,1,0
43,0,1,151.0,225.3,0,0,155.9,1,1.0,2,3,1,1
56,1,2,112.5,295.5,0,2,136.9,1,0.5,1,1,2,0
55,0,1,145.2,266.2,0,1,184.0,0,2.0,1,0,2,0
46,1,2,171.5,291.7,0,0,161.5,0,0.1,2,1,1,0
56,0,1,141.3,163.2,0,1,132.7,1,0.3,0,0,1,1
48,1,3,128.2,221.3,0,1,177.8,1,1.3,1,0,1,0
51,1,1,130.4,309.6,0,0,133.5,0,1.1,1,0,1,0
72,1,2,129.9,364.4,0,2,111.8,0,0.6,1,1,1,1
69,0,2,123.0,229.5,0,0,129.3,1,2.6,1,0,1,1
40,1,1,132.6,218.6,1,1,187.6,1,0.0,2,1,3,1
63,0,0,145.5,274.6,0,1,117.6,0,0.1,0,0,1,1
63,1,2,165.2,259.7,1,1,135.9,1,0.0,0,0,1,1
41,1,2,95.5,260.3,0,1,142.5,0,0.9,2,0,1,1
63,1,1,92.3,149.4,0,0,161.0,0,0.1,0,0,2,1
71,1,0,167.6,236.8,0,1,113.7,0,1.9,1,0,2,1
42,0,0,129.0,272.6,0,1,168.7,1,0.8,1,0,2,1
44,1,1,133.5,134.3,0,0,124.3,0,0.2,0,2,2,0
65,0,0,142.8,174.1,0,1,165.0,0,1.1,0,1,1,0
57,1,3,131.4,164.4,0,0,158.1,0,1.2,1,1,3,1
60,1,0,171.1,272.1,0,1,160.1,0,2.8,0,1,1,1
58,1,1,143.9,201.9,1,0,149.2,0,0.2,1,0,1,1
58,1,2,126.9,190.0,0,0,121.7,0,0.3,1,0,1,1
39,0,2,120.8,238.6,0,2,174.1,0,0.1,2,1,1,1
66,1,1,134.4,191.0,0,0,153.3,0,1.3,0,2,1,1
67,0,0,120.3,265.8,0,1,123.0,0,3.9,0,0,1,0
51,1,1,163.7,346.6,0,0,122.2,0,0.2,0,0,1,0
54,1,1,136.2,225.2,0,0,149.1,1,2.3,1,0,1,1
37,0,1,105.7,150.0,0,0,161.1,0,1.5,1,2,2,0
60,1,1,142.8,223.6,0,0,160.1,0,0.2,0,0,1,0
60,0,0,158.4,265.1,0,1,130.2,0,1.1,1,3,3,1
53,1,3,152.8,258.2,0,0,156.7,1,0.1,1,2,2,1
66,0,0,120.3,282.5,0,2,162.0,1,0.5,1,0,1,1
50,1,1,113.0,213.9,0,1,104.3,1,1.5,0,0,2,1
60,1,3,161.2,231.2,0,0,92.8,0,2.8,0,0,2,1
43,0,2,99.0,129.7,1,0,158.1,1,1.3,0,2,2,1
54,1,1,140.7,268.4,0,2,153.9,1,0.3,1,1,1,1
52,1,0,123.3,183.1,0,1,134.9,0,1.5,0,0,1,0
56,0,3,155.1,250.9,0,1,113.9,1,0.9,0,0,1,1
50,1,0,114.0,201.7,0,0,190.1,0,0.6,1,1,1,0
53,0,2,116.4,237.2,0,1,149.7,0,0.2,1,0,2,0
63,0,3,144.4,286.7,0,2,144.7,1,1.3,1,2,3,0
49,1,0,147.1,220.4,0,1,139.6,1,0.6,0,1,1,1
36,1,2,154.0,202.6,1,1,155.1,1,0.3,0,0,1,1
73,1,3,147.3,248.2,0,1,130.2,1,0.2,0,0,3,1
69,1,2,144.0,218.4,0,0,168.8,1,1.0,0,3,1,1
40,1,1,149.4,195.1,0,0,205.0,0,0.9,1,0,1,0
62,1,3,111.3,326.3,0,1,125.4,0,3.8,1,0,1,1
48,0,2,113.7,157.7,0,0,175.2,1,1.3,1,0,3,1
57,0,2,108.6,271.2,1,0,181.3,0,0.7,1,0,1,0
57,1,2,90.0,236.5,0,1,127.6,0,0.4,0,0,1,0
51,1,0,148.4,204.0,0,0,137.0,1,1.3,1,2,1,0
45,0,0,154.5,253.5,0,0,126.7,0,0.4,0,0,1,0
46,0,0,139.0,240.1,0,1,139.4,0,0.3,1,0,2,0
44,1,0,138.3,296.0,0,0,134.5,1,1.6,0,0,1,0
45,0,0,130.3,188.3,1,1,148.2,0,0.3,0,0,1,0
53,1,1,134.7,218.3,0,0,120.1,1,0.2,1,0,1,0
46,1,0,162.5,283.1,0,0,165.6,0,0.2,1,0,1,1
62,1,3,163.9,235.2,0,0,161.3,0,0.8,1,0,1,0
70,0,2,124.5,271.1,0,0,128.5,0,1.6,0,0,1,0
48,1,2,152.5,292.8,0,0,127.7,1,0.3,0,0,2,1
57,0,1,153.9,267.2,0,0,150.3,0,0.9,1,0,1,1
59,1,1,147.0,216.3,0,1,150.6,1,0.0,0,1,1,0
59,1,1,142.2,227.7,0,2,129.0,0,0.6,1,0,1,1
55,1,2,140.6,295.6,0,0,137.8,1,0.1,1,0,1,1
62,1,2,109.3,251.0,0,1,132.6,1,4.0,1,0,1,1
59,0,0,104.0,234.2,0,1,162.1,0,0.6,0,0,1,0
40,1,2,144.6,253.4,0,1,160.3,0,0.2,1,0,3,0
64,1,2,116.7,188.4,0,1,101.4,1,1.4,2,0,1,1
64,0,2,108.5,234.5,0,0,194.1,0,0.2,1,1,3,0
46,0,0,91.6,235.1,0,1,142.9,0,0.0,1,0,2,1
54,1,2,125.4,237.2,1,0,164.2,1,0.5,1,0,2,1
62,1,2,142.7,226.9,0,1,144.2,0,1.0,1,0,1,1
52,1,1,141.7,227.1,1,0,137.7,0,0.3,1,0,1,0
66,1,1,152.3,240.6,1,1,161.4,0,0.6,0,1,1,1
80,1,0,133.5,314.8,1,0,171.7,0,0.3,0,1,1,1
45,1,0,133.7,141.3,0,1,128.4,0,2.2,0,0,1,1
39,1,0,145.5,266.9,1,0,139.4,0,0.3,0,1,2,1
57,0,1,140.1,238.6,0,2,179.8,1,0.1,2,0,3,1
62,1,1,125.5,241.5,0,1,188.3,0,0.5,1,0,1,1
51,0,1,135.6,222.5,0,0,157.6,1,0.4,0,0,3,0
70,1,0,102.3,269.1,0,1,167.7,0,0.9,1,0,3,0
39,1,2,130.3,278.0,0,0,146.2,1,1.3,0,0,1,0
62,1,2,124.9,160.8,0,0,106.1,0,1.9,0,0,1,0
47,0,1,156.6,331.1,0,0,150.3,0,1.0,1,1,3,1
73,0,1,118.2,254.4,0,0,167.6,1,4.7,1,0,2,1
76,1,3,141.6,253.9,0,1,118.5,0,0.9,0,0,2,1
46,1,2,124.3,177.3,0,0,188.1,0,0.0,1,2,1,0
48,1,1,122.5,214.2,0,1,178.7,0,0.2,1,0,1,0
63,1,2,143.0,304.3,0,0,146.0,0,0.4,1,1,1,0
50,0,1,122.5,243.0,0,0,205.0,1,0.4,2,0,2,0
54,0,2,164.3,259.7,0,1,144.2,0,0.4,0,0,2,1
54,0,3,95.5,221.1,0,2,119.0,0,1.1,2,0,3,1
33,0,1,137.1,320.8,0,2,153.0,1,0.3,0,0,2,0
54,1,3,132.5,234.7,0,0,155.9,0,0.4,0,2,2,0
46,0,1,128.1,288.3,0,0,137.7,1,2.4,1,2,2,1
49,0,2,135.2,233.0,0,2,135.5,0,2.9,1,0,1,1
70,1,1,156.0,262.3,0,0,148.6,0,0.0,1,2,3,1
40,1,2,135.3,252.0,0,0,174.8,1,0.6,1,0,3,0
63,1,0,154.3,285.2,0,1,148.7,0,0.5,1,0,1,1
51,1,2,134.1,272.9,0,0,148.5,1,0.7,1,3,3,1
51,0,2,111.6,219.5,1,0,136.9,0,3.2,2,1,3,1
63,1,1,134.6,295.5,0,1,126.5,0,1.3,1,0,2,0
58,0,0,152.8,199.2,0,1,139.5,0,3.1,1,0,1,1
60,1,1,128.1,191.4,0,1,116.4,0,0.4,0,0,2,1
65,1,2,117.3,232.4,0,1,127.9,0,0.2,0,0,2,0
50,1,3,144.2,257.3,0,1,156.8,1,1.1,2,1,2,1
47,1,1,138.3,194.0,0,0,126.4,0,0.8,1,0,1,0
42,1,2,117.1,233.8,0,0,109.3,0,1.9,2,1,3,0
45,1,0,127.6,177.3,0,0,142.8,0,2.1,0,1,2,0
85,0,1,135.5,240.4,0,0,102.7,0,0.5,1,0,1,1
68,1,1,137.6,289.1,0,1,127.5,1,1.9,1,2,1,1
39,0,2,138.9,199.0,0,0,175.3,0,0.4,0,0,1,0
39,1,3,123.0,182.4,0,1,175.1,0,0.2,1,0,3,0
59,0,2,144.8,259.8,0,1,143.4,1,0.6,0,0,1,1
60,0,0,122.9,208.8,1,0,156.7,0,1.8,1,1,3,1
60,1,2,165.5,350.1,0,2,187.3,1,0.6,1,0,1,1
51,0,0,160.6,248.8,0,2,143.8,0,0.6,1,0,1,1
53,1,1,118.3,286.1,1,1,126.9,1,0.1,1,0,1,1
58,0,0,109.9,185.0,1,1,159.9,0,0.1,0,0,1,0
55,1,1,151.9,261.9,0,0,135.9,1,0.6,2,0,3,1
30,1,2,132.6,188.7,0,2,138.1,0,0.7,1,0,2,0
51,1,1,143.2,232.5,0,1,143.9,1,0.1,1,1,1,1
45,1,3,120.0,205.2,0,0,161.7,1,0.1,1,0,2,0
56,0,0,129.1,287.8,0,0,154.4,0,0.9,1,0,2,1
85,1,1,135.5,266.4,0,1,98.5,0,0.8,1,1,1,1
58,0,1,137.5,248.0,0,0,154.7,0,1.3,1,3,3,1
51,1,0,110.8,300.2,0,1,117.3,0,1.2,2,2,1,1
64,1,3,134.7,245.6,1,0,113.2,1,0.3,0,0,3,1
59,1,1,112.6,288.5,1,1,174.1,0,1.1,1,1,1,1
59,0,3,123.0,322.4,0,1,106.7,0,0.8,0,0,1,1
61,0,1,131.0,250.0,0,0,90.5,0,0.0,0,0,2,1
77,0,0,145.9,260.9,0,0,143.5,1,0.5,0,1,3,0
42,1,0,141.6,279.2,0,1,141.6,0,1.2,2,0,3,1
59,0,3,145.9,306.4,0,0,136.0,0,2.4,1,0,1,1
44,1,0,104.8,243.5,1,0,186.3,0,0.1,0,0,1,0
60,0,3,155.3,215.5,0,0,167.5,1,0.2,1,0,1,0
44,0,1,116.9,276.0,0,0,174.2,0,1.4,1,0,1,1
49,1,1,122.5,264.8,0,0,151.2,0,0.1,0,2,1,0
51,0,2,135.1,278.1,0,0,160.7,0,0.0,1,0,3,0
65,1,0,130.7,276.0,0,1,130.3,0,0.4,0,1,1,0
64,1,0,143.0,254.0,0,0,128.2,1,0.4,0,3,2,0
40,0,3,137.4,248.1,0,0,155.9,0,0.7,0,0,2,1
55,1,1,120.5,272.6,0,1,160.4,0,0.3,0,0,2,1
46,1,2,128.7,174.8,0,1,186.5,1,0.0,2,0,1,0
40,0,0,124.7,295.0,0,0,179.6,0,2.5,1,1,1,0
52,0,0,147.7,260.5,0,2,163.6,0,3.8,1,0,3,1
51,1,1,124.9,203.1,1,0,146.9,0,4.9,1,1,1,1
81,0,2,128.6,259.0,0,0,125.6,1,3.5,1,0,2,1
59,1,2,116.9,301.2,1,1,149.6,0,1.7,1,1,3,1
39,1,2,113.9,248.9,0,1,160.5,0,0.9,1,0,1,0
48,0,2,105.2,207.1,0,1,127.7,0,0.7,0,0,1,0
65,1,0,124.1,189.2,0,1,132.7,0,0.1,0,0,3,1
77,1,0,168.4,357.9,1,1,134.4,0,2.1,0,2,1,1
37,1,0,142.2,158.9,0,1,172.0,0,0.3,1,2,1,0
33,1,2,151.7,248.9,0,0,158.8,0,1.4,0,2,1,1
75,1,2,122.1,222.9,0,1,177.3,0,1.2,1,1,1,0
58,0,0,96.9,288.7,0,1,131.8,0,1.4,0,0,3,1
44,1,0,137.2,184.4,1,0,159.0,0,0.1,1,0,1,1
60,1,2,168.9,314.3,0,2,141.3,0,0.6,1,0,1,0
25,1,3,118.0,225.7,0,1,174.1,1,1.2,1,0,1,0
54,1,2,135.8,231.7,1,2,147.8,0,0.0,0,2,1,0
58,1,0,106.7,229.0,0,0,138.4,1,0.5,2,1,1,1
64,1,2,137.0,218.8,0,0,153.8,1,0.4,1,3,1,1
43,1,2,129.0,221.3,1,0,136.2,1,1.6,0,0,1,0
55,1,1,96.6,273.4,0,1,118.1,0,0.7,0,0,1,1
44,1,2,112.8,162.1,0,1,174.7,0,0.8,0,1,1,1
57,0,1,111.6,209.5,1,0,146.3,1,0.1,1,2,1,1
44,1,0,103.1,303.7,0,1,186.7,0,0.2,0,1,1,0
50,0,3,117.0,236.0,0,1,150.2,0,1.4,0,0,3,0
43,0,3,137.4,212.4,0,1,122.3,0,0.7,0,0,2,1
61,0,1,121.4,187.8,0,1,152.7,1,0.2,0,0,1,0
63,1,0,156.9,193.1,0,0,102.8,0,0.0,1,1,1,0
51,1,2,126.7,283.6,0,0,114.0,1,0.4,1,0,2,1
54,1,1,139.9,205.2,0,2,148.1,0,0.4,0,2,2,1
38,0,0,136.0,271.2,0,1,161.7,0,0.5,0,1,2,1
51,1,1,160.9,197.2,0,0,152.3,0,0.0,2,1,2,1
53,0,2,117.9,235.5,0,0,131.5,0,2.5,0,0,1,1
83,0,0,146.2,248.5,0,1,112.7,1,0.5,0,0,3,1
42,1,2,114.0,204.0,0,2,205.0,0,1.3,0,0,2,0
70,1,0,169.0,250.4,0,1,113.2,0,0.2,0,1,1,1
65,0,3,115.0,152.2,1,0,123.3,0,0.0,0,1,1,1
57,1,3,141.7,238.6,1,0,177.7,0,1.3,0,0,1,1
73,1,2,166.8,267.6,0,1,118.5,1,2.3,1,0,2,1
58,0,1,110.5,206.1,0,0,139.5,1,0.8,1,0,1,0
58,0,1,142.7,252.2,0,1,146.1,0,0.2,0,0,1,1
53,1,2,115.9,247.8,1,0,140.6,0,1.2,1,0,1,0
67,0,3,176.2,254.5,1,0,165.1,1,2.9,1,0,1,1
66,1,0,103.0,186.4,0,1,162.7,0,3.4,1,3,1,1
47,1,1,104.9,243.1,1,0,168.9,1,0.7,2,0,1,1
39,1,1,110.1,160.4,0,2,188.6,1,1.9,1,1,1,0
52,1,1,113.9,213.0,0,0,146.2,1,1.4,2,2,3,0
45,1,1,141.1,238.1,0,0,180.9,0,0.5,0,0,3,0
53,0,3,163.1,250.2,0,0,158.5,1,0.5,1,3,3,1
68,1,1,158.3,193.1,0,0,119.2,0,0.5,1,0,1,1
49,1,1,137.0,227.1,0,0,161.5,0,0.0,0,0,1,0
54,0,3,131.2,276.4,0,1,138.0,0,1.1,0,0,3,0
55,1,1,123.3,198.6,1,1,113.8,0,0.8,0,0,2,1
63,0,3,140.3,149.8,0,2,109.0,0,1.4,0,2,1,0
29,0,0,121.0,256.0,0,1,141.4,0,0.4,0,0,2,0
47,1,3,135.7,197.5,0,1,186.2,0,0.1,2,0,3,0
56,1,0,121.2,214.0,1,1,86.5,1,0.8,0,0,2,1
67,1,3,115.6,251.7,0,0,134.0,1,1.7,1,0,2,1
49,0,0,130.2,243.0,0,1,162.6,0,1.8,0,1,1,1
33,1,1,128.8,279.0,0,0,157.0,0,1.6,1,0,1,1
61,0,1,122.0,233.2,0,0,135.8,0,0.8,1,0,1,0
47,1,1,118.5,242.0,0,0,134.0,0,1.3,2,1,2,1
41,1,1,140.8,162.4,0,1,187.9,0,0.1,0,0,1,0
47,1,3,140.4,266.6,0,0,141.9,1,0.2,0,0,2,1
52,1,1,167.3,210.3,0,1,121.8,1,3.6,1,2,1,1
47,1,2,157.1,381.1,0,0,140.9,1,0.5,1,0,2,1
30,1,0,106.5,223.6,0,1,167.9,1,0.5,0,0,2,0
64,1,3,133.1,263.6,0,1,124.7,0,0.1,0,1,2,1
68,1,2,112.9,274.4,0,0,148.3,0,0.6,1,2,3,0
61,1,3,102.6,239.9,0,1,142.5,0,1.1,1,0,2,0
41,1,1,170.3,256.1,0,1,163.5,0,1.3,1,0,1,1
52,1,0,160.1,339.9,0,1,179.7,0,0.5,1,0,2,0
54,0,1,119.7,208.2,0,1,108.3,1,3.1,1,0,2,1
61,0,2,155.1,145.1,0,0,134.2,0,0.6,0,2,1,1
61,1,2,160.8,186.5,0,1,123.9,1,0.7,0,0,3,1
46,1,2,97.4,282.5,0,1,136.5,0,1.1,0,1,3,1
55,1,0,149.6,220.7,0,1,149.7,0,0.1,2,3,1,1
59,0,2,123.4,345.8,0,0,144.2,1,1.1,1,0,2,1
70,1,3,144.9,279.0,0,1,100.7,0,0.5,2,0,1,1
62,1,0,190.2,215.5,0,1,116.3,1,0.0,0,0,2,1
63,1,0,164.8,210.3,1,0,166.6,0,1.5,1,1,3,1
55,0,2,128.9,222.1,0,1,116.9,1,2.8,1,1,2,1
70,1,1,163.6,156.2,0,0,153.1,0,0.9,2,0,2,1
59,1,2,100.7,255.4,0,0,102.1,1,0.5,1,0,1,1
45,0,2,137.8,268.8,1,1,117.2,0,1.2,1,1,2,1
69,1,3,147.2,204.1,0,1,149.9,1,2.4,1,2,1,1
62,0,3,145.7,175.9,0,0,175.7,0,0.4,2,0,2,0
49,0,2,120.6,199.6,0,1,171.8,0,0.8,0,1,3,0
49,1,1,139.6,283.5,0,2,139.1,0,0.3,0,0,3,1
57,0,1,147.2,277.8,0,0,129.3,0,1.0,0,0,1,0
59,0,3,90.4,252.6,1,0,154.0,1,1.6,1,1,1,1
56,1,2,128.8,314.3,0,2,110.5,0,0.2,0,1,3,1
57,1,2,118.5,168.1,0,2,155.5,1,0.8,1,1,1,0
73,1,1,150.7,238.9,0,0,123.9,0,0.2,2,0,1,1
66,0,0,158.8,270.2,0,1,176.1,1,0.6,0,3,1,1
56,1,1,123.5,276.8,0,0,152.9,1,1.1,1,1,1,1
64,1,0,116.9,280.3,0,0,137.8,1,0.0,0,0,1,1
43,1,2,133.4,269.4,0,0,159.2,0,1.4,0,1,1,0
58,1,2,114.2,300.9,0,1,137.3,0,0.4,1,1,1,0
74,1,0,134.9,281.9,0,0,146.5,0,0.8,0,0,2,1
52,1,2,127.5,189.9,0,1,129.4,0,0.6,0,0,2,1
45,1,3,142.2,218.2,0,1,176.6,0,1.5,1,1,2,1
47,0,2,134.9,164.4,1,0,143.8,0,1.4,2,0,1,0
42,0,2,130.9,281.0,0,1,173.1,0,0.0,1,2,2,0
45,0,1,158.2,290.8,0,0,169.8,0,0.2,2,0,1,0
50,0,3,134.9,186.3,0,0,153.3,0,0.3,1,3,3,1
39,0,1,119.7,219.4,0,1,171.8,0,0.7,1,0,2,0
54,1,3,128.7,164.2,0,1,137.8,0,0.4,2,1,1,0
64,0,2,119.7,239.6,1,1,155.8,1,0.1,0,0,2,0
44,1,2,113.2,201.5,1,0,118.3,0,0.1,0,0,3,1
71,1,3,113.2,196.0,1,1,114.2,1,0.5,0,2,1,1
60,0,2,152.9,242.4,0,1,140.0,1,0.5,0,0,1,0
65,1,0,123.8,328.1,0,0,99.4,1,1.1,1,0,2,1
47,0,0,134.9,273.9,1,0,153.7,1,0.2,0,1,3,1
63,1,0,130.9,233.5,0,1,188.9,1,0.5,0,0,1,0
42,1,0,130.5,235.1,0,1,139.1,0,0.4,1,3,1,1
64,0,0,154.3,327.5,0,0,142.6,1,0.7,0,0,1,1
56,1,2,137.7,297.5,0,1,125.3,0,1.7,1,0,1,0
60,1,0,118.9,229.8,0,0,167.8,0,0.4,0,0,1,0
41,0,1,117.6,258.9,0,2,150.5,0,5.1,1,0,2,1
44,1,3,147.0,194.0,0,1,153.3,0,2.9,1,0,1,0
61,1,2,144.4,244.9,0,2,138.8,0,0.3,2,2,1,1
44,0,3,145.1,271.5,0,2,147.9,1,0.7,1,2,2,0
59,1,0,131.0,288.0,0,1,117.5,1,2.4,0,2,2,1
39,0,2,102.1,208.0,1,0,160.6,1,1.3,2,0,1,0
63,1,1,145.4,288.6,0,1,136.5,0,2.1,0,2,1,1
40,0,1,132.1,243.0,0,0,123.3,0,1.6,1,0,2,1
60,1,2,140.5,230.8,0,0,103.5,0,1.0,0,0,1,1
61,1,0,110.9,327.9,1,0,139.7,0,1.1,2,3,1,1
46,0,0,117.5,222.7,0,1,145.7,0,0.3,1,0,1,0
60,0,2,115.6,194.7,0,1,115.0,0,0.2,2,0,1,0
57,0,2,138.9,212.9,0,1,164.0,0,0.8,0,2,2,0
48,1,2,140.3,271.2,0,0,139.7,0,0.1,1,0,1,1
43,0,1,127.5,194.1,0,0,166.5,0,0.3,1,0,1,0
32,1,1,145.9,270.2,0,0,142.3,0,0.9,1,1,1,1
58,1,0,161.8,205.2,0,0,136.9,0,0.1,0,0,3,0
37,1,3,136.1,232.1,0,0,144.5,1,1.0,1,1,1,0
55,0,3,143.3,339.0,0,0,138.6,1,0.8,1,3,2,1
51,1,0,123.5,201.5,0,1,154.3,1,0.1,0,3,2,1
61,1,0,122.7,155.0,0,0,137.4,0,0.7,0,0,3,1
51,1,2,151.4,300.5,0,2,163.1,0,1.2,0,1,1,0
50,1,0,117.3,178.4,1,1,124.5,1,0.8,2,1,1,1
62,1,3,148.5,208.5,0,1,126.8,0,2.2,0,2,2,1
58,1,2,166.0,274.9,0,0,152.7,1,3.0,1,2,1,1
57,1,1,146.5,272.8,0,1,165.6,0,0.5,1,0,1,0
59,0,0,130.8,138.7,0,1,146.5,0,0.3,0,0,3,1
37,1,2,105.6,220.4,0,1,174.2,0,0.5,1,0,1,0
62,1,1,138.9,281.7,0,0,123.2,0,0.6,0,0,1,0
61,0,2,150.9,333.1,0,1,132.7,0,0.2,0,1,2,0
43,1,1,128.0,183.0,0,0,166.8,0,1.4,0,0,2,0
51,1,0,151.6,287.3,0,1,141.4,0,2.5,1,0,2,1
54,1,2,140.6,212.3,0,0,137.5,1,0.6,1,1,1,0
53,0,1,136.0,286.9,0,0,139.8,0,0.1,1,0,1,1
58,0,0,126.3,197.0,1,1,118.6,0,4.2,1,0,1,1
70,0,0,108.8,236.9,0,0,114.9,0,0.4,1,0,1,1
66,0,2,126.3,262.6,0,0,125.2,1,0.2,1,1,1,1
40,1,2,122.7,278.5,0,0,187.4,1,0.5,0,0,1,0
61,1,1,146.1,268.9,1,0,134.1,0,0.6,2,0,2,1
69,0,2,134.5,227.8,0,0,130.8,1,0.4,0,0,1,1
58,1,0,154.5,220.7,1,2,159.8,0,0.6,0,1,1,1
66,1,1,142.1,323.9,1,0,140.3,0,2.6,2,3,3,1
76,0,2,127.4,261.3,1,0,123.8,0,1.0,0,0,2,0
65,1,2,122.1,224.3,1,1,139.1,1,0.4,0,2,2,1
57,0,1,120.9,266.1,0,0,125.8,1,0.0,1,2,2,1
65,1,0,139.6,272.7,0,0,114.6,1,0.9,1,1,1,1
56,1,0,127.8,182.5,0,0,167.6,0,0.5,0,0,1,0
54,1,3,114.6,262.8,0,0,154.5,1,0.6,0,1,1,0
50,0,0,148.1,173.7,0,1,107.4,1,2.1,1,0,1,1
71,1,0,141.0,219.0,0,0,155.0,0,0.6,1,1,2,1
45,0,0,133.7,194.9,0,1,148.4,0,0.2,1,0,1,1
71,1,1,123.4,241.7,0,0,131.6,0,0.8,1,2,1,1
59,1,2,116.5,223.9,0,0,164.9,0,1.2,1,0,2,0
39,1,1,127.3,227.3,0,0,135.0,0,0.4,1,3,1,0
58,1,2,98.5,159.4,0,0,146.4,0,0.3,2,0,2,0
31,1,0,142.3,230.0,0,1,192.9,0,0.5,1,0,1,0
61,1,1,123.1,195.4,0,0,136.9,0,0.5,0,1,1,0
64,0,0,128.7,345.4,1,1,132.3,0,0.2,1,0,1,1
47,1,0,139.9,221.4,0,1,188.0,1,1.0,0,2,1,1
55,1,1,130.2,230.4,0,0,135.0,0,1.5,0,2,1,0
75,1,2,118.2,279.3,0,1,150.2,1,1.0,0,1,1,1
48,1,2,159.6,297.5,0,1,123.0,1,0.7,1,0,1,0
42,1,1,103.4,185.4,0,0,172.3,0,0.9,0,3,1,0
70,0,0,94.7,272.2,0,1,125.8,0,0.7,1,0,3,1
76,1,1,155.2,291.6,1,0,154.5,0,0.6,1,2,1,1
54,0,2,104.7,249.5,0,0,135.5,1,0.0,1,0,1,0
65,0,3,156.3,252.5,0,1,152.5,0,0.8,1,0,1,0
69,1,3,144.5,224.1,0,1,96.2,1,0.1,0,0,3,1
46,1,2,137.1,224.4,0,1,150.0,0,0.8,1,0,3,0
49,1,1,122.5,234.9,1,1,152.3,0,0.7,1,0,2,1
68,1,2,122.6,227.6,0,1,117.5,0,1.9,0,0,1,0
73,0,1,129.0,287.1,0,1,137.0,1,0.5,1,0,1,1
60,0,2,116.7,205.1,0,0,202.8,1,3.1,2,1,2,1
44,1,1,153.2,275.5,0,0,131.2,1,0.6,2,1,1,1
76,1,1,126.1,307.5,0,0,144.4,0,3.0,1,1,2,1
48,1,0,141.6,255.6,0,0,138.2,1,0.2,0,0,3,0
50,1,1,151.1,161.3,0,0,176.5,0,2.1,1,0,1,0
58,1,2,119.1,269.7,0,0,151.0,1,1.5,1,0,3,0
71,1,2,145.0,219.0,0,0,126.4,0,0.3,1,0,3,1
63,0,2,117.2,221.3,0,0,145.0,0,5.6,2,0,1,1
59,1,3,132.1,259.1,1,1,181.8,1,0.3,1,0,1,0
59,1,0,127.0,291.8,0,0,134.1,0,0.7,0,0,1,0
54,1,1,121.5,168.3,0,1,167.2,1,1.3,0,0,1,0
60,1,2,138.3,246.0,1,0,120.4,1,0.0,0,0,1,1
26,1,2,105.1,319.2,1,0,173.5,0,0.4,0,1,1,0
51,1,1,150.0,192.0,0,0,147.3,0,0.8,1,0,1,1
57,0,0,112.3,233.6,0,0,172.0,0,0.9,0,2,3,1
41,1,1,107.9,209.7,0,0,154.2,0,1.4,0,1,1,1
58,0,3,127.5,273.7,0,1,173.2,0,0.8,0,0,1,0
52,0,3,123.8,185.7,0,1,131.1,1,4.6,1,2,1,1
73,0,1,142.2,178.9,0,0,109.8,0,1.1,1,0,2,1
71,0,3,136.8,284.0,0,0,116.2,0,1.0,1,0,3,1
49,1,0,103.5,250.2,1,1,160.9,1,0.6,1,1,1,1
52,1,1,151.3,188.5,1,1,125.0,1,0.6,0,1,1,1
53,0,2,125.8,238.0,0,2,99.2,1,0.7,0,0,1,0
49,1,0,137.1,183.2,0,0,143.1,0,3.2,1,1,1,1
56,0,0,171.1,282.7,0,0,149.9,0,0.9,1,1,1,1
46,1,3,155.2,250.8,1,1,142.5,0,0.1,1,2,1,0
42,0,2,131.8,205.8,0,0,129.9,0,1.1,0,0,1,0
61,0,3,108.0,218.3,1,1,169.1,1,0.2,0,1,2,1
61,0,0,108.3,223.6,0,0,161.2,0,0.5,1,0,2,1
45,1,1,152.7,190.9,0,1,160.5,0,0.1,0,1,1,0
64,1,1,129.3,303.9,0,0,170.2,0,0.2,1,0,2,1
47,0,3,126.2,290.1,1,0,132.0,0,1.4,0,2,1,1
57,1,1,114.1,224.8,0,0,141.2,0,0.5,2,0,2,1
63,0,1,141.3,230.7,0,0,167.9,0,0.0,1,0,1,1
54,1,0,154.5,192.0,0,1,151.2,0,1.3,0,1,2,0
59,1,2,162.7,236.1,1,1,182.0,0,0.0,0,1,2,0
48,0,0,121.4,260.8,0,1,112.7,0,1.6,0,0,3,1
52,1,0,145.1,292.7,0,0,108.8,0,0.8,0,0,2,1
52,1,1,131.8,201.3,1,0,137.9,0,1.9,0,2,1,1
46,1,1,147.8,164.5,1,0,165.2,0,0.3,1,3,1,1
52,1,0,133.4,196.4,1,0,164.4,0,0.2,1,2,1,1
37,1,0,114.9,259.9,1,0,152.5,0,0.1,1,0,1,0
49,1,3,156.5,237.7,0,0,173.3,1,1.2,1,0,2,0
51,1,0,135.0,284.0,0,2,158.5,1,2.4,1,0,1,0
51,1,0,126.9,242.2,1,2,150.8,0,1.2,1,1,2,1
51,1,1,136.5,311.4,0,0,178.7,0,0.9,1,1,1,0
53,1,3,120.5,171.3,0,0,149.6,0,0.0,2,0,2,1
59,1,0,142.7,133.6,0,0,128.6,0,0.4,0,2,1,0
64,1,2,133.0,304.4,0,0,136.8,1,2.9,0,0,2,1
47,1,3,117.9,203.9,0,1,129.3,0,0.8,1,0,3,1
41,1,1,173.5,242.9,0,0,151.1,0,0.3,1,0,2,1
43,1,1,113.1,243.5,0,1,136.2,0,0.1,2,2,1,0
49,0,2,136.1,254.0,1,2,121.3,0,0.5,2,2,1,1
50,1,2,134.0,219.2,0,1,139.5,0,0.2,2,0,3,0
46,1,2,113.5,196.7,0,0,119.3,0,3.2,0,0,1,0
40,1,3,124.4,191.1,0,0,172.5,0,1.8,0,1,1,1
49,0,1,105.6,266.2,0,0,164.6,0,0.6,1,1,2,0
56,0,2,168.7,276.0,0,1,168.8,0,4.6,2,3,1,1
61,1,0,130.9,232.8,0,0,131.7,1,0.2,0,0,2,1
48,1,2,129.2,213.0,0,0,161.2,1,0.2,2,0,2,0
49,1,2,167.8,264.7,1,1,125.5,0,0.2,2,0,2,0
44,1,0,116.7,172.7,0,1,141.0,1,0.2,1,0,2,1
54,1,0,157.3,327.2,0,0,170.2,0,0.7,1,0,2,0
45,1,0,142.4,258.2,0,0,178.8,0,1.5,0,0,3,1
60,1,1,99.9,236.5,1,1,146.7,0,1.0,1,0,1,0
34,1,3,122.3,270.9,1,0,174.5,1,0.5,1,0,2,0
50,1,2,140.9,267.7,0,2,144.9,0,0.0,0,3,2,0
57,1,2,135.4,252.8,0,0,167.9,0,0.4,1,0,1,1
56,1,0,135.2,158.9,0,2,126.4,0,0.3,1,1,1,1
84,0,0,127.6,270.0,0,0,132.2,0,0.3,0,0,3,1
58,0,0,119.2,306.9,0,1,171.2,1,0.5,0,0,1,0
43,1,1,125.7,213.1,0,0,143.1,0,1.2,0,0,1,0
53,1,2,169.1,283.2,0,1,147.9,1,1.4,0,2,1,1
34,1,3,112.7,271.8,0,1,169.1,0,0.2,1,0,3,0
53,0,1,122.1,254.0,1,0,168.9,1,1.0,2,3,1,1
45,1,2,132.3,245.7,0,1,136.7,0,0.4,1,0,2,0
64,1,0,110.2,269.5,0,2,149.9,1,0.3,0,0,1,0
48,1,0,140.3,257.6,0,0,172.7,0,5.9,1,2,2,1
53,1,0,110.6,324.2,0,1,169.7,1,0.1,0,3,2,1
47,1,2,112.7,281.5,1,1,150.9,1,1.9,1,0,2,1
73,1,1,118.3,279.2,0,0,128.5,1,0.5,0,1,1,1
50,1,0,103.5,286.5,0,0,149.7,1,2.8,0,1,1,0
74,0,2,158.8,279.5,0,0,120.0,0,0.2,1,0,1,1
63,0,2,142.6,153.0,0,0,154.0,0,5.5,1,1,2,1
59,0,0,148.9,238.0,0,0,147.6,0,1.4,0,3,3,1
58,0,2,147.0,215.5,0,0,91.5,0,0.8,1,0,3,1
58,0,2,129.0,257.2,0,0,153.2,1,1.4,0,0,1,0
33,0,1,125.2,209.6,0,0,149.4,0,1.3,2,2,1,1
51,0,2,148.5,266.4,0,1,153.0,0,0.4,2,1,3,0
63,0,0,162.7,226.0,0,1,175.6,0,2.7,1,0,1,0
53,0,2,108.1,315.7,0,1,128.2,0,2.8,0,0,1,0
39,0,3,172.6,308.8,0,0,147.9,0,0.3,1,2,1,1
53,1,1,110.1,177.4,0,1,143.1,0,0.3,1,3,2,1
73,1,1,130.4,262.3,0,2,107.5,1,2.0,0,0,3,1
68,0,1,135.8,226.0,1,0,141.4,1,0.4,1,1,1,1
53,1,1,136.7,252.1,0,0,157.7,0,2.5,0,0,3,0
64,1,0,171.8,270.7,1,1,133.1,0,1.1,0,2,2,1
50,1,2,151.2,183.7,1,0,162.1,1,3.4,0,0,1,0
35,0,0,133.7,191.9,0,1,191.8,0,1.7,0,0,3,0
44,1,0,150.1,200.5,0,0,138.4,0,1.8,0,0,3,0
71,1,2,144.5,223.1,0,1,134.0,1,0.1,1,0,2,1
51,0,2,118.1,217.4,0,1,142.9,0,0.7,1,2,2,0
51,0,0,139.0,275.4,0,0,188.4,0,0.5,2,2,3,1
51,0,2,131.5,250.1,0,0,162.0,1,1.5,0,0,1,1
75,1,3,124.1,210.4,0,1,158.6,1,0.4,0,0,1,0
72,1,0,161.2,233.6,0,0,132.7,1,1.1,1,1,1,1
78,1,1,139.0,145.5,0,0,172.8,0,1.2,2,3,2,1
52,0,2,110.3,329.6,0,2,170.9,1,0.4,1,0,1,0
57,0,2,114.4,243.2,0,0,126.1,0,0.8,2,2,1,1
37,0,0,136.4,279.1,0,1,131.6,0,1.2,1,0,1,1
70,1,0,156.9,281.9,0,1,139.3,0,1.0,1,1,3,1
41,1,2,139.4,235.3,1,0,166.9,0,0.4,0,1,1,0
56,1,3,143.3,137.3,0,0,138.4,1,0.3,0,0,1,0
42,1,2,116.4,212.7,0,1,138.7,0,0.4,1,3,1,0
48,1,3,134.2,254.9,0,0,172.5,1,0.1,0,2,2,0
45,1,2,125.8,240.9,0,0,161.0,1,1.0,0,0,1,0
47,1,3,128.7,284.7,0,0,150.1,1,1.3,1,0,2,1
48,1,2,130.5,239.2,0,1,135.1,1,0.0,2,2,1,1
48,1,3,120.6,320.4,0,1,149.7,0,3.6,0,2,2,1
63,1,0,149.8,197.9,0,2,125.6,1,1.5,0,0,1,1
42,1,2,112.8,260.0,1,0,175.0,0,1.2,1,1,2,0
56,0,0,108.1,196.8,0,0,162.8,1,1.8,2,1,1,0
67,1,0,123.1,286.2,0,2,119.0,0,2.2,0,0,2,1
48,1,2,148.4,206.2,1,0,131.0,0,0.3,1,1,2,0
46,1,1,138.1,161.3,0,1,181.2,0,0.7,0,0,1,0
51,1,0,101.2,175.0,0,1,167.1,0,1.0,1,0,1,0
67,0,3,145.0,225.2,0,0,155.1,0,2.1,1,1,1,1
56,1,2,133.6,310.7,0,1,171.5,0,1.3,0,1,1,1
48,0,3,122.0,271.9,1,0,129.9,1,1.0,1,1,1,0
59,0,3,127.9,262.8,0,1,139.9,0,0.8,0,0,1,0
42,1,1,107.0,234.3,0,0,196.5,1,0.4,0,0,1,1
61,0,1,135.9,194.3,1,1,176.8,1,1.3,1,0,3,1
58,1,0,112.2,201.8,0,1,158.1,1,0.6,0,1,1,1
51,1,2,126.9,216.1,0,0,154.0,0,0.1,1,1,1,0
45,0,2,122.5,210.0,0,1,165.2,0,1.6,1,1,1,0
44,1,1,145.4,209.0,0,0,152.0,0,1.1,2,1,2,1
60,1,1,136.2,201.6,0,1,128.7,0,0.7,0,0,1,0
68,0,0,147.2,246.6,0,0,121.4,0,2.2,1,0,2,1
47,1,1,110.7,205.9,0,0,199.9,1,1.3,1,0,1,0
59,1,0,133.3,292.9,1,0,131.7,0,0.9,0,0,3,1
31,1,3,137.8,282.7,0,0,184.4,0,1.4,1,0,2,0
48,1,0,154.9,265.7,0,2,103.8,0,2.0,0,1,1,1
54,1,1,113.5,262.8,0,1,136.1,1,0.9,1,0,1,1
44,1,0,116.4,169.6,1,0,151.1,0,2.1,1,0,3,1
44,1,2,140.6,338.7,0,1,141.5,1,1.1,0,3,3,1
47,0,1,158.3,226.6,0,2,134.9,0,0.8,0,0,1,1
57,1,0,139.9,277.4,0,1,166.5,1,0.6,0,2,1,1
52,0,2,110.5,277.4,0,0,156.4,0,0.2,1,0,3,0
29,1,3,108.1,186.8,0,0,150.6,0,0.0,1,0,3,1
31,1,3,130.7,205.7,1,1,147.4,0,0.2,0,1,1,1
47,1,1,138.7,256.5,0,0,122.0,0,0.2,0,2,1,0
59,0,2,128.3,175.1,0,0,120.2,0,0.3,0,3,1,0
24,1,0,107.1,227.0,0,0,142.1,1,0.4,1,1,2,0
49,0,0,149.6,134.3,0,0,140.7,0,0.6,2,1,2,0
48,1,1,126.2,239.7,1,0,205.0,0,1.8,0,0,2,1
69,1,0,147.2,307.2,0,0,126.5,1,0.5,1,0,2,0
50,1,2,101.1,239.9,0,1,140.1,0,0.3,0,1,3,1
58,0,3,153.6,178.4,0,1,133.0,0,4.5,0,3,1,1
56,1,0,122.2,217.8,0,1,156.4,0,6.0,0,0,1,1
31,1,0,152.5,260.4,0,0,133.3,1,1.4,0,2,2,1
62,1,1,147.0,251.5,0,2,120.6,0,0.5,0,2,2,1
56,1,2,108.8,262.0,0,0,170.5,0,0.5,0,0,1,0
60,0,3,136.9,235.9,1,1,149.8,0,0.2,0,0,1,0
85,1,3,171.6,218.6,0,2,132.8,1,0.3,0,3,3,1
31,1,2,117.5,238.9,0,1,181.0,1,1.1,1,0,2,0
73,1,1,168.6,251.0,1,1,137.1,0,0.9,0,0,2,0
51,1,2,140.2,285.5,0,1,123.2,0,0.6,1,2,2,1
57,0,0,155.9,221.8,0,2,156.7,0,1.0,0,2,1,1
53,1,3,136.6,243.2,0,1,160.6,0,0.7,1,0,1,0
49,0,0,127.5,233.3,1,1,117.2,1,3.1,1,2,1,1
48,1,2,165.6,339.4,0,0,157.9,0,1.9,0,1,2,1
58,1,0,148.0,209.7,0,1,159.5,0,1.4,2,0,1,1
37,1,1,125.5,218.5,1,0,173.1,1,0.1,1,0,1,1
62,1,2,143.6,202.1,0,1,161.2,0,0.6,1,0,2,1
49,0,2,119.6,297.0,0,0,159.7,0,0.9,2,0,2,0
42,0,2,129.9,297.8,1,0,176.7,1,0.1,0,0,3,1
49,0,2,151.3,230.1,0,0,128.6,0,2.4,0,3,2,1
68,0,1,131.6,298.5,0,2,173.2,0,0.2,0,0,1,0
48,1,3,116.8,253.7,0,1,109.7,0,0.0,0,1,1,1
58,0,2,114.6,273.7,0,1,164.1,0,0.5,1,2,1,1
46,1,0,133.3,194.8,0,0,131.4,1,0.1,1,2,3,1
62,1,3,121.5,251.3,0,0,170.2,0,1.3,0,1,1,0
62,1,3,110.2,326.6,1,1,158.7,0,1.9,1,3,2,1
74,1,2,117.4,313.4,0,1,123.5,1,0.6,0,0,1,1
52,0,1,151.7,276.1,0,1,142.8,0,3.6,1,2,2,1
61,0,2,130.2,285.7,0,2,133.6,0,0.7,0,0,1,1
55,0,1,132.3,348.8,0,2,163.1,1,0.7,1,0,3,1
68,1,2,120.1,280.9,0,1,108.2,1,1.5,0,0,1,1
46,1,2,121.5,209.5,0,0,147.2,1,0.2,2,1,2,1
62,0,3,122.0,297.6,0,1,153.4,0,0.2,0,1,3,0
52,1,2,128.5,237.4,0,1,106.9,1,1.8,0,2,3,1
53,0,0,100.9,262.6,0,0,119.7,1,0.0,0,0,1,0
55,1,2,153.9,247.0,1,1,173.5,1,0.3,0,0,1,0
57,1,1,134.5,211.3,0,2,104.2,0,0.9,1,0,1,1
53,1,1,137.4,254.6,0,1,126.9,0,1.0,0,1,1,1
56,1,1,151.0,284.6,1,1,182.6,0,1.1,0,3,2,0
71,1,0,153.3,279.9,0,0,145.5,0,2.6,1,2,1,0
65,1,3,126.4,266.4,0,1,169.4,0,0.1,0,1,1,1
64,0,2,144.4,236.1,1,1,124.3,0,0.5,1,2,3,1
49,1,2,143.4,166.7,0,0,119.8,0,0.2,0,0,1,0
44,1,1,137.2,235.8,0,0,155.8,0,1.7,0,0,1,0
65,0,2,152.9,269.6,0,0,150.7,0,0.2,1,0,3,1
64,1,2,150.9,149.9,0,2,105.3,0,1.2,0,0,1,1
70,0,1,148.1,244.1,0,1,138.1,1,5.7,0,0,2,1
47,0,3,153.8,234.8,0,0,133.5,0,0.5,0,0,1,0
51,1,1,133.8,200.1,0,0,150.9,0,0.6,0,0,2,0
36,1,2,130.5,268.6,0,0,180.7,1,0.5,0,3,3,1
50,0,0,144.7,281.5,0,1,143.9,0,0.8,1,2,2,0
65,1,1,133.5,325.1,1,1,166.9,0,0.6,0,1,1,1
49,1,3,141.4,238.4,0,1,145.4,1,1.3,0,0,2,1
61,0,2,122.7,300.7,0,0,163.3,1,0.0,1,0,1,0
52,1,2,92.5,204.7,0,0,167.8,1,0.6,1,1,2,0
58,1,3,145.8,226.5,0,0,159.3,0,0.9,2,0,1,1
41,0,1,99.9,266.7,0,1,160.3,0,0.0,0,0,1,0
55,1,2,121.7,212.9,0,0,185.7,0,0.1,0,2,1,0
22,0,1,137.8,223.1,1,0,171.6,1,0.5,0,0,1,0
52,1,2,148.5,277.6,0,1,164.9,0,0.4,0,0,3,0
36,1,1,150.7,234.8,1,1,126.1,0,2.5,0,0,1,0
67,0,1,97.9,205.5,0,0,156.0,0,0.0,0,0,1,0
63,1,3,141.6,218.6,1,0,164.6,1,1.7,0,0,3,1
59,1,0,130.6,231.1,0,1,135.9,0,0.1,2,0,2,1
71,0,0,153.0,273.2,0,2,165.1,1,1.8,2,0,1,1
44,1,0,158.1,223.6,1,0,131.9,1,0.6,2,0,1,0
73,0,1,112.2,140.3,1,0,115.2,0,1.0,1,0,2,1
64,1,1,136.8,279.5,0,1,150.4,0,0.2,0,0,2,0
51,1,0,148.2,268.7,0,0,156.9,0,1.6,2,0,1,1
66,1,2,130.9,198.7,0,2,128.5,0,0.7,1,0,1,1
42,1,2,162.4,187.3,0,1,127.8,0,0.0,0,0,2,0
45,1,2,124.5,297.7,0,1,178.9,0,1.6,2,0,3,0
47,1,3,126.8,228.4,0,1,117.1,0,1.3,0,0,1,1
48,1,2,113.2,272.5,0,0,160.9,0,1.5,2,1,1,0
42,1,0,133.8,206.7,0,1,136.3,1,0.6,0,1,1,0
67,1,0,90.0,274.8,0,1,145.7,0,0.0,2,0,1,0
51,0,2,125.8,199.7,0,0,146.6,1,2.1,1,1,3,0
58,1,2,157.8,261.4,0,0,181.4,0,1.0,0,0,2,0
48,1,0,107.4,255.0,0,1,181.9,1,2.2,2,0,1,1
34,1,1,99.9,143.6,0,1,155.8,0,0.2,1,0,3,0
57,1,2,154.8,247.9,0,1,171.5,1,1.2,2,0,1,1
33,0,2,148.3,202.4,0,0,119.3,0,2.9,1,0,1,0
53,1,2,109.3,289.1,0,2,145.2,0,5.6,2,2,3,1
39,0,0,158.4,246.5,0,0,150.6,1,0.4,1,1,3,0
76,1,2,147.3,238.2,0,2,89.4,0,1.1,2,0,1,0
64,1,2,155.4,311.7,0,0,131.7,0,0.5,1,0,2,0
55,1,3,120.0,158.0,0,0,172.6,0,3.4,0,2,1,0
68,1,2,164.3,331.1,0,0,143.2,0,0.5,1,2,3,1
45,1,2,126.9,320.8,0,1,164.7,0,0.4,1,1,1,0
60,1,2,129.9,226.4,1,0,119.9,0,0.0,1,1,1,0
56,1,1,143.2,281.2,0,1,126.6,0,0.4,0,0,3,0
57,0,0,124.7,263.8,0,0,143.1,0,0.4,1,3,3,1
68,1,3,110.1,137.0,0,1,146.9,0,0.1,0,1,2,0
62,1,2,138.4,239.3,0,0,156.2,0,0.0,1,0,1,1
57,1,2,129.0,186.8,0,1,146.6,0,0.0,1,2,1,1
36,1,3,115.7,175.4,1,0,146.1,0,0.5,1,0,1,0
43,1,3,153.6,224.9,0,0,142.8,0,0.5,0,0,1,1
53,0,2,173.8,230.0,0,1,133.1,0,0.3,0,0,1,0
55,0,0,114.7,295.2,0,0,130.8,0,0.6,0,3,2,0
42,1,1,134.6,204.1,0,1,135.9,1,2.6,1,0,1,1
81,0,3,130.6,233.5,1,0,143.3,0,0.4,1,1,2,1
71,0,1,176.4,307.5,0,2,138.5,0,1.5,0,2,1,1
61,1,3,144.6,235.8,1,0,155.1,0,0.0,1,0,1,1
55,1,0,150.9,219.2,0,1,140.6,1,2.7,0,0,2,1
52,1,2,154.8,278.4,0,0,146.9,1,0.4,1,1,1,1
44,0,2,130.8,261.2,0,1,113.1,1,0.4,1,3,2,1
55,1,1,130.9,246.1,1,2,163.6,0,0.6,0,0,1,0
57,1,3,162.1,283.1,0,1,154.3,0,0.3,1,1,1,1
40,1,2,144.5,181.6,0,0,158.8,0,2.3,1,1,2,1
58,1,0,119.8,217.2,0,0,165.4,0,0.0,2,1,1,1
52,1,1,120.5,328.6,0,0,186.2,1,0.1,1,0,2,1
33,1,2,121.7,120.0,0,1,143.0,1,0.5,1,0,2,0
45,1,1,152.6,208.6,0,1,184.1,1,0.2,0,0,1,0
49,1,3,159.3,187.6,0,0,178.4,0,1.4,0,1,1,0
75,0,0,175.0,251.9,0,1,125.9,0,0.3,2,1,1,1
60,0,1,119.7,270.1,0,2,120.0,0,0.3,1,0,2,1
39,1,0,132.8,284.9,0,0,162.8,1,0.3,2,0,2,1
59,1,0,128.0,225.1,0,0,169.5,1,2.3,0,0,2,1
37,1,1,126.5,194.8,0,0,130.1,0,1.7,1,0,3,1
66,1,3,153.7,181.7,0,1,113.0,0,0.8,0,0,3,1
49,1,0,131.9,241.8,0,0,163.5,0,0.0,1,0,2,1
53,1,0,157.4,334.7,0,1,151.2,0,0.4,1,0,2,0
69,0,1,125.5,220.8,1,0,157.4,1,0.6,1,0,2,1
40,1,2,143.8,233.3,0,0,162.4,0,0.7,0,0,1,0
39,1,2,122.3,242.1,0,1,164.7,0,0.3,1,0,1,0
48,1,2,99.4,220.7,0,0,154.8,0,1.0,1,0,1,1
65,1,0,118.4,307.9,1,0,141.9,1,0.2,0,0,1,1
37,1,2,132.0,288.7,1,1,172.2,1,0.6,0,2,2,1
23,1,2,160.8,266.6,1,1,136.5,1,0.5,2,0,1,0
49,1,2,124.5,281.9,0,0,149.6,1,0.4,0,0,2,1
60,1,1,132.5,213.3,0,0,134.3,0,0.5,1,2,1,1
67,1,2,146.1,195.4,0,0,128.9,1,0.6,1,1,1,1
49,1,1,122.0,209.8,1,1,164.4,0,0.3,1,0,1,1
49,1,0,124.0,252.0,0,0,168.5,0,0.3,2,1,2,1
67,0,1,135.5,231.7,0,1,157.1,1,0.2,0,1,2,1
33,1,1,120.9,259.1,0,1,178.1,0,1.1,0,0,1,0
50,1,0,100.9,244.8,0,1,156.1,0,0.3,1,2,1,1
56,1,2,122.8,183.2,0,2,115.0,1,0.0,1,0,2,0
59,1,3,146.3,297.7,0,0,139.1,1,0.6,2,0,1,1
48,1,2,144.1,216.8,0,1,160.9,0,0.7,1,0,1,0
54,0,1,155.1,276.0,0,2,150.9,0,3.2,1,0,1,1
27,1,2,149.8,194.7,0,0,183.4,0,1.0,1,1,1,0
47,1,2,116.0,200.2,0,1,158.5,0,0.1,0,0,2,0
59,1,1,121.8,202.3,0,2,146.8,1,0.6,1,1,1,1
43,1,2,118.6,174.5,0,0,136.7,0,1.4,1,1,1,0
55,0,2,128.5,179.8,0,0,139.6,0,1.8,0,2,1,0
59,0,1,121.0,259.9,0,0,167.1,1,1.0,1,3,2,1
50,1,1,129.9,199.2,0,1,143.3,0,2.3,0,0,1,1
56,1,0,118.8,257.3,0,1,164.0,0,0.8,1,1,1,0
43,1,3,145.4,242.0,0,0,115.6,0,0.5,0,0,1,0
52,1,0,116.4,279.4,0,0,130.6,1,0.7,0,0,1,1
61,0,0,114.8,199.0,0,1,107.9,0,0.0,1,0,3,0
56,1,1,143.9,288.8,0,0,96.3,0,0.0,2,0,2,1
48,1,3,145.5,199.4,0,1,111.0,0,0.9,0,1,2,0
56,1,1,130.4,121.4,1,0,142.8,0,0.3,1,2,1,1
62,1,2,151.6,252.6,0,2,174.8,1,0.5,1,0,1,1
31,1,2,142.6,194.8,0,1,126.1,1,1.2,1,0,2,0
67,1,2,171.4,311.9,0,0,140.3,1,0.5,0,0,1,0
50,0,3,143.2,253.2,0,0,145.0,1,1.1,0,0,1,1
59,1,0,166.0,239.4,0,2,145.7,0,0.6,2,0,1,1
67,1,3,138.4,254.8,0,1,134.9,0,0.0,0,2,1,1
39,1,3,155.4,214.3,0,0,141.7,0,1.9,2,3,1,1
46,1,3,157.6,312.7,0,1,103.1,0,1.5,0,0,3,0
51,1,2,130.7,216.2,0,0,161.9,0,0.9,1,0,1,0
45,1,3,119.4,258.6,0,1,175.5,1,0.7,0,1,2,1
73,1,0,129.5,212.0,0,0,135.5,1,0.1,1,1,2,1
45,0,1,136.2,238.3,0,1,154.1,0,1.1,1,2,1,0
48,0,1,108.8,184.9,0,0,121.3,0,0.0,2,2,2,0
56,0,0,123.3,252.2,0,0,135.4,0,0.4,2,1,1,1
41,1,2,152.3,239.7,0,0,167.1,1,0.7,2,0,2,1
50,0,0,142.0,264.1,0,0,127.7,0,1.3,0,0,2,1
57,1,0,92.4,263.0,0,1,143.4,0,0.5,1,1,1,1
50,0,2,106.0,241.3,0,0,197.2,0,0.9,2,0,2,0
53,1,3,172.6,330.8,0,0,152.9,1,0.1,0,0,3,1
48,1,2,153.7,238.5,0,0,126.4,0,1.2,1,1,3,0
37,1,3,119.3,237.2,0,1,205.0,0,0.2,1,0,1,0
58,0,2,105.2,239.1,0,0,153.4,0,0.0,0,0,2,0
73,0,3,113.3,257.0,0,1,118.1,0,1.0,0,0,1,0
54,1,1,143.2,228.8,0,2,145.4,0,0.1,0,2,1,1
56,1,3,170.1,225.9,0,1,109.0,1,0.6,1,0,3,1
62,1,0,170.4,277.3,1,0,124.7,1,2.0,1,0,1,1
40,1,2,102.1,234.4,1,0,175.2,0,0.5,1,1,2,0
73,1,2,133.4,294.4,0,2,109.0,0,1.1,0,1,3,1
56,0,2,116.1,158.8,0,0,115.3,0,2.2,1,1,1,1
72,1,2,141.0,314.7,0,0,157.5,0,1.3,0,2,2,1
46,1,3,108.0,278.0,0,0,200.7,1,0.7,0,0,1,0
74,0,3,126.2,246.1,0,0,147.7,0,0.5,1,3,1,0
63,1,0,120.6,241.1,1,1,181.1,1,2.3,2,0,2,1
60,1,0,144.9,271.7,1,0,118.7,0,0.3,0,0,1,1
57,1,0,125.5,197.3,0,0,156.0,1,0.8,1,1,1,0
51,0,0,123.6,242.0,0,0,174.2,0,1.8,0,0,1,0
67,0,1,143.4,252.8,0,2,128.6,1,0.3,0,3,2,0
56,1,2,164.1,152.2,0,1,125.5,0,0.6,0,0,1,1
32,0,1,163.6,249.0,0,1,158.5,0,1.6,1,0,1,0
42,0,2,136.2,177.7,0,1,162.5,0,0.7,0,0,1,0
52,1,1,131.9,288.4,0,2,143.8,0,0.7,1,0,1,1
57,0,2,155.4,301.3,0,1,150.4,0,0.6,1,0,2,0
53,1,0,154.8,307.5,0,0,120.6,0,0.6,1,1,1,1
67,1,2,153.1,231.8,0,0,146.4,0,3.0,1,1,3,1
33,1,2,100.3,219.2,0,1,176.9,0,1.6,1,0,1,0
56,0,1,153.2,155.1,0,0,152.5,0,1.1,0,0,1,0
34,1,1,135.4,264.3,0,1,142.4,0,0.9,1,0,3,1
62,1,0,119.9,177.8,0,1,107.3,0,0.0,2,0,1,1
53,1,2,121.7,177.3,0,0,150.3,1,1.5,1,0,3,1
59,0,2,142.7,229.8,0,0,132.0,1,0.7,2,0,1,0
44,0,2,90.0,189.2,1,0,189.2,0,5.8,1,3,1,1
68,1,0,135.2,204.0,1,2,170.4,0,0.7,1,0,1,1
65,1,0,125.0,247.3,0,0,99.9,0,1.1,2,0,2,1
60,1,0,121.9,282.3,0,1,138.2,1,1.8,1,0,3,1
53,1,0,125.5,264.8,0,0,131.5,0,0.2,2,0,1,0
60,1,0,108.9,251.8,0,1,117.9,0,0.8,1,2,2,0
46,1,0,150.9,289.1,0,1,148.7,0,3.8,1,0,3,1
63,1,2,97.9,250.2,0,1,124.8,0,0.3,1,2,1,1
72,1,1,141.5,224.5,1,0,116.7,0,3.5,1,0,1,1
66,0,1,118.7,211.7,0,1,118.0,0,1.9,0,0,3,1
46,1,2,167.7,262.9,1,2,181.6,1,1.6,0,0,2,1
58,1,2,135.4,194.4,0,1,140.8,0,0.2,1,0,1,0
40,1,2,92.3,251.8,0,0,154.6,0,0.1,1,3,3,1
60,1,1,145.3,224.7,0,1,171.7,1,1.8,2,1,2,1
59,1,2,115.6,206.3,0,0,137.6,0,1.0,0,0,3,1
33,0,3,143.5,196.4,1,0,167.2,0,0.8,1,3,2,0
41,0,1,138.9,279.3,0,1,139.5,0,2.9,2,0,1,0
51,1,0,159.8,202.6,0,0,138.5,0,0.2,0,0,1,1
51,0,3,133.6,228.1,0,0,152.1,1,2.9,0,0,1,1
41,1,3,145.5,216.2,0,0,159.8,0,0.8,1,0,1,0
58,0,0,132.8,289.4,0,1,161.6,1,0.2,0,1,2,0
57,1,0,124.1,310.1,0,0,169.4,1,0.6,1,0,1,1
52,0,2,149.7,280.7,0,1,147.6,1,1.4,1,3,3,1
46,1,1,109.9,222.1,0,0,176.2,1,0.1,0,0,3,1
66,1,3,136.3,260.7,0,0,122.3,0,2.5,0,0,1,1
72,0,0,125.3,207.7,0,1,152.3,1,0.3,1,2,2,1
49,1,3,147.9,248.9,0,1,134.4,0,0.0,0,0,2,1
47,1,0,115.2,161.6,0,1,136.4,0,1.2,0,1,2,0
59,1,1,127.9,253.5,1,0,167.3,1,0.6,1,1,2,1
50,1,3,133.8,237.6,0,1,100.9,1,0.3,1,2,2,1
52,1,0,160.3,260.1,0,1,163.4,1,0.8,2,1,1,1
62,1,0,126.4,243.7,0,1,147.2,0,0.3,0,1,2,1
33,1,3,121.5,270.8,0,2,163.9,1,0.0,2,0,1,0
69,0,0,110.5,213.1,1,1,174.2,0,0.6,0,0,1,0
55,1,0,116.6,275.0,0,1,123.4,0,0.6,0,0,3,1
49,1,1,140.2,260.4,0,1,124.7,0,0.2,1,0,1,1
53,1,2,134.3,289.0,0,2,172.6,0,0.5,2,1,2,0
54,0,2,131.9,292.3,0,1,143.0,0,1.4,1,0,3,1
35,1,3,160.6,192.9,0,0,185.7,0,2.7,1,0,3,1
70,1,2,107.9,269.7,0,0,152.5,0,1.3,0,1,1,1
54,1,1,175.7,190.1,0,1,154.9,1,0.5,0,1,2,1
59,0,1,153.5,294.2,0,0,140.0,0,0.5,0,0,2,0
64,0,3,127.6,207.4,0,1,136.0,1,0.1,0,0,1,1
43,1,2,138.3,220.8,0,2,197.9,0,0.1,0,2,1,0
59,1,3,123.0,252.7,0,0,131.1,0,2.5,0,1,3,1
51,1,3,139.0,272.8,0,1,172.3,1,2.8,0,0,1,0
63,1,1,174.9,260.9,1,0,121.9,0,0.9,1,3,3,1
31,0,2,113.6,267.0,0,1,141.8,1,0.2,1,0,1,0
53,1,2,129.6,241.6,0,2,152.2,0,1.0,0,1,1,0
47,1,0,118.6,249.7,0,0,148.4,1,0.9,1,0,1,1
59,0,0,121.5,165.4,0,2,165.7,1,2.0,0,2,1,1
59,0,3,125.0,288.3,0,0,138.5,0,0.6,0,1,1,0
46,0,2,109.3,225.8,0,0,141.0,1,0.2,1,0,3,0
46,0,2,124.3,219.7,0,1,124.4,0,0.5,2,1,1,1
53,1,2,134.7,326.3,0,0,199.6,1,0.4,2,0,1,0
44,1,2,124.2,120.0,0,0,121.0,0,0.2,1,3,1,0
63,1,0,94.9,248.7,0,0,205.0,0,0.1,2,0,1,1
50,0,2,127.2,141.4,0,0,164.7,1,0.3,1,0,1,0
22,0,1,122.1,245.1,0,1,176.7,0,0.5,0,3,2,0
50,1,3,167.2,209.2,0,0,116.8,0,2.7,2,1,2,1
43,1,2,131.7,120.0,0,1,166.2,1,0.3,1,0,2,1
36,0,3,143.3,283.0,0,0,124.3,0,1.6,0,1,1,1
40,0,1,119.8,179.8,0,0,152.4,0,1.3,1,1,1,0
55,1,3,157.6,283.5,0,0,171.2,0,0.6,0,0,2,0
69,1,3,120.7,203.8,1,0,106.9,0,0.8,1,0,1,0
57,1,2,143.8,222.0,0,1,160.2,1,0.6,1,3,1,0
47,1,1,147.4,138.5,0,0,143.8,0,0.8,1,0,1,0
59,1,1,147.7,261.8,0,0,157.0,1,0.7,2,0,1,0
49,1,2,171.7,214.4,0,1,121.1,0,0.6,1,1,1,1
46,0,2,118.5,222.5,0,0,181.6,1,1.6,2,0,2,1
41,1,1,156.2,232.7,0,0,170.7,1,1.0,2,0,3,0
35,1,2,150.1,162.2,0,2,140.5,0,0.5,0,1,2,0
50,1,2,133.9,270.4,0,0,132.9,1,0.8,1,0,2,0
56,1,0,167.6,217.3,1,1,174.3,0,0.3,0,0,1,0
53,1,0,131.1,342.0,1,1,138.8,1,0.0,0,1,1,0
49,1,0,133.2,218.5,0,1,132.1,0,1.9,0,1,1,1
44,1,0,131.4,220.8,0,0,165.1,0,1.4,1,0,1,0
61,0,1,109.8,184.2,0,0,157.6,0,0.0,1,0,1,0
40,1,2,144.2,165.5,0,0,143.8,1,0.1,0,0,1,0
63,1,1,147.1,283.2,0,2,173.7,0,1.6,1,1,3,1
43,0,0,126.4,284.2,0,0,154.2,0,1.3,2,0,2,1
46,1,1,163.7,213.7,0,0,172.5,0,0.3,0,0,1,0
38,0,3,119.1,241.1,0,0,177.2,0,0.1,0,0,2,1
48,1,1,101.4,293.9,0,1,122.1,0,0.2,2,2,2,1
65,0,3,168.0,258.0,0,1,166.5,0,1.6,1,0,3,1
60,1,0,153.7,264.8,0,1,166.5,1,2.7,1,0,1,1
65,0,0,145.0,249.1,0,0,148.4,1,0.9,2,0,1,1
60,1,2,129.4,214.8,0,1,90.9,0,0.4,1,0,3,1
42,0,2,134.2,254.2,0,1,160.0,0,3.8,2,1,1,1
50,0,2,107.3,322.0,0,2,130.0,1,0.4,1,0,3,1
45,1,3,127.7,215.4,0,0,123.0,1,1.2,0,1,1,1
69,1,1,121.5,284.8,0,0,135.1,0,2.5,0,0,2,1
41,0,2,132.5,244.8,0,0,107.4,0,1.3,1,2,1,0
64,0,2,150.1,218.9,1,1,139.3,0,2.5,1,1,2,1
64,1,3,117.6,284.3,0,2,165.6,0,0.3,1,0,1,0
74,0,1,149.0,282.7,0,1,147.7,0,0.4,2,1,1,1
49,1,0,136.3,265.2,0,1,176.4,0,1.1,1,2,1,1
62,1,2,148.3,321.1,0,0,135.8,0,0.7,2,3,2,1
79,0,3,132.9,330.9,0,0,142.6,1,0.2,0,0,1,1
47,1,0,144.9,241.3,0,0,127.9,1,1.4,0,0,3,1
37,1,1,117.2,230.8,0,0,115.0,1,0.4,0,2,1,1
33,1,1,98.5,171.2,0,1,135.8,0,2.3,0,0,3,0
62,1,2,109.8,311.7,1,1,126.5,0,1.3,1,0,1,0
33,1,1,119.7,230.8,0,0,143.0,0,0.4,1,0,1,1
50,1,0,104.0,213.2,0,0,177.0,0,0.7,0,2,3,0
59,1,2,163.2,202.1,0,0,141.3,0,2.8,1,0,1,1
56,0,0,130.0,200.7,0,1,193.5,0,0.9,1,0,1,0
59,0,0,148.8,320.5,0,2,178.1,0,1.4,0,2,1,1
56,0,1,145.7,281.6,0,0,124.2,0,3.2,1,1,1,1
68,0,1,134.6,180.8,0,0,161.8,0,1.5,1,1,3,1
44,0,1,192.2,174.2,0,1,176.6,1,0.0,0,1,1,1
47,1,0,184.9,244.3,0,0,143.9,0,0.3,1,0,3,1
46,0,1,154.1,193.9,0,1,152.8,0,0.3,0,1,1,0
63,1,2,120.0,233.5,0,1,127.7,0,0.8,2,0,3,1
64,1,1,162.3,313.2,0,0,194.0,0,0.4,2,2,1,1
59,0,2,100.8,290.2,0,0,180.2,0,1.0,0,0,2,0
67,0,0,159.4,170.6,1,0,133.4,0,2.5,1,0,3,1
41,0,0,90.0,192.4,0,1,189.8,0,1.3,2,0,2,1
72,0,3,129.8,258.5,0,2,127.0,0,0.0,2,2,2,1
71,1,1,160.0,297.1,1,0,158.3,0,2.9,0,0,1,1
62,1,1,142.9,208.0,0,0,148.4,0,0.2,1,0,1,1
74,0,3,109.4,264.6,0,1,133.7,1,0.4,1,1,2,0
36,1,2,132.6,215.1,0,1,136.0,0,0.1,0,1,1,0
48,0,2,136.4,316.4,0,0,138.4,1,0.2,1,0,3,1
46,1,2,135.7,266.0,0,0,165.8,0,2.9,1,0,2,0
62,1,0,128.7,235.7,0,0,144.3,0,0.9,0,0,1,0
42,1,3,146.4,171.4,0,0,147.5,0,0.3,0,1,1,1
62,0,3,153.6,197.5,0,1,174.8,0,0.2,1,0,3,0
69,0,0,132.0,135.5,0,0,141.4,0,1.9,1,0,3,1
62,1,2,163.4,256.2,0,1,142.8,0,0.1,2,1,2,0
57,1,1,131.9,271.8,0,1,134.0,0,0.4,2,1,1,1
43,1,2,122.4,269.1,0,0,160.7,0,0.5,1,0,1,0
45,0,0,153.2,211.2,0,0,166.0,0,0.1,0,0,3,0
68,1,2,161.3,302.6,0,0,142.4,0,0.5,2,0,1,0
63,1,0,125.1,314.2,0,0,155.1,1,1.5,1,0,2,1
54,1,2,120.2,212.1,0,1,133.1,1,1.5,1,3,2,1
49,0,1,161.5,291.6,1,0,126.8,0,0.2,2,0,1,1
32,1,1,126.7,239.9,0,0,155.1,1,1.4,1,0,2,1
42,0,2,128.1,214.0,0,1,164.2,0,0.3,1,0,2,1
75,1,3,134.7,302.9,0,0,157.7,0,1.3,0,1,2,0
40,1,0,154.3,183.4,0,2,205.0,0,1.2,1,2,3,1
56,1,3,173.1,176.8,0,1,160.6,1,1.8,1,0,1,1
65,1,1,138.0,227.8,0,1,96.3,0,4.4,0,0,1,1
40,1,3,174.0,226.4,0,0,181.8,0,0.1,2,0,1,0
56,1,2,124.5,169.8,0,2,155.6,1,0.3,1,0,2,0
64,0,3,128.4,266.5,0,0,126.4,0,1.0,1,1,2,1
54,1,2,146.1,207.1,0,0,165.7,0,0.8,2,0,1,0
85,1,2,127.0,194.6,0,0,138.3,0,1.8,0,0,3,1
36,0,1,138.4,263.7,1,0,147.8,0,0.1,1,0,3,1
66,1,3,127.7,226.7,1,2,143.1,1,0.7,1,2,3,1
52,0,2,102.7,287.2,0,0,129.1,0,0.4,0,0,3,0
62,1,1,104.6,264.4,0,1,138.4,0,0.1,0,1,1,1
59,1,0,129.4,234.4,0,0,115.9,0,1.4,1,2,1,1
46,1,2,139.5,286.9,0,0,161.8,1,0.6,2,0,3,1
57,1,3,110.2,260.9,0,0,153.9,0,0.1,1,2,1,0
34,0,1,129.2,233.5,0,2,184.6,0,0.0,0,0,1,0
61,1,3,139.0,266.4,0,0,165.5,0,0.0,0,1,3,1
57,0,0,128.7,266.4,0,0,131.3,0,0.5,1,0,1,0
61,1,3,119.1,195.7,0,0,151.9,1,2.4,0,0,1,1
66,1,2,141.3,349.4,0,0,149.7,1,0.3,0,1,1,0
58,1,1,132.4,245.8,0,1,127.6,0,0.1,0,1,3,1
56,0,1,149.2,246.0,0,0,166.4,0,0.9,2,2,1,1
44,1,2,108.2,160.6,0,2,146.6,0,0.6,2,0,1,0
46,1,2,134.1,244.3,0,0,138.2,0,1.2,0,0,1,0
67,1,3,114.4,253.5,0,1,136.1,0,0.5,1,0,3,0
70,0,2,130.7,196.4,0,1,100.9,1,0.3,1,0,1,0
51,1,2,113.5,194.6,0,1,110.5,1,1.4,2,0,1,1
55,0,3,114.7,202.2,0,1,159.8,0,0.7,2,0,2,1
44,1,2,131.4,224.9,0,1,139.0,1,1.8,1,0,1,0
67,1,3,127.1,255.3,0,0,112.9,0,0.0,1,0,2,0
61,0,3,159.2,234.0,1,1,107.6,1,0.1,0,0,2,1
75,0,3,157.5,262.1,0,0,107.0,1,0.5,1,0,2,1
44,1,0,146.0,267.6,0,0,136.7,1,0.4,1,0,1,1
50,1,2,147.1,263.9,0,0,106.2,0,0.0,0,1,2,1
57,0,1,134.1,258.5,1,1,160.3,0,0.3,0,0,2,1
61,1,1,159.2,256.4,0,0,152.5,0,0.7,1,0,1,0
52,1,1,128.2,253.4,1,1,131.3,0,1.2,1,0,1,0
44,1,3,169.6,231.4,1,0,182.3,1,0.3,2,0,3,1
64,0,1,116.5,215.9,0,0,125.9,1,1.6,0,2,2,1
62,0,1,112.7,240.1,0,2,142.0,1,1.9,0,0,2,1
44,1,0,106.4,266.6,0,1,182.9,0,0.3,1,2,1,0
69,1,1,115.8,275.1,0,1,131.0,0,0.5,1,0,1,1
67,1,2,107.9,268.3,0,0,157.4,1,3.4,0,2,2,1
55,1,0,138.1,220.8,0,0,162.3,0,0.9,0,0,1,0
55,1,0,149.6,232.2,0,1,136.3,1,0.6,0,0,1,1
60,0,2,133.1,234.1,0,1,137.9,0,1.1,1,2,1,0
45,1,0,106.8,211.5,0,0,122.9,1,0.5,1,0,1,0
54,1,0,125.5,280.7,0,2,86.1,0,4.8,0,1,2,1
30,1,3,143.1,152.0,0,0,145.0,0,0.0,0,2,1,0
64,1,3,130.3,333.9,1,0,146.8,0,0.1,0,0,1,1
37,1,1,115.4,326.7,0,0,130.9,0,1.5,1,0,2,0
71,1,1,111.0,249.6,1,0,150.9,0,1.7,2,0,1,1
50,0,3,122.4,257.8,0,1,140.2,1,0.8,0,0,1,0
52,1,0,120.9,278.1,0,1,170.6,0,0.3,0,0,1,0
47,1,2,130.7,205.6,0,0,128.2,0,1.2,1,0,2,0
51,1,2,141.8,265.3,0,1,148.1,1,0.2,2,0,1,0
70,1,2,132.9,305.0,0,0,111.4,0,0.3,0,0,1,1
27,1,3,130.6,152.6,1,1,121.8,0,1.6,0,2,2,1
68,1,1,146.0,182.9,0,0,133.4,0,1.2,1,2,1,1
58,1,1,112.9,275.8,0,0,118.8,0,0.8,1,0,1,0
41,1,2,164.7,225.0,0,1,154.1,0,0.2,0,0,2,0
42,1,3,117.7,220.2,0,0,164.0,1,1.8,1,0,1,0
72,1,3,147.8,233.3,0,1,104.8,1,0.1,0,2,1,1
44,1,2,111.1,188.3,0,0,171.9,0,1.1,1,1,1,1
41,1,3,132.7,218.8,0,0,128.9,0,1.4,1,2,2,1
67,1,0,139.9,187.9,0,0,124.1,0,0.3,0,0,1,1
58,0,1,161.9,300.4,0,1,130.6,0,1.5,1,0,2,0
44,1,0,127.3,243.8,0,2,158.3,0,0.0,0,0,2,0
56,1,0,157.9,246.8,0,0,158.9,0,2.7,1,1,1,1
43,0,2,133.5,266.9,0,2,165.7,0,0.5,2,0,2,0
66,0,3,167.3,368.4,0,1,125.1,0,1.8,0,0,2,1
66,0,2,102.0,199.3,0,0,152.1,1,0.4,2,1,1,0
60,1,2,144.2,162.4,0,0,162.8,0,1.2,1,1,1,1
58,1,0,90.0,241.4,0,0,132.1,0,0.8,0,0,3,0
73,0,2,134.7,167.7,0,1,101.8,1,0.6,0,0,2,1
54,1,1,152.4,226.5,0,0,140.1,1,4.8,2,0,2,1
41,0,2,153.8,275.3,1,0,180.5,0,1.6,0,0,1,0
59,1,1,148.5,310.4,0,2,182.8,0,0.1,1,0,1,0
77,1,2,134.5,180.6,0,1,86.8,0,3.7,0,2,1,1
43,1,1,141.1,196.0,0,1,160.0,0,0.6,2,0,1,0
50,1,2,178.3,256.0,0,1,158.1,1,1.0,0,0,2,1
59,0,0,133.6,276.3,0,1,176.8,0,0.1,0,0,3,1
53,1,1,151.0,276.7,0,0,151.9,1,4.4,2,0,2,1
43,0,1,120.5,302.5,0,0,158.3,1,0.6,0,1,1,0
66,1,2,156.3,277.7,0,2,132.6,0,0.6,1,0,1,1
80,1,2,156.8,245.2,0,2,111.0,0,0.4,0,0,3,1
56,1,3,123.5,288.8,0,2,133.9,0,0.5,1,1,1,0
44,1,2,145.5,241.0,1,2,162.2,0,1.4,0,0,1,0
37,0,1,141.6,247.5,0,0,132.0,1,0.1,0,0,1,0
57,1,2,148.1,220.7,0,0,172.4,0,0.3,1,3,1,1
66,1,1,136.3,252.5,0,2,146.2,1,0.4,1,2,1,1
59,0,0,154.4,171.4,0,0,110.3,0,0.3,0,1,3,1
54,1,2,117.2,286.9,0,1,153.5,0,0.2,0,0,2,0
48,1,0,132.7,194.9,0,1,138.8,1,6.0,0,1,1,1
42,1,0,133.0,198.1,0,1,191.3,1,1.7,1,0,2,1
63,0,2,154.3,142.2,1,1,107.4,1,0.2,0,0,1,1
64,1,2,119.1,208.7,0,1,138.8,0,2.3,1,0,1,0
37,1,2,134.1,193.3,1,0,139.3,0,0.5,2,0,2,0
71,0,1,126.4,256.9,0,1,152.8,0,0.1,2,0,1,1
60,1,3,137.5,186.5,0,0,164.8,1,0.9,1,0,1,1
69,1,2,144.8,227.1,1,0,108.4,0,0.8,1,2,1,1
39,1,3,107.2,206.2,0,2,160.4,0,0.6,0,0,2,0
39,1,2,153.0,158.7,0,1,194.3,0,0.2,1,0,1,1
52,1,2,141.2,251.2,0,0,167.9,0,1.4,0,1,2,0
60,0,0,117.0,233.9,1,1,178.4,1,0.7,0,3,2,1
74,1,2,132.9,250.2,0,1,143.6,0,1.7,0,0,2,1
62,1,2,162.9,280.7,0,0,112.7,1,0.2,0,1,1,0
51,0,1,137.7,240.7,0,0,113.8,1,3.7,1,1,1,0
43,1,2,113.9,222.9,1,0,141.8,0,1.1,1,1,1,0
68,1,2,123.4,286.9,0,1,123.7,1,0.7,1,0,2,1
43,1,2,142.5,223.2,0,1,191.9,0,1.4,1,0,1,0
72,1,1,151.9,225.5,0,2,180.6,0,0.9,0,0,1,1
51,1,0,139.8,269.8,0,1,164.3,0,0.6,2,2,2,1
71,0,0,130.0,213.0,0,1,151.2,0,1.5,2,1,1,0
61,1,2,150.3,295.2,0,0,123.9,0,0.4,0,0,1,0
52,1,1,127.9,247.8,0,1,160.0,1,0.0,0,1,3,0
48,1,0,117.1,308.3,0,1,119.9,0,1.6,2,1,2,1
50,1,3,161.6,237.4,0,0,125.5,0,0.4,2,0,3,0
59,1,0,144.0,284.9,0,2,177.7,0,0.9,1,2,1,1
55,1,2,120.1,169.6,0,1,153.7,1,2.2,1,0,1,1
47,0,3,131.7,295.4,1,1,167.5,1,0.3,1,1,1,1
52,0,2,131.0,271.0,1,1,94.6,1,2.2,1,0,1,1
55,0,2,125.0,213.3,1,0,137.0,0,0.2,1,1,1,0
31,1,3,132.5,271.4,1,0,150.0,0,0.3,2,0,1,0
59,0,3,115.5,187.4,0,1,168.5,0,0.8,1,0,1,0
43,1,2,147.0,215.7,0,1,175.1,0,0.8,0,0,2,0
41,0,1,127.6,199.4,0,0,174.9,0,2.1,1,0,1,1
35,1,1,100.3,275.2,0,0,161.8,1,0.3,1,0,1,0
34,1,3,124.9,289.3,0,0,190.6,1,3.2,1,0,1,1
39,1,3,119.2,216.4,0,1,139.1,0,0.9,1,1,2,0
46,1,3,90.0,182.7,0,0,146.1,1,1.0,1,3,2,1
75,0,2,133.4,205.8,0,1,173.5,0,0.0,1,0,1,1
48,1,1,151.2,243.4,0,0,153.4,1,5.6,0,0,2,1
56,0,1,129.6,243.4,0,1,174.7,0,0.4,0,0,1,0
58,1,0,147.7,227.8,0,0,135.3,0,0.7,0,0,1,1
55,0,2,131.4,205.2,0,0,149.7,0,0.0,2,0,1,0
53,1,1,125.5,312.7,1,0,171.4,0,0.6,2,0,2,1
41,1,1,117.6,209.6,0,0,184.7,0,0.1,2,2,3,0
70,1,3,114.9,210.4,0,2,136.1,0,3.4,2,2,1,1
74,1,0,155.7,298.9,0,0,105.3,0,1.8,0,2,3,1
35,1,3,142.4,222.3,0,0,138.9,0,1.3,0,0,1,0
43,1,0,126.2,260.1,0,1,145.7,0,0.8,2,0,2,1
51,1,3,96.8,201.8,0,0,159.8,1,1.6,0,2,1,1
43,0,1,136.7,259.8,0,1,137.4,1,0.2,2,1,2,0
60,1,0,119.2,275.8,0,1,154.2,0,0.1,2,2,1,1
46,1,2,134.6,189.5,0,0,158.8,1,0.0,2,3,2,1
78,0,3,109.3,226.3,0,0,123.0,0,0.7,1,0,2,0
67,1,1,138.9,206.1,0,1,98.4,0,1.2,1,0,3,1
56,1,2,132.1,218.9,0,1,157.4,1,0.4,2,2,1,0
65,1,3,93.4,315.7,0,0,103.8,1,0.0,1,2,1,1
66,1,1,166.1,256.9,0,1,159.0,0,0.1,2,0,2,1
48,1,3,126.6,325.0,0,0,198.7,1,0.2,1,0,3,0
45,0,1,124.1,303.5,0,1,153.5,0,0.6,1,3,1,1
55,0,1,140.9,291.5,0,0,135.7,0,0.6,0,1,1,1
63,1,1,135.3,308.5,0,0,175.6,0,0.1,0,0,1,1
56,1,1,141.1,293.1,0,1,140.4,0,1.7,0,1,3,1
37,1,0,109.2,310.4,0,0,163.7,0,1.0,0,2,3,1
45,1,1,129.2,262.2,0,0,167.6,0,0.6,0,0,1,0
53,0,1,96.4,271.2,0,1,130.5,0,1.3,1,1,3,1
53,1,2,129.5,270.0,0,1,181.6,0,3.4,1,0,3,1
76,0,2,162.5,229.8,0,1,159.4,0,0.1,0,0,2,0
39,0,2,100.1,273.4,0,1,205.0,1,5.2,0,2,3,1
60,1,1,129.2,298.8,0,0,156.8,0,4.1,0,1,2,0
70,0,3,96.8,220.6,0,1,130.6,0,0.1,0,1,2,0
79,1,1,140.4,212.4,0,0,105.8,1,2.3,0,0,2,1
50,0,0,138.4,215.8,0,0,152.9,0,1.3,0,0,2,1
59,0,2,139.2,302.8,0,1,146.9,0,0.2,0,0,1,0
60,1,2,124.7,233.1,1,1,171.8,0,1.6,2,0,2,0
56,1,0,95.9,193.5,0,1,142.3,0,0.1,0,0,2,1
53,0,1,108.4,195.4,0,1,132.3,0,0.2,0,0,2,0
59,1,3,157.9,203.4,0,0,105.2,0,0.2,1,0,2,0
26,1,2,142.8,200.2,0,1,162.2,0,1.2,0,1,1,0
62,1,1,134.4,182.6,0,1,127.2,0,0.0,2,0,1,1
55,0,3,134.2,268.4,0,1,138.3,0,0.7,0,3,2,1
52,1,0,115.0,232.4,0,1,144.3,0,0.6,0,0,3,1
77,1,2,163.0,273.0,0,1,135.9,1,0.2,2,1,1,1
47,0,1,116.3,137.9,0,1,131.8,0,0.1,1,0,1,1
50,0,0,137.9,287.2,0,0,134.9,0,0.4,0,1,2,0
76,1,0,115.6,245.5,0,1,166.3,0,0.4,0,2,2,0
45,0,2,125.5,260.3,0,2,147.3,1,3.6,1,2,2,1
48,0,0,152.0,306.2,0,0,166.9,0,0.2,1,1,1,1
52,0,2,113.5,256.9,0,1,140.3,0,0.7,2,1,1,0
63,1,3,149.7,337.5,0,2,136.5,1,0.7,2,1,1,1
56,1,2,115.0,159.4,0,1,168.9,0,0.7,1,1,1,1
40,0,1,111.3,222.5,0,0,144.3,1,3.0,1,3,1,1
48,1,0,132.3,159.9,1,0,170.4,0,0.5,1,0,1,0
47,1,1,149.7,252.8,0,1,164.8,0,0.1,0,0,1,1
53,0,1,125.4,244.4,0,0,139.7,0,0.1,2,0,1,0
59,1,3,146.4,195.1,0,0,119.4,1,1.9,1,2,1,1
59,1,3,155.8,338.8,0,0,161.7,0,0.8,1,0,2,1
34,1,1,115.1,218.6,0,0,145.9,0,0.2,2,0,1,0
66,0,0,106.5,148.5,0,0,134.0,0,1.9,2,2,1,1
57,1,3,128.4,272.4,0,1,133.9,1,1.5,1,2,1,1
69,1,2,160.7,277.3,0,0,100.8,0,0.5,0,3,2,1
59,1,2,120.6,222.1,1,0,145.0,1,0.7,1,0,2,0
66,1,1,155.3,280.3,1,1,94.3,1,1.0,1,0,3,1
59,0,1,127.5,201.3,0,1,158.3,0,0.3,1,0,2,0
69,1,3,169.4,228.3,0,0,152.9,0,1.0,0,1,1,0
60,1,0,175.9,260.8,0,1,141.5,0,0.9,1,0,1,1
53,0,2,149.3,281.7,0,0,121.1,1,0.5,0,3,1,1
79,0,0,107.6,240.3,0,0,144.6,0,0.9,2,0,2,1
64,0,3,90.2,223.7,0,1,75.0,0,0.3,1,3,2,1
60,1,2,136.6,241.7,1,1,143.8,0,0.8,2,0,1,1
40,1,0,146.8,146.5,0,0,184.4,0,0.9,2,0,1,0
40,1,0,139.5,224.2,0,1,162.7,0,4.1,1,0,1,1
57,0,2,118.7,155.3,0,1,131.8,0,0.1,1,2,3,0
56,1,1,107.8,205.1,0,2,120.1,1,0.1,1,1,3,1
47,1,2,149.0,176.4,0,0,205.0,0,0.3,1,0,2,0
56,0,1,165.0,265.3,1,0,137.3,1,0.4,0,0,3,1
71,0,0,123.2,215.2,0,1,132.8,0,3.4,1,0,3,0
62,0,2,147.9,298.7,0,1,131.3,0,6.0,0,0,3,1
41,1,2,177.6,155.6,0,0,134.4,1,1.3,1,0,1,0
53,1,1,130.3,230.3,0,0,93.3,0,0.2,1,0,2,1
45,1,1,128.7,242.0,0,1,139.8,0,0.8,1,1,3,1
50,0,2,140.1,261.6,0,0,147.9,0,2.1,2,2,2,0
49,1,2,127.6,334.4,1,2,127.7,1,0.6,0,0,3,1
49,1,0,156.9,153.1,0,1,93.5,0,0.8,1,0,2,0
40,1,0,123.2,203.2,0,1,161.5,0,0.9,0,0,1,1
53,0,0,130.2,328.9,0,1,147.5,1,1.1,0,0,3,1
48,1,2,106.5,198.8,1,0,183.9,0,1.0,0,0,1,0
22,1,2,121.8,249.6,0,0,163.8,0,0.7,2,0,3,0
77,0,1,118.6,208.1,0,1,91.2,0,0.4,1,0,2,1
66,0,2,140.2,184.3,0,0,168.5,1,0.5,1,0,1,1
50,1,1,103.0,204.1,0,0,178.9,1,0.4,1,2,2,0
54,1,2,151.6,328.4,0,0,117.2,0,1.5,0,0,1,1
41,1,0,115.1,185.5,0,1,166.9,1,0.6,1,2,1,1
73,0,2,167.9,234.9,0,0,167.6,0,0.1,1,0,3,0
75,1,2,163.9,237.5,0,0,171.2,0,0.3,0,3,2,1
56,1,2,144.1,282.4,1,0,175.8,0,0.2,0,2,1,1
65,1,3,109.1,294.9,1,1,147.6,1,0.1,1,2,2,0
56,1,2,123.2,246.8,0,1,145.2,1,0.4,1,0,1,0
39,1,3,114.1,120.0,0,0,143.4,0,0.0,1,2,1,0
49,0,1,115.9,200.5,1,1,136.4,0,0.4,1,1,1,0
55,1,1,162.6,189.0,0,0,118.8,0,0.0,0,0,1,1
49,1,3,130.0,290.6,1,0,160.8,0,1.0,1,0,2,0
52,1,3,121.7,200.2,0,0,144.8,1,0.4,0,0,2,0
53,1,2,120.3,315.1,0,0,139.1,0,0.0,1,0,1,0
53,1,1,124.2,259.0,0,2,144.9,1,1.7,0,2,1,1
55,1,3,143.8,291.7,0,1,171.3,1,0.1,0,0,1,0
42,0,1,98.7,336.5,0,0,170.2,0,0.5,2,3,3,1
46,1,0,133.8,197.1,0,1,108.6,0,0.0,0,0,2,0
40,0,2,135.1,165.2,0,1,205.0,1,1.9,1,0,2,1
65,1,0,105.5,253.5,0,0,165.8,0,0.3,0,1,2,0
31,1,1,102.7,275.3,0,0,150.5,0,1.3,1,0,1,0
67,0,2,133.4,216.7,0,1,139.9,1,0.2,0,0,2,0
69,1,1,163.7,248.3,0,0,136.2,1,3.1,0,2,2,1
51,1,3,154.9,293.9,0,2,126.5,0,1.7,0,1,2,1
25,1,3,115.8,280.4,0,0,156.7,0,0.1,2,0,1,0
50,1,2,158.4,214.4,0,0,127.8,0,0.1,0,1,1,0
53,1,3,128.0,253.0,0,1,168.4,1,0.1,0,2,2,0
43,1,2,125.3,196.4,0,0,117.7,0,0.7,1,2,1,0
48,0,2,131.2,175.5,0,0,136.9,1,2.8,0,2,1,1
71,0,3,150.4,307.1,0,0,115.6,0,0.9,0,0,2,1
61,1,1,124.8,150.0,0,0,182.4,1,0.3,0,0,1,0
44,1,1,124.3,246.3,0,0,171.1,1,0.6,2,0,2,1
36,0,2,104.0,218.8,1,1,169.4,1,0.2,0,0,1,0
50,1,2,139.3,264.1,0,1,174.2,0,2.9,0,0,1,0
52,1,2,150.3,210.6,0,0,149.7,1,2.3,1,0,2,1
59,1,2,153.2,293.4,1,1,141.3,1,3.1,1,0,1,1
48,0,2,104.9,229.5,0,2,148.4,0,3.6,1,1,2,1
60,1,2,128.6,307.4,0,0,133.7,0,0.1,0,0,1,1
75,1,1,161.7,258.4,0,1,150.3,1,3.1,0,0,2,0
63,1,0,140.4,198.4,0,0,163.3,0,1.0,1,3,1,1
53,1,2,134.4,264.9,0,0,163.2,1,0.3,1,1,3,1
52,1,0,133.7,259.1,0,0,139.0,0,0.7,1,2,1,0
50,1,3,142.7,235.3,0,0,137.6,0,0.1,0,0,1,0
67,1,3,142.4,213.0,0,2,189.0,0,0.3,1,3,3,1
47,0,2,118.9,276.8,1,0,143.8,0,1.1,1,0,1,0
54,1,3,149.9,198.9,1,0,178.5,1,0.3,1,0,2,0
55,1,2,112.6,203.9,0,0,138.3,0,0.4,2,0,1,0
48,1,0,156.3,262.5,0,0,143.1,1,1.2,1,2,1,0
39,1,2,114.1,226.9,0,0,166.1,0,0.4,1,1,1,0
58,1,1,144.9,156.4,0,0,178.9,1,0.0,0,0,3,1
53,1,1,130.8,198.7,0,0,156.7,0,0.9,0,2,1,0
60,1,1,126.9,261.4,0,0,130.9,0,2.3,1,0,3,1
48,0,2,153.9,227.4,0,0,204.1,0,1.7,0,0,1,0
67,1,2,150.6,241.5,0,0,144.9,0,0.5,1,0,2,1
44,0,1,127.4,249.4,0,0,148.5,1,0.2,0,2,2,1
73,0,1,167.2,268.1,0,0,149.9,0,0.1,2,2,1,1
35,1,2,146.9,239.9,0,0,136.1,0,0.4,2,0,2,1
59,1,1,120.8,120.0,0,1,162.4,0,0.1,1,0,2,0
59,1,1,94.6,240.7,1,0,121.7,1,1.0,0,1,1,1
45,1,2,133.7,215.5,1,0,167.5,1,3.7,1,2,2,1
59,1,1,160.2,244.5,0,1,179.7,0,0.1,0,2,1,1
68,0,0,145.5,293.3,1,2,119.8,0,0.5,0,0,3,1
30,0,1,153.3,185.8,0,0,164.7,0,4.5,0,0,1,1
60,1,2,124.7,246.6,0,0,151.8,1,0.0,1,0,1,1
27,1,2,125.1,252.9,0,0,184.8,0,0.1,0,0,1,0
43,1,3,129.6,223.9,0,0,165.6,1,0.5,2,0,2,1
72,1,2,142.8,190.1,0,0,138.7,0,0.4,1,0,1,1
48,1,1,146.3,186.3,0,1,181.0,0,1.5,1,1,1,0
41,1,1,160.1,235.3,0,0,160.4,0,0.5,0,2,1,0
52,0,0,163.7,213.4,1,1,134.4,0,0.5,0,0,1,0
77,1,2,169.7,164.6,1,0,109.7,0,1.0,0,0,2,1
34,0,2,138.0,199.3,1,1,185.7,0,1.2,0,0,1,0
42,1,2,124.8,180.0,0,1,186.9,0,6.0,2,2,3,1
70,1,0,142.1,279.9,0,0,141.8,0,0.5,2,3,3,1
74,0,1,147.8,183.1,1,1,103.2,1,0.6,0,2,3,1
53,0,1,133.2,303.5,0,0,136.2,0,0.1,2,3,1,0
40,1,2,114.1,331.5,0,0,185.6,1,0.5,0,2,3,1
77,1,0,131.4,216.9,0,0,145.9,1,0.1,0,0,1,1
72,0,2,151.1,220.7,1,0,103.8,0,0.9,1,1,3,1
61,1,0,131.3,285.4,0,1,154.5,0,1.1,0,0,2,0
45,1,2,132.2,285.9,0,1,151.9,0,2.0,1,0,2,0
53,1,0,132.3,219.4,0,1,167.7,1,0.1,1,2,1,1
52,1,0,117.4,221.4,0,1,139.2,0,0.5,2,2,3,1
58,0,0,128.9,223.8,0,1,174.4,0,0.7,0,0,2,1
70,1,1,129.8,209.5,0,1,132.5,0,1.0,2,0,1,1
64,1,1,124.0,285.0,0,0,76.5,0,3.7,0,0,1,1
42,1,3,112.0,244.0,0,1,141.1,0,0.0,1,0,2,1
69,1,0,135.9,214.7,0,0,144.1,0,1.5,0,0,3,1
57,1,0,145.9,245.3,0,0,148.8,0,0.1,0,3,1,1
62,0,2,153.2,227.6,1,1,132.1,0,0.6,0,0,1,0
70,1,2,112.9,357.2,0,0,103.7,1,0.4,1,0,1,1
42,1,1,159.9,226.3,0,0,180.1,0,1.6,1,0,1,0
54,0,2,136.3,274.0,0,1,183.5,0,1.3,0,1,3,0
48,1,2,112.2,258.4,0,0,130.4,1,2.0,1,2,1,0
37,0,1,119.5,228.8,0,0,177.0,1,2.0,0,2,1,1
58,1,2,101.2,262.2,0,1,158.9,0,0.4,1,2,2,1
82,1,0,111.8,260.5,0,0,103.3,0,0.8,0,0,2,1
34,1,0,160.0,343.8,0,0,167.8,0,0.1,1,1,1,0
54,1,3,121.4,237.1,0,2,205.0,0,0.5,2,0,2,1
61,1,1,145.4,129.2,0,1,114.3,1,1.0,0,0,1,1
55,1,1,132.2,338.1,1,1,176.7,1,3.0,0,0,2,1
53,1,3,134.1,218.6,0,1,147.3,0,0.4,1,0,1,0
40,1,2,137.1,240.3,0,1,149.9,0,2.1,0,3,3,1
57,1,2,97.2,218.5,0,0,173.8,1,1.6,2,0,2,0
46,1,2,155.7,212.2,0,0,138.7,0,0.7,2,0,1,1
30,1,2,126.2,183.8,0,0,164.0,1,0.1,2,3,1,1
67,1,2,128.2,157.8,0,1,136.9,1,2.1,0,1,1,1
65,1,0,145.2,213.7,0,1,119.6,1,0.1,1,0,1,1
55,1,1,121.3,264.4,1,1,174.3,1,5.8,1,0,2,1
57,0,1,135.5,170.0,1,0,156.2,0,1.0,1,0,2,1
66,1,0,134.0,267.8,0,1,190.4,1,1.1,0,1,3,1
56,1,1,147.3,344.2,0,1,149.8,0,0.6,1,1,1,1
64,1,2,132.6,257.5,0,1,139.2,1,0.3,0,1,1,0
51,1,0,114.7,179.2,1,2,142.1,0,0.7,0,0,1,0
68,1,1,144.0,264.0,1,0,132.9,0,1.7,1,2,1,1
58,1,2,130.1,284.9,0,0,178.6,0,0.9,2,2,3,1
56,1,2,101.7,299.5,1,0,134.0,0,0.1,0,1,3,1
40,1,3,134.1,244.8,0,0,166.0,0,0.9,0,0,1,1
57,1,2,125.1,269.0,0,0,138.2,0,0.1,0,0,1,1
45,0,3,135.0,275.7,0,0,124.4,0,0.1,0,0,1,0
47,0,2,113.9,265.4,0,0,159.0,0,1.0,0,2,1,0
45,0,2,107.0,252.3,0,0,119.0,0,0.1,2,0,2,0
42,1,3,152.2,209.1,0,0,160.2,0,1.2,0,0,1,0
77,0,3,151.9,291.4,0,0,123.8,0,1.3,0,0,1,0
69,1,2,137.6,223.1,1,0,130.0,1,0.1,1,1,1,0
75,1,2,147.1,363.3,0,1,132.2,1,0.8,1,1,1,1
41,1,1,145.3,208.7,0,1,155.9,1,3.1,1,2,1,1
55,0,3,131.1,277.1,0,0,142.5,0,0.4,1,3,3,0
40,0,2,105.7,180.3,0,1,167.5,1,0.3,0,0,1,0
46,0,3,134.4,217.6,0,0,152.6,1,0.6,0,0,1,0
44,1,0,149.5,212.0,0,0,205.0,0,1.7,0,0,2,1
68,1,1,148.2,186.1,0,0,115.0,1,1.1,1,1,2,1
50,1,1,134.1,214.7,0,1,125.2,0,0.6,1,0,1,1
66,1,3,147.2,261.5,0,1,131.9,0,1.1,1,2,3,1
61,1,3,131.7,233.0,0,1,124.4,0,1.2,1,1,1,1
79,0,1,156.0,302.6,0,0,159.0,0,0.0,0,0,1,1
38,1,2,154.2,194.8,0,1,195.7,0,0.7,0,1,2,0
68,1,0,114.2,277.0,0,1,130.4,1,0.1,0,3,2,1
67,1,1,157.3,219.9,0,1,151.1,0,0.3,1,0,3,1
43,0,1,168.5,287.2,1,1,163.2,1,1.9,0,0,1,1
65,1,2,146.2,279.7,0,1,131.0,0,1.1,0,0,1,1
58,0,3,149.7,287.4,0,1,158.8,1,0.6,1,0,1,1
51,1,1,121.6,233.2,0,2,167.7,0,0.6,1,0,1,0
45,1,2,122.7,296.7,0,1,116.3,1,0.3,2,1,1,1
46,1,2,128.2,165.6,1,0,126.4,0,0.6,0,3,1,1
77,1,1,132.5,269.1,1,0,127.4,0,0.2,0,0,1,1
54,0,3,107.4,247.5,1,0,140.5,1,0.8,0,0,1,0
63,1,3,133.1,281.2,0,1,143.9,1,0.6,0,3,1,1
45,0,1,143.8,234.9,0,0,132.8,0,1.9,1,0,1,1
45,1,2,108.4,195.0,0,0,130.1,0,0.3,1,3,2,0
66,1,0,140.2,197.6,0,0,132.5,0,4.8,2,0,1,1
39,1,2,132.9,235.6,0,0,130.9,0,2.6,1,1,1,1
49,1,2,127.3,228.2,0,0,176.9,1,0.8,0,0,2,0
54,1,0,142.9,279.1,0,1,170.5,1,1.1,1,0,2,1
55,1,3,141.5,283.7,1,0,160.4,0,3.2,1,0,2,1
52,0,2,123.8,242.8,0,0,171.2,1,0.4,1,0,2,0
58,1,3,154.1,243.9,0,0,135.8,0,0.0,0,3,1,1
62,1,0,146.1,291.0,0,0,133.1,0,0.3,1,1,1,1
62,1,3,164.3,233.4,0,0,151.6,0,0.1,0,0,2,0
43,1,2,130.1,228.6,0,1,171.3,0,1.5,2,0,2,1
51,1,0,127.5,182.1,0,0,157.4,0,0.3,1,2,1,1
67,1,1,133.5,284.6,0,0,146.2,0,0.1,0,0,1,0
64,0,3,154.7,240.9,1,1,149.3,0,3.8,1,1,1,0
39,1,2,127.6,286.2,0,1,178.0,1,0.0,1,0,2,0
58,1,1,133.4,189.7,0,2,169.2,0,4.2,0,0,2,1
32,1,3,163.8,212.1,0,0,155.7,1,1.1,1,2,1,0
55,0,0,107.0,283.4,0,0,160.8,0,0.8,0,0,2,1
75,1,1,145.7,263.1,1,0,88.4,0,1.0,1,0,2,1
44,0,2,127.4,185.8,0,2,117.1,0,2.8,1,0,1,1
45,1,2,127.2,278.8,0,1,145.3,0,0.1,1,0,1,1
62,0,1,115.8,186.8,0,0,128.8,0,1.1,2,1,1,0
37,1,2,117.8,271.9,0,0,196.4,0,0.6,1,0,1,0
47,0,2,121.9,195.8,0,1,145.3,1,1.9,1,0,1,0
61,1,2,144.7,297.2,0,1,151.6,0,0.6,0,0,3,1
47,1,2,147.6,243.9,0,0,156.4,0,0.5,0,0,1,0
51,0,1,98.2,255.5,0,1,118.5,1,2.7,1,2,1,1
62,0,3,111.4,240.6,0,0,149.2,0,1.6,0,2,1,1
59,0,1,142.1,247.0,0,0,145.3,0,0.3,0,0,2,1
57,1,3,146.1,246.1,0,1,180.2,0,0.6,0,0,3,1
50,1,0,106.7,271.0,0,0,137.8,1,1.2,2,0,1,0
58,0,1,147.7,240.0,0,0,158.9,1,0.3,2,0,1,1
53,1,0,133.5,305.4,1,0,161.0,1,1.3,1,2,3,1
59,0,2,145.7,210.8,1,0,126.0,0,1.6,1,3,1,1
49,1,1,117.4,277.5,0,2,99.0,0,1.6,0,2,2,1
52,1,2,108.5,265.5,0,1,149.6,1,0.1,0,0,1,1
43,1,3,125.7,291.8,0,2,181.6,1,0.4,0,1,1,0
54,1,0,129.2,246.7,0,1,154.4,0,4.6,0,0,2,1
45,1,0,126.0,252.7,1,2,173.1,1,1.4,0,1,1,1
42,1,3,124.0,251.2,0,2,140.9,1,1.6,0,0,2,0
57,1,1,165.2,188.9,0,1,162.7,1,1.2,2,2,1,1
56,0,1,100.9,259.4,0,1,106.8,1,2.1,1,0,1,1
63,0,0,118.0,388.4,0,1,154.9,0,1.3,1,0,1,0
49,0,1,122.2,310.5,0,2,114.1,0,0.9,0,0,3,1
58,1,0,135.4,208.5,0,2,158.3,0,1.0,1,1,2,0
60,1,2,148.3,164.3,0,2,131.7,0,0.7,1,0,1,1
59,0,1,147.8,245.4,0,0,163.2,0,0.1,2,1,1,1
45,0,2,148.1,285.9,0,1,152.1,1,0.3,0,0,1,1
56,1,1,143.2,240.4,0,0,170.6,0,0.1,0,0,1,0
58,0,2,100.9,325.9,0,1,154.8,0,1.5,2,0,1,0
54,1,1,104.0,207.1,0,1,149.6,1,0.6,1,1,1,1
31,0,3,145.9,243.2,0,1,187.5,0,0.5,2,1,1,0
56,1,2,154.0,237.3,0,1,156.2,1,0.3,2,0,3,0
78,1,0,151.4,282.0,1,1,171.5,0,0.1,1,2,3,1
50,0,1,115.2,275.2,0,0,149.3,1,0.6,0,0,2,0
46,1,0,126.2,290.9,0,1,147.8,1,0.4,1,2,1,1
58,1,0,127.8,237.3,0,0,125.4,0,0.2,1,3,1,1
57,1,2,116.3,297.8,0,0,133.6,0,0.3,0,0,1,1
67,1,1,141.9,261.1,0,2,134.6,0,2.1,1,1,1,1
40,0,3,166.3,296.3,0,1,140.8,1,0.4,1,0,1,1
62,0,0,124.1,310.2,0,0,156.9,0,2.1,0,0,2,0
60,0,2,155.8,244.3,0,1,116.4,1,2.2,1,0,2,1
52,0,1,114.6,211.0,1,0,129.7,0,0.9,0,0,2,0
58,1,0,107.3,251.8,0,0,98.3,1,2.2,1,0,3,1
65,1,3,154.5,288.8,0,0,125.8,0,2.6,0,0,2,1
64,1,2,132.6,178.7,1,0,168.4,1,0.3,1,1,1,0
41,1,2,153.6,215.1,1,1,144.1,0,1.9,0,1,3,1
63,1,2,162.7,274.6,0,0,123.7,0,3.4,0,0,2,1
53,1,3,128.7,127.2,0,0,131.8,0,0.7,1,1,3,1
55,0,2,155.4,196.2,0,1,154.7,0,2.1,0,2,1,0
55,1,0,118.5,214.8,0,1,175.1,1,1.0,1,0,2,0
52,1,0,117.4,237.0,1,1,168.0,0,1.8,1,1,1,1
67,0,2,153.6,231.8,0,1,110.7,0,0.3,1,0,1,1
53,0,2,102.9,227.7,0,0,178.9,0,0.2,0,1,1,0
42,1,2,131.0,178.6,0,1,177.2,1,1.7,1,2,1,1
50,1,0,155.5,317.9,0,2,160.4,0,1.3,0,3,3,1
56,0,3,155.2,215.4,0,1,121.5,0,2.2,1,0,1,1
68,1,2,129.7,162.6,0,0,119.3,1,0.0,1,0,1,1
61,1,2,153.9,293.8,1,1,126.5,0,1.0,0,0,1,1
45,1,0,111.5,204.1,0,0,141.2,1,0.6,2,0,2,1
81,1,3,128.7,197.5,1,0,135.6,0,0.4,1,0,1,0
57,0,2,135.9,272.3,0,0,85.8,0,1.9,0,1,2,1
68,1,2,144.3,223.5,1,0,111.0,0,0.4,0,2,1,1
52,1,3,114.6,248.1,0,1,143.7,1,0.5,0,2,1,1
60,1,3,169.0,215.6,0,2,165.7,1,0.3,1,2,1,1
63,0,0,99.5,224.2,0,0,135.5,0,3.6,1,1,2,1
67,1,3,138.2,202.3,0,0,143.9,0,1.0,0,0,2,1
66,0,2,137.5,192.2,0,0,164.6,0,1.3,1,0,1,0
64,1,0,105.1,397.6,1,0,124.1,1,4.0,1,2,1,1
51,1,0,157.1,203.9,0,0,127.2,0,0.8,1,1,1,1
48,1,1,119.2,174.9,0,0,126.9,0,0.6,0,2,1,0
58,0,2,133.8,292.5,1,1,139.1,0,0.6,0,1,1,0
64,0,2,139.4,256.6,0,0,127.3,0,1.3,2,1,1,1
52,1,0,107.3,241.5,0,1,185.3,0,2.4,0,1,2,1
66,1,3,117.7,224.1,0,1,145.8,0,1.5,0,2,1,1
70,1,3,166.1,229.1,0,0,152.8,1,0.7,1,0,2,0
44,1,2,130.3,224.8,0,1,134.8,0,0.3,1,2,1,1
45,1,3,90.0,288.3,0,0,151.9,0,1.8,1,3,1,1
52,1,2,128.1,229.8,0,1,142.0,0,1.8,0,0,1,0
57,1,0,134.2,292.8,0,1,150.0,1,0.3,0,1,1,1
48,0,2,133.4,236.9,0,0,159.6,0,1.2,1,0,2,0
69,1,3,101.8,237.6,1,0,130.8,0,0.8,1,2,1,1
59,1,0,134.7,198.2,0,1,140.0,0,0.2,1,0,1,0
54,1,3,119.0,335.8,0,0,172.4,0,0.3,1,0,1,1
38,0,0,131.0,236.5,0,1,137.0,1,1.3,0,1,1,1
40,1,2,139.6,236.4,0,1,171.8,0,3.0,0,3,1,0
57,1,2,141.9,324.2,0,2,152.2,1,1.0,0,2,1,1
31,1,2,153.5,251.7,0,0,177.9,0,3.6,0,2,2,0
65,1,2,176.2,268.4,0,0,134.1,0,0.8,0,1,1,0
52,1,2,113.1,243.3,0,1,171.5,0,1.9,1,1,1,1
85,1,2,134.9,218.2,0,0,115.0,0,3.7,1,0,1,0
79,1,2,153.6,303.7,0,0,143.6,0,0.0,2,1,3,0
52,0,1,128.2,178.4,0,0,159.7,0,0.0,1,0,2,0
53,0,2,90.0,198.1,0,0,151.6,0,0.3,0,0,2,0
65,0,3,130.3,211.1,0,0,163.6,1,0.3,1,1,2,1
73,1,1,161.0,259.1,0,1,160.5,1,0.8,1,1,1,1
36,1,2,104.4,234.4,0,1,173.4,1,0.7,0,1,1,0
34,1,0,133.0,152.4,0,0,198.7,0,1.8,0,0,2,1
47,0,2,94.9,340.9,1,1,143.0,0,0.8,0,0,1,0
60,0,0,148.2,276.9,0,0,138.1,1,0.3,0,2,1,0
59,0,1,136.6,221.5,0,1,150.9,0,0.2,0,2,2,1
66,0,0,123.8,264.7,1,0,136.5,0,0.3,2,1,1,1
41,0,0,120.2,256.5,1,1,147.4,1,0.2,0,1,1,1
29,1,1,100.8,218.1,1,0,130.4,0,0.9,1,0,1,0
63,1,1,154.4,261.9,1,2,159.3,0,0.3,1,1,1,0
45,1,1,117.4,256.1,0,0,150.6,1,2.0,1,0,3,1
32,1,0,137.5,281.7,0,0,159.6,0,3.4,0,0,1,1
56,0,3,114.2,245.1,0,0,124.0,0,0.5,1,0,2,0
63,1,0,175.8,258.7,0,0,133.6,0,2.7,1,0,1,1
53,1,3,161.8,231.9,0,1,153.4,1,2.0,1,3,2,1
49,0,2,167.1,220.6,0,0,124.1,1,0.7,0,0,2,1
52,0,0,169.9,206.8,0,0,145.1,0,0.2,0,0,3,1
50,0,1,118.6,204.6,0,0,140.4,0,0.9,1,0,1,0
39,0,3,111.3,215.7,0,0,154.3,1,1.5,0,1,2,0
46,1,2,168.5,228.2,0,2,148.4,0,0.1,1,0,1,1
60,0,0,130.0,287.8,0,0,114.4,0,2.7,0,3,2,1
58,1,1,150.0,226.1,0,0,163.9,0,1.4,2,0,2,1
56,0,1,120.3,227.5,0,0,92.2,0,1.8,1,0,1,1
43,1,2,120.4,224.7,0,0,158.9,0,0.8,1,0,1,0
52,0,3,145.4,238.6,0,1,171.7,0,0.3,0,1,1,0
30,1,0,92.5,307.7,0,2,160.2,0,0.0,1,1,1,0
56,0,1,145.6,225.4,0,0,116.1,0,0.6,1,0,1,1
70,0,1,144.4,271.7,0,2,155.4,0,0.1,0,0,1,0
38,1,3,120.5,251.2,0,0,121.7,0,0.2,1,1,1,0
48,1,2,132.9,242.0,0,1,143.8,1,0.6,2,1,1,1
58,0,3,135.3,200.6,0,0,170.2,0,0.7,2,0,2,0
68,1,1,141.8,269.3,0,1,136.8,0,0.7,2,3,1,1
49,1,2,145.2,154.9,0,1,151.1,1,0.7,0,0,1,0
46,1,1,117.3,193.7,0,1,179.5,0,0.3,1,0,2,1
32,1,3,177.1,209.9,0,1,127.4,0,1.0,0,0,3,1
55,1,1,130.5,231.9,1,1,148.1,1,0.4,1,0,2,1
76,0,2,134.1,252.8,1,1,134.5,0,0.7,0,0,2,0
57,1,1,169.8,303.7,0,1,128.8,1,0.4,2,1,1,1
54,0,2,98.1,269.1,1,1,133.9,1,0.1,1,0,1,1
58,1,1,169.8,250.2,0,1,167.3,0,0.1,0,2,3,1
54,1,0,135.7,226.6,0,0,106.7,0,1.6,1,0,1,1
45,1,1,122.2,223.9,0,1,148.9,0,1.0,2,1,1,0
63,1,2,116.1,194.6,0,2,126.7,1,0.0,2,2,1,1
56,1,0,111.7,149.4,0,2,150.6,0,1.7,1,0,2,0
54,1,0,127.8,185.3,0,0,136.0,1,0.0,0,0,1,0
43,1,1,136.3,289.1,0,0,158.0,1,0.1,1,0,1,0
68,1,1,148.7,215.0,1,2,137.9,0,0.1,1,0,1,0
61,0,1,137.5,220.8,0,0,144.2,0,0.5,1,0,3,0
48,1,1,123.3,284.2,0,0,148.9,0,0.2,2,2,1,0
65,1,0,160.9,129.0,0,0,143.1,0,0.3,1,0,1,1
49,1,0,180.9,213.9,1,0,155.1,1,0.2,0,0,1,1
45,1,3,158.7,189.9,1,1,154.4,0,1.6,0,0,2,0
46,1,0,125.5,251.5,0,0,148.2,0,0.1,0,1,1,0
35,1,2,138.3,259.3,0,0,181.2,1,0.1,0,2,2,1
59,1,1,145.4,268.4,0,1,124.1,1,0.3,0,0,1,0
34,0,3,154.9,300.8,0,0,205.0,0,0.4,2,0,2,1
40,0,0,121.4,260.9,1,2,136.7,0,0.5,1,1,2,0
31,1,3,110.9,244.3,0,1,150.8,0,0.0,1,0,1,0
53,1,1,154.2,348.1,0,0,108.0,0,0.5,1,0,1,0
52,1,0,140.8,147.1,0,2,142.1,1,0.3,2,0,1,1
50,1,1,113.0,336.8,0,0,169.4,0,0.8,0,0,1,0
43,1,1,144.0,314.2,0,0,133.1,0,0.2,2,1,2,1
41,1,1,163.8,230.3,0,2,185.5,0,1.4,0,0,1,0
59,1,1,122.8,212.0,0,1,140.7,1,1.3,1,2,1,0
48,1,3,116.5,210.3,0,1,120.1,0,0.1,1,1,3,0
57,1,1,135.3,229.8,0,0,127.5,1,0.3,0,1,3,1
44,1,1,143.7,290.5,0,0,163.9,0,0.5,0,0,1,0
56,1,2,133.2,133.6,0,0,134.7,0,0.2,0,0,2,0
68,1,2,157.9,334.7,0,1,174.6,0,0.6,1,0,1,0
60,0,0,137.2,243.5,0,1,128.7,0,1.5,0,0,1,1
49,0,2,148.0,291.4,0,0,148.1,0,0.0,0,1,2,0
57,0,1,118.8,188.3,0,0,131.8,1,0.1,1,1,2,1
51,0,0,108.2,272.2,0,0,169.6,1,1.7,1,0,1,1
54,0,1,124.9,258.4,0,2,114.7,0,0.9,1,1,3,1
50,0,0,105.8,264.8,0,1,104.6,0,0.3,0,0,2,0
52,1,1,140.9,210.3,0,1,137.0,0,4.4,1,2,2,1
56,1,1,98.2,225.3,0,1,141.6,1,0.8,0,0,2,1
43,1,1,123.1,183.2,0,1,116.9,1,1.3,0,0,1,1
43,1,2,126.1,271.2,0,2,163.6,1,2.2,2,0,1,0
39,1,2,111.4,295.2,0,2,172.2,0,0.5,2,0,2,0
36,1,2,124.0,247.5,0,1,150.6,1,0.1,0,2,2,0
41,1,2,130.8,120.0,0,0,140.4,0,4.4,0,0,2,0
56,0,3,154.3,301.8,0,1,178.6,0,0.3,1,0,1,0
44,1,3,112.8,243.1,0,1,129.1,0,1.1,0,1,1,0
60,1,3,141.9,126.7,0,1,155.7,1,0.1,1,1,1,0
54,1,0,144.0,166.5,0,0,137.1,0,0.4,0,2,2,1
32,0,1,125.1,187.3,1,1,164.8,1,0.3,0,0,1,0
61,1,2,126.8,243.8,0,0,160.8,1,3.3,0,0,1,1
63,0,1,112.7,199.6,1,0,149.2,0,0.1,0,0,1,1
43,0,0,162.4,198.4,1,0,114.4,0,0.0,1,0,1,0
59,1,1,136.6,283.4,1,1,164.7,1,0.9,2,2,2,1
45,1,3,126.1,290.5,0,0,110.8,0,0.6,1,0,1,1
55,1,1,172.4,283.5,1,0,161.6,1,0.7,1,0,2,1
40,1,1,134.5,164.5,1,1,165.9,0,0.6,2,0,2,1
34,1,0,174.8,275.9,0,2,153.3,1,0.0,1,0,3,1
50,1,2,107.5,218.9,1,1,160.2,0,0.3,0,0,3,0
53,0,1,126.5,327.4,1,0,123.7,0,2.0,2,1,2,1
50,0,0,105.3,251.5,0,0,120.7,1,1.3,1,2,3,1
41,1,3,128.6,290.4,0,1,167.6,0,1.4,2,1,3,1
50,1,2,130.7,264.5,0,1,142.7,0,2.5,0,0,1,0
57,0,2,123.5,261.5,0,0,178.7,0,0.4,2,0,3,1
54,0,3,132.0,225.2,0,0,139.6,1,0.3,2,2,2,1
56,1,1,127.1,295.2,0,1,123.9,0,1.8,0,2,2,1
47,1,2,130.3,279.9,0,1,205.0,1,2.5,0,0,3,0
67,1,0,123.6,231.4,0,0,108.5,0,2.1,0,0,2,1
41,1,2,156.7,217.5,0,1,158.7,0,1.1,0,2,3,1
59,0,0,112.3,211.8,0,0,147.0,1,0.1,0,3,1,0
67,1,0,141.1,281.9,0,0,155.5,0,0.3,1,0,1,1
59,1,1,113.8,253.5,0,0,137.2,0,2.7,0,1,1,1
52,0,0,115.5,253.4,0,0,142.8,0,1.2,0,0,1,0
48,1,1,119.4,223.4,0,0,147.9,0,0.6,1,2,1,0
65,1,2,134.4,309.4,0,1,180.6,0,1.1,1,0,1,0
38,1,2,133.2,170.3,1,0,176.2,0,2.3,1,1,2,0
43,0,0,108.3,272.0,0,1,135.4,0,1.2,1,0,2,1
50,1,0,125.6,283.2,0,0,138.4,1,0.6,0,1,3,1
68,1,2,119.7,232.3,0,0,136.3,0,3.3,1,2,3,0
58,1,2,116.4,179.0,0,1,125.5,0,1.2,1,1,1,1
43,0,0,148.7,254.4,0,1,118.8,1,1.6,0,1,2,1
51,1,2,108.2,293.0,0,0,134.4,0,0.2,0,2,1,1
47,1,2,133.6,316.9,0,1,131.8,0,1.0,1,0,1,1
46,1,0,162.6,267.5,0,1,187.1,0,1.8,0,0,2,0
65,1,1,158.5,218.2,0,0,142.9,1,1.0,2,0,1,0
39,1,1,137.9,266.7,0,1,123.6,0,0.1,2,0,1,1
72,0,3,135.2,269.7,0,0,130.0,1,0.1,2,0,2,0
63,1,0,149.5,258.7,1,1,151.8,0,0.4,0,2,2,1
66,0,1,140.6,206.7,0,0,156.5,0,0.9,0,0,2,0
49,0,3,155.4,266.0,0,0,155.0,1,1.6,0,1,2,0
52,1,1,131.1,261.4,0,0,160.4,0,1.4,1,0,2,1
38,0,2,145.0,342.6,0,0,154.1,0,0.0,0,1,2,0
48,1,0,126.6,243.2,0,0,148.2,0,0.3,1,2,1,0
59,1,3,169.3,317.7,0,1,205.0,0,1.8,1,0,1,1
68,1,3,134.6,307.5,0,1,126.0,0,0.5,1,0,3,0
42,1,2,101.9,239.4,0,1,127.1,0,0.0,1,2,1,1
50,1,0,134.4,294.4,0,1,140.4,0,1.5,1,0,2,0
52,0,0,144.3,206.2,1,0,146.4,0,0.8,1,1,2,1
39,1,2,159.6,227.7,0,1,122.1,0,0.1,2,3,1,1
61,0,1,114.8,220.3,1,1,154.4,0,0.7,0,0,1,0
46,1,2,100.6,231.7,0,0,139.0,0,0.1,0,0,3,0
52,1,2,142.4,152.5,1,1,97.9,1,2.4,2,0,1,0
49,1,3,141.1,318.8,1,0,150.1,0,0.3,1,0,1,1
45,0,1,103.4,224.9,0,0,135.1,0,1.8,1,2,1,1
54,0,2,125.1,276.0,1,1,169.9,0,1.4,1,0,3,0
52,1,2,128.4,251.5,0,0,126.6,0,0.6,0,0,2,1
50,1,1,147.8,228.0,0,0,138.1,1,0.2,1,0,1,1
46,1,3,124.6,182.4,0,0,160.0,0,2.2,1,1,2,0
58,1,0,127.2,202.6,0,0,137.1,0,0.2,0,0,1,0
72,0,2,137.6,237.3,0,1,116.0,0,0.2,0,0,1,0
56,0,3,106.7,221.2,1,0,125.6,0,0.2,0,0,1,0
65,1,1,171.0,202.4,0,1,167.4,1,0.3,1,3,1,1
39,1,1,147.1,205.9,1,0,144.8,0,0.5,1,0,1,0
56,0,0,118.9,262.4,0,0,120.0,0,4.7,1,2,2,1
42,0,2,107.9,275.8,1,0,149.3,0,1.1,1,0,2,1
38,0,2,108.3,184.5,0,1,154.0,0,0.1,1,0,1,0
46,0,0,139.6,199.9,0,1,165.0,1,0.1,0,0,1,0
67,1,2,119.1,255.4,0,0,111.5,0,0.1,1,0,1,1
64,1,3,132.0,237.7,0,1,179.0,1,0.6,0,1,1,0
57,1,3,104.3,226.3,0,1,133.9,1,0.5,0,0,2,1
37,1,2,139.5,276.0,0,0,195.8,1,2.0,1,1,1,0
52,0,1,140.9,248.8,0,1,153.3,0,0.5,0,1,1,0
57,1,3,131.4,171.0,0,0,158.3,0,0.6,0,0,1,0
56,1,1,138.0,206.9,0,1,164.6,1,1.0,1,1,1,0
34,1,2,143.3,161.3,0,0,150.5,1,1.6,1,0,2,0
44,1,2,134.5,230.0,0,0,123.8,0,1.7,0,1,1,0
53,1,1,147.8,182.6,0,1,164.0,0,1.3,0,1,2,0
60,1,0,114.5,166.0,0,0,191.7,1,0.7,1,0,1,0
30,0,0,131.8,142.6,0,1,162.2,0,2.8,1,1,2,1
52,1,1,137.0,328.0,0,0,150.0,0,0.5,1,0,2,1
56,1,1,156.1,182.0,0,1,153.7,1,0.6,0,2,1,1
63,1,3,136.8,230.7,0,1,110.1,1,1.9,0,0,1,1
62,1,1,134.2,246.8,0,1,168.7,1,0.4,0,0,3,0
60,1,1,125.5,248.7,0,2,116.7,1,0.5,0,1,1,1
45,1,1,158.6,265.6,0,1,185.9,0,0.2,0,3,1,0
33,1,0,90.0,231.8,0,0,165.9,0,0.0,1,2,1,0
50,1,0,142.2,220.0,0,0,178.2,1,1.3,0,1,3,0
65,1,0,136.4,254.9,1,1,101.7,1,0.0,0,0,1,1
69,1,1,134.4,255.9,0,1,157.9,0,0.7,0,2,2,1
62,0,0,127.1,246.4,0,0,147.0,1,3.7,0,1,3,1
59,1,0,134.2,271.3,0,1,139.1,0,0.9,2,0,1,1
58,1,2,143.6,215.3,0,1,170.4,0,0.0,1,0,3,0
48,1,0,118.2,230.5,0,0,168.3,1,1.2,1,0,1,1
53,0,0,133.2,182.7,0,0,152.1,0,1.4,1,0,3,1
72,1,3,144.8,236.9,1,2,89.2,1,0.4,1,0,1,1
44,0,2,111.3,209.8,0,1,146.5,1,0.0,1,0,3,0
72,1,0,147.6,294.1,0,0,156.7,1,0.4,1,0,2,0
50,0,0,136.5,175.7,1,0,136.2,1,0.0,1,0,2,1
69,1,2,123.4,225.7,0,2,145.3,0,0.4,0,0,1,0
39,0,2,105.9,213.1,0,1,170.9,1,1.6,1,0,1,0
60,0,0,117.9,273.0,0,1,171.7,1,2.4,1,0,1,1
46,1,0,134.4,182.4,1,1,157.3,1,0.5,1,0,1,1
38,0,3,125.6,236.0,0,1,136.9,1,2.5,0,0,2,1
56,1,2,159.6,245.6,0,1,173.6,0,2.0,0,2,1,0
65,1,1,130.1,285.9,0,2,135.7,0,0.6,1,1,2,1
45,1,1,115.7,200.6,0,0,164.3,1,2.3,0,2,2,1
38,0,0,138.8,178.3,0,1,143.1,0,0.7,1,1,2,1
53,1,1,116.1,262.0,0,1,119.6,0,1.1,1,1,1,1
53,1,3,119.5,179.7,0,0,120.7,0,0.0,0,0,1,0
60,1,0,121.5,220.5,1,1,175.3,0,1.0,0,0,3,0
64,1,3,90.0,234.4,1,0,140.7,0,1.1,0,2,1,1
53,0,0,141.0,268.1,0,0,164.2,0,0.4,1,1,1,0
74,1,1,155.9,180.6,0,0,181.0,1,1.8,2,1,2,1
56,0,0,148.0,229.1,0,0,167.0,1,0.3,1,0,3,1
50,1,2,166.9,241.1,1,1,191.8,1,0.9,1,2,2,1
36,1,1,156.6,197.2,0,0,135.3,1,0.7,0,2,2,1
51,1,2,127.2,224.6,0,1,149.5,1,0.6,1,3,1,1
50,1,2,153.0,279.1,0,1,130.4,1,0.0,0,1,1,1
65,1,1,135.0,222.9,0,1,117.5,0,3.4,0,0,2,1
59,1,2,127.6,227.1,0,1,131.2,0,1.4,1,1,2,0
41,1,0,117.1,275.8,0,0,139.0,0,0.0,1,0,3,0
56,1,2,129.7,232.5,0,1,133.5,1,0.5,2,1,2,1
61,1,0,141.7,302.7,0,1,145.3,0,0.4,1,3,1,0
71,1,1,166.7,175.3,0,0,144.5,0,0.4,0,0,2,1
64,0,2,146.6,232.9,0,1,163.1,1,0.8,1,0,1,0
62,0,0,119.1,278.4,0,2,155.2,0,0.0,0,1,1,0
55,0,3,112.5,210.1,0,1,190.0,1,0.2,1,0,1,0
58,1,3,145.2,232.5,0,2,191.7,0,0.2,1,0,2,1
68,0,1,150.7,301.9,0,0,128.3,0,0.3,0,0,1,0
39,1,0,152.3,202.1,0,0,162.2,1,1.9,1,0,3,1
50,1,2,128.2,261.2,0,2,150.4,1,0.0,0,0,1,0
46,1,3,140.5,271.5,0,0,130.0,0,0.3,0,2,1,0
58,1,0,150.4,246.2,0,1,165.4,0,2.4,0,1,2,1
68,0,3,110.2,248.1,0,0,157.4,0,1.8,2,1,1,0
47,1,3,137.2,193.9,0,0,167.3,1,0.9,1,0,1,0
28,1,1,143.8,264.5,0,0,183.8,1,0.3,1,1,1,1
49,1,2,141.9,184.5,0,0,136.9,0,1.1,0,0,3,1
64,1,1,135.0,262.1,0,1,170.5,0,1.6,2,0,2,1
60,0,2,179.5,220.7,0,0,171.7,0,0.4,2,3,1,1
59,1,1,170.0,225.8,0,0,97.3,0,0.1,1,0,2,1
51,0,0,130.4,231.5,0,1,139.8,1,4.5,2,0,2,1
40,1,2,127.1,258.5,0,1,167.0,0,0.5,1,0,1,1
60,0,0,145.1,312.2,0,1,205.0,0,1.9,1,2,1,1
45,1,2,130.7,243.1,0,0,158.8,0,0.2,0,2,1,1
78,0,3,159.9,218.1,0,0,140.7,0,1.9,1,3,1,1
60,1,0,112.7,180.2,0,0,138.4,1,2.7,1,1,1,1
48,1,1,128.2,290.3,0,0,149.5,0,0.9,0,0,1,0
47,1,2,144.6,246.7,0,0,185.7,0,1.7,1,2,2,0
53,1,1,151.8,230.9,0,1,150.7,1,2.1,2,2,3,1
51,0,3,103.6,242.9,0,0,182.3,1,1.8,1,0,1,0
66,0,1,116.8,279.3,0,0,135.7,0,2.8,1,2,1,1
56,1,2,104.3,224.1,0,0,155.6,0,0.3,0,0,1,1
46,1,0,116.3,209.3,0,0,112.7,0,0.1,1,0,1,0
75,1,0,116.3,191.1,0,1,122.4,1,2.1,0,0,1,1
55,1,0,144.0,194.3,0,2,140.3,0,4.1,1,3,1,1
62,0,0,137.1,229.0,0,1,141.8,0,0.2,0,0,1,1
47,0,1,126.5,286.2,0,1,149.5,0,1.2,1,0,3,1
58,1,2,135.5,220.4,0,2,141.9,0,0.8,0,0,1,0
57,0,0,153.2,253.9,0,0,173.4,0,0.3,0,2,1,1
33,0,0,107.0,283.5,0,0,150.3,0,1.2,0,0,1,0
76,0,1,101.8,265.9,0,0,148.8,0,1.1,1,0,2,1
68,0,2,147.3,333.1,0,0,140.2,0,0.5,1,2,1,1
50,0,2,123.0,243.0,1,1,143.2,1,0.0,1,2,3,1
42,1,0,112.7,230.3,0,0,202.0,0,1.8,1,0,1,0
58,1,3,145.0,226.0,0,0,158.9,0,0.3,1,0,2,0
55,1,3,98.8,329.4,0,2,144.4,0,1.2,1,0,3,1
58,0,1,116.6,296.5,0,2,159.0,0,6.0,0,0,3,1
56,0,2,90.0,177.9,0,1,159.3,0,2.7,0,0,3,0
60,1,1,140.2,336.3,0,0,142.0,0,0.7,1,0,2,0
70,1,3,166.3,268.9,0,0,116.5,1,0.1,1,0,1,1
60,0,2,122.2,249.2,1,1,135.6,0,2.2,1,0,1,1
42,1,3,116.8,260.0,0,0,86.9,0,0.0,0,0,1,1
69,1,0,169.9,204.5,0,0,124.9,0,0.4,1,2,1,1
72,1,1,149.8,256.4,0,1,151.3,1,1.3,0,0,3,1
85,0,2,181.6,238.7,0,1,135.5,0,1.6,0,1,3,0
42,1,2,133.9,221.3,0,1,148.9,1,0.9,2,0,3,1
57,1,2,138.8,284.6,0,1,156.4,1,0.4,1,2,1,0
31,1,3,154.3,221.7,0,0,182.7,0,0.1,1,0,1,0
60,1,2,132.8,247.9,0,1,146.9,0,0.7,1,2,1,1
48,0,2,133.9,253.7,0,0,145.5,1,0.9,1,3,2,1
75,1,1,95.7,290.3,0,0,129.9,0,3.8,0,0,2,1
45,1,1,163.0,294.0,0,1,133.5,0,3.7,0,0,1,1
35,1,1,136.3,235.4,0,0,176.8,0,1.7,1,0,2,1
49,1,2,130.8,223.0,0,0,196.3,0,0.1,1,0,1,0
32,1,1,144.8,317.5,0,1,133.1,0,2.6,2,0,1,1
62,0,0,111.7,130.7,0,1,130.9,1,0.6,1,1,1,0
31,0,0,115.3,271.5,0,0,168.2,0,0.1,1,3,1,1
54,1,3,144.0,235.1,0,1,140.9,0,1.2,1,0,1,0
31,0,0,126.0,258.5,0,0,175.2,0,1.3,0,0,1,0
50,0,0,138.0,241.8,1,0,131.0,0,0.1,0,0,1,1
72,1,1,143.0,304.1,0,1,91.4,1,0.1,0,0,1,0
58,1,1,146.3,261.2,0,0,165.9,0,3.2,2,0,3,0
45,0,1,105.0,175.7,0,0,169.9,1,1.1,1,0,2,1
54,1,0,157.0,176.9,0,0,166.5,0,0.3,0,0,1,0
54,0,0,122.3,231.9,0,1,190.8,0,0.7,2,3,1,0
59,0,2,133.3,269.9,0,1,134.1,0,1.0,0,1,1,0
39,1,2,119.4,293.7,0,0,197.4,1,0.6,1,0,1,0
61,0,0,127.6,214.4,0,1,176.9,0,0.2,1,0,1,1
24,1,2,130.6,133.6,0,0,159.1,0,0.1,1,1,1,0
47,1,2,145.5,257.9,1,0,126.2,0,1.7,2,2,1,0
49,1,2,149.0,241.5,0,1,129.1,1,0.9,0,0,2,1
61,0,1,140.5,250.2,0,0,158.4,1,0.0,1,0,2,0
54,1,1,123.3,192.9,0,1,124.5,1,1.8,0,0,1,1
39,0,2,133.9,288.6,0,1,161.7,0,0.7,0,0,1,0
43,0,1,132.6,201.6,0,0,149.4,1,0.6,1,0,2,0
56,1,0,135.6,255.7,0,1,152.1,0,0.0,1,1,1,1
53,1,1,143.4,253.2,1,0,168.4,1,2.5,1,0,3,1
48,0,2,106.5,263.5,0,1,160.1,0,0.2,0,0,1,0
49,0,1,93.3,206.9,0,0,169.7,0,1.0,0,2,1,0
62,1,1,157.4,203.6,0,1,185.1,0,0.1,0,0,1,0
48,1,3,130.1,276.8,0,0,109.0,1,1.3,0,0,3,1
53,1,3,141.2,265.4,0,0,154.3,0,1.0,1,0,1,1
78,1,1,124.4,264.5,0,0,132.3,1,0.1,1,0,1,0
38,1,1,152.7,285.3,0,1,157.4,0,0.2,1,0,1,0
34,0,2,132.3,249.4,0,1,114.5,0,1.4,0,1,1,1
63,1,0,133.0,228.3,0,2,147.0,0,2.2,1,0,1,1
47,0,2,134.4,261.7,0,1,140.7,1,0.5,0,0,2,1
50,0,2,98.6,259.8,0,0,165.5,0,0.6,1,0,2,0
45,1,1,138.5,259.2,0,0,205.0,1,0.3,2,2,2,1
51,1,0,160.0,201.5,0,0,125.2,0,3.5,1,0,2,1
72,0,0,141.2,204.6,0,0,144.8,1,0.4,1,0,2,1
63,1,2,139.6,283.3,0,0,102.8,1,0.1,1,0,2,0
63,1,1,130.5,238.0,1,2,145.5,0,0.3,1,1,3,0
38,0,1,146.5,150.3,0,0,178.1,1,0.7,1,0,1,0
41,0,1,149.9,176.5,0,1,166.0,0,0.4,0,3,2,1
23,0,0,115.5,172.5,0,0,196.2,0,0.7,0,2,1,0
45,1,2,138.2,285.2,0,0,167.7,1,1.1,1,1,2,0
65,1,1,140.9,243.1,1,0,102.6,0,0.4,1,0,1,1
60,1,2,142.7,245.1,0,1,185.3,0,0.6,0,0,2,0
52,1,1,119.6,225.2,0,0,116.2,0,1.7,0,1,2,1
54,0,0,151.6,194.8,0,1,188.3,0,2.4,0,0,3,0
46,0,2,139.2,272.0,0,0,167.3,1,1.4,0,1,1,0
56,0,2,153.1,270.8,1,0,154.4,1,0.1,1,2,1,1
62,0,2,112.9,213.2,0,1,180.7,0,1.1,2,1,2,0
36,0,0,107.5,296.8,0,0,171.2,0,2.5,2,0,3,1
57,1,0,171.8,275.2,0,2,167.3,0,1.4,1,0,2,1
64,0,2,154.1,207.3,0,0,145.9,0,0.1,2,0,3,0
49,1,3,118.1,227.0,0,1,136.8,1,1.0,0,1,1,1
62,1,3,151.6,228.0,0,0,119.8,1,0.3,0,2,3,1
85,1,3,133.4,266.0,0,1,175.4,1,3.6,0,1,2,1
53,0,0,100.2,178.2,0,0,181.8,0,0.6,0,2,2,0
58,1,3,97.2,211.8,0,0,142.4,1,0.2,0,0,1,0
46,1,3,131.6,273.6,0,0,138.8,1,0.5,2,3,2,1
56,0,0,159.6,172.3,0,0,181.8,0,0.3,0,0,2,0
59,1,1,162.6,234.4,0,0,165.5,0,1.7,1,0,1,0
56,1,2,157.2,188.1,0,1,170.2,1,1.0,0,0,1,1
43,1,0,146.2,277.7,0,1,183.4,0,0.3,1,0,1,0
56,0,2,137.2,257.2,1,0,172.9,0,1.6,0,0,1,1
70,1,3,158.7,182.4,0,0,181.2,0,0.2,1,0,2,0
59,1,3,99.1,197.3,0,1,163.3,1,0.2,2,0,1,1
65,1,3,154.6,245.9,0,1,112.0,0,0.1,0,1,1,1
51,1,1,113.1,138.8,0,0,142.0,0,0.9,0,0,1,0
62,1,1,119.6,195.8,0,1,153.9,0,0.0,1,0,2,0
57,0,2,144.3,206.2,1,1,153.2,0,1.2,0,1,1,0
44,1,1,148.2,294.4,0,2,171.4,0,0.2,0,0,2,1
58,1,0,124.0,217.4,0,1,146.2,0,1.1,1,1,2,1
43,0,2,139.9,266.6,0,1,122.3,0,1.0,1,0,3,1
47,1,1,142.4,218.1,0,1,158.4,0,0.1,1,0,2,1
56,1,0,128.9,274.9,0,0,106.8,0,0.0,1,2,3,1
57,1,0,137.5,174.2,0,0,108.4,0,0.0,2,0,2,0
41,0,3,165.2,205.0,0,0,167.1,1,0.2,1,2,2,0
66,0,1,128.9,240.8,0,0,120.0,0,0.8,2,2,1,0
60,1,1,131.1,251.3,0,0,134.7,0,0.8,0,2,1,1
46,1,3,134.7,252.8,1,1,163.4,0,0.4,0,0,1,0
37,0,1,123.5,243.9,0,0,145.7,1,0.1,0,0,2,1
52,1,0,147.7,263.0,0,0,157.9,1,1.3,1,0,2,1
49,0,2,156.2,239.1,0,0,177.0,0,0.2,0,0,2,0
55,0,0,126.8,249.4,0,0,128.5,1,1.2,1,0,2,1
50,1,0,117.6,195.4,0,0,137.7,0,0.2,1,1,2,0
32,0,3,161.0,162.5,0,1,174.8,0,0.1,0,3,3,0
50,1,1,135.2,190.8,0,1,140.4,0,1.8,1,1,2,1
51,0,2,99.6,166.1,1,1,163.2,1,1.0,0,2,2,1
61,1,2,169.3,253.7,0,0,154.7,0,0.1,2,0,1,1
46,1,0,152.3,279.9,0,1,145.2,0,0.1,0,0,2,0
72,1,2,167.3,206.0,1,0,166.0,1,0.2,0,0,1,1
33,1,0,154.6,278.4,0,0,133.8,0,0.9,1,1,2,0
68,1,1,185.1,266.2,0,0,152.6,0,2.2,2,0,1,1
52,1,2,114.8,216.3,0,1,102.3,1,4.1,2,2,1,1
63,1,0,121.9,229.2,0,2,144.3,0,0.3,0,0,2,0
55,1,2,125.4,290.8,0,1,148.3,1,1.2,0,1,2,1
67,1,0,127.9,143.7,0,0,113.3,0,1.9,1,0,2,1
50,1,1,135.2,288.9,0,1,183.8,0,0.2,0,0,2,0
42,1,2,122.2,276.6,0,0,130.7,1,0.6,1,0,3,1
70,1,1,116.6,221.1,0,0,130.6,0,2.7,1,0,3,1
53,1,3,118.0,237.0,0,0,174.2,1,0.6,1,1,3,1
56,1,2,129.2,313.7,0,0,151.4,0,0.9,1,0,1,0
68,1,3,158.1,188.7,0,0,130.7,1,0.6,1,0,2,0
43,0,1,117.9,229.5,0,2,141.0,1,0.8,1,0,1,0
61,1,3,150.3,272.3,0,0,143.9,0,2.7,1,0,3,1
48,1,2,108.7,248.5,0,1,142.6,0,0.1,1,1,1,0
53,1,2,90.0,243.3,0,1,150.7,0,0.3,0,0,3,1
55,1,3,131.9,321.7,0,0,132.8,0,0.7,0,1,2,1
37,1,2,118.8,186.7,0,1,177.3,0,0.3,0,0,1,0
45,0,3,112.9,191.5,0,0,139.1,0,0.8,0,2,3,1
69,1,2,119.8,136.1,1,0,105.8,0,0.2,1,2,1,1
64,1,2,123.8,197.4,0,0,203.6,0,1.4,2,0,1,0
53,0,1,113.0,211.8,0,2,170.2,0,0.9,0,0,1,0
57,0,0,115.6,256.5,0,2,131.0,1,0.5,1,2,1,0
51,1,2,108.8,282.6,0,0,129.9,0,1.4,1,0,1,0
69,1,3,99.4,204.2,0,0,153.7,0,1.8,0,0,2,0
52,1,2,93.7,234.4,0,1,134.6,1,3.6,0,1,3,1
57,1,2,179.0,303.9,0,0,168.7,0,2.3,0,1,2,1
67,1,2,136.1,237.7,0,0,151.2,0,3.2,1,0,1,0
45,0,1,156.2,261.1,0,1,159.4,1,1.3,2,1,2,1
71,1,0,135.1,296.7,0,2,141.6,1,0.2,1,2,2,1
37,0,0,124.2,194.5,0,0,189.9,0,0.0,0,0,1,1
72,1,0,144.0,197.8,0,0,132.4,0,0.6,0,0,1,1
50,1,2,144.5,311.3,0,0,153.1,0,1.2,1,0,2,1
51,1,2,110.8,265.8,0,1,132.7,1,0.4,1,0,1,0
33,1,1,121.9,175.7,1,0,173.5,0,1.2,0,0,1,1
49,1,0,138.2,193.2,0,1,131.6,0,0.3,0,0,2,0
43,1,1,96.4,228.7,0,0,181.1,0,0.7,2,1,3,0
47,0,1,152.6,300.3,0,2,180.8,0,0.6,0,0,2,0
52,0,1,149.6,283.9,0,0,112.2,1,1.2,1,1,2,1
65,1,1,98.9,292.2,0,2,163.6,1,1.1,1,2,3,1
56,1,1,118.7,222.9,1,1,119.1,1,0.6,2,0,2,1
57,1,3,136.6,242.1,0,2,136.3,1,0.2,0,2,1,1
42,0,1,143.2,202.1,0,0,154.3,1,1.4,2,2,3,1
44,1,2,159.0,219.6,0,0,143.7,0,1.1,0,0,2,0
74,1,2,127.5,199.0,0,0,127.8,0,0.1,2,0,1,0
46,1,1,174.1,200.2,1,0,170.2,0,0.6,0,0,2,0
72,1,2,137.6,215.7,0,2,160.3,1,0.9,0,0,2,0
51,1,2,129.2,234.0,0,1,146.9,0,2.4,0,0,1,1
54,1,0,144.1,259.9,0,1,147.5,0,1.5,2,0,1,0
66,0,0,139.6,318.9,0,0,154.3,0,0.1,1,1,3,1
68,0,2,139.1,230.2,1,0,116.0,0,2.0,0,0,2,0
53,0,1,166.7,266.9,1,1,149.0,0,0.4,1,1,1,1
50,1,1,137.5,232.1,0,1,145.1,0,2.3,1,0,1,1
53,0,0,113.0,283.4,0,0,154.4,0,0.5,2,0,2,0
58,0,0,116.9,187.6,0,1,119.5,1,2.0,0,1,3,1
64,1,2,163.0,221.3,0,1,149.6,1,0.3,2,0,3,1
54,1,3,146.3,270.6,0,0,153.8,1,0.6,1,0,1,0
61,1,2,107.7,269.4,0,1,186.9,0,0.9,1,0,2,0
72,0,1,106.6,274.1,1,1,108.3,0,0.7,1,0,2,1
58,0,3,132.5,304.8,0,1,196.1,1,0.6,1,0,1,1
57,0,2,142.8,166.2,0,2,188.1,1,0.2,1,0,1,0
37,1,2,117.5,180.3,0,1,186.0,1,2.2,2,2,1,1
25,1,0,96.5,255.9,1,1,153.9,1,0.7,0,1,2,1
58,0,1,111.7,278.6,0,0,166.9,0,1.8,1,0,3,0
53,1,3,163.4,269.9,0,1,110.2,1,0.7,0,0,2,1
48,1,1,141.4,358.5,0,0,106.4,0,0.7,1,1,1,1
57,1,2,152.8,202.2,0,0,133.1,0,0.1,2,0,1,0
53,0,2,151.7,257.3,0,1,126.8,1,0.0,1,0,1,1
66,1,0,125.7,242.5,0,2,97.2,1,0.6,0,0,1,1
55,1,2,127.5,269.1,0,0,182.6,1,0.1,1,2,1,1
46,1,0,129.0,255.1,0,0,136.7,0,0.7,0,0,1,1
65,1,2,144.3,222.5,0,0,151.2,0,0.3,0,0,1,1
52,1,3,153.1,257.8,0,0,205.0,0,1.0,0,0,1,0
60,0,3,166.2,247.2,0,1,141.5,0,0.5,1,0,2,0
49,1,2,147.4,245.3,1,1,122.3,0,0.4,0,0,2,1
47,1,2,147.0,288.8,0,1,192.9,0,3.5,0,0,3,1
55,1,2,168.9,350.9,0,0,143.8,1,0.8,0,2,3,1
54,1,2,130.3,157.2,0,0,166.3,1,0.1,2,0,2,0
59,1,0,156.7,299.9,0,0,84.8,1,1.8,0,3,1,1
51,1,0,143.7,268.6,0,2,155.9,0,2.0,0,0,2,0
34,1,2,140.1,201.8,0,0,158.2,0,2.7,0,0,2,0
49,1,0,128.9,223.7,0,1,142.5,0,0.0,1,2,3,1
63,1,3,111.2,283.4,1,0,163.5,0,1.4,1,0,3,0
51,1,1,139.5,242.6,1,1,134.6,1,1.5,1,0,3,1
51,1,1,139.5,238.2,0,2,143.3,0,0.2,0,0,2,0
65,0,1,123.4,215.0,0,1,143.3,0,0.7,1,0,1,0
46,0,3,127.3,205.2,1,0,171.5,0,0.6,0,0,2,0
37,1,3,113.9,193.0,1,1,152.3,0,0.1,1,2,3,1
52,0,0,114.8,218.3,0,0,145.3,0,4.1,1,0,2,1
49,1,2,124.1,234.0,0,2,147.0,0,1.3,1,1,2,0
43,1,2,107.3,253.1,0,0,150.4,1,0.1,0,0,2,0
52,1,2,123.0,204.5,0,1,119.8,0,0.8,1,1,1,0
59,1,2,148.1,276.4,0,0,161.3,0,0.7,2,0,1,0
54,1,0,160.2,201.5,0,1,165.8,1,0.7,0,0,1,0
57,1,2,172.1,276.3,0,2,110.0,0,0.7,2,0,3,1
74,0,1,128.8,210.3,0,0,125.7,0,0.0,1,2,3,1
50,1,0,154.6,328.8,1,0,179.1,0,1.1,0,2,1,1
57,1,0,140.8,271.0,0,1,148.1,0,1.9,0,1,1,1
48,0,0,125.2,276.3,0,0,144.1,1,1.6,2,3,1,1
45,1,2,139.0,230.7,0,1,128.5,0,0.2,1,0,1,1
48,1,0,152.3,266.0,0,0,178.9,1,0.5,2,0,1,1
49,1,2,123.8,184.6,1,1,135.2,1,1.5,1,3,1,1
58,0,2,122.6,199.9,0,0,160.3,0,1.1,1,1,1,0
80,1,3,133.1,237.0,1,1,174.3,1,1.5,1,0,1,1
46,0,2,117.7,305.4,1,0,155.1,0,1.7,1,0,2,0
49,1,3,154.3,283.9,0,1,181.9,0,2.6,1,0,1,0
53,1,0,120.0,142.6,0,1,158.5,1,0.1,0,0,1,1
58,1,2,124.4,199.4,0,0,167.4,0,0.2,0,2,3,0
57,1,0,140.4,238.6,0,0,140.3,0,3.5,1,2,2,1
68,0,2,138.6,301.6,1,0,119.8,1,2.3,0,0,3,1
27,0,1,116.9,242.7,0,0,153.6,0,0.8,1,0,2,0
28,0,2,154.8,120.7,0,0,155.4,1,0.9,0,2,1,1
49,1,1,121.4,188.1,1,0,156.5,1,0.2,0,0,1,0
66,1,0,133.9,277.3,0,1,156.1,0,0.3,0,2,1,1
37,0,2,92.1,244.4,0,1,123.7,0,0.5,1,0,1,0
22,0,3,117.5,236.1,0,1,170.3,0,0.4,2,0,1,0
60,1,0,111.7,292.4,0,0,150.9,0,1.4,0,0,1,0
57,1,3,118.3,227.2,0,1,147.0,1,3.0,1,1,1,1
42,0,0,92.8,267.9,1,0,131.8,0,1.3,1,1,1,0
43,0,2,112.2,309.8,0,0,163.3,1,2.0,1,2,2,1
43,0,3,126.9,247.4,0,2,162.4,1,1.2,1,2,1,1
55,1,0,129.9,202.4,0,1,165.2,0,0.1,1,1,2,0
47,0,1,121.8,220.2,1,0,147.0,0,0.8,1,0,2,0
59,1,1,129.4,203.4,1,0,151.2,1,0.5,1,0,3,1
23,1,1,117.2,131.9,0,1,178.6,1,0.9,0,0,1,1
45,1,2,131.1,203.5,1,0,154.0,0,1.2,0,1,3,0
42,0,2,126.0,265.2,0,0,125.4,0,3.3,2,0,3,1
51,1,3,138.2,240.8,0,1,99.5,0,0.1,0,1,1,0
48,1,0,128.9,299.1,0,1,133.3,0,2.3,1,0,1,1
63,1,2,128.4,250.9,0,1,104.7,0,1.2,0,1,1,0
34,0,1,140.0,273.3,1,1,165.2,0,0.7,1,1,1,1
55,1,3,145.1,164.3,0,1,124.5,0,0.5,0,0,1,0
60,1,0,134.9,224.2,0,2,129.6,0,1.3,0,1,2,1
74,0,3,157.5,236.6,0,1,174.6,0,0.4,1,2,1,0
49,1,1,134.2,203.3,0,0,141.9,0,1.2,2,0,1,0
58,1,2,132.1,309.9,0,1,171.3,0,1.3,0,0,2,0
34,1,1,127.8,149.5,0,1,160.5,0,0.2,0,0,1,0
28,0,3,127.5,227.3,0,1,131.6,0,0.4,0,2,3,0
63,0,2,116.7,294.4,0,2,141.3,0,0.3,1,2,3,1
54,1,2,100.3,275.0,0,0,96.6,1,1.7,0,0,1,0
67,0,2,139.3,229.2,0,0,144.6,0,0.1,0,0,3,0
39,1,1,145.3,196.5,0,0,136.0,1,0.1,1,0,2,0
60,1,0,117.5,291.5,0,1,143.6,0,0.3,0,0,1,0
75,1,2,158.6,225.8,0,2,120.6,0,0.4,1,0,1,1
59,1,1,105.6,206.6,0,1,170.7,0,0.6,2,2,1,1
57,0,3,121.7,286.5,1,1,146.7,0,1.1,1,2,1,1
54,1,2,164.7,254.9,0,1,140.7,1,0.4,0,3,1,1
37,1,1,136.2,220.0,0,2,146.9,1,2.1,0,1,2,1
69,0,2,129.3,261.0,0,2,143.3,0,1.7,1,1,2,1
47,0,2,133.8,258.5,0,1,143.5,0,0.5,1,0,1,0
60,0,2,154.0,241.1,0,2,93.1,0,2.1,0,0,1,1
37,0,3,100.7,242.2,0,1,145.8,0,1.5,1,0,1,0
41,1,0,154.5,141.7,0,1,155.5,0,1.4,1,2,1,1
70,1,3,129.2,242.4,0,0,121.4,0,1.4,0,0,1,1
50,0,1,142.8,211.9,0,0,155.4,0,0.3,1,0,1,0
70,0,3,123.9,211.8,0,1,140.4,0,0.1,1,0,1,0
53,0,0,161.1,210.9,0,1,99.9,0,1.0,1,1,1,1
34,1,0,128.4,212.5,0,0,144.0,1,0.9,0,0,2,1
64,0,2,109.6,231.8,0,1,170.7,0,1.1,0,1,1,1
48,1,1,141.0,246.6,0,1,163.0,0,0.6,0,0,1,0
62,1,3,159.4,211.9,0,1,156.6,0,0.1,2,0,2,0
54,1,0,155.4,264.2,0,1,169.0,0,1.7,1,0,1,0
37,0,0,128.4,267.8,1,0,152.4,0,3.5,1,1,3,1
56,1,0,149.1,274.0,0,1,134.0,1,1.3,1,1,1,1
78,1,0,132.4,290.9,0,1,151.8,0,0.5,1,2,1,1
59,1,2,145.9,218.1,0,0,169.1,0,1.4,0,0,1,0
53,1,2,140.3,229.1,1,0,175.4,0,0.2,0,0,2,1
66,1,1,90.0,256.5,0,1,126.3,0,4.4,1,0,1,1
56,1,0,116.5,223.4,0,1,160.9,0,1.2,2,1,1,1
56,1,0,138.2,191.1,0,0,143.9,0,1.1,1,0,3,1
42,1,0,134.0,215.1,0,0,170.3,0,0.5,0,0,2,1
57,1,2,134.2,314.4,0,0,143.8,0,1.5,0,1,1,1
65,1,2,138.4,212.6,0,1,140.4,1,1.6,2,2,1,1
45,0,2,150.5,203.3,1,0,170.6,0,0.9,0,2,1,0
70,1,3,144.4,222.9,0,0,130.8,0,3.8,2,2,1,1
53,1,3,91.8,265.6,0,0,140.0,1,0.8,1,0,3,1
44,0,1,163.6,253.2,0,0,177.0,0,0.5,0,0,3,0
65,1,1,102.4,276.3,0,0,150.0,1,0.2,0,1,1,0
51,0,3,147.5,351.8,0,1,127.7,1,0.8,0,2,1,1
62,1,2,107.8,280.3,1,1,168.4,0,0.2,0,0,1,0
51,1,1,158.9,279.9,0,1,181.5,0,0.8,0,0,2,0
53,0,2,125.7,366.9,0,0,154.7,0,0.7,1,0,1,0
59,1,3,142.2,264.7,0,0,137.6,0,1.3,1,3,2,1
57,0,3,96.0,225.2,0,0,181.3,0,3.2,1,1,1,1
32,0,1,138.6,220.4,1,0,194.8,0,0.7,2,1,1,1
42,0,3,135.5,283.7,0,2,135.3,1,0.4,1,1,1,1
64,1,3,147.6,189.8,1,2,135.8,1,0.1,0,0,1,0
53,1,0,150.8,155.4,0,1,147.0,0,0.1,2,0,2,0
48,0,3,132.7,203.2,0,0,187.3,0,0.4,1,1,1,0
39,1,3,126.5,272.2,0,0,176.2,1,0.7,0,0,2,1
42,0,0,113.4,263.3,1,1,147.7,0,0.1,1,1,1,1
32,1,2,120.5,226.7,0,0,160.7,0,1.8,1,1,2,1
53,0,1,152.5,288.1,1,0,145.8,0,0.2,0,0,3,0
47,0,2,114.2,265.7,0,0,135.0,0,0.4,2,0,1,0
43,0,3,95.1,252.7,0,0,165.6,0,0.3,0,0,2,0
53,1,1,116.0,240.3,0,1,158.2,0,2.7,1,0,2,0
58,1,1,145.9,282.2,0,1,158.2,0,0.8,0,0,1,0
77,1,3,134.3,282.7,0,1,138.7,0,0.2,0,1,1,1
37,0,3,137.6,223.4,0,0,133.9,1,0.2,0,1,1,1
67,1,0,101.2,281.7,0,0,125.8,0,6.0,0,0,1,1
65,1,3,90.0,216.5,0,0,142.4,0,0.7,1,2,1,0
45,0,0,133.5,248.6,0,0,172.8,1,0.9,2,2,1,1
56,0,1,149.6,259.7,1,2,152.6,0,1.3,2,1,3,1
49,0,2,99.0,224.9,0,1,123.5,0,1.1,0,0,1,0
56,1,2,144.0,248.0,0,0,101.9,0,0.1,1,0,1,1
71,1,2,159.7,274.1,0,0,136.6,0,0.3,0,0,3,1
61,1,0,135.7,196.2,0,1,152.4,1,0.8,0,0,1,0
60,0,0,148.7,251.6,1,1,161.4,0,0.8,0,1,1,1
49,0,3,133.2,337.1,0,0,189.2,0,0.5,1,0,1,1
38,1,0,125.3,199.4,0,2,181.9,0,1.3,1,2,1,1
52,0,0,145.3,286.0,0,0,162.4,0,0.4,0,0,1,0
67,1,3,171.7,241.7,0,0,128.0,0,0.5,2,3,2,1
37,1,2,119.7,287.5,1,0,189.6,1,3.5,2,0,3,0
42,0,1,126.4,205.4,0,2,131.0,0,0.0,1,1,1,1
55,1,0,116.4,242.0,0,2,171.1,1,0.4,0,2,1,1
43,1,3,134.0,334.8,0,1,195.7,0,0.5,1,1,1,0
45,1,3,128.9,230.6,0,1,183.8,0,0.2,0,1,3,0
49,1,0,153.6,267.5,0,0,142.0,0,1.0,0,1,1,1
39,0,2,152.8,262.3,0,1,120.4,0,0.3,2,1,1,1
43,1,1,145.4,148.3,0,0,137.7,1,0.4,0,0,1,1
62,1,3,154.8,263.8,0,0,143.8,0,0.0,0,2,1,1
40,1,1,117.8,182.0,0,0,149.9,0,0.4,1,1,1,0
36,1,2,112.3,262.9,0,1,163.7,0,2.7,1,1,1,0
47,1,2,140.1,244.1,0,0,111.9,1,1.9,2,0,1,1
62,0,2,133.4,195.1,0,2,160.3,1,0.9,1,0,1,0
52,0,3,166.5,188.3,0,0,135.1,0,0.7,0,0,1,0
49,0,1,95.2,236.4,0,2,150.6,0,0.4,2,0,1,0
54,0,3,142.2,350.6,1,0,137.1,0,0.7,0,0,1,1
35,0,1,137.1,306.2,1,1,175.5,0,0.0,2,0,3,1
59,0,0,118.5,259.0,0,0,132.1,0,1.6,2,0,3,1
58,1,1,117.6,265.5,1,1,107.5,0,0.2,0,1,2,1
49,1,1,126.6,266.1,0,0,162.9,0,0.6,0,3,1,1
65,1,1,107.2,221.7,0,1,106.0,0,2.3,1,0,2,1
42,1,2,157.2,206.7,0,0,151.0,1,0.0,1,0,3,1
66,0,2,182.6,283.0,1,0,164.4,1,0.5,1,1,1,0
56,1,3,128.4,215.6,0,1,159.1,1,0.3,1,0,1,1
50,1,2,121.5,303.4,0,0,150.6,0,4.3,0,0,1,1
54,0,0,107.4,181.9,0,0,149.1,0,1.0,0,3,1,1
53,1,0,114.0,201.4,0,0,125.1,1,1.8,2,2,1,0
67,0,3,123.6,308.2,0,1,148.8,1,1.4,1,0,1,1
42,0,0,149.8,224.6,0,0,165.7,0,0.1,1,0,3,0
46,0,0,186.5,233.2,0,0,157.1,0,2.1,0,2,1,1
65,1,0,123.7,273.6,1,0,141.2,0,0.3,1,2,2,1
47,1,1,116.0,289.9,1,1,148.7,0,1.2,0,1,2,1
64,1,2,115.5,271.7,0,1,159.0,0,1.4,1,0,1,0
73,1,0,146.9,260.7,0,1,122.7,0,3.3,0,1,1,1
50,0,2,136.2,275.2,0,1,120.5,0,0.4,0,0,1,0
61,1,1,137.6,261.9,1,0,163.3,1,1.7,1,0,2,1
41,1,2,122.8,284.6,0,0,126.4,1,0.9,0,1,1,1
62,0,3,157.5,369.9,0,1,126.5,0,2.6,2,0,1,1
56,1,2,148.3,264.3,0,1,155.7,0,0.5,0,1,3,0
59,0,1,145.2,205.3,1,0,151.9,0,1.2,0,1,3,1
47,0,0,135.9,284.7,1,1,148.2,1,0.2,0,1,2,1
36,1,3,126.1,228.7,0,2,189.4,0,2.3,1,1,1,0
60,1,1,122.6,258.3,0,0,165.5,0,3.8,2,0,2,1
31,1,1,137.6,249.5,0,2,159.1,1,0.3,0,0,1,1
51,1,3,140.9,214.8,0,1,137.0,1,2.3,1,2,2,0
64,1,3,146.7,228.6,0,1,147.5,1,0.1,0,1,1,1
56,1,3,106.3,140.5,0,2,150.6,0,1.7,0,2,2,1
75,1,3,145.4,244.3,0,2,161.1,0,0.6,1,0,2,1
65,1,3,131.2,269.9,0,0,136.6,0,3.5,0,0,1,1
47,1,2,116.4,239.6,0,0,174.4,1,0.3,2,2,3,1
54,1,1,147.1,221.2,1,1,118.3,0,0.1,0,0,1,1
53,1,3,136.9,257.6,0,1,155.9,1,0.8,1,0,3,0
37,1,3,172.1,194.0,0,0,142.2,1,1.3,2,1,1,1
44,1,1,140.2,191.3,0,2,153.7,0,0.6,1,0,2,1
48,1,1,127.2,262.4,0,1,146.4,1,0.6,1,2,2,0
32,0,0,123.6,259.3,0,0,136.4,1,0.2,0,0,1,0
55,1,3,113.2,264.2,0,2,130.8,0,0.7,1,0,1,0
51,1,2,155.4,227.1,0,2,139.2,0,2.4,1,2,2,1
36,1,1,135.2,283.2,0,0,196.8,1,0.6,1,1,2,1
58,1,1,141.0,193.4,0,1,133.5,0,1.3,2,0,2,1
62,0,3,113.8,231.1,1,0,101.1,0,1.5,1,2,2,1
56,1,2,148.5,275.0,0,0,130.1,1,0.9,2,0,1,1
50,0,1,113.2,277.8,0,1,111.2,0,0.4,0,1,3,1
61,0,1,122.8,209.9,0,1,120.4,1,1.0,1,0,1,1
61,1,0,138.0,338.1,0,0,89.8,1,0.7,2,2,2,1
57,1,0,124.3,236.7,0,1,132.1,0,1.8,2,0,2,0
45,1,2,117.5,242.1,0,0,161.2,0,0.3,0,0,3,0
57,1,2,133.8,285.5,0,0,136.7,1,0.2,0,1,1,0
67,0,1,152.4,314.2,0,1,131.9,0,0.3,0,0,1,0
47,0,2,145.4,241.7,0,0,205.0,0,0.3,0,1,1,0
77,1,0,152.5,301.1,0,1,120.5,0,0.9,0,2,2,1
48,0,3,138.3,219.2,1,0,156.0,1,0.8,1,3,1,1
54,0,1,122.4,314.8,0,1,149.9,0,0.1,1,0,1,0
47,1,0,152.4,240.6,0,0,157.4,1,3.6,0,0,3,1
56,1,0,103.3,255.9,1,0,133.0,0,0.0,1,0,2,0
35,1,0,137.1,219.5,0,0,175.9,1,1.2,0,0,3,0
48,0,0,144.6,248.8,0,0,177.3,0,0.1,0,3,3,0
42,0,1,126.4,205.1,0,1,156.3,1,0.1,0,0,1,1
55,1,2,121.2,239.0,0,0,172.6,0,1.5,1,1,3,0
65,1,1,136.1,246.0,1,0,152.9,0,0.7,1,2,2,1
61,1,1,122.1,197.4,0,0,147.1,0,0.4,2,0,3,0
28,0,3,133.8,207.2,1,0,140.4,0,1.2,2,0,1,0
76,0,1,153.5,156.7,0,1,131.7,1,1.9,2,0,1,1
57,0,2,139.8,187.9,0,1,167.7,0,0.6,0,0,1,0
45,1,0,138.7,237.6,1,1,144.5,0,0.4,0,2,2,0
56,0,0,145.2,284.3,0,2,148.1,1,1.3,1,3,2,1
56,1,1,150.3,226.4,0,0,122.7,1,1.0,0,1,1,0
47,0,0,115.2,237.6,0,1,160.0,0,0.3,1,1,1,0
56,1,3,106.8,293.2,0,0,156.6,0,0.7,0,0,2,1
47,0,0,134.3,275.6,0,1,203.4,0,0.1,1,2,2,0
50,1,2,149.6,276.0,0,1,155.1,0,0.2,1,1,1,1
46,0,2,100.5,243.8,0,1,159.0,0,0.3,1,2,1,0
38,1,0,131.2,214.2,1,0,153.8,0,0.3,1,0,1,0
56,1,2,154.8,259.5,0,0,144.5,0,0.1,0,0,1,0
60,0,1,130.4,299.9,1,0,137.4,1,3.3,1,0,1,1
60,1,2,162.9,323.0,0,0,173.9,0,0.6,2,1,1,1
63,1,3,160.3,350.4,0,1,130.9,0,5.9,1,0,1,1
58,1,1,131.7,310.1,0,1,170.5,0,0.4,0,2,1,0
48,1,1,125.9,241.2,1,0,149.3,0,0.6,0,0,1,0
63,1,1,130.0,191.6,0,0,123.8,0,0.9,2,0,1,0
39,0,0,129.7,262.6,0,1,144.3,0,0.2,2,0,1,0
44,0,0,107.4,286.1,0,1,138.4,1,2.9,2,1,1,1
43,1,3,106.8,125.2,0,0,142.4,0,0.3,1,0,2,0
66,1,1,96.1,180.5,0,1,113.8,1,0.2,0,2,3,1
64,0,0,133.1,224.8,0,2,125.2,0,0.2,1,0,1,0
59,1,0,171.9,209.3,0,1,90.1,0,1.1,1,0,3,1
66,0,1,98.2,174.8,1,0,142.7,0,0.4,1,1,2,0
44,1,0,128.2,254.6,0,0,141.3,1,0.8,1,0,1,0
58,1,1,131.1,297.4,0,0,140.3,0,0.6,1,0,3,1
53,1,0,131.0,232.8,0,1,130.1,0,0.2,1,0,1,1
63,0,0,155.9,171.5,0,1,172.1,0,1.4,1,0,1,0
53,1,2,117.8,250.1,0,0,106.8,1,0.3,1,0,2,1
50,1,3,98.0,191.2,0,0,170.6,0,0.1,2,0,1,0
60,1,1,125.9,199.1,0,1,109.4,0,0.5,0,0,3,0
64,0,3,121.5,287.1,1,0,125.3,0,2.8,1,1,3,1
47,1,0,92.1,291.8,0,1,159.8,1,0.4,0,0,1,0
53,1,2,138.2,228.3,0,0,191.1,0,1.1,0,0,3,0
42,1,0,109.7,269.4,1,1,171.9,1,1.5,0,1,1,1
27,1,3,125.8,184.7,0,2,107.0,0,1.3,1,0,1,1
56,1,3,128.0,265.4,0,0,154.0,0,0.9,1,2,1,0
61,0,2,113.4,227.0,1,0,125.6,1,0.1,0,0,2,1
57,1,3,150.8,184.1,0,2,198.6,0,3.1,1,1,2,0
33,1,2,123.7,194.1,0,0,167.0,0,1.5,1,1,3,1
50,0,1,131.0,258.0,0,0,171.0,0,3.6,0,0,2,0
30,1,2,138.6,167.9,1,0,142.8,0,0.7,1,0,1,0
69,0,1,139.9,234.3,0,0,118.1,1,0.3,2,0,1,1
42,0,0,130.6,284.2,0,0,153.7,0,2.4,1,1,3,1
68,1,1,122.7,224.6,0,0,122.7,0,0.3,0,2,2,1
64,1,2,116.5,177.1,0,2,148.8,0,0.1,0,0,3,0
44,1,0,134.3,225.7,0,1,143.8,1,0.0,0,0,2,1
42,1,2,113.7,267.0,0,0,154.2,1,0.0,0,0,1,0
58,1,2,149.3,185.7,1,0,166.5,0,0.3,0,0,1,0
45,1,0,129.4,290.5,0,0,153.7,0,0.2,1,0,1,0
55,1,1,145.9,275.3,1,0,141.1,0,2.4,1,2,3,1
49,1,3,115.0,255.1,0,2,135.0,0,0.4,0,1,2,1
34,1,3,108.5,259.8,0,2,148.0,0,0.0,1,0,3,0
29,0,1,155.0,238.2,0,2,178.2,0,1.6,1,1,1,0
56,1,1,131.8,256.8,0,0,143.4,0,1.3,0,0,3,1
48,1,0,148.9,242.4,0,0,130.1,0,0.2,1,0,3,1
48,1,0,107.1,278.1,0,0,142.4,1,0.6,1,0,1,1
62,1,1,130.9,301.1,1,0,161.1,0,0.4,1,0,2,1
67,0,3,157.7,209.8,0,0,132.8,0,1.5,0,0,1,0
51,1,3,105.1,209.5,0,0,92.9,1,0.9,0,1,1,0
50,0,2,171.0,222.8,0,0,169.9,1,0.2,1,0,3,1
60,0,1,136.1,216.7,0,0,138.6,1,1.6,1,2,2,1
39,1,0,115.5,286.0,0,0,174.1,0,0.9,1,2,1,1
56,1,2,140.8,176.1,0,1,137.4,0,1.8,0,0,3,0
60,1,2,155.5,267.4,0,0,154.5,0,2.1,1,2,1,0
61,0,1,117.9,304.9,0,0,156.0,1,1.8,1,0,1,1
33,1,2,116.5,208.6,0,1,144.0,1,0.2,1,2,2,1
46,1,2,136.5,303.4,1,0,123.1,0,2.3,0,0,1,0
44,0,2,136.8,288.8,0,1,128.4,0,0.1,1,0,1,0
55,0,2,127.7,226.4,0,1,151.5,0,0.2,2,0,2,0
59,0,2,139.5,279.2,0,2,141.3,1,1.8,1,0,1,0
70,1,0,153.4,210.6,1,0,137.6,0,1.7,0,0,2,1
49,1,2,135.9,191.2,1,1,160.0,1,0.5,1,2,1,0
49,1,0,120.3,219.2,0,0,143.5,0,0.2,0,0,2,1
67,1,1,136.9,305.4,0,0,129.8,0,0.2,2,0,2,1
57,1,0,166.4,222.3,0,0,127.7,1,3.7,1,2,1,1
68,1,0,143.5,248.1,0,0,147.4,1,0.1,1,0,3,1
57,1,3,157.1,198.3,0,1,183.2,0,0.5,0,0,1,0
41,1,1,121.5,275.0,0,2,144.3,0,1.0,0,2,1,0
39,1,3,135.0,272.7,1,0,166.4,0,1.5,1,0,2,1
37,1,0,144.0,204.5,0,0,186.8,0,1.1,0,2,3,1
61,0,0,159.7,141.9,0,0,128.5,0,0.4,0,0,1,1
67,0,2,156.3,230.0,0,1,178.4,1,0.3,2,0,1,1
74,1,1,118.9,267.9,0,0,115.1,0,1.4,0,0,2,1
63,0,2,154.0,244.0,0,0,154.4,0,0.6,1,0,3,0
67,1,1,167.6,249.5,0,0,115.4,1,0.1,2,0,1,1
48,1,2,122.2,254.7,0,1,162.8,0,3.7,0,1,1,1
41,0,1,111.6,214.4,0,0,141.0,1,1.5,1,2,1,0
63,1,2,135.8,189.3,0,2,91.5,0,1.0,0,0,1,1
59,1,1,138.5,275.7,1,0,175.3,0,0.4,2,0,2,1
55,0,2,124.9,202.8,0,0,151.6,0,1.7,1,0,2,0
58,1,2,113.6,189.9,0,0,133.4,1,0.3,0,0,1,0
58,1,1,161.5,264.8,0,1,140.1,1,0.0,1,0,1,1
68,0,1,119.0,197.6,0,1,135.0,0,0.5,1,2,1,1
68,0,2,125.4,210.3,0,0,131.3,1,1.2,1,1,1,1
60,0,3,134.5,313.0,0,1,135.4,0,2.9,1,0,1,0
63,0,0,106.7,314.4,0,0,139.1,0,0.3,2,0,1,0
60,0,2,104.6,295.9,0,1,187.8,0,0.1,0,0,1,0
49,1,2,125.0,273.1,0,1,100.5,0,0.3,1,0,2,1
62,1,2,150.9,295.1,0,0,98.5,0,1.4,0,0,1,0
39,1,3,133.6,322.5,0,1,166.5,0,0.7,1,0,2,1
66,0,2,96.9,293.7,0,1,83.6,0,1.2,2,0,2,1
41,1,3,155.8,247.9,0,1,144.4,0,4.0,1,3,3,1
57,1,2,149.1,280.9,0,0,128.5,1,0.7,1,0,3,1
45,1,1,135.2,217.8,0,1,152.1,0,0.1,0,3,3,0
60,1,2,138.5,249.9,0,0,130.2,0,2.1,2,0,1,1
54,1,3,146.1,249.8,1,0,144.3,0,0.1,0,1,1,1
36,1,3,171.4,229.0,0,0,141.2,1,0.5,1,0,1,0
59,0,0,148.1,229.3,0,2,116.9,0,4.2,1,0,3,1
48,0,1,134.8,296.0,0,1,145.3,1,0.4,0,3,1,1
64,1,2,114.4,203.0,0,0,152.8,0,0.7,1,0,1,0
54,1,2,137.0,247.9,0,2,161.5,0,3.8,1,0,1,0
58,0,0,145.9,186.1,1,0,149.2,0,0.7,0,0,1,1
43,1,0,129.2,149.2,0,0,182.3,0,2.9,0,0,1,1
48,1,2,123.1,291.9,0,0,153.1,0,0.4,0,1,2,1
49,1,2,142.7,296.2,0,1,168.7,0,0.1,0,0,1,0
63,0,3,115.5,223.2,0,0,136.4,0,0.4,1,2,2,0
72,0,3,151.1,249.9,0,0,146.9,1,2.2,1,0,1,1
45,1,1,123.9,225.5,0,0,196.1,0,0.4,0,1,2,0
66,1,3,98.8,232.9,0,0,144.3,1,1.6,0,0,2,1
30,1,2,119.8,211.5,0,0,188.3,0,0.4,1,0,3,0
41,1,3,129.7,257.1,0,0,155.6,0,5.1,0,0,1,1
43,1,1,141.2,220.8,0,0,126.6,0,0.3,0,1,1,0
39,1,1,138.1,254.4,0,1,160.1,0,0.0,1,0,1,0
37,1,2,106.5,308.8,1,1,169.6,1,1.6,1,2,1,1
59,1,3,137.4,260.3,1,0,163.3,0,0.7,1,0,1,1
52,1,3,123.9,246.2,1,0,133.8,1,1.6,1,0,1,1
58,0,2,125.5,217.7,1,1,205.0,0,0.8,1,0,3,0
62,1,1,118.0,243.6,0,0,166.6,0,0.6,2,1,3,1
57,1,2,133.8,169.0,0,1,173.4,1,0.8,1,1,3,1
61,1,2,192.1,311.6,0,1,162.8,1,1.1,1,0,1,0
53,1,2,167.2,198.9,0,1,129.7,1,0.6,0,0,1,0
41,1,2,112.8,152.4,0,0,146.2,0,1.3,0,0,2,1
66,1,0,138.2,241.0,1,0,152.8,0,0.2,0,0,1,1
48,1,2,126.8,254.9,0,2,110.6,0,1.1,0,2,1,1
44,1,1,134.1,296.2,0,1,143.2,0,1.0,1,0,1,1
52,0,3,147.0,251.5,0,0,137.7,1,2.0,0,0,1,0
44,0,2,126.2,278.6,0,0,166.9,0,0.4,1,0,2,0
49,1,2,119.9,280.6,0,0,128.7,0,0.3,2,1,1,0
58,1,3,155.8,279.4,0,0,189.4,1,1.1,1,0,3,1
58,1,0,112.8,192.9,0,1,205.0,0,0.2,1,0,1,0
44,1,1,134.9,260.4,0,0,163.1,1,2.8,1,0,1,1
49,0,2,103.0,178.7,0,0,178.0,0,1.2,0,0,1,0
66,1,1,118.5,333.4,0,0,151.3,1,1.3,0,0,2,1
59,1,1,148.7,273.8,0,1,132.7,1,2.5,1,1,3,1
77,0,3,124.5,222.0,0,0,113.2,1,0.8,0,0,3,1
67,0,2,100.5,262.5,0,0,147.3,0,3.0,1,0,1,0
67,1,0,124.2,201.5,0,0,125.0,0,0.3,1,0,1,0
39,1,1,115.3,167.7,0,0,178.9,0,0.4,1,0,1,0
62,0,0,110.3,282.8,0,0,128.7,0,1.5,0,0,1,0
53,1,2,143.7,197.9,0,1,153.1,0,0.9,0,0,2,0
48,1,0,104.7,231.3,0,0,132.3,0,0.8,0,0,1,1
56,1,3,123.9,251.1,0,0,126.0,0,0.7,0,0,1,0
64,1,2,138.9,236.9,0,2,173.4,0,1.0,1,0,3,1
60,1,0,129.3,198.3,1,1,133.9,0,0.7,0,3,1,1
44,0,1,121.2,240.6,0,0,144.7,0,1.9,1,0,1,0
62,0,2,120.0,250.7,1,0,128.6,0,0.7,1,0,2,0
47,1,1,110.3,277.3,0,2,140.7,1,0.2,1,1,1,1
56,1,2,123.0,349.7,1,0,144.0,0,0.3,0,1,2,0
51,1,3,145.1,153.4,1,0,104.9,1,2.4,0,0,1,0
52,0,1,122.7,205.6,0,0,166.7,0,1.2,0,0,1,0
62,1,1,139.0,254.0,0,0,151.5,0,0.2,1,0,1,1
43,0,2,148.4,282.0,1,0,173.5,0,0.7,1,0,1,0
75,1,1,150.0,264.0,0,0,163.5,0,1.0,1,0,3,1
34,0,0,103.0,283.8,0,0,162.8,0,0.8,0,0,3,0
47,1,0,140.3,173.8,0,2,154.1,0,4.5,0,0,1,1
58,0,3,150.9,228.8,1,1,158.3,1,0.7,1,0,1,1
60,0,3,122.0,307.8,0,2,115.0,0,2.6,1,1,2,1
53,0,0,102.2,203.2,0,0,140.3,0,1.9,2,2,2,1
53,1,2,125.8,120.0,0,0,169.7,1,0.9,1,0,1,0
59,0,0,135.6,207.2,0,0,163.6,0,0.5,0,2,1,0
51,1,2,143.9,259.6,0,0,197.8,0,5.9,0,0,1,1
69,1,0,128.4,243.5,1,2,136.9,0,0.1,0,0,2,0
63,1,0,99.6,188.0,1,0,169.0,0,1.9,1,0,1,1
64,1,3,113.5,213.2,1,1,140.3,0,1.0,0,3,1,1
43,1,1,137.7,179.0,0,2,130.0,0,0.9,0,3,1,1
53,1,0,169.6,187.7,0,0,152.1,1,5.2,2,0,3,1
51,1,3,132.9,201.7,0,1,144.6,0,0.4,1,1,1,0
43,1,2,154.9,242.2,0,1,144.9,1,0.0,0,2,2,1
58,1,2,116.0,137.7,0,0,121.6,0,1.4,0,2,1,1
48,1,3,120.8,299.4,1,0,145.5,0,0.1,1,1,1,0
61,1,1,93.6,239.3,1,1,124.9,0,0.4,2,1,1,1
42,1,0,137.7,188.5,0,0,198.5,1,6.0,1,0,1,1
73,0,0,119.7,205.2,0,0,156.2,0,0.5,0,1,2,1
44,1,1,142.3,210.0,0,0,127.9,0,0.6,2,0,1,0
56,0,0,122.5,242.4,0,0,133.3,1,0.4,0,1,1,1
63,0,2,169.6,251.2,0,0,133.5,0,3.3,0,1,2,1
48,1,0,164.8,230.8,0,0,146.6,1,0.3,0,0,3,1
63,1,1,94.8,211.3,1,2,123.8,0,1.0,0,0,1,1
40,0,0,138.1,236.0,0,2,153.6,0,0.1,1,2,1,0
70,1,1,124.6,155.7,0,1,160.3,0,0.1,0,0,2,0
54,1,2,145.6,187.9,0,1,139.5,1,0.0,2,2,1,0
47,1,1,108.1,209.2,0,0,125.6,1,2.1,1,0,1,0
51,1,1,159.2,181.3,0,0,105.0,1,0.1,0,0,1,1
63,1,3,154.8,234.9,0,1,99.1,0,0.4,0,0,1,1
48,1,2,107.1,180.4,1,1,157.5,1,0.7,2,1,1,0
46,0,2,125.7,314.0,0,1,155.2,0,0.5,0,0,1,0
52,1,2,136.4,176.6,0,1,144.4,0,0.3,1,1,1,0
41,1,2,143.7,303.3,1,2,142.6,0,1.5,1,3,1,1
74,1,0,138.8,160.2,0,0,126.3,0,2.6,1,1,1,1
48,1,0,146.7,327.5,1,1,156.9,1,1.3,1,0,3,1
63,0,2,132.0,270.2,0,0,129.1,0,0.1,0,2,2,0
56,0,1,142.5,276.9,0,2,147.5,1,1.0,1,0,1,1
43,1,0,106.6,177.5,0,0,148.6,0,0.7,1,2,1,0
54,1,1,133.5,227.2,0,0,149.8,0,4.0,1,1,1,1
63,1,0,157.0,233.2,1,0,94.2,0,1.0,1,0,1,1
52,1,3,158.9,236.3,0,0,166.6,1,0.2,0,0,3,1
67,1,0,140.4,301.9,0,0,145.9,0,0.1,0,1,3,0
65,0,0,132.0,275.7,0,0,130.6,0,0.2,0,0,1,1
64,1,2,161.1,237.6,0,1,134.6,1,0.3,0,0,3,1
49,1,2,130.9,283.6,1,1,162.2,1,1.5,2,1,1,1
42,1,2,151.6,289.3,0,0,152.0,1,1.1,0,0,1,1
47,0,1,127.3,214.0,0,0,165.1,0,0.8,2,0,1,0
56,1,1,135.2,215.8,0,0,148.9,1,1.1,1,2,1,1
60,1,2,115.6,338.6,0,1,164.5,1,1.6,0,0,2,0
30,1,0,105.5,222.4,0,1,140.8,0,0.1,0,0,2,0
54,1,1,151.6,213.1,0,0,150.4,0,1.3,2,0,2,1
56,0,3,162.5,235.3,0,1,107.2,0,1.5,0,0,1,1
51,1,0,135.2,287.6,1,1,128.2,0,3.3,0,3,2,1
68,1,1,134.5,277.9,0,1,109.4,0,2.6,2,0,1,1
59,1,0,153.7,237.6,0,0,141.1,0,2.4,1,0,1,1
68,0,0,140.6,273.2,0,0,131.8,0,1.4,0,0,3,1
52,1,1,90.3,251.7,0,0,135.4,0,0.2,1,0,1,0
64,1,0,154.4,238.6,0,1,112.2,1,1.3,0,3,1,1
72,0,0,111.4,234.5,0,1,100.1,1,0.7,1,0,3,1
68,0,1,134.3,252.8,0,1,114.2,1,0.4,1,0,2,1
42,1,0,123.1,218.9,0,0,174.0,0,0.3,0,1,2,0
51,1,2,121.7,243.5,0,1,150.0,1,1.0,2,1,3,1
50,0,2,130.8,237.8,0,0,129.6,0,0.5,1,1,1,1
59,0,1,148.3,179.3,0,0,142.5,0,0.6,0,0,1,1
62,0,3,133.6,220.9,0,0,148.5,0,0.3,0,1,1,0
45,0,2,154.1,226.9,0,1,155.3,0,0.5,1,1,2,1
55,1,2,161.9,323.6,0,2,135.1,0,0.6,0,0,3,1
32,0,0,152.9,226.7,1,1,148.9,0,0.6,0,0,3,1
70,0,3,134.0,259.0,0,0,127.7,0,0.2,1,0,1,0
48,1,3,123.9,334.0,0,1,177.8,0,0.2,1,0,2,0
55,0,0,130.6,172.3,0,2,160.0,0,3.5,0,2,3,1
51,1,2,153.5,172.8,0,1,177.8,0,0.2,2,2,2,0
67,1,2,156.4,211.7,1,0,142.4,0,0.2,0,0,3,0
23,1,1,90.0,215.9,0,1,144.5,0,2.6,0,0,2,1
54,1,1,139.5,231.2,0,0,176.1,1,0.5,1,0,1,1
53,1,0,91.1,218.6,0,1,140.9,0,0.0,1,0,3,0
49,0,0,129.4,185.4,0,2,126.1,0,0.6,0,0,3,0
73,1,0,129.2,290.9,0,0,114.9,0,1.2,0,1,1,1
44,1,2,116.4,217.9,0,0,168.8,1,0.9,1,0,1,1
62,0,2,148.3,296.3,0,1,145.8,0,0.9,1,2,1,0
58,1,3,123.3,198.1,0,1,129.2,1,6.0,0,0,1,1
68,1,2,137.3,332.5,1,0,123.0,1,0.6,0,2,1,1
47,0,1,112.5,165.7,0,0,205.0,0,0.2,0,0,3,0
46,1,0,133.3,238.0,0,1,162.3,0,0.5,0,0,1,1
66,1,3,154.3,201.7,0,0,136.4,0,1.4,0,2,1,1
59,1,1,119.4,244.7,0,0,154.5,1,0.8,0,1,1,0
37,1,2,141.3,192.4,0,1,115.9,1,0.7,0,3,3,1
48,1,0,133.5,144.9,0,2,130.0,0,0.5,0,0,1,0
58,1,1,135.9,208.4,0,0,127.3,0,3.6,2,1,1,1
63,0,1,126.9,314.8,0,1,171.2,1,1.1,1,0,1,1
47,0,0,143.2,194.9,0,0,108.2,0,1.3,1,1,2,1
22,1,2,138.1,252.6,1,0,146.0,1,0.7,0,0,2,0
60,1,2,133.1,243.8,0,1,144.9,0,0.8,0,1,1,0
41,1,1,134.4,216.8,1,1,145.3,0,0.3,0,1,1,1
32,1,2,141.9,323.6,1,0,139.2,0,0.2,0,0,1,1
23,1,1,136.0,216.7,0,2,160.0,1,1.3,1,0,1,1
63,1,0,130.7,252.0,0,1,177.9,1,0.1,0,0,1,1
55,0,3,152.2,245.5,0,2,166.0,1,3.6,2,0,1,1
52,1,1,149.1,310.0,0,0,112.4,1,2.1,0,1,1,0
69,1,3,175.8,180.7,0,1,140.3,1,1.6,1,0,2,1
61,1,2,107.5,342.6,0,0,104.5,1,1.1,0,3,1,1
72,1,0,151.1,314.6,0,1,142.7,0,1.1,2,0,1,1
39,1,1,151.0,253.6,1,0,176.8,0,1.4,0,0,2,1
54,1,0,152.1,268.6,0,1,117.5,0,2.5,2,0,1,1
36,0,1,122.0,225.1,0,0,166.7,0,0.7,1,1,2,0
51,0,2,105.7,247.0,0,1,182.7,0,0.2,0,0,1,0
51,0,0,158.0,258.8,0,0,101.4,0,0.1,2,0,1,1
61,1,0,127.1,203.9,1,0,145.6,0,0.7,0,1,1,0
55,0,2,125.9,308.6,0,1,150.2,1,1.1,0,1,1,0
61,1,2,172.9,253.7,0,0,141.1,0,2.1,1,0,3,1
62,1,2,113.1,250.4,0,0,119.6,0,2.4,2,2,1,1
78,1,2,154.7,211.7,0,0,139.7,0,1.2,0,0,1,1
51,1,2,119.7,291.8,0,0,140.5,0,2.4,0,0,1,1
44,0,3,114.5,235.9,0,1,159.0,0,2.4,0,0,1,0
57,1,0,137.8,219.3,1,0,129.9,0,0.3,1,3,2,1
45,0,2,140.9,190.5,1,1,153.7,0,0.5,1,0,1,0
70,1,1,155.1,239.9,0,0,196.4,1,1.8,1,0,2,0
51,0,3,149.7,188.9,0,1,115.4,0,4.4,0,1,2,0
48,1,1,119.8,254.5,0,0,87.4,0,0.1,0,1,2,1
49,1,3,112.2,273.7,0,0,153.5,0,1.9,1,0,3,1
62,1,2,129.8,226.9,1,1,135.7,1,0.3,2,0,1,0
52,1,2,139.8,251.1,0,1,144.3,1,0.9,0,0,1,1
47,0,1,125.5,292.6,0,0,128.9,0,0.7,2,2,1,0
72,1,1,90.0,240.1,0,0,145.2,0,1.1,2,1,1,1
45,1,2,98.9,233.6,0,0,184.3,0,2.2,2,2,2,1
54,1,1,129.7,241.6,1,1,131.7,1,0.5,1,0,1,1
61,1,3,151.1,224.5,1,1,164.7,0,1.3,1,0,1,1
36,0,2,110.2,219.6,1,1,164.5,1,0.8,0,0,2,0
59,1,2,148.4,209.3,0,0,153.7,0,0.8,0,2,2,0
42,1,1,104.1,256.1,0,1,158.6,1,2.2,0,3,1,1
63,1,0,140.9,241.4,0,1,132.3,0,1.6,1,0,1,1
43,1,2,136.0,263.9,0,2,168.9,1,0.5,1,0,1,0
62,1,1,144.4,289.2,1,1,130.5,0,0.6,0,1,1,1
66,0,3,115.9,199.4,0,0,161.9,0,0.1,1,0,2,0
63,0,2,105.4,207.7,0,0,167.2,0,0.0,0,1,1,0
57,1,0,147.8,272.9,0,0,141.4,0,0.5,1,0,1,0
51,1,2,105.8,229.2,1,0,126.0,1,0.7,0,0,3,1
48,1,2,118.6,242.9,0,0,150.7,0,0.8,2,0,2,0
70,1,2,163.1,250.7,1,0,162.6,1,4.7,1,0,3,1
46,1,2,135.1,196.9,0,1,141.4,1,0.4,1,0,3,1
43,1,0,137.9,259.8,0,0,157.1,1,0.8,0,0,2,1
61,1,0,147.0,254.8,0,0,138.2,1,0.7,0,2,1,1
45,0,2,139.4,193.9,0,0,144.5,1,0.9,1,0,1,1
44,1,0,131.1,230.6,0,2,189.9,0,1.8,1,1,1,1
38,1,2,113.8,231.0,0,2,177.4,1,0.2,0,2,1,0
49,0,2,178.1,272.5,0,0,133.2,0,0.5,1,2,1,0
53,1,3,128.5,292.7,1,0,103.5,1,0.8,1,3,1,1
57,1,3,140.7,242.1,0,0,156.0,1,0.1,1,0,1,0
64,1,2,144.4,170.9,0,2,123.0,1,0.4,1,1,1,0
60,0,1,122.9,275.4,1,0,149.5,0,0.5,0,0,1,1
52,0,1,122.8,337.4,0,0,143.7,0,0.2,0,0,2,1
52,0,0,157.3,272.3,0,0,176.9,1,3.0,1,3,1,1
60,0,0,119.2,231.5,0,2,140.3,0,0.4,0,0,1,0
68,1,2,144.9,263.9,0,1,143.9,0,1.0,1,2,1,0
55,0,2,147.4,277.0,1,1,195.1,1,2.4,1,2,2,0
49,1,1,128.9,244.6,0,0,176.5,1,0.6,0,1,2,0
43,1,1,129.6,295.4,0,0,115.1,0,0.1,1,2,1,1
38,0,2,144.2,186.0,0,1,151.0,0,0.6,2,0,1,0
61,1,3,133.3,226.1,0,0,131.4,1,0.3,2,0,1,0
60,1,0,98.1,263.7,0,0,156.7,1,1.2,0,1,2,1
60,1,0,162.6,274.2,0,2,131.5,0,0.5,2,1,1,1
53,1,3,116.2,217.0,0,1,114.2,0,1.9,1,0,1,1
69,1,0,141.6,226.7,0,0,141.0,0,1.1,0,3,1,1
49,1,2,109.0,210.3,0,0,171.6,0,2.4,1,0,3,1
65,1,2,127.6,212.5,0,1,137.7,0,0.5,0,1,1,1
54,0,1,123.1,264.2,0,1,142.7,1,1.5,2,0,1,1
47,1,1,135.4,237.3,0,0,149.8,0,1.7,1,2,1,1
61,0,3,117.0,300.9,0,2,126.6,0,0.1,1,0,2,1
59,1,0,170.9,195.0,0,0,139.5,0,0.2,1,1,2,1
58,0,0,132.4,235.9,0,1,138.6,0,1.3,0,1,1,0
55,1,2,150.1,274.1,0,1,160.2,0,0.9,0,3,2,0
54,1,1,133.8,256.5,0,0,173.8,0,0.2,1,2,1,1
80,0,2,155.5,202.2,0,1,148.4,0,1.4,0,0,2,1
67,1,3,99.4,296.6,0,1,130.4,0,1.6,0,0,1,0
62,0,3,120.3,248.4,0,0,101.7,0,0.7,0,1,1,0
55,0,0,121.9,326.1,0,1,142.0,0,3.6,1,1,1,1
65,1,1,127.2,239.4,0,0,155.1,0,0.4,1,1,3,0
60,1,0,144.8,294.5,0,1,165.4,0,1.4,2,0,1,0
54,1,3,144.6,225.6,0,0,142.4,1,3.5,0,0,3,1
51,1,1,131.9,230.0,0,2,136.6,1,0.1,0,0,1,1
53,1,1,132.9,262.8,0,0,121.7,0,1.1,1,0,1,1
22,1,2,169.9,155.3,0,0,184.7,0,0.2,1,2,3,0
56,1,2,140.3,153.3,0,1,112.8,1,0.2,0,2,1,1
49,0,0,90.0,209.9,1,1,170.2,0,0.4,0,0,2,0
72,0,1,149.4,190.5,0,0,124.0,0,1.6,0,1,1,1
54,0,2,141.1,142.2,0,2,121.9,0,1.2,0,0,3,1
41,1,2,151.6,269.5,0,1,186.1,1,1.6,2,0,1,0
53,0,2,141.5,206.2,0,0,120.9,0,0.0,2,0,2,0
42,0,0,111.7,222.1,0,1,123.2,0,0.3,1,3,1,1
59,1,1,151.3,249.3,1,0,188.1,1,0.7,2,1,2,1
57,0,2,133.5,264.6,0,1,158.9,0,0.8,0,0,3,1
65,1,3,155.6,257.7,0,1,149.9,1,0.9,0,0,2,1
45,1,0,159.6,247.1,0,1,157.9,1,0.6,0,1,3,0
54,0,0,128.8,262.1,0,0,132.6,0,0.6,0,0,3,1
39,1,2,146.0,214.2,0,1,145.5,0,2.6,1,0,1,1
62,1,2,154.6,212.8,0,0,180.9,0,1.1,1,1,1,0
60,1,0,138.4,141.6,0,0,142.0,0,0.9,1,1,2,1
59,0,2,167.5,271.2,0,0,130.1,0,0.1,2,1,1,1
54,1,3,152.8,211.2,0,0,177.0,1,1.4,1,0,1,0
59,1,2,124.7,330.4,1,0,128.2,1,1.5,1,1,3,1
72,1,1,143.2,280.2,0,1,147.1,0,5.9,0,2,1,1
51,1,3,148.7,282.2,0,1,179.8,1,0.2,1,1,1,1
56,1,0,169.1,273.2,0,2,142.4,1,1.0,0,0,3,1
42,1,1,142.2,260.6,0,2,106.8,0,0.6,1,3,1,1
44,1,2,136.7,258.8,1,0,173.0,0,0.9,1,0,1,1
55,1,2,157.0,266.8,0,1,175.1,0,1.2,1,2,2,1
66,1,3,133.0,253.3,0,0,140.9,0,1.3,1,2,3,0
51,0,1,112.4,213.2,0,0,144.6,1,0.4,0,0,1,0
51,0,0,142.9,188.5,0,0,149.0,0,1.3,1,2,2,1
50,0,3,123.2,258.6,0,0,152.0,0,0.2,1,1,2,0
48,0,0,178.4,296.1,0,0,143.6,0,0.0,1,1,1,1
57,0,1,136.3,236.9,0,1,184.5,1,2.6,0,2,1,1
38,0,2,139.8,242.5,0,0,161.6,0,2.1,0,0,3,1
68,1,3,126.2,188.3,0,1,139.6,0,1.1,1,0,3,0
47,1,2,155.0,219.0,0,1,169.0,0,1.6,1,2,1,0
62,1,1,135.5,190.1,0,1,133.6,0,0.5,2,1,1,1
40,1,2,128.3,185.5,0,2,150.6,1,0.1,1,1,2,0
61,0,3,130.9,248.2,0,1,154.4,0,1.1,1,2,1,0
61,1,2,112.5,241.3,0,0,142.5,0,1.3,1,1,2,1
58,1,0,130.5,277.5,0,0,161.7,0,2.0,0,0,1,1
43,0,2,138.1,271.3,0,0,147.4,0,0.3,2,0,1,0
57,0,3,103.9,204.0,0,1,155.0,0,1.7,1,1,1,1
41,0,2,146.1,151.7,0,1,173.2,1,1.7,0,1,1,0
51,0,2,125.4,198.6,0,1,171.8,0,0.1,1,0,2,0
65,0,1,138.2,214.0,0,0,97.4,0,0.2,0,0,2,1
63,0,2,93.0,268.8,0,2,148.8,1,0.3,2,0,1,0
54,0,2,135.0,268.3,0,1,166.2,0,0.7,1,0,1,0
43,0,0,109.5,235.5,0,0,133.0,0,0.2,1,1,1,0
61,1,1,129.4,276.4,0,0,167.1,1,0.2,0,1,3,1
54,0,0,102.8,354.1,0,1,152.2,1,0.2,0,0,1,0
28,0,3,108.6,227.1,0,1,153.7,0,0.2,0,0,1,1
63,1,2,133.3,234.3,0,0,151.6,0,0.1,1,2,1,0
54,1,1,129.1,204.4,0,0,165.7,0,0.3,0,0,3,0
67,1,3,153.2,260.0,0,2,92.4,1,0.5,0,0,3,1
42,1,2,97.4,287.2,0,0,190.4,1,1.0,1,1,1,1
22,0,3,122.1,208.3,0,1,123.9,0,0.1,1,3,1,0
57,0,0,130.0,225.2,0,0,121.5,1,0.3,0,0,1,1
57,0,2,123.5,219.5,0,0,177.2,0,0.5,1,0,1,0
35,1,2,112.8,184.1,0,0,179.3,0,0.5,1,0,2,0
43,1,0,151.1,243.5,0,0,144.3,0,2.1,1,1,1,0
84,1,1,178.4,259.4,0,1,152.2,0,0.1,1,0,1,1
51,0,1,99.4,238.5,0,0,156.9,1,0.1,0,0,1,0
62,1,2,119.4,325.1,0,1,148.0,0,0.1,0,0,1,0
47,0,1,111.2,256.6,0,1,88.3,0,0.6,0,0,2,1
31,1,1,123.2,184.2,0,0,138.8,1,0.0,1,1,1,0
52,1,1,156.1,268.5,0,0,140.7,0,0.0,1,0,2,1
51,1,0,142.7,225.4,1,0,97.6,0,4.7,1,0,1,1
50,0,3,127.2,225.5,0,2,167.0,0,0.4,1,1,1,1
53,1,1,134.0,233.4,0,0,146.9,0,0.8,2,0,1,0
57,1,2,129.0,229.9,0,0,174.8,1,0.1,1,1,2,0
52,0,0,143.8,252.6,1,1,137.5,1,0.6,1,3,1,1
40,1,1,146.0,329.6,1,1,125.0,0,0.6,1,0,2,0
59,1,3,145.9,226.9,0,0,122.8,0,1.5,1,1,2,1
33,1,3,90.0,238.0,1,1,166.9,0,2.1,0,2,1,1
31,0,1,125.5,243.7,0,1,185.7,1,0.4,1,1,1,0
62,1,0,132.6,221.6,0,1,143.4,1,0.1,1,0,1,0
60,0,1,150.3,225.8,0,1,165.8,0,0.3,0,0,3,0
53,1,1,138.1,284.8,0,0,148.0,0,0.5,0,1,1,1
39,1,2,140.3,213.7,0,0,170.5,0,0.1,1,2,1,0
46,1,1,123.1,199.5,0,1,190.2,0,0.2,0,0,1,1
51,0,2,147.2,318.8,0,0,161.4,0,0.1,0,2,2,0
36,1,2,151.7,182.1,1,1,142.3,0,0.2,1,0,1,1
46,0,1,99.7,277.5,0,0,158.2,0,0.4,2,0,1,0
61,1,2,112.4,235.0,0,0,145.6,1,1.1,0,0,1,0
70,1,3,151.7,193.5,0,0,130.1,1,0.6,1,1,3,1
49,1,2,129.6,223.1,0,0,133.0,0,0.8,0,0,2,0
62,0,3,151.5,234.3,0,0,191.9,0,0.8,0,0,1,0
33,1,2,133.1,162.3,0,0,154.4,1,3.4,1,0,2,1
61,0,2,145.2,262.7,0,0,91.9,1,0.7,0,0,1,0
45,1,3,118.3,252.6,0,0,139.0,1,0.9,2,0,1,1
57,0,2,137.9,227.1,1,0,128.9,1,1.5,0,1,1,1
51,1,2,139.4,261.2,0,1,143.9,0,1.0,2,0,2,1
69,1,1,125.3,255.6,0,0,105.6,0,0.1,1,0,1,1
44,0,3,146.5,294.8,0,0,141.5,1,0.1,0,0,2,0
61,0,0,98.6,196.4,1,0,148.9,0,0.1,0,0,2,0
51,0,1,134.0,227.5,0,1,119.9,0,0.5,0,3,2,1
52,1,2,110.2,284.7,0,2,174.6,0,0.3,0,0,1,0
52,1,2,115.1,264.5,0,1,149.7,1,2.0,1,3,1,0
45,1,2,149.5,137.0,0,1,156.8,0,2.2,1,1,1,1
54,1,2,114.2,168.0,0,0,138.8,0,0.6,1,0,1,0
53,0,1,110.2,241.1,0,1,153.1,1,0.7,1,0,3,1
57,1,3,145.2,314.6,0,1,162.7,1,0.2,0,0,3,1
55,0,2,111.3,222.8,0,0,152.3,1,0.1,0,0,1,0
63,0,3,151.6,273.1,1,1,167.1,0,0.3,0,1,1,0
64,1,1,148.1,248.5,0,1,144.7,1,0.3,1,0,1,0
42,1,2,117.0,262.7,0,0,173.2,1,0.9,2,1,1,0
64,1,2,154.1,292.0,0,1,151.0,0,0.4,0,0,3,1
41,1,1,95.9,278.4,1,0,109.6,0,0.2,1,0,1,0
60,1,2,144.0,283.5,0,0,124.6,1,2.6,1,0,1,1
61,1,0,113.3,216.8,0,1,125.2,0,0.1,2,0,1,0
33,0,2,116.3,227.4,0,1,142.6,1,1.1,0,0,2,0
55,1,2,126.0,264.6,0,1,123.3,0,0.4,1,1,1,1
49,1,2,155.8,260.9,0,1,175.5,0,1.1,1,0,1,0
46,1,2,123.0,264.8,0,0,185.7,0,0.6,2,0,3,0
69,1,0,136.3,168.8,0,0,102.5,1,3.8,1,0,2,0
47,1,2,124.4,291.6,0,0,169.2,1,0.2,1,1,1,0
45,1,1,114.1,163.3,1,2,166.1,1,0.2,1,0,1,0
55,0,1,112.7,208.7,0,0,195.9,0,0.3,2,0,2,0
62,1,1,141.6,252.8,1,0,141.1,1,0.3,1,1,2,1
52,0,1,130.0,239.4,0,1,114.8,0,1.3,2,0,1,1
67,0,2,148.0,308.4,0,1,105.7,0,0.7,2,0,2,1
60,1,3,131.1,192.0,0,0,168.6,0,0.6,1,0,2,0
30,0,1,121.2,217.0,0,0,143.3,0,0.5,0,0,1,0
48,1,1,146.3,152.7,0,0,167.0,0,0.9,1,0,1,0
48,1,1,125.8,245.1,0,1,150.6,1,5.0,0,0,1,1
59,1,2,109.3,234.0,1,1,164.1,0,1.0,0,0,1,1
25,1,1,142.0,176.7,0,1,130.9,1,1.8,2,2,1,1
82,0,1,125.8,308.8,0,1,132.3,0,1.0,1,0,1,1
60,1,2,136.7,291.0,0,0,161.3,0,1.7,1,0,1,0
56,1,1,123.2,245.3,1,0,161.6,0,0.8,1,1,1,1
67,0,0,116.7,296.0,0,1,161.0,0,0.1,0,3,1,1
80,0,0,103.3,246.4,0,1,95.0,0,0.5,0,0,1,0
64,0,1,139.6,276.3,0,1,139.1,0,3.2,0,0,1,1
64,1,0,90.0,282.9,1,1,141.0,0,1.5,1,0,2,0
55,1,2,157.6,194.7,0,1,179.3,0,1.1,0,0,2,0
52,0,0,149.1,259.7,0,0,205.0,0,0.2,0,0,3,1
49,1,1,116.4,247.1,0,2,182.2,0,0.1,1,2,1,1
45,0,1,157.3,193.2,0,0,172.7,1,0.3,1,0,1,1
46,1,2,169.1,182.4,0,0,162.3,0,1.3,1,0,1,1
39,1,3,125.3,258.1,0,1,157.3,0,1.1,0,2,1,1
53,0,2,138.1,228.6,0,0,176.0,0,0.1,1,0,1,0
35,1,2,131.7,170.3,0,0,163.4,1,0.1,1,2,2,0
56,1,2,161.7,267.6,1,1,136.0,1,0.4,2,2,3,1
54,1,0,108.9,282.5,0,0,146.2,0,3.5,2,0,1,1
56,0,0,127.4,190.6,1,0,131.1,1,0.2,0,0,2,0
48,0,0,146.0,239.2,0,1,110.3,0,0.5,1,1,3,1
85,0,0,153.4,319.1,0,1,91.3,0,1.0,1,3,2,1
69,1,1,137.0,206.5,0,1,139.6,0,0.9,0,0,1,0
40,1,2,155.6,311.6,0,1,110.9,0,0.5,1,0,3,0
57,0,0,136.0,228.2,0,1,120.4,0,0.2,0,2,2,0
47,1,3,134.3,235.9,0,0,162.1,1,2.7,0,1,1,1
43,0,3,140.8,176.2,0,1,137.7,0,0.0,0,0,1,0
39,0,3,126.2,176.4,0,0,129.5,0,0.1,2,0,2,1
59,1,0,136.2,214.3,0,1,120.0,1,0.1,1,0,3,0
47,0,3,115.1,277.9,0,0,178.1,1,0.6,0,2,1,1
65,0,2,186.6,348.2,0,1,159.2,0,1.2,1,0,2,1
65,1,3,128.2,359.9,0,1,122.7,0,0.7,2,0,1,1
69,1,2,150.9,241.2,0,1,149.4,0,1.1,0,0,2,1
45,1,2,166.1,222.6,0,0,155.3,0,1.8,0,1,2,1
59,1,0,111.1,199.8,0,2,162.7,0,0.0,0,0,1,0
61,1,0,146.8,292.9,0,0,171.5,0,3.0,0,3,1,1
49,1,0,133.2,207.7,0,0,112.6,0,1.6,1,0,2,1
46,0,3,161.3,228.2,0,1,161.7,0,0.2,0,2,1,1
72,1,0,122.1,269.6,0,0,137.6,0,0.9,1,0,1,1
57,1,0,121.2,262.3,0,0,169.9,0,0.7,2,0,3,0
61,1,3,134.9,217.0,0,0,105.6,0,0.4,0,1,2,1
45,1,0,122.9,234.1,0,0,124.7,1,2.5,2,0,3,1
41,1,3,122.5,211.2,1,0,157.5,0,1.0,1,2,2,1
48,1,2,169.0,202.7,0,1,145.1,0,0.6,0,1,1,0
53,1,0,136.0,195.9,0,0,155.9,0,1.5,0,2,2,1
42,0,0,113.9,172.5,0,0,118.7,0,0.5,0,0,2,1
54,1,2,127.0,257.3,0,0,173.9,0,3.8,1,0,2,1
35,0,3,133.5,224.2,0,2,163.0,1,0.9,1,2,1,1
42,0,3,134.1,187.2,1,1,158.8,0,0.1,0,0,1,1
61,1,1,125.4,189.8,0,0,140.2,1,0.9,1,2,1,1
61,1,1,106.4,189.1,1,0,118.1,1,1.1,2,2,2,1
50,1,1,132.1,213.1,0,0,132.9,0,0.2,0,1,1,0
43,1,2,129.9,287.1,0,1,190.3,0,1.4,1,2,2,0
43,1,1,119.6,207.6,0,2,155.8,1,1.1,1,3,3,1
50,0,0,153.0,264.5,0,0,150.2,1,0.1,0,1,2,1
61,0,2,143.1,312.5,0,1,162.2,0,0.5,0,3,1,0
64,1,1,138.9,252.3,0,1,124.3,1,2.9,2,1,1,1
49,1,0,126.3,206.0,0,2,160.1,0,0.1,0,0,1,0
41,1,2,161.9,232.9,0,0,158.8,0,0.7,0,0,2,0
57,1,2,114.0,240.5,0,1,139.6,0,1.5,1,0,1,0
45,1,1,122.8,314.3,1,0,142.3,0,0.1,2,2,1,1
48,1,2,124.4,163.1,0,1,165.8,1,1.7,1,0,2,1
69,1,2,143.1,295.7,0,0,150.8,0,0.8,2,0,2,0
63,0,2,145.1,167.9,0,1,125.5,0,0.5,1,0,1,1
56,0,3,107.4,277.8,0,0,156.8,1,0.1,2,0,3,0
40,0,2,115.2,218.5,1,0,131.3,1,0.5,1,2,1,1
56,0,2,139.6,322.4,0,1,131.2,0,1.0,1,0,1,0
66,1,2,125.0,275.2,0,1,148.7,1,1.4,0,2,2,1
50,1,2,125.8,265.2,0,0,155.6,0,0.6,0,0,2,0
69,1,0,140.9,205.2,0,1,114.8,0,0.7,0,0,1,1
68,1,1,119.9,325.7,0,1,147.0,0,1.3,2,2,2,1
72,1,2,143.5,371.6,0,0,132.7,0,0.5,2,0,1,0
57,1,1,145.8,331.0,0,1,169.2,0,0.1,0,0,1,0
60,0,1,133.2,199.4,0,0,153.2,0,2.2,1,2,3,1
70,0,2,160.7,238.6,0,1,113.1,0,2.4,1,3,2,1
59,0,0,145.3,190.9,0,1,148.6,0,0.5,0,3,1,1
48,0,2,128.8,212.5,0,0,134.3,0,4.3,2,0,1,1
49,1,1,127.0,252.1,0,1,152.3,0,0.5,1,2,1,1
57,1,1,166.3,274.6,0,1,154.4,0,1.4,0,1,3,0
40,0,1,115.6,260.0,0,0,166.8,0,0.7,1,0,2,0
52,1,0,128.6,165.0,0,0,127.7,0,3.5,1,3,1,1
66,1,1,129.6,244.0,0,0,127.0,1,2.5,0,0,1,1
30,0,1,132.2,255.8,0,0,163.0,0,1.4,1,0,1,0
71,1,1,178.8,289.1,0,2,127.7,1,3.2,1,0,1,1
66,1,2,141.4,264.4,0,0,131.2,0,0.1,0,2,3,1
49,1,1,127.0,261.2,0,1,127.1,1,1.7,0,0,2,1
60,0,2,135.9,233.0,0,2,152.2,1,0.4,1,2,1,0
54,0,2,107.4,253.4,0,1,133.3,0,1.6,0,1,2,1
68,0,0,131.1,360.0,0,0,132.1,1,1.6,0,0,3,1
65,0,1,164.4,298.4,0,1,141.9,0,1.2,1,1,1,1
39,1,0,142.2,252.2,0,1,101.5,0,0.5,0,0,1,1
60,0,3,154.7,275.6,0,2,108.8,0,0.1,2,0,2,1
52,0,3,148.7,244.0,0,1,183.7,1,1.4,0,0,1,1
55,0,0,118.5,244.9,0,2,112.7,0,0.3,1,1,1,1
46,1,2,166.4,280.4,0,1,172.6,0,0.2,1,2,1,1
73,0,3,103.8,221.7,0,0,155.7,0,0.0,1,0,1,0
65,0,2,139.7,239.6,0,1,140.6,1,1.8,0,0,1,1
46,1,1,94.9,178.3,1,0,185.2,1,0.6,0,0,1,0
39,1,1,99.4,270.3,0,0,174.7,1,0.7,0,0,1,0
50,0,1,146.8,287.1,0,1,154.3,0,0.9,0,3,1,0
59,0,2,119.8,269.7,1,0,153.2,0,1.2,1,1,2,1
57,1,2,157.2,232.1,0,1,166.8,0,0.6,1,2,1,0
68,1,2,98.4,244.4,1,0,147.9,1,1.8,1,2,2,1
63,0,0,131.7,251.0,0,1,161.0,1,1.1,0,0,3,0
65,0,3,111.9,293.4,1,1,176.4,0,1.5,0,1,2,0
58,0,3,126.1,288.4,0,1,172.8,1,0.2,0,1,1,0
39,1,0,158.1,173.0,0,0,149.8,1,2.0,1,0,2,1
52,1,0,165.8,202.1,1,1,130.1,1,1.8,1,0,1,1
66,1,2,146.2,264.7,0,1,141.4,1,1.4,1,0,1,1
53,1,1,105.0,182.2,0,0,193.9,0,0.0,2,1,1,0
60,1,1,113.8,283.9,0,1,118.1,0,2.0,0,0,2,1
50,1,0,135.9,227.9,1,0,145.3,0,0.6,1,0,1,1
43,1,3,116.7,268.7,0,1,151.2,0,2.6,1,2,3,1
53,1,3,145.6,242.6,0,0,129.5,0,0.2,1,0,2,1
57,0,0,161.9,238.1,0,1,148.4,0,0.1,0,0,3,0
47,1,3,114.6,191.1,0,0,139.2,0,0.2,1,0,2,0
51,1,2,117.1,216.3,0,1,148.3,1,0.0,1,1,2,1
44,1,1,110.3,232.8,0,0,149.9,1,1.0,1,0,2,1
66,0,3,129.4,239.1,0,0,141.1,0,0.0,2,1,2,0
51,1,2,134.2,272.2,0,0,128.2,0,2.0,2,2,2,1
70,1,3,138.4,218.7,1,2,126.8,1,1.0,1,1,1,1
71,1,1,154.4,246.0,0,0,133.9,1,0.1,2,0,1,1
53,0,2,137.8,307.2,1,0,147.5,1,0.1,2,0,1,0
43,1,1,130.2,273.7,0,0,154.4,0,0.3,0,0,1,0
31,0,1,126.0,238.0,0,0,174.4,0,0.4,1,2,1,0
38,1,2,131.5,171.6,0,0,133.0,1,0.1,0,1,1,0
39,1,3,129.2,175.7,1,2,150.7,0,0.2,1,0,2,1
69,0,2,122.6,274.7,0,0,118.2,0,1.1,0,1,1,1
55,0,0,109.6,274.3,0,2,124.3,0,0.7,0,1,2,1
58,1,0,137.6,157.2,0,0,152.9,0,0.9,2,0,3,1
30,0,3,116.0,263.8,1,0,163.8,0,1.3,0,2,1,0
41,1,1,140.2,212.1,0,1,143.5,0,1.6,1,0,1,1
64,1,1,137.8,227.1,0,0,128.6,0,0.3,0,2,3,1
57,0,2,132.0,281.6,0,0,117.0,1,1.4,1,0,2,1
52,1,3,151.2,272.9,0,0,171.9,0,0.1,1,1,1,0
60,0,2,107.2,239.2,0,0,141.0,1,0.1,1,1,3,1
72,1,0,170.3,278.0,1,0,101.2,0,0.7,1,0,1,0
52,0,1,91.2,224.7,0,0,150.3,0,1.3,1,0,1,0
55,1,2,160.4,207.0,0,0,130.2,0,3.4,0,0,1,0
56,1,3,138.1,297.5,1,2,133.1,1,0.6,1,0,1,0
80,1,3,131.1,308.8,0,1,153.7,1,0.5,1,2,1,1
31,0,2,98.8,205.0,0,0,156.1,1,0.9,0,0,1,0
62,0,3,122.2,220.7,0,1,179.4,1,2.7,2,0,1,1
53,1,0,130.8,280.3,1,0,205.0,0,1.2,2,0,2,1
60,1,1,139.0,213.0,1,1,174.2,0,1.6,1,2,3,1
47,0,1,155.3,274.2,0,2,128.5,0,0.7,0,0,2,1
53,1,3,135.1,196.0,0,1,179.1,0,1.1,0,0,1,1
62,0,0,138.8,231.6,0,0,130.2,0,0.1,2,0,1,1
85,1,1,148.1,295.3,0,1,140.0,0,0.6,1,0,1,0
63,0,3,127.4,201.9,0,1,172.6,1,2.1,1,0,2,1
45,0,1,125.3,212.4,0,0,128.3,1,0.2,0,1,3,1
49,0,0,127.8,256.2,1,0,153.3,0,1.6,0,0,1,0
49,1,2,144.0,160.5,0,0,153.2,0,2.6,1,0,1,0
34,0,2,109.6,237.6,0,2,140.4,0,2.5,1,2,1,0
50,1,1,123.9,291.1,0,1,110.1,0,3.4,1,2,1,1
62,0,3,139.4,282.3,0,1,158.6,0,0.2,1,2,2,1
40,1,0,111.1,234.3,0,0,124.9,0,2.7,0,0,1,1
66,1,3,139.0,246.5,0,1,154.7,0,1.2,0,0,1,1
59,1,2,125.4,308.8,0,0,140.4,0,6.0,2,1,1,1
46,0,1,138.1,298.9,0,1,181.9,0,2.7,0,2,1,0
52,1,2,158.2,236.5,0,0,123.9,0,1.1,1,1,3,1
72,1,0,128.7,220.0,0,1,135.1,0,2.4,0,0,2,1
62,1,0,149.6,281.9,0,1,188.9,1,0.3,2,2,1,0
54,0,3,134.6,291.1,0,0,132.0,0,1.6,1,0,3,0
51,1,0,126.3,301.0,0,0,185.5,0,0.7,0,0,1,0
55,1,0,134.4,267.4,0,0,129.8,1,1.6,2,0,1,1
48,1,1,155.9,223.6,0,0,154.7,0,2.3,0,3,1,1
31,1,0,125.2,159.9,1,0,142.6,0,1.2,1,0,1,0
76,1,3,163.1,334.4,0,0,145.8,0,0.8,1,1,2,1
56,0,3,129.3,312.6,1,0,118.6,0,0.0,1,0,2,0
58,0,1,106.6,209.1,0,0,133.4,1,0.8,2,0,1,1
53,1,1,131.1,249.4,0,0,137.1,1,0.2,0,0,3,1
46,1,2,105.2,228.9,1,2,136.7,1,2.0,0,0,1,1
52,0,0,124.8,243.6,0,0,181.1,0,1.0,1,1,1,1
36,1,1,123.1,217.5,0,0,141.4,0,0.3,1,0,3,0
79,1,0,173.0,280.6,0,0,135.3,0,0.5,0,3,2,1
40,0,1,156.5,186.6,1,1,196.8,0,0.4,1,2,1,1
43,0,2,129.8,220.2,1,1,159.7,0,2.6,0,0,1,0
49,1,3,154.6,278.1,0,2,95.9,0,2.8,2,0,1,1
68,0,2,127.3,159.5,0,0,183.8,0,1.8,1,0,1,1
54,0,2,105.3,255.0,0,1,172.1,0,0.4,0,0,1,0
40,1,1,140.0,212.4,0,0,184.3,0,1.4,0,0,1,1
68,1,3,144.0,317.4,0,0,168.8,0,0.9,1,0,1,0
62,1,3,119.1,258.7,0,1,140.7,0,0.4,1,0,2,1
60,1,3,119.4,208.9,0,0,111.6,0,2.7,0,0,1,0
62,1,0,152.9,308.1,0,0,164.5,0,0.6,1,1,3,1
80,1,2,110.2,251.5,0,2,94.5,1,0.3,0,0,2,1
78,1,2,150.0,255.6,0,2,101.7,0,0.3,0,0,1,1
46,0,1,123.3,277.6,0,0,152.2,0,1.0,0,0,2,0
72,0,3,145.6,221.0,1,0,159.6,0,1.0,1,0,2,0
58,1,1,152.8,306.5,0,0,130.2,0,2.9,0,0,2,1
59,1,0,119.5,268.5,0,1,131.2,0,0.1,1,0,1,1
35,0,1,105.7,206.5,0,1,205.0,0,0.2,1,0,2,0
52,0,1,156.9,221.7,0,1,169.2,0,0.2,0,2,2,0
45,1,3,130.7,183.0,0,2,162.9,0,0.5,0,0,3,1
63,0,1,139.1,258.1,0,1,174.8,0,0.7,1,0,3,0
66,1,1,153.4,237.8,0,1,153.7,1,0.6,1,2,2,1
31,0,2,107.9,247.1,0,1,136.8,1,2.5,1,0,1,0
54,0,0,147.2,166.5,0,1,121.1,0,1.1,1,0,1,1
66,1,2,148.5,222.5,0,0,137.1,0,1.6,1,2,1,1
52,1,2,160.0,197.5,0,0,142.6,0,1.9,0,3,1,1
62,1,1,162.1,265.9,0,0,189.1,0,0.7,0,2,2,1
58,1,3,136.1,216.3,0,0,142.7,1,1.0,0,0,1,0
58,1,2,148.6,263.5,0,0,183.7,0,0.4,1,3,2,0
51,1,2,134.1,216.9,1,2,157.7,1,1.4,1,0,1,0
41,1,3,133.4,308.4,0,2,173.6,0,1.1,2,0,3,0
42,1,2,110.7,239.5,0,0,90.0,1,0.8,1,1,1,1
62,0,1,129.0,284.5,1,1,194.9,1,0.3,1,0,1,1
54,1,0,101.7,236.4,0,2,131.0,1,2.1,0,1,1,1
52,1,2,131.0,281.3,0,0,173.3,0,0.3,0,1,3,1
49,0,3,153.5,205.6,0,1,115.9,0,0.7,0,0,2,1
51,0,1,144.3,238.5,0,0,185.9,0,1.2,1,0,1,0
66,0,1,136.0,225.1,0,0,106.0,1,0.2,1,0,1,1
50,1,2,129.4,322.2,0,2,128.3,1,2.5,1,0,1,1
39,0,2,117.5,183.9,1,0,146.5,1,0.1,1,0,1,1
62,0,0,116.5,335.3,0,0,134.3,0,1.4,0,2,1,0
52,1,3,148.2,180.2,0,0,141.5,0,1.9,1,0,1,1
54,1,3,106.4,273.8,0,2,155.9,0,1.0,0,1,1,1
72,0,2,107.5,220.3,0,1,113.2,0,0.1,1,0,3,0
54,1,0,150.3,252.6,0,2,154.8,0,0.1,0,3,1,1
57,0,2,135.5,234.9,1,0,183.6,0,1.3,1,0,2,0
41,1,0,131.6,200.3,0,0,131.9,1,1.2,0,2,1,1
52,1,2,137.2,244.3,0,0,146.5,0,3.4,1,0,2,0
61,1,0,171.9,225.5,0,2,162.1,1,1.9,0,0,1,1
37,1,2,130.8,260.6,0,0,120.1,0,0.1,2,0,1,0
56,0,1,136.8,197.9,0,2,117.9,0,0.5,0,0,3,0
55,1,3,171.3,262.5,1,0,158.8,0,0.9,1,0,2,0
54,0,2,129.9,279.4,0,0,140.1,0,0.1,0,0,3,0
65,0,3,164.8,240.5,0,0,145.8,1,0.3,1,0,2,0
58,1,1,97.1,184.6,0,0,154.3,0,0.2,1,0,1,1
70,1,0,117.1,323.2,0,2,101.2,0,0.9,0,1,1,1
43,1,1,119.2,258.1,0,1,192.5,0,1.2,0,0,2,0
55,0,0,141.8,210.0,0,0,144.7,0,0.2,1,2,1,1
55,1,0,166.2,263.5,0,1,145.5,1,2.0,0,2,2,1
42,0,2,117.4,163.5,0,1,150.6,0,0.3,1,0,2,0
65,1,2,154.4,297.0,0,1,153.2,0,2.0,1,0,1,0
80,0,0,177.8,344.0,0,2,148.6,0,1.1,0,1,3,1
54,0,1,159.2,277.7,0,0,83.3,0,1.2,1,1,2,1
60,0,2,125.2,199.4,0,0,161.6,0,0.4,0,2,2,0
55,1,1,149.9,154.2,0,1,119.0,1,2.0,0,1,1,1
46,0,3,135.1,298.6,0,1,140.7,1,1.0,0,0,1,0
34,1,0,117.1,227.9,0,1,135.9,1,0.6,1,3,3,1
46,0,1,136.7,221.4,0,0,140.1,1,0.2,1,0,1,1
39,0,0,118.7,287.4,0,0,148.7,0,0.1,2,0,1,0
73,1,0,141.0,222.1,0,1,131.1,0,3.3,0,0,1,0
53,1,3,108.9,274.6,0,0,111.5,1,3.5,0,1,1,1
50,0,1,98.3,241.0,0,1,150.1,0,0.8,1,1,1,0
64,0,2,128.3,255.8,0,0,151.7,0,0.5,1,2,2,0
42,1,1,136.7,308.9,0,1,152.7,0,1.7,0,0,1,0
46,0,2,108.7,217.1,1,2,139.6,1,0.5,0,0,2,1
55,1,3,143.7,216.2,0,2,126.1,0,0.6,0,1,1,1
65,0,3,134.5,236.4,0,0,81.6,0,2.3,1,0,2,1
60,1,0,147.2,190.6,0,0,154.8,0,0.4,0,0,2,0
57,0,3,148.8,283.7,0,0,151.5,0,0.3,0,0,2,0
55,1,1,158.4,277.1,0,0,137.7,1,2.9,1,0,1,1
58,1,1,145.9,242.4,1,1,108.1,1,0.1,1,2,3,1
56,1,2,129.2,201.4,0,0,141.8,1,0.1,1,0,1,0
43,1,3,134.6,120.0,0,0,141.4,1,0.7,0,0,3,0
55,1,0,176.2,205.1,0,0,176.3,0,3.5,1,0,3,1
42,0,2,145.7,227.0,1,1,179.4,0,2.4,1,2,3,1
55,0,0,132.5,158.2,0,1,129.3,0,1.6,2,1,3,1
49,1,1,130.0,349.4,0,0,166.7,0,1.1,0,2,3,1
82,1,3,130.2,269.5,1,2,106.2,0,0.8,2,0,1,1
54,0,2,109.6,265.4,0,0,175.5,0,0.9,0,0,3,0
39,1,0,161.0,229.6,0,0,160.6,0,1.0,0,0,1,0
53,1,2,142.4,273.5,0,2,193.9,1,0.2,0,1,1,0
60,1,2,112.7,230.3,0,0,128.5,1,0.0,2,0,2,1
72,1,2,136.2,240.6,0,0,164.2,0,0.3,0,2,1,1
48,1,0,155.4,301.1,0,2,183.4,0,1.6,1,1,1,1
37,0,1,118.7,283.8,0,0,147.5,0,0.0,1,0,1,0
63,1,3,121.6,244.1,0,2,112.0,0,1.4,2,0,1,0
39,1,2,136.7,325.1,0,0,173.1,0,0.8,0,2,2,0
49,0,2,141.6,236.0,0,0,128.7,0,0.9,0,2,1,1
51,1,2,125.2,218.1,0,0,141.6,0,0.1,0,0,1,0
53,1,0,123.0,246.6,0,0,130.2,0,0.9,0,0,3,0
62,0,2,141.3,257.4,1,0,184.6,0,0.1,1,0,1,0
46,0,1,108.8,186.1,0,0,153.4,0,1.6,0,0,2,0
51,0,0,120.6,261.8,0,1,157.0,0,1.5,1,0,1,0
54,1,0,131.8,334.4,0,1,147.5,0,1.3,0,0,2,1
56,1,2,147.8,283.9,0,0,129.5,1,0.0,2,1,3,0
55,1,0,126.6,271.0,0,0,160.0,1,0.2,1,0,2,1
59,0,1,142.4,264.3,0,0,164.9,1,0.2,0,0,1,0
63,1,1,157.2,200.6,0,0,128.4,0,0.7,1,3,2,1
58,1,0,125.9,199.0,0,0,147.1,0,1.7,1,1,1,1
59,1,1,193.3,250.3,0,0,167.6,0,0.2,0,0,1,1
37,0,2,152.3,216.6,0,1,131.9,1,0.7,1,0,2,0
55,1,0,139.2,178.1,0,0,143.3,0,1.9,0,3,1,0
59,1,0,132.0,227.7,0,1,162.7,1,0.5,0,3,2,1
62,0,2,123.0,264.0,0,0,120.3,0,0.6,1,0,1,0
46,1,2,161.9,264.1,0,1,155.2,0,0.7,1,0,3,1
47,1,2,136.0,202.3,1,0,139.9,0,1.2,1,0,1,0
48,0,0,103.6,237.3,0,1,135.6,0,0.4,0,3,1,0
60,1,2,104.7,261.7,0,0,128.6,0,0.6,1,2,3,1
65,0,1,135.8,189.4,0,0,111.5,0,1.4,0,1,2,1
50,1,2,135.4,206.0,0,1,101.0,0,0.5,1,0,3,0
64,0,0,117.0,244.3,0,0,120.5,0,1.1,0,1,3,1
55,0,0,104.0,201.7,0,0,156.0,0,0.3,2,0,3,0
53,1,2,98.4,226.6,0,1,126.6,0,2.4,0,0,1,1
52,1,0,119.8,350.5,0,0,138.8,0,1.6,0,2,1,0
62,1,0,129.5,177.9,0,0,112.4,0,2.5,1,1,1,1
58,1,2,147.5,305.5,0,1,148.2,0,0.1,1,3,1,1
79,1,2,137.9,265.2,0,2,170.8,0,0.7,1,1,1,0
45,1,2,150.9,184.4,0,0,165.4,0,0.1,1,0,2,0
60,1,2,146.4,273.4,1,1,138.2,0,0.0,1,0,1,0
48,0,2,138.7,241.2,0,0,160.2,1,1.9,2,1,3,0
44,0,1,146.1,290.9,0,0,179.5,1,0.3,1,0,1,0
54,1,3,109.0,270.5,1,0,169.6,0,1.1,0,0,2,0
56,1,2,124.8,250.7,1,0,171.1,0,1.0,1,2,2,1
85,0,2,182.0,238.8,0,0,134.3,1,2.1,1,3,1,1
52,0,1,96.2,292.1,0,0,188.0,0,0.6,1,0,1,0
42,0,3,122.6,220.0,0,0,147.0,0,4.1,0,0,1,0
57,1,0,143.3,180.8,0,1,177.6,1,0.5,1,2,1,1
31,0,2,91.5,149.9,0,0,177.0,1,2.8,0,0,2,0
53,0,1,117.2,186.7,0,2,133.9,0,5.1,1,0,1,1
54,1,2,169.9,276.7,1,0,109.5,0,0.0,0,0,2,0
63,1,1,139.3,228.6,0,0,146.7,1,0.7,0,0,1,0
65,0,2,123.4,211.3,0,0,105.4,0,0.2,0,0,1,0
48,1,0,136.3,220.2,0,1,156.0,0,0.7,1,3,1,0
52,0,1,120.1,277.2,1,0,127.4,0,1.2,0,1,1,1
46,1,3,162.8,266.5,0,1,170.0,1,0.0,1,2,2,1
42,0,1,110.2,244.3,0,1,125.5,1,1.6,1,0,1,1
57,1,0,125.3,216.1,0,0,187.9,1,0.2,0,1,1,0
40,1,1,103.6,219.3,0,0,161.9,1,0.6,0,1,3,1
49,1,3,127.4,233.8,1,1,112.7,0,0.7,0,0,1,1
43,0,0,125.1,198.2,0,0,171.2,1,0.8,0,0,2,0
60,1,0,157.0,238.6,0,0,108.6,0,0.0,2,0,1,0
74,0,2,117.7,206.7,0,1,148.5,1,0.5,1,0,2,1
40,1,1,139.2,252.6,0,0,138.0,0,0.2,0,3,2,0
34,1,1,130.6,255.4,1,1,205.0,0,0.4,1,0,3,0
53,1,3,99.7,290.2,0,0,146.6,1,0.1,1,0,3,1
54,1,0,120.9,252.9,0,0,100.1,0,0.7,1,2,1,1
56,1,2,120.7,252.2,0,1,142.4,0,0.6,1,1,2,1
49,1,2,163.0,202.9,0,0,128.7,1,0.6,0,2,1,1
52,1,3,143.3,238.6,0,1,180.8,0,0.9,2,0,1,0
58,1,3,137.6,197.8,0,1,152.2,0,0.2,1,2,1,0
65,1,1,90.0,170.3,0,1,131.6,0,6.0,1,0,2,0
32,1,2,94.2,222.0,0,1,170.0,0,1.6,1,0,1,0
50,1,2,146.1,217.8,1,0,169.0,0,0.5,0,1,2,1
56,1,1,148.6,269.0,0,0,163.8,1,1.3,0,0,1,1
44,1,0,118.1,195.6,0,0,104.4,1,0.5,0,0,1,1
73,1,3,139.2,371.8,0,1,166.2,1,2.7,1,2,1,1
47,0,1,128.5,217.8,0,0,111.6,0,3.0,0,0,1,1
54,1,0,137.1,238.3,1,0,171.6,1,6.0,2,0,3,1
60,1,3,128.8,218.6,0,1,130.8,0,0.3,2,1,2,1
47,0,2,143.9,273.2,0,0,144.3,0,0.1,1,1,1,0
34,1,0,148.9,225.0,0,0,153.3,0,0.3,2,2,3,1
49,1,0,115.5,196.6,0,1,152.8,1,0.3,2,3,2,1
65,0,1,112.3,164.6,0,0,168.8,0,0.7,0,0,1,0
50,1,3,118.7,265.3,0,1,178.6,0,0.0,1,0,2,0
45,1,3,132.6,266.8,0,0,157.2,0,0.8,0,0,1,0
64,1,1,142.9,260.0,1,2,159.9,0,0.2,1,0,2,0
50,1,3,147.2,230.5,0,0,145.0,1,0.2,1,0,1,1
48,1,1,150.0,225.3,0,1,143.5,0,0.0,1,0,2,0
56,1,2,141.0,276.3,0,0,165.4,0,1.3,0,1,1,0
62,0,1,137.1,239.8,0,1,165.7,0,0.1,1,0,1,0
80,1,2,170.2,300.0,0,0,119.0,1,0.9,1,0,1,1
63,1,1,136.3,240.2,0,1,178.1,0,2.1,0,1,1,1
67,1,0,147.9,240.0,1,0,168.9,1,0.3,1,0,2,1
48,1,0,138.3,255.6,0,1,112.3,1,0.0,1,0,3,1
43,0,1,125.1,298.8,0,0,135.6,1,0.6,0,1,3,1
55,1,3,131.3,293.5,0,1,133.0,0,0.5,1,2,2,0
55,1,3,158.0,239.6,0,1,138.9,0,0.6,0,3,1,1
42,0,3,126.4,220.8,0,0,130.9,0,0.0,2,2,1,1
52,1,0,127.2,187.5,0,0,145.3,0,0.5,2,0,2,1
58,1,1,121.7,273.3,1,1,149.8,1,0.1,1,0,1,1
58,1,1,142.6,164.3,0,1,183.2,1,2.6,0,2,3,1
60,1,1,126.3,318.5,0,1,167.7,0,0.7,2,0,1,1
57,0,0,137.7,279.5,0,0,198.0,1,3.0,0,0,3,0
48,1,2,135.7,206.5,0,1,122.7,1,0.1,2,1,1,1
48,0,0,121.8,293.5,1,0,154.1,0,0.5,0,0,2,0
41,1,2,105.6,261.0,0,1,152.3,0,0.6,0,0,3,0
74,1,2,120.5,269.0,0,2,132.8,0,4.6,1,3,1,1
54,1,1,118.3,229.7,0,0,134.9,1,0.1,1,0,2,1
52,1,2,115.4,265.0,0,0,139.0,0,1.3,1,1,1,0
44,0,0,136.7,175.6,0,1,144.9,0,3.0,1,1,3,1
85,1,1,180.1,255.0,0,0,145.1,0,0.8,0,0,2,1
42,1,1,121.8,207.3,0,0,162.0,0,2.9,0,0,2,0
49,1,2,125.8,227.0,0,0,135.7,0,0.3,1,0,1,0
59,0,0,121.7,212.8,1,1,165.3,0,0.3,1,1,1,1
61,1,2,151.2,215.8,0,0,109.2,0,0.0,0,1,1,1
65,1,0,144.4,301.9,0,0,158.9,0,0.9,1,3,1,1
74,1,1,138.7,185.4,0,0,146.5,0,0.9,0,0,1,0
60,1,0,113.7,261.5,1,0,121.8,0,1.1,0,2,1,1
42,0,2,110.6,187.4,0,0,159.6,1,2.1,1,0,2,0
51,1,2,136.4,298.5,0,0,126.2,0,0.9,0,0,1,1
57,1,2,138.8,261.3,0,0,155.8,0,0.2,1,0,1,0
77,0,0,136.5,187.6,0,0,98.7,0,0.0,1,1,2,0
39,1,0,142.2,250.9,0,0,166.9,0,0.1,0,1,1,0
67,1,2,115.2,215.3,0,0,93.6,0,1.0,2,2,2,1
56,0,0,137.0,252.1,0,0,156.7,1,1.2,1,0,2,1
63,0,1,137.7,186.1,0,2,115.6,0,0.4,1,0,3,0
53,0,1,113.5,295.2,0,0,152.6,0,1.5,1,2,2,1
45,1,2,120.9,150.4,0,1,174.5,0,0.4,1,2,1,0
62,0,2,145.5,208.7,0,0,116.6,0,1.1,1,1,3,1
61,0,0,112.3,196.2,0,0,85.9,0,2.4,1,0,1,0
65,1,2,181.1,261.9,0,0,109.6,0,0.2,0,2,3,1
54,1,2,144.0,219.7,0,0,136.3,1,1.8,0,1,2,1
47,1,1,131.2,230.8,0,1,124.9,0,0.0,0,1,1,0
37,0,1,122.2,207.2,0,0,116.6,1,1.5,0,0,1,0
63,1,2,150.4,184.3,1,0,117.7,0,0.3,1,2,3,1
59,1,2,127.8,233.1,0,0,170.1,0,0.0,0,0,2,1
43,1,0,124.6,180.2,0,0,186.1,1,0.0,0,0,2,1
48,1,2,158.6,158.7,0,0,119.2,0,0.6,1,0,1,1
49,1,1,124.3,267.2,0,1,161.7,1,0.1,0,0,1,1
38,0,2,129.4,181.3,0,1,166.6,0,0.7,1,0,3,0
45,1,0,118.1,302.4,0,0,131.5,0,1.7,1,0,1,1
42,1,1,135.7,299.6,0,1,205.0,0,1.0,1,0,1,0
49,1,2,143.2,278.6,0,2,146.9,0,1.5,0,0,2,1
46,1,1,162.3,188.6,1,0,153.7,0,0.8,0,0,2,0
36,1,1,112.6,328.5,1,0,118.4,1,1.1,0,2,1,1
76,1,2,113.4,145.6,0,1,147.1,0,1.0,1,0,1,0
68,1,2,132.7,207.4,0,0,98.5,1,0.2,2,0,2,0
45,1,2,120.6,274.9,0,1,156.7,0,0.5,1,1,2,0
57,1,0,134.5,275.7,0,0,133.5,1,1.2,0,0,1,0
59,1,2,144.6,211.2,0,1,129.3,0,1.2,0,0,1,1
67,1,1,178.0,211.4,0,1,124.2,0,0.2,1,0,2,1
45,1,0,123.6,228.8,0,0,183.4,0,0.8,0,2,3,1
66,1,0,97.2,241.8,0,1,161.0,1,0.1,0,0,1,0
48,0,0,125.2,218.6,0,1,169.6,0,1.4,1,0,1,1
39,1,1,136.6,309.1,0,2,155.1,0,1.3,0,1,1,1
62,0,1,115.5,214.1,0,1,122.2,1,1.5,1,0,3,1
68,1,3,141.7,310.8,0,1,126.1,1,0.1,0,3,3,1
82,0,3,140.5,269.1,0,0,115.7,0,0.4,0,1,1,0
41,1,3,135.4,281.7,0,2,162.6,0,0.4,0,0,2,1
62,1,2,150.2,178.4,0,0,149.7,0,0.2,0,0,1,0
49,1,2,131.3,284.9,0,0,150.9,1,0.0,2,0,1,1
63,1,1,146.1,288.2,0,2,162.9,0,1.1,0,0,1,0
38,1,2,97.6,206.5,0,0,151.2,0,0.9,1,2,1,0
40,1,1,113.2,273.8,0,0,166.5,0,0.5,2,1,2,0
45,0,0,122.6,173.1,0,1,125.3,0,0.5,2,3,1,0
55,0,0,113.2,220.9,0,1,189.6,0,0.3,0,2,1,0
47,1,2,132.4,290.3,1,0,173.3,0,0.1,1,1,1,0
61,0,0,126.6,235.8,0,1,126.1,0,0.4,0,1,1,0
65,1,2,128.6,233.6,0,0,160.6,0,0.9,0,2,1,0
61,0,3,148.7,305.7,0,0,162.0,0,0.0,1,1,2,1
72,1,0,140.0,161.7,0,0,99.8,0,0.2,2,0,3,1
59,1,1,115.7,235.3,0,0,167.0,1,0.6,0,0,2,0
41,1,2,119.9,233.9,0,0,132.1,0,0.2,0,0,2,0
69,0,1,148.3,211.6,0,0,152.0,1,0.2,0,0,2,1
47,0,3,132.8,299.4,0,0,190.8,0,0.4,0,1,1,1
64,1,3,158.0,204.9,0,2,149.5,1,0.5,0,0,1,1
71,0,0,150.5,207.9,0,1,204.7,0,0.3,0,0,1,1
59,1,0,128.2,134.4,0,0,162.5,0,0.1,0,0,1,0
38,1,3,155.8,284.7,0,1,154.8,0,0.7,0,0,1,1
44,0,3,155.8,223.4,0,0,150.2,0,0.8,1,0,2,0
69,1,1,105.6,232.2,0,1,147.4,0,0.4,0,0,1,0
52,1,0,134.1,231.3,0,0,147.9,0,2.0,1,0,1,1
55,0,2,121.4,294.3,0,1,109.4,0,1.9,1,1,1,1
62,1,1,131.3,315.2,0,2,134.5,0,3.8,1,1,2,1
62,0,3,118.3,168.0,0,0,125.1,1,0.8,1,0,1,0
57,1,2,117.8,222.1,0,1,163.7,1,1.1,0,0,1,1
52,1,2,149.7,190.8,0,1,132.5,0,3.8,0,0,3,1
51,0,1,109.2,230.5,0,0,158.8,0,2.1,1,3,2,0
63,1,2,137.9,240.5,0,0,144.9,0,1.6,2,0,2,1
60,1,1,111.2,167.9,0,0,137.3,0,1.9,1,1,1,0
51,0,0,153.1,256.6,0,0,135.2,1,1.0,0,3,2,1
66,1,2,137.5,225.8,0,1,142.4,0,2.1,0,1,3,1
53,1,1,147.2,275.4,0,2,149.7,1,2.1,2,2,1,1
45,1,2,135.3,239.6,0,0,136.1,1,0.9,0,0,2,1
46,1,3,127.4,163.1,0,2,146.7,1,0.4,0,0,2,0
43,1,1,132.5,264.6,1,0,147.8,1,0.7,0,1,1,0
51,1,1,160.4,181.4,0,1,160.1,0,0.0,1,0,1,0
68,1,1,121.3,192.1,0,2,139.8,0,3.5,0,0,1,1
45,1,1,90.0,224.3,0,1,157.9,0,0.4,0,3,3,0
56,0,2,117.3,229.6,0,0,148.5,1,0.7,2,2,3,0
47,1,2,110.5,161.8,0,1,143.7,0,1.8,0,1,3,0
51,0,3,147.7,233.8,0,1,137.9,0,0.2,1,0,1,0
37,0,2,123.6,231.5,0,0,185.6,1,2.4,0,1,1,0
52,1,0,148.4,235.1,0,0,131.3,0,0.2,0,0,1,0
52,1,0,134.1,166.4,0,1,185.6,0,0.1,1,0,2,0
60,1,1,135.7,249.8,0,1,181.4,0,1.2,1,0,1,0
56,1,1,137.5,269.4,0,0,131.8,0,0.5,1,0,3,1
41,1,1,157.4,177.6,0,1,168.1,0,0.4,1,3,2,1
66,1,0,140.4,198.3,0,0,152.7,0,0.6,0,0,2,1
56,0,3,151.5,276.7,0,1,163.0,1,0.6,1,1,1,1
56,1,0,153.3,311.6,0,1,155.8,0,0.1,1,1,1,1
54,0,2,128.1,234.1,1,1,126.3,0,0.0,0,0,3,1
48,1,0,131.2,219.5,0,2,183.4,0,0.5,1,1,2,0
56,0,1,124.7,250.8,0,2,183.4,1,0.1,2,0,1,0
59,0,1,155.3,302.8,0,1,132.9,1,0.3,0,1,1,0
35,1,1,112.3,197.3,0,1,142.7,1,1.9,1,2,2,1
48,1,1,119.5,218.0,0,1,106.6,0,0.3,1,0,1,1
51,1,2,128.3,217.9,0,0,160.1,1,2.6,1,0,3,1
57,0,2,111.1,180.1,0,1,140.5,1,0.6,0,0,1,0
67,1,2,126.6,283.5,0,0,114.0,0,0.9,0,2,2,1
46,1,3,152.4,250.1,0,1,156.0,0,0.3,2,0,2,1
49,1,3,144.5,150.9,0,1,132.3,0,0.0,1,0,1,0
48,1,2,124.9,238.8,0,0,160.9,0,0.6,1,1,3,1
45,0,0,143.2,311.4,0,0,137.9,0,1.0,1,3,1,0
50,1,3,170.5,252.1,0,1,132.2,0,0.2,1,0,3,1
62,0,3,138.6,314.8,0,0,144.8,1,2.5,0,1,1,0
42,0,2,153.6,212.6,0,1,146.7,0,0.2,0,0,1,0
59,0,2,147.6,285.7,0,1,112.7,0,1.4,0,2,2,1
35,1,1,124.0,292.6,0,0,184.8,0,0.9,0,2,1,1
48,1,2,136.1,236.1,0,1,142.8,1,0.1,0,1,3,1
50,1,3,142.5,221.9,0,0,168.9,0,0.6,1,0,1,0
72,1,2,125.1,296.1,0,0,143.0,1,0.1,0,0,2,0
51,0,2,90.0,264.1,0,1,108.0,1,0.4,1,1,3,1
30,1,0,113.0,275.0,0,2,173.5,0,0.7,0,0,1,0
32,1,1,90.0,251.9,0,1,152.3,0,0.4,1,0,1,0
54,1,2,120.5,237.9,1,1,142.6,1,0.3,1,0,1,1
61,1,0,105.0,239.9,0,0,191.8,0,0.6,1,0,1,0
58,0,2,147.8,227.2,1,1,155.7,0,1.0,2,2,2,1
56,1,2,113.2,259.7,0,1,143.2,1,2.1,2,1,1,0
67,1,1,147.0,238.1,0,0,130.5,0,0.9,2,0,1,1
48,1,0,146.3,250.4,0,0,194.2,0,0.3,1,2,1,1
64,1,2,149.1,210.0,0,1,141.4,1,2.7,0,2,1,1
36,1,0,95.9,197.6,0,0,180.9,0,0.2,1,0,1,0
44,0,1,148.7,263.6,0,0,161.2,0,0.3,0,3,1,1
34,1,2,136.6,251.5,0,0,163.1,1,0.1,1,1,3,1
51,1,2,147.7,221.4,0,1,171.9,1,1.0,1,0,1,0
53,0,3,163.7,301.6,0,1,153.6,0,0.2,1,3,3,0
55,0,2,145.5,205.6,0,0,146.6,0,0.1,0,1,1,1
55,1,1,113.0,261.0,0,1,158.4,0,1.6,1,0,1,0
44,0,3,140.3,258.0,0,0,128.5,0,1.2,0,0,2,0
52,0,2,103.4,243.1,0,0,158.9,0,2.1,1,0,1,1
38,1,2,128.9,291.5,0,0,159.9,0,0.8,1,0,3,0
69,1,1,128.7,318.2,0,0,127.6,1,0.3,1,3,3,1
51,0,1,130.4,189.7,0,1,157.2,0,1.3,0,1,1,0
49,1,1,105.6,139.5,0,0,136.8,0,0.6,0,0,1,0
71,1,1,113.2,225.8,0,1,118.7,0,0.7,2,2,2,1
40,1,1,122.4,193.3,0,1,181.2,0,0.2,0,1,1,0
42,1,3,127.0,218.0,0,1,172.7,1,1.4,0,1,2,1
42,1,1,123.3,317.3,0,2,172.8,1,2.0,2,1,2,0
53,0,1,156.9,359.7,0,0,176.2,0,0.5,1,0,1,0
59,1,1,142.9,201.4,0,0,159.9,0,0.2,0,0,1,0
62,0,2,140.1,254.1,0,1,108.9,1,0.2,1,0,3,1
82,0,3,131.1,260.1,1,2,152.1,1,0.1,1,2,1,1
29,1,2,102.7,247.9,1,0,153.7,0,0.4,1,0,1,0
61,0,3,132.7,183.5,1,1,131.9,0,1.6,1,0,1,1
48,1,3,165.0,293.7,1,0,164.3,1,2.5,1,1,3,1
48,1,3,136.5,279.0,0,1,173.3,1,1.6,1,1,1,1
47,1,0,152.3,217.8,1,0,162.4,0,0.5,1,1,3,1
44,0,1,150.8,292.1,0,2,150.0,0,1.0,0,2,1,1
73,1,1,148.8,184.6,1,1,155.9,0,0.1,1,1,1,0
63,1,1,140.2,170.0,0,1,147.5,0,1.4,0,1,2,1
54,1,2,116.2,253.1,0,0,156.5,1,1.1,1,0,1,0
69,1,1,134.0,265.6,1,1,116.6,0,0.6,2,2,2,1
37,0,2,120.3,228.2,1,1,129.6,0,1.4,1,2,1,1
39,0,1,133.2,284.9,0,1,149.3,1,1.2,1,3,2,1
30,1,1,102.5,204.1,0,1,140.2,0,2.3,0,0,1,0
46,0,1,119.3,291.6,1,1,182.1,1,0.7,0,0,3,1
56,1,2,141.8,276.8,0,0,114.0,1,1.7,1,2,2,1
55,1,2,121.6,323.7,0,1,131.4,0,1.0,0,0,2,0
56,1,3,118.0,164.1,0,1,108.3,0,1.2,1,0,1,1
38,1,3,115.8,214.4,0,1,165.9,0,0.2,1,1,2,0
63,1,1,131.3,204.7,0,1,128.3,0,0.4,0,0,1,1
57,1,1,91.9,276.6,0,1,182.5,0,0.3,1,2,1,1
62,1,2,122.6,313.4,0,1,151.2,1,0.1,1,0,1,0
33,1,2,145.9,217.7,0,1,153.9,1,0.7,0,0,1,0
57,1,1,140.6,268.8,0,1,151.3,0,0.2,0,1,1,1
41,1,0,138.3,300.4,0,0,165.1,0,0.2,0,1,1,0
50,1,2,100.1,254.4,0,1,167.4,0,0.7,0,0,1,0
60,1,1,128.0,274.4,0,0,166.0,1,0.9,1,0,1,0
55,0,3,129.2,154.5,1,0,138.5,0,0.3,0,0,2,0
45,0,2,137.1,307.1,1,0,134.2,1,0.1,0,0,1,1
54,0,1,151.0,228.3,0,0,155.9,1,1.4,1,0,1,1
37,0,0,143.9,352.9,0,1,195.6,0,1.3,1,2,2,0
67,1,2,126.7,208.5,0,1,167.8,1,0.3,1,2,1,0
52,0,2,120.4,261.6,1,1,190.7,1,1.3,1,2,3,1
66,1,2,162.4,281.9,1,0,176.1,0,0.3,1,0,1,0
48,1,2,126.0,129.2,0,2,126.0,0,1.0,1,0,1,1
48,0,2,110.0,317.5,0,0,150.3,0,1.2,2,0,3,1
46,0,1,125.3,271.3,1,0,149.9,0,0.4,0,0,1,0
64,1,3,160.8,179.1,0,1,144.1,0,0.3,1,1,1,1
46,1,1,115.7,254.9,0,1,156.4,0,0.9,0,0,3,0
61,1,0,128.0,259.9,1,0,167.5,0,0.0,2,0,2,0
50,1,1,117.5,234.1,0,0,112.4,0,3.9,1,1,1,1
32,1,0,145.7,207.5,0,0,178.3,0,0.1,2,0,1,0
48,1,1,137.7,236.3,1,0,164.3,0,2.7,0,0,1,1
41,0,2,144.4,274.7,0,0,168.6,0,4.9,2,0,3,1
54,1,0,162.2,277.5,0,0,134.5,0,0.1,0,0,1,0
41,0,3,100.5,237.2,0,0,168.8,0,0.8,2,1,1,0
64,1,2,122.8,255.0,0,1,130.3,1,1.2,2,0,2,1
53,1,1,125.9,235.5,0,1,154.0,0,1.6,1,0,2,0
52,1,1,134.7,197.9,0,1,145.3,1,0.0,0,0,2,1
61,0,1,141.9,241.3,1,1,127.1,1,0.5,0,2,1,1
65,1,1,127.9,212.9,1,1,104.7,0,0.2,1,0,2,1
54,1,0,121.5,197.6,0,1,166.5,0,2.2,2,1,1,1
46,1,0,149.2,132.2,0,1,142.1,1,3.6,0,0,2,1
34,0,1,135.8,216.4,0,1,154.9,0,1.0,0,0,2,0
46,1,0,137.7,273.2,0,1,162.3,1,1.0,1,1,1,1
47,1,0,93.6,292.8,0,0,124.5,0,0.6,0,1,1,0
55,1,3,156.0,261.4,0,0,160.6,0,0.2,1,3,1,1
50,1,1,136.3,183.0,0,0,156.0,0,0.2,1,0,3,0
62,1,2,133.1,237.4,0,1,113.6,0,0.6,0,0,3,1
47,0,0,114.5,188.1,0,1,137.9,0,0.2,1,3,1,1
53,0,0,119.4,325.1,0,1,169.0,0,0.5,0,0,1,0
67,1,2,121.2,228.9,0,0,166.1,0,1.2,0,0,1,0
58,1,0,99.0,221.1,0,1,165.3,1,2.1,0,0,1,1
53,0,0,116.0,281.7,1,1,131.4,0,0.8,1,0,3,1
47,1,2,103.5,237.2,0,0,139.2,0,0.8,0,0,1,0
47,1,0,131.2,286.1,0,0,127.0,0,0.2,1,0,1,1
45,0,1,108.0,188.8,0,1,169.1,0,1.7,0,0,1,0
48,1,1,145.6,243.2,0,0,123.7,0,0.9,0,0,1,1
62,0,1,103.0,266.5,0,0,181.1,0,3.1,1,0,1,1
52,0,0,152.0,125.5,0,0,147.4,0,1.0,1,0,1,1
39,1,3,145.3,206.1,0,2,150.1,0,0.9,2,0,1,0
73,1,2,119.6,221.0,0,0,125.6,1,0.3,0,0,2,1
58,0,2,130.3,245.2,1,0,130.0,1,0.9,0,1,2,0
39,1,2,114.9,222.5,0,1,156.1,0,1.1,1,0,1,0
49,0,2,140.2,252.7,0,0,130.3,1,0.3,0,0,1,0
55,0,2,163.6,231.4,0,1,168.6,1,0.1,0,0,2,0
73,0,2,157.0,298.5,0,1,154.6,1,1.2,0,1,1,1
42,0,1,115.6,330.1,0,1,159.6,0,0.7,1,2,2,1
65,0,1,135.8,179.2,0,0,159.7,1,0.5,1,0,2,1
69,1,3,165.2,247.7,0,1,119.9,1,1.3,1,0,1,1
47,1,3,141.7,286.7,0,0,127.3,0,1.3,0,1,1,1
51,0,0,148.4,209.4,0,0,159.6,0,0.4,0,2,3,1
43,0,2,140.0,249.9,1,0,151.2,0,0.1,0,0,1,0
52,0,2,131.9,224.0,0,0,150.4,0,0.2,1,2,3,1
54,1,0,132.7,197.2,0,1,124.8,0,2.6,1,0,1,1
61,1,3,114.0,199.1,0,0,144.5,0,0.3,0,0,1,0
66,0,2,120.2,136.9,0,0,115.4,0,0.2,0,2,2,1
46,1,2,115.8,245.9,0,0,176.2,1,2.1,0,0,3,1
32,1,0,122.2,243.9,0,1,159.7,0,0.0,0,0,1,0
54,0,1,132.8,199.5,0,0,178.4,0,1.6,1,0,2,1
57,1,0,132.8,230.1,1,0,149.7,0,1.5,1,0,3,1
57,1,1,138.6,179.0,1,1,129.3,1,0.8,1,1,1,1
50,0,1,142.0,263.4,0,1,167.2,0,1.0,1,0,2,1
55,1,3,126.8,224.1,0,1,122.1,0,0.2,2,0,1,0
71,1,2,151.5,281.3,0,1,130.9,1,0.8,1,0,1,1
58,1,1,155.5,228.6,0,0,141.4,1,0.8,0,0,3,1
50,0,0,137.5,196.5,0,0,100.0,0,0.2,1,1,2,1
48,1,2,122.7,215.7,1,0,183.3,0,1.4,1,0,1,0
52,1,1,150.5,307.1,0,2,160.7,0,0.0,1,2,1,1
72,1,3,147.2,339.9,0,2,105.4,0,0.4,1,3,1,1
52,1,2,144.6,174.4,0,1,155.8,0,1.1,0,0,2,0
54,0,2,158.6,281.3,0,0,122.9,0,1.6,2,0,1,0
49,1,0,145.5,190.9,0,1,157.5,1,0.8,1,0,2,1
66,1,2,165.3,212.2,0,2,120.2,1,2.5,0,2,3,1
76,1,0,136.8,258.3,0,2,135.9,1,0.5,1,0,2,0
59,1,2,127.5,264.7,0,2,153.4,0,3.4,0,1,1,0
55,1,1,154.9,209.7,0,1,152.6,0,0.3,0,2,2,0
54,0,2,113.3,268.2,0,0,140.6,0,0.7,0,3,2,1
28,1,0,161.5,284.4,0,1,148.6,0,2.5,1,2,3,1
62,1,1,159.4,276.3,0,0,136.8,1,0.8,2,0,1,1
55,1,0,135.8,199.2,0,1,169.3,0,1.0,1,0,1,1
59,1,0,156.9,223.6,0,0,155.1,0,2.5,0,0,2,1
46,1,2,143.9,277.1,0,0,169.2,0,2.9,1,0,2,1
50,1,3,109.8,308.3,1,0,149.3,0,0.3,2,0,2,1
49,1,2,118.1,183.7,0,1,173.1,0,1.6,0,0,2,0
65,0,1,138.9,258.6,0,1,173.8,0,3.1,2,0,3,1
50,0,0,132.9,272.3,1,1,120.1,1,0.0,1,0,2,1
77,1,0,163.3,188.0,0,0,110.5,0,0.7,1,3,1,1
59,1,0,140.7,288.0,0,0,168.4,0,1.9,0,1,3,1
40,1,3,107.7,329.6,1,2,194.0,1,0.5,0,0,1,0
53,0,1,120.9,270.3,0,2,123.8,0,0.7,2,0,2,1
47,1,3,145.6,263.8,0,0,121.9,0,3.1,0,1,3,1
30,0,2,92.2,199.9,0,0,145.3,1,1.2,0,1,2,0
72,1,2,113.1,226.1,1,2,126.1,1,1.0,1,0,2,1
62,1,3,129.3,215.7,0,0,146.1,0,1.5,1,2,2,1
60,0,0,149.2,204.6,0,1,161.0,1,1.6,1,0,3,1
56,0,1,127.6,231.4,0,0,142.3,0,1.5,0,1,1,0
39,0,3,135.5,249.8,0,2,194.7,1,0.3,1,1,1,0
49,0,2,129.8,201.9,0,0,149.6,0,0.0,0,0,3,0
63,1,1,133.7,229.3,0,0,127.1,0,0.8,0,0,3,1
42,0,0,116.2,251.2,0,1,133.8,0,0.0,0,0,1,1
26,1,2,142.1,138.5,0,0,154.9,1,0.0,0,2,1,0
52,1,0,110.9,282.5,0,0,153.0,0,5.4,1,0,2,1
52,1,3,129.3,250.1,0,0,146.0,1,0.9,0,0,1,1
55,0,0,151.9,251.7,0,0,138.4,0,1.2,1,0,2,1
62,1,2,122.2,295.1,0,0,135.9,0,4.5,1,2,1,1
61,1,2,107.7,285.1,0,1,126.0,1,0.5,1,3,2,1
57,1,2,96.6,269.2,0,0,150.8,0,2.2,1,0,1,0
67,1,1,149.2,258.3,0,0,183.7,0,1.3,1,0,3,1
37,0,3,140.0,235.0,0,0,150.9,0,0.4,0,0,1,0
60,0,2,126.3,217.9,0,1,152.3,0,0.1,0,0,3,1
61,1,2,112.9,201.6,0,0,132.8,0,1.0,2,0,3,1
40,1,0,127.9,253.5,0,1,193.4,0,3.9,0,0,2,1
37,1,0,151.0,252.8,0,0,145.2,0,0.8,0,1,2,1
46,1,0,109.2,244.8,1,2,143.4,0,3.1,1,2,1,1
47,1,0,151.3,179.8,0,0,116.8,0,0.1,1,0,1,0
62,0,2,102.5,127.4,1,0,101.6,0,2.7,0,0,1,1
47,0,1,108.8,241.4,1,1,147.0,0,2.8,0,0,2,1
45,1,2,133.7,157.6,0,1,140.8,1,0.5,1,0,2,0
47,0,0,146.3,252.9,0,1,162.9,1,0.1,2,2,2,1
66,1,1,163.5,331.3,0,2,151.9,1,3.3,0,2,1,1
54,1,3,151.9,256.0,0,1,152.0,1,2.1,0,1,1,1
52,1,3,161.4,221.5,0,1,159.4,0,3.2,1,0,1,1
53,1,3,137.0,195.0,0,0,161.8,0,0.3,1,0,1,0
68,1,2,126.3,220.9,1,0,148.3,0,0.4,1,2,1,1
46,1,2,153.3,237.0,0,0,139.8,0,0.7,1,1,2,0
68,1,3,162.0,293.5,0,0,121.2,0,0.9,1,1,2,1
56,1,2,151.3,248.3,0,0,140.7,0,0.9,1,0,2,1
52,1,3,144.5,227.9,0,1,140.1,0,0.2,0,0,1,1
82,1,0,166.1,280.8,0,0,134.8,0,0.0,2,2,2,0
42,0,3,134.2,302.1,0,0,176.8,0,2.6,0,0,1,0
50,0,2,129.6,253.8,0,1,142.7,0,1.4,0,3,3,1
40,0,0,140.6,244.9,0,0,160.0,0,0.1,0,0,2,1
64,1,0,145.1,171.9,0,0,185.0,1,1.0,0,1,2,1
73,1,3,154.7,188.1,0,0,143.4,0,0.2,1,1,1,0
72,1,2,136.1,182.1,1,1,147.9,1,0.0,1,0,2,0
67,1,3,153.6,237.5,0,0,176.3,0,0.2,0,0,2,0
52,1,0,148.9,204.0,0,0,144.3,0,1.3,1,1,1,1
50,0,1,133.8,218.2,0,1,164.2,0,0.7,1,2,2,0
36,0,1,113.0,197.9,0,1,139.6,0,0.3,0,0,1,0
76,1,2,161.8,215.7,0,0,126.5,0,1.4,1,0,1,1
59,1,2,113.5,161.6,0,1,136.8,0,0.6,1,0,1,1
49,0,2,112.5,249.3,1,0,161.0,0,0.5,0,0,3,1
69,1,0,140.8,277.5,0,0,184.4,0,0.1,1,2,2,0
43,1,0,90.0,240.6,0,0,136.9,1,0.1,1,1,1,0
58,1,0,162.8,258.9,0,0,169.7,1,0.3,2,2,2,0
52,0,3,130.8,261.2,0,1,167.6,1,0.3,1,0,1,0
61,1,1,163.5,262.6,0,1,148.5,0,0.2,2,1,3,1
53,0,1,163.2,278.3,0,1,154.2,1,0.1,1,0,2,0
38,1,1,127.2,288.2,0,1,173.0,1,1.0,1,0,3,1
55,1,3,158.5,311.2,1,0,147.6,0,0.7,1,0,1,1
66,1,0,117.9,160.9,0,1,131.0,0,1.0,0,0,1,0
54,1,0,141.8,262.0,0,2,172.2,0,0.6,1,0,3,1
63,0,2,124.7,191.3,0,1,139.2,0,0.9,0,0,2,0
42,0,3,140.5,299.1,0,0,157.8,0,2.0,1,3,1,1
54,1,2,149.9,244.3,1,2,125.6,0,0.1,0,1,1,1
47,1,1,129.4,251.1,0,2,150.3,0,0.8,0,1,1,1
62,0,2,142.8,249.4,0,1,111.5,1,0.3,0,0,2,1
54,1,3,151.0,250.7,1,1,150.8,0,0.2,0,0,1,0
62,0,2,136.4,316.7,1,0,111.4,0,0.3,0,0,1,1
66,0,1,179.7,300.1,1,0,102.1,0,2.0,0,2,2,1
62,1,1,133.5,314.8,0,0,110.9,0,2.0,2,0,2,1
57,1,3,164.6,233.9,0,1,155.8,1,0.1,0,3,2,1
43,1,2,151.9,144.1,0,0,132.9,0,2.2,1,0,1,0
54,1,2,100.5,274.3,1,0,144.8,0,1.4,2,0,2,1
48,1,0,159.4,190.2,1,0,137.2,0,0.0,1,0,1,0
50,0,2,149.3,224.1,0,1,159.4,0,1.4,2,3,1,0
50,1,1,135.1,237.3,0,0,111.2,0,0.0,1,0,2,1
43,1,1,137.9,237.6,0,1,153.0,1,0.6,0,1,1,0
32,0,3,134.4,262.0,0,1,151.8,0,0.3,1,0,3,0
47,1,1,157.0,198.3,0,1,168.0,0,0.8,0,1,2,0
56,1,1,127.1,269.7,0,1,159.8,1,1.7,1,1,2,1
39,1,3,158.8,227.8,0,0,109.5,1,0.0,0,0,1,1
54,0,0,111.5,355.9,0,0,173.4,0,0.4,0,0,1,0
75,0,2,104.6,178.8,1,0,157.7,0,0.6,2,0,2,0
65,0,2,144.4,250.9,1,1,151.1,1,1.6,1,2,3,1
72,1,3,161.2,274.8,0,0,106.2,0,0.5,1,0,3,1
58,1,3,131.8,224.7,0,1,156.4,1,0.1,0,2,1,0
67,1,2,96.5,220.7,0,1,155.2,1,0.0,0,0,3,0
46,1,1,105.2,296.9,0,0,145.4,0,0.9,0,0,2,0
47,0,1,137.1,276.0,0,0,172.6,0,0.1,0,0,2,1
24,1,3,126.3,195.8,0,0,202.7,0,1.7,1,1,3,1
67,0,0,157.4,180.7,1,1,131.2,1,1.7,2,1,1,0
71,0,2,136.6,273.2,0,0,117.8,0,5.0,2,1,1,1
48,1,1,119.2,253.5,0,0,146.6,0,0.7,1,0,1,0
51,0,0,135.8,265.5,0,0,161.0,0,0.4,0,1,1,1
46,1,0,150.3,232.8,1,0,152.1,0,3.2,1,2,3,0
58,1,0,159.3,280.6,0,0,124.1,1,1.6,1,1,2,1
66,0,3,132.0,316.0,0,0,166.0,1,0.3,1,1,1,0
35,1,3,130.5,302.1,0,2,155.2,0,1.7,2,2,1,0
59,0,2,146.3,207.1,0,2,157.9,0,2.0,1,1,1,1
51,0,2,116.8,350.3,0,1,163.6,0,2.0,1,0,1,1
55,1,2,147.5,270.7,0,1,143.0,1,1.8,1,1,1,0
59,1,2,131.1,180.4,0,0,158.3,0,0.4,0,3,2,1
52,1,3,132.1,259.9,0,0,186.9,0,0.4,0,0,2,0
53,1,0,133.8,251.1,0,0,168.3,0,2.2,2,0,3,1
52,1,1,135.8,235.6,0,0,113.2,0,0.3,0,0,1,1
65,1,2,171.2,236.3,1,0,137.1,1,0.5,2,0,3,1
59,0,3,123.8,274.0,0,1,129.4,0,0.1,0,1,2,0
56,1,2,127.0,273.2,0,2,172.9,0,1.3,0,1,3,0
40,1,3,156.5,210.7,0,2,155.9,0,0.8,1,2,3,0
50,1,3,141.0,216.4,0,1,146.7,0,1.2,1,2,1,0
64,1,2,150.3,219.6,0,0,108.6,1,0.4,1,0,1,1
54,0,3,112.5,233.7,0,0,205.0,0,1.3,0,0,2,0
61,1,1,140.2,282.9,0,0,145.8,1,0.8,1,0,2,1
73,1,1,153.3,301.0,0,2,132.9,0,3.8,1,0,1,1
65,1,2,124.6,235.8,0,1,107.7,1,0.0,0,0,1,1
55,1,0,145.6,290.1,0,0,150.8,1,1.1,0,0,2,1
48,1,1,128.8,258.7,0,1,150.0,1,0.3,1,0,3,0
26,1,2,115.4,237.5,1,1,167.2,1,0.2,1,0,1,0
52,1,1,151.7,322.9,0,0,118.2,0,0.8,0,0,2,1
50,1,3,153.5,254.5,0,0,113.3,0,0.5,1,0,1,1
58,1,3,137.3,236.8,0,0,182.5,0,0.7,1,1,1,0
52,1,2,141.6,277.5,0,0,123.1,1,0.3,2,3,1,1
50,1,2,156.8,185.8,0,0,161.5,1,1.5,1,0,1,0
34,0,2,118.9,224.7,0,0,153.4,0,1.0,1,3,1,1
44,1,1,137.8,249.4,0,1,175.5,1,0.9,0,0,1,0
59,1,0,128.3,274.8,0,1,148.8,0,1.2,0,0,2,1
73,1,2,120.4,258.7,0,0,138.2,1,1.4,2,0,2,1
53,1,2,126.6,184.3,0,0,151.3,1,0.8,1,0,1,1
58,0,1,111.8,203.9,0,0,128.2,0,0.1,0,0,3,1
64,0,3,141.2,225.9,0,0,116.1,0,0.3,1,0,1,1
45,0,2,114.9,248.9,0,0,147.6,0,0.1,1,0,1,0
58,1,0,109.9,185.7,0,1,111.5,0,0.2,1,1,3,1
46,0,2,142.4,300.6,0,0,105.8,0,0.1,1,0,1,0
64,1,0,148.7,258.7,0,0,144.8,0,0.8,2,0,1,0
56,0,1,125.6,254.7,0,1,140.4,1,1.2,0,0,2,0
57,1,3,147.4,234.8,0,0,167.3,1,0.2,1,0,2,1
45,0,3,114.2,174.7,0,1,171.6,0,0.0,0,0,1,0
62,0,1,126.3,248.2,1,0,154.2,0,0.6,1,0,1,0
77,1,3,147.1,282.4,1,1,144.8,1,3.5,2,2,1,1
43,0,0,146.9,230.8,0,0,136.8,1,0.9,1,1,2,0
50,1,0,126.1,287.0,0,0,160.4,1,1.7,1,0,1,0
57,0,0,121.0,239.7,0,1,132.4,1,0.2,1,0,2,1
63,1,1,153.9,275.2,0,1,155.0,1,2.6,1,0,1,1
48,1,1,143.5,234.4,0,0,205.0,0,0.6,1,2,2,1
23,1,3,128.9,247.2,0,0,113.3,0,0.4,1,3,3,0
69,0,1,156.0,284.8,0,0,154.8,1,0.7,1,0,2,1
62,0,1,168.0,196.7,0,0,144.4,1,1.6,2,0,3,1
35,1,2,135.8,263.2,0,0,145.3,0,1.6,2,1,1,1
47,0,1,118.6,285.3,0,0,168.3,0,0.5,0,0,1,0
71,1,2,147.2,343.7,0,1,109.6,0,0.2,1,1,2,1
70,1,1,123.2,250.1,0,0,183.2,0,0.2,0,0,3,0
64,1,0,158.9,152.5,0,0,164.9,0,0.3,0,0,1,0
52,0,2,117.9,162.3,0,1,136.6,0,2.6,0,0,1,0
55,0,0,127.8,202.7,0,1,104.6,0,0.2,0,1,1,0
53,0,1,115.7,297.5,1,1,134.4,1,1.0,1,0,2,0
66,1,1,140.3,342.3,0,0,171.9,0,0.3,1,1,3,1
44,1,1,135.4,220.0,0,0,195.9,1,1.8,0,0,1,1
45,1,2,145.1,240.6,0,1,147.8,1,1.2,0,1,1,1
65,1,1,138.9,131.7,0,1,156.7,0,1.9,1,1,1,0
54,0,2,131.8,270.1,0,1,138.6,1,0.6,0,0,1,0
69,1,2,127.4,252.6,0,1,132.3,0,0.9,0,1,2,1
47,0,1,124.1,227.9,0,0,132.6,0,0.3,2,3,1,1
53,0,3,105.7,198.7,0,0,179.0,0,0.1,1,1,3,0
44,0,3,153.6,222.4,0,0,138.0,0,2.2,2,0,3,1
54,0,2,129.3,182.2,1,1,156.3,0,0.3,2,0,2,1
38,1,0,159.5,197.9,0,0,161.0,1,1.3,2,0,2,0
49,1,1,130.6,183.7,0,0,205.0,1,0.2,0,1,2,1
38,0,0,92.8,191.1,0,1,157.9,0,0.5,1,0,3,1
62,1,1,127.9,193.4,0,1,131.7,0,4.5,0,2,1,1
62,1,0,136.0,269.6,0,1,126.7,1,0.1,2,2,3,1
35,0,2,127.4,184.2,1,1,179.1,0,0.3,1,0,2,1
69,0,0,146.9,244.3,0,0,183.1,0,1.3,1,0,2,1
81,1,3,143.9,202.8,1,0,171.2,0,0.1,2,2,1,0
55,1,0,128.2,195.4,0,0,136.2,0,1.9,2,0,3,1
47,1,2,115.8,190.9,0,1,169.7,0,0.0,0,2,2,1
85,1,3,134.4,295.3,0,1,106.1,0,0.7,1,0,1,1
39,1,1,141.1,228.1,0,1,156.1,0,0.5,0,1,1,1
54,1,3,149.5,208.5,0,0,117.4,0,0.1,1,1,2,1
56,1,1,122.4,197.9,0,1,147.4,1,1.0,0,0,1,1
69,1,3,155.9,187.5,0,0,116.3,0,3.3,1,0,2,1
58,1,3,145.2,211.2,0,0,143.7,0,0.9,1,0,1,1
49,1,0,116.8,176.4,0,0,179.8,0,0.2,1,0,3,0
44,0,3,132.9,218.8,0,0,134.9,0,0.1,1,1,1,1
50,1,0,139.7,208.9,0,0,141.1,1,1.6,0,0,2,1
43,1,0,112.1,203.3,0,0,175.2,1,1.9,0,0,1,1
55,1,0,109.8,296.2,0,2,138.7,0,0.9,1,2,1,1
48,0,0,138.0,228.6,0,0,124.7,0,0.0,2,0,3,1
38,1,2,121.8,227.8,0,1,148.1,1,0.1,2,1,1,0
68,1,1,164.7,302.7,0,0,139.8,1,1.2,0,0,2,1
49,1,2,163.7,179.9,0,1,164.2,0,0.4,1,0,1,0
40,1,1,139.0,215.1,0,1,116.5,0,0.3,0,0,2,0
52,1,3,150.6,172.5,0,0,161.3,1,0.5,1,1,1,1
55,0,0,112.8,244.8,0,1,151.3,0,1.6,2,0,1,1
35,1,0,105.3,261.5,1,1,112.7,1,1.6,1,0,3,1
58,1,2,132.5,136.1,0,1,139.3,0,0.3,1,1,1,0
42,0,3,104.8,275.0,0,0,157.2,1,1.4,2,0,1,1
73,0,2,141.3,261.7,0,1,117.1,0,0.3,1,0,1,1
60,0,1,118.4,245.1,0,1,120.8,1,0.2,1,2,2,1
50,1,1,136.4,185.4,0,0,148.8,1,2.4,1,1,1,0
46,1,0,128.9,272.6,0,0,151.8,0,0.6,1,0,3,1
53,1,2,145.2,315.1,0,1,101.3,0,1.0,2,0,1,1
61,1,1,141.6,225.9,0,1,128.1,0,0.2,2,0,1,0
54,0,1,123.7,227.4,0,0,129.7,1,0.1,1,0,1,0
52,1,2,108.9,241.7,0,1,119.3,0,1.4,2,0,1,1
55,0,2,134.2,224.2,0,0,165.9,0,1.4,1,1,1,0
47,0,2,97.9,231.1,0,1,172.5,1,1.1,0,0,2,1
50,1,1,155.4,285.3,0,1,118.0,1,0.6,1,2,1,1
31,0,2,134.8,230.4,0,0,157.5,1,2.0,1,2,3,0
65,1,0,151.9,258.0,0,0,150.5,0,0.1,2,0,2,0
57,1,0,117.3,331.9,0,1,167.6,0,1.6,0,1,1,0
45,1,2,138.2,302.7,0,1,172.2,0,0.3,1,2,1,1
75,0,2,124.3,202.7,0,1,127.2,0,2.4,0,1,1,1
55,1,2,136.9,318.5,0,0,148.9,0,0.2,0,0,1,0
43,1,0,113.3,298.1,0,2,178.3,0,0.1,2,0,1,0
63,1,3,134.7,310.3,1,0,133.1,0,0.4,1,0,1,1
58,1,0,110.2,215.3,0,1,125.0,1,0.4,0,0,1,1
58,1,3,132.1,252.1,1,2,170.0,0,1.1,1,0,2,1
49,1,1,103.2,222.4,0,0,127.6,0,0.2,1,0,1,1
59,1,0,166.7,248.5,0,1,106.7,0,0.4,0,2,1,1
51,1,1,136.1,317.4,0,0,155.8,0,0.9,0,2,3,1
60,1,0,135.6,249.7,0,0,159.8,1,0.3,2,0,3,1
33,1,1,140.9,158.4,0,0,187.0,0,0.5,1,0,2,0
49,1,3,109.4,223.2,0,0,165.2,1,0.1,1,0,2,0
73,0,1,121.7,219.3,1,1,153.5,0,0.1,1,0,2,0
46,1,2,141.6,317.4,0,0,127.8,1,1.4,0,0,1,1
47,0,3,132.2,203.2,0,0,160.2,1,0.1,2,0,2,0
49,1,2,119.8,221.7,0,0,163.2,1,3.4,2,1,1,1
41,0,1,139.4,220.5,0,1,142.0,0,1.2,1,1,2,0
30,1,3,133.4,303.4,0,1,162.2,0,1.5,0,2,3,1
51,1,0,142.4,282.6,0,0,175.0,1,0.7,1,0,1,0
55,1,2,141.3,266.7,0,0,166.4,0,0.2,1,1,1,1
53,0,2,118.5,251.3,0,1,174.6,0,2.7,0,1,3,1
52,1,0,132.1,250.2,0,1,137.3,1,3.8,0,0,2,1
54,0,2,97.6,244.8,1,1,181.2,1,3.6,1,0,2,0
65,1,1,127.6,335.7,1,1,129.1,0,0.4,1,0,1,1
52,1,0,129.1,184.9,0,0,116.7,0,0.5,1,1,3,1
48,1,1,143.8,120.0,0,0,148.5,0,0.4,0,3,1,1
51,0,3,139.5,259.8,1,0,147.3,1,0.1,1,0,1,0
60,1,3,122.0,305.2,1,0,125.3,0,0.9,0,0,1,1
70,1,0,124.1,255.2,0,1,146.5,0,1.5,0,0,1,1
47,1,0,155.8,151.8,0,1,205.0,1,2.0,1,0,1,1
55,0,1,126.0,274.6,0,2,158.0,0,0.6,1,2,1,1
58,1,2,137.1,195.9,0,1,164.2,0,0.1,1,0,2,0
43,0,3,142.4,181.1,0,0,170.4,0,0.4,0,1,1,0
54,1,3,132.6,198.4,0,1,134.5,0,0.2,0,2,2,1
38,0,2,124.3,165.0,0,1,134.2,0,0.8,0,0,1,0
35,1,2,123.6,243.7,0,1,155.8,0,1.2,0,0,1,1
58,0,0,122.8,214.3,1,0,145.5,1,0.5,1,1,2,1
50,1,0,135.6,181.5,0,2,178.6,0,1.8,1,0,2,0
56,1,2,101.7,346.8,0,0,129.8,0,1.3,0,1,1,1
54,1,2,127.5,218.0,0,0,148.3,0,0.4,1,2,1,0
43,1,3,141.0,239.8,0,0,154.2,1,0.1,0,2,1,1
54,0,1,138.6,309.8,0,0,141.2,1,0.5,0,2,1,1
40,0,0,152.9,266.3,0,1,168.0,1,1.2,0,0,2,1
69,0,1,149.8,330.6,0,0,143.8,0,2.0,1,0,1,1
39,1,3,137.6,205.5,0,1,186.9,0,0.9,1,2,1,0
52,1,2,134.0,286.8,0,0,152.2,1,0.3,1,2,1,1
43,1,0,123.0,259.1,0,1,111.6,0,0.3,0,0,1,0
60,0,3,141.6,287.3,0,1,121.7,0,0.1,1,0,2,0
50,1,1,138.8,277.2,0,0,138.3,0,0.1,0,3,2,1
48,1,1,125.8,205.3,0,0,96.8,0,2.3,2,0,1,1
63,1,1,120.6,368.8,0,1,118.8,1,0.1,0,1,2,1
54,1,2,133.0,141.9,0,1,169.1,0,0.6,2,0,1,0
60,0,2,153.3,205.5,0,1,110.5,0,0.1,1,0,1,0
43,1,2,133.2,267.5,0,0,165.3,0,0.1,0,2,1,1
39,0,2,127.8,248.9,0,0,128.2,0,0.5,1,0,3,0
55,1,0,141.9,247.6,0,2,146.5,0,0.1,0,2,2,1
50,1,1,141.7,271.5,0,0,149.9,0,2.2,0,0,1,0
61,0,3,137.2,206.8,0,0,149.1,1,0.1,0,0,1,0
53,0,2,130.0,278.0,0,1,116.4,1,1.3,0,0,2,0
56,0,1,122.4,236.4,0,1,168.6,0,1.9,0,0,3,1
36,1,0,147.6,296.7,0,0,148.5,1,0.5,1,0,2,0
75,0,0,128.6,235.3,0,1,114.9,1,0.1,0,3,2,1
52,0,1,158.8,261.3,0,1,158.9,0,0.1,2,1,1,1
62,0,0,135.8,272.2,0,1,142.3,0,2.9,0,0,3,1
45,1,1,132.7,278.1,0,1,137.2,1,1.0,1,3,2,1
57,1,3,148.4,244.1,0,0,136.8,0,0.1,0,0,1,0
40,1,1,118.7,223.9,0,1,93.3,0,0.9,0,1,1,0
59,0,3,142.6,209.0,0,1,140.2,0,0.1,1,0,1,1
50,1,2,135.1,261.4,0,0,140.7,1,0.7,0,0,2,0
54,1,0,141.4,157.9,0,0,137.6,1,2.2,0,0,1,1
62,1,2,123.7,257.8,0,2,126.1,1,0.7,1,0,1,0
40,0,0,115.0,253.4,0,0,169.5,1,0.4,1,3,1,0
46,0,2,96.0,321.1,0,2,161.7,0,0.3,0,1,2,0
59,1,0,127.0,214.1,0,0,150.8,1,0.4,0,2,2,1
77,0,1,127.6,257.7,1,0,110.7,0,2.2,0,0,2,0
52,0,2,118.5,247.7,0,0,134.4,0,0.4,0,0,1,0
61,1,0,133.7,195.2,0,0,81.6,0,0.5,1,0,2,0
53,1,0,134.9,240.8,0,1,157.5,0,1.6,0,0,1,0
75,1,1,148.2,189.7,0,0,164.2,0,0.0,1,3,2,0
35,1,1,139.4,277.1,0,1,113.3,0,0.9,0,1,3,1
55,1,3,146.0,267.7,0,0,168.8,0,0.0,0,0,1,0
36,1,0,142.0,254.1,0,2,184.1,0,0.0,1,0,2,0
26,1,1,132.0,203.6,0,0,144.5,0,0.4,1,0,2,0
57,1,1,135.7,304.9,0,2,203.7,0,0.2,1,0,1,0
56,0,1,148.2,194.4,1,1,125.8,0,0.1,1,0,1,1
51,0,2,142.7,242.6,0,0,138.9,0,1.4,0,0,1,0
53,1,1,107.1,189.6,0,0,142.7,0,1.2,0,0,1,1
85,1,2,138.6,244.2,0,0,140.6,1,2.0,0,0,3,1
51,1,2,100.8,296.3,1,0,130.9,1,0.3,2,1,2,1
60,1,0,102.7,264.3,0,0,133.2,0,0.7,2,2,1,1
47,0,2,120.1,198.4,0,0,122.2,0,4.4,0,3,1,1
57,0,2,129.4,219.5,0,0,148.3,1,0.7,1,0,1,1
51,0,1,122.6,223.7,0,1,179.0,1,0.7,0,0,1,0
49,1,0,100.8,202.9,0,0,146.0,0,0.1,0,0,3,0
74,1,0,153.0,260.4,0,1,150.7,0,1.7,1,2,2,1
67,1,1,124.5,342.0,0,0,131.9,0,0.6,0,0,2,1
56,1,0,143.3,217.5,0,0,179.6,1,0.4,1,1,1,1
29,1,2,115.5,317.6,1,2,164.2,1,1.2,1,0,2,1
50,1,2,124.0,239.8,0,0,126.7,0,0.8,1,0,2,0
84,1,3,149.3,266.1,0,1,131.7,0,3.8,0,0,1,0
51,1,2,127.0,251.8,0,1,144.7,0,0.6,1,0,2,0
66,1,2,140.1,171.0,0,2,135.2,0,2.4,0,0,2,0
70,1,2,143.0,267.0,1,0,146.7,1,0.7,0,1,1,0
56,1,3,108.8,135.1,0,1,112.2,1,0.6,1,0,1,1
45,1,1,140.4,247.5,0,0,148.9,1,0.1,1,1,1,0
27,1,1,110.4,239.1,0,2,187.5,0,2.1,0,0,2,0
62,1,0,116.0,176.7,0,1,171.5,0,2.4,1,0,1,1
45,1,1,118.7,241.1,0,1,136.9,1,0.0,1,1,2,0
56,0,0,146.2,229.2,0,0,110.2,0,0.1,0,0,2,1
40,1,1,101.7,229.7,0,0,189.1,1,0.4,0,2,3,0
51,1,1,145.0,234.0,0,1,129.4,0,0.2,0,3,2,1
54,0,3,137.1,215.5,0,0,138.3,1,0.4,1,0,3,0
57,1,3,136.1,245.8,0,0,127.7,0,0.2,0,0,1,1
42,1,2,135.4,275.3,0,1,153.0,0,1.3,1,0,1,0
67,1,1,132.0,235.4,1,1,126.7,1,0.0,1,0,3,0
47,1,3,144.5,236.7,0,1,170.3,1,2.0,1,0,2,0
36,1,3,121.8,263.7,0,0,173.8,0,0.2,0,0,1,0
53,1,3,104.5,340.9,0,0,119.5,0,0.8,0,0,1,1
54,0,2,129.6,232.9,0,1,113.9,0,1.0,2,0,2,1
56,1,0,148.9,167.2,0,1,121.1,0,0.4,0,3,1,1
69,1,0,146.6,207.2,0,1,124.2,0,0.8,0,0,1,1
51,1,3,165.9,266.9,0,0,162.2,0,0.8,1,0,1,0
53,0,0,126.2,307.6,0,0,155.2,0,0.1,1,1,2,0
42,1,1,128.1,195.6,0,0,189.6,0,0.6,1,1,1,0
63,0,1,129.1,242.6,1,1,127.5,1,1.8,1,0,1,1
56,1,0,120.5,242.9,0,0,122.5,0,3.0,1,0,1,1
49,0,3,121.2,205.8,0,1,149.9,0,0.1,0,1,1,0
33,1,1,110.1,301.6,0,0,121.8,1,0.2,1,3,1,1
70,0,0,93.7,298.2,0,0,139.9,1,0.9,0,0,1,1
40,1,3,120.1,251.6,0,0,143.1,0,0.5,0,2,1,0
47,1,1,132.7,220.5,0,0,194.8,1,0.1,0,0,1,1
58,0,3,143.4,284.9,0,1,140.5,1,0.1,1,0,1,1
41,1,1,120.4,259.5,0,0,199.8,0,1.9,0,1,1,1
38,1,2,119.8,216.6,0,1,166.6,0,0.8,2,1,1,0
31,1,1,146.8,276.1,0,1,177.8,1,0.4,0,0,2,0
62,1,2,112.0,260.4,1,0,152.1,1,1.2,1,0,2,0
48,0,1,126.6,166.2,0,2,117.3,0,1.5,0,1,1,1
85,1,3,159.0,208.6,0,0,159.1,0,0.7,1,1,1,0
43,1,0,118.5,179.1,0,0,171.5,0,0.3,1,0,1,0
44,1,1,103.9,283.3,1,2,155.3,0,0.3,0,1,1,0
48,1,3,163.2,208.4,0,0,120.5,1,0.2,1,0,1,1
57,0,1,146.1,270.0,0,2,108.6,0,0.7,0,0,3,1
49,0,2,144.7,335.2,0,2,144.7,0,0.6,1,0,3,0
61,1,2,134.1,278.8,0,1,162.8,1,0.6,2,0,2,0
43,1,0,142.8,219.1,0,0,156.0,0,0.8,0,0,3,0
39,0,0,90.0,203.4,0,0,163.8,0,0.9,1,1,2,1
34,1,3,121.1,220.9,0,0,192.8,0,0.2,1,0,2,0
30,1,1,145.1,187.8,0,0,181.0,1,0.5,2,0,1,0
48,0,1,104.4,188.9,0,0,166.3,0,0.0,1,0,2,0
51,0,2,124.2,204.9,0,0,164.6,0,1.7,2,0,1,0
47,0,0,135.0,262.4,0,1,161.2,1,0.2,1,2,2,1
68,1,2,123.4,223.4,0,2,152.3,1,3.5,1,0,1,1
68,1,1,137.6,236.4,0,1,150.3,1,2.1,0,1,1,1
50,1,3,139.9,260.6,0,0,162.4,1,1.0,1,1,2,1
34,1,1,134.4,266.4,0,0,205.0,0,0.3,1,2,2,1
48,0,0,122.3,154.4,0,2,148.9,1,0.0,0,1,1,0
47,0,3,114.3,163.1,0,0,102.5,0,0.6,1,3,1,1
47,1,1,139.4,222.0,0,0,128.1,0,0.7,1,2,2,1
46,0,1,135.1,189.5,0,0,177.1,0,1.3,1,0,1,0
47,1,2,137.5,276.5,1,0,160.5,0,0.0,1,0,1,0
50,1,2,135.1,219.6,1,0,143.7,0,0.7,0,0,2,0
47,0,1,135.4,318.0,0,1,161.1,0,1.4,0,0,1,0
56,1,1,150.3,220.6,0,1,166.9,0,0.6,0,0,1,0
58,1,2,140.6,256.4,0,1,157.3,0,0.6,0,3,2,1
44,1,0,133.3,208.5,0,1,185.0,0,1.7,2,1,1,1
68,0,3,125.0,267.8,0,1,180.7,0,0.6,0,1,2,0
43,0,0,153.2,260.0,1,0,174.6,0,1.0,0,0,2,0
36,1,2,109.3,274.2,0,0,157.1,0,1.5,2,0,1,0
58,1,1,131.3,236.9,0,1,174.9,0,2.0,0,1,1,0
45,0,0,119.6,294.1,0,1,136.8,0,1.3,0,3,2,1
58,1,1,102.1,256.0,0,1,119.5,0,0.1,2,1,2,1
28,1,0,133.9,204.0,0,0,137.4,0,1.3,1,0,3,1
69,1,0,134.1,218.7,0,0,133.1,1,0.0,0,1,1,1
61,0,0,133.3,275.9,0,0,119.8,0,1.4,0,0,2,1
37,0,3,123.5,291.1,1,0,165.1,0,0.4,0,1,2,1
38,0,0,140.6,186.4,1,0,171.3,1,0.3,1,2,1,1
72,1,3,154.4,280.7,0,0,177.2,0,2.5,0,2,1,0
46,1,0,112.2,173.2,0,0,144.8,0,2.5,1,2,3,1
45,0,2,160.5,211.1,0,0,178.1,1,0.3,1,0,1,0
29,1,3,123.4,254.2,0,0,168.5,0,0.8,1,0,1,0
50,0,3,140.6,202.7,0,0,165.5,1,0.5,1,0,1,0
51,1,0,136.5,304.8,0,0,190.4,0,0.1,2,2,1,1
62,0,2,134.9,271.0,1,0,160.9,1,0.5,1,0,3,1
39,0,0,137.3,184.2,0,1,140.0,0,1.2,0,1,1,1
37,0,1,150.5,264.3,0,1,133.3,1,0.1,1,0,2,0
59,1,2,149.2,185.1,0,1,112.6,0,0.3,1,1,3,1
65,0,1,129.4,245.4,0,0,102.3,1,0.1,1,1,3,1
37,0,1,125.2,274.1,0,0,148.3,0,0.1,2,1,1,0
66,0,0,123.9,276.8,0,0,145.1,0,0.1,1,3,2,1
54,1,0,146.9,237.6,1,1,148.2,0,0.5,0,0,1,0
66,1,0,147.6,230.5,0,1,126.9,1,1.1,1,0,3,1
53,1,3,127.6,190.1,1,1,107.2,1,0.6,1,0,2,0
26,1,0,150.9,239.6,0,1,193.0,0,0.3,0,0,1,0
52,0,2,149.8,276.1,1,1,133.4,1,1.3,1,2,3,1
66,1,2,169.8,336.4,0,0,151.9,1,0.4,2,2,3,1
44,0,2,114.3,217.8,0,2,131.0,0,0.1,2,0,1,0
50,1,2,131.2,277.3,1,2,114.4,1,0.0,2,0,2,1
52,1,2,130.0,274.3,0,1,138.5,1,2.0,1,2,3,1
22,1,1,172.9,209.2,0,0,179.1,0,0.0,2,2,1,1
72,0,1,135.7,279.4,1,1,99.5,0,0.3,0,0,2,0
44,0,3,151.3,202.0,1,0,146.6,0,0.4,0,2,2,1
60,1,3,154.1,254.8,0,1,141.3,0,0.4,1,0,1,0
53,1,2,132.2,231.8,0,1,138.9,0,1.8,0,3,1,1
68,0,0,135.5,265.8,0,0,111.7,1,0.5,0,0,1,1
58,0,1,141.4,265.8,0,0,141.9,1,1.4,0,1,1,0
51,1,1,155.9,217.1,0,0,133.9,0,0.1,0,1,1,0
44,1,2,128.4,237.5,0,1,121.6,0,1.6,1,1,1,1
63,1,2,127.1,238.9,0,2,168.0,1,0.5,2,1,2,1
33,0,2,142.5,186.1,0,0,181.8,0,0.5,2,1,1,0
61,1,2,115.1,227.6,0,0,129.4,1,0.7,0,0,1,0
42,0,0,132.5,211.7,0,2,141.7,1,0.7,1,0,2,1
68,1,2,156.6,196.7,0,0,137.0,0,2.9,0,1,1,0
56,0,0,139.2,206.7,0,0,165.1,1,0.7,1,1,2,1
61,0,2,122.5,232.5,0,0,172.3,1,0.2,1,0,2,0
55,0,0,113.2,244.2,1,2,114.7,1,0.1,0,0,3,1
35,1,0,150.6,180.0,0,0,179.9,0,0.8,1,0,1,0
45,1,0,128.6,291.1,0,2,155.6,1,1.9,1,1,1,1
61,1,3,119.5,270.8,0,1,139.6,1,0.4,0,3,3,1
56,1,2,155.0,238.4,0,1,119.9,0,1.7,1,0,1,1
67,1,1,151.7,192.3,0,0,136.3,0,0.4,0,0,1,1
58,1,2,116.1,233.4,0,0,142.5,0,0.8,2,1,2,0
43,1,2,176.5,225.5,0,1,146.5,0,1.7,2,1,1,0
45,1,2,122.0,190.7,0,0,149.2,1,0.5,0,0,1,0
55,0,1,145.4,190.6,0,1,170.6,0,0.4,1,0,1,1
29,1,0,163.5,266.4,0,0,169.5,0,0.1,0,1,2,1
72,0,1,151.5,233.4,0,1,157.9,0,2.6,2,3,2,1
59,1,0,139.9,282.1,0,1,113.2,0,4.2,1,0,1,1
67,0,2,108.5,245.4,0,0,132.0,1,0.9,1,0,1,0
37,1,1,166.5,268.5,0,0,146.9,0,1.7,1,1,3,1
68,1,1,153.1,277.9,0,1,151.7,1,1.0,0,3,3,1
79,0,1,111.8,270.7,0,1,137.8,1,0.4,1,1,2,1
39,1,0,158.1,288.2,0,0,173.4,0,0.4,1,0,2,1
62,1,3,137.1,248.6,0,1,178.1,0,1.2,1,0,3,0
54,0,3,126.0,175.6,0,1,152.6,0,1.1,0,0,1,0
37,1,0,119.5,176.7,0,0,157.1,1,4.3,0,1,1,1
59,0,3,135.3,214.4,0,0,138.9,0,0.0,0,0,2,0
63,1,1,150.8,277.2,0,1,103.8,1,1.3,0,0,1,1
47,1,2,123.3,221.3,1,1,124.3,1,0.8,0,2,3,1
67,1,0,139.5,255.0,0,1,104.1,1,1.7,0,2,2,1
36,0,0,187.4,258.7,0,0,146.6,0,0.0,1,2,1,0
38,0,3,135.6,243.0,0,0,148.6,0,1.3,0,0,3,0
56,0,3,148.9,141.3,0,1,184.4,0,0.3,2,0,1,0
54,0,1,113.8,189.2,0,1,149.8,0,0.7,0,2,3,1
46,1,3,107.6,316.3,0,0,155.8,0,1.2,1,2,1,1
63,1,2,162.6,258.9,0,0,125.7,0,1.6,0,2,2,1
60,1,0,156.7,124.7,0,1,140.9,0,1.3,0,0,1,1
63,1,1,167.1,247.6,0,0,93.7,0,1.7,0,0,1,1
53,0,0,129.3,320.4,0,0,162.3,1,0.0,1,1,1,0
61,1,2,158.3,255.9,0,1,134.3,0,0.5,1,0,3,1
49,0,3,90.0,241.6,1,0,123.8,0,0.1,0,0,1,0
77,1,2,149.5,169.0,0,0,130.0,1,1.0,1,0,1,0
45,0,2,147.3,226.3,0,1,167.7,1,0.3,1,0,3,1
77,1,2,127.4,177.1,0,2,150.8,0,0.0,0,3,2,1
54,0,0,150.0,187.6,0,0,187.1,0,0.0,1,1,2,0
39,0,1,124.0,172.3,0,0,153.9,0,0.2,0,1,1,0
69,1,1,136.3,323.2,0,0,113.5,0,0.5,0,0,1,1
55,1,2,129.6,273.8,1,0,154.6,0,0.8,2,0,2,1
63,1,3,164.7,306.2,0,1,163.7,0,0.8,1,0,1,1
67,1,1,129.1,187.7,0,2,150.6,0,1.7,0,0,2,0
58,1,1,124.6,251.2,0,0,148.1,0,0.4,1,0,1,1
47,1,2,116.8,194.6,0,0,167.9,1,0.3,1,0,1,0
65,0,0,127.1,205.6,1,1,133.4,1,1.4,2,0,1,1
54,1,2,137.5,262.1,0,1,149.0,0,0.5,1,1,2,0
62,1,0,147.5,252.1,0,0,148.8,0,2.6,2,0,1,1
30,1,2,114.4,245.6,1,2,103.8,1,0.4,1,0,1,0
59,1,2,142.0,187.9,1,1,129.9,0,0.9,0,0,3,0
47,1,0,143.3,244.6,1,2,124.1,0,1.4,1,0,1,1
72,0,3,118.7,263.0,0,0,106.2,0,1.0,1,0,1,1
61,0,1,133.9,214.1,0,1,112.5,0,4.8,0,0,1,1
57,1,0,133.2,230.5,0,0,148.1,0,0.4,2,0,2,1
59,0,1,133.6,170.8,0,1,156.4,0,0.1,0,2,2,1
43,0,3,118.7,142.7,0,2,129.2,0,0.5,1,0,1,0
72,0,0,133.1,336.1,0,0,113.0,0,0.2,1,0,1,1
76,1,1,140.1,258.1,0,0,143.3,1,0.1,0,2,1,1
58,0,2,165.6,227.0,0,0,167.1,0,1.7,0,0,3,1
71,1,1,139.1,282.5,0,0,146.2,1,0.4,2,0,2,0
48,0,0,153.6,201.0,1,0,172.6,0,0.4,1,0,1,0
45,0,1,154.2,243.1,0,1,149.0,0,0.2,0,0,1,0
54,1,3,110.3,290.1,0,1,164.7,0,3.8,0,1,2,1
59,1,3,130.0,194.7,1,1,137.3,1,0.2,0,0,2,0
50,1,0,158.5,218.4,0,0,157.7,0,1.2,0,0,2,0
60,1,2,138.8,182.7,1,1,118.8,1,0.2,1,0,1,0
57,0,0,129.7,279.2,0,0,177.1,1,0.7,1,2,1,1
43,1,2,144.8,246.6,0,1,191.9,0,0.8,2,1,3,0
60,1,0,154.7,295.1,0,1,148.0,1,1.8,0,1,2,1
63,0,0,132.7,281.6,0,0,178.6,0,0.6,0,1,1,1
56,1,2,129.5,230.6,0,0,156.6,0,1.7,1,1,1,0
67,1,0,94.7,264.0,0,0,137.7,0,0.3,1,1,1,1
41,1,1,131.6,255.4,0,0,145.5,0,0.2,1,2,1,1
59,1,3,128.4,275.4,0,1,185.5,1,2.1,0,0,2,0
41,1,3,112.6,301.4,0,0,152.1,0,0.2,0,1,1,0
42,1,0,127.3,189.2,1,0,154.6,0,1.4,1,1,1,1
47,0,2,121.7,156.4,0,0,172.2,1,0.1,0,0,2,0
44,1,2,134.5,191.6,0,0,162.0,0,0.3,1,2,3,0
48,0,1,124.5,260.1,0,0,144.7,1,0.1,1,0,1,1
52,0,3,138.5,258.9,0,0,169.5,0,0.5,1,1,3,0
63,0,2,136.4,219.5,0,0,107.4,1,1.4,0,1,3,0
50,1,2,155.9,228.0,1,0,148.0,1,1.2,0,1,2,1
37,1,1,120.1,198.7,0,1,158.5,0,0.3,1,3,1,0
67,1,1,169.3,241.2,0,0,136.6,0,0.7,1,1,1,1
45,1,1,151.0,207.7,0,1,171.3,0,0.6,1,0,1,1
53,0,1,157.5,313.1,1,0,129.8,1,1.4,1,1,1,1
59,0,0,136.8,301.4,0,1,142.0,0,0.1,0,0,1,0
56,1,0,129.4,273.9,0,1,201.6,0,1.4,0,2,3,0
66,1,0,127.3,247.0,1,1,156.2,0,0.2,0,0,1,0
59,1,0,166.8,293.3,0,1,166.4,1,1.1,2,2,1,1
45,0,1,148.5,242.6,0,1,150.6,0,0.1,2,0,1,0
78,0,1,118.9,256.9,0,0,163.6,0,1.4,0,0,1,0
56,0,1,149.1,166.1,0,0,111.6,1,1.2,0,2,1,1
52,0,2,115.6,252.2,0,1,173.5,0,0.3,1,1,2,0
65,0,1,139.6,188.4,0,1,135.6,1,2.3,1,0,1,1
57,1,3,149.6,224.7,0,2,130.9,0,0.6,1,0,2,0
58,1,2,161.2,250.2,0,1,128.7,0,0.9,1,2,2,1
81,1,2,145.0,211.3,0,0,129.6,0,0.3,0,2,1,1
51,0,3,127.8,261.4,1,0,170.9,0,0.7,2,0,1,1
51,0,0,131.0,286.6,0,0,122.5,0,0.0,1,1,1,0
55,1,1,153.5,202.9,0,0,179.9,0,0.2,1,2,3,1
66,1,1,151.2,250.8,0,0,118.3,0,0.2,0,0,1,1
37,1,1,129.5,180.6,0,1,150.0,1,0.2,1,0,2,1
32,1,0,95.0,182.4,0,1,148.6,1,0.1,1,1,2,1
48,1,2,90.0,252.9,0,0,152.2,0,0.4,2,0,1,0
36,0,0,130.6,266.5,0,0,144.1,1,1.8,0,3,2,1
49,0,3,108.5,173.2,0,0,137.8,0,0.8,1,2,1,1
60,1,2,126.0,333.6,0,0,117.3,0,0.8,1,0,1,0
44,1,2,127.4,216.0,0,1,156.5,0,0.6,0,0,3,0
38,0,0,164.4,244.9,0,0,127.8,0,1.3,1,0,2,1
55,1,2,136.5,218.2,0,0,140.5,0,2.4,0,3,1,1
63,1,1,149.2,232.0,0,0,120.2,1,1.3,1,0,1,1
35,1,1,138.3,301.6,0,0,135.3,1,0.2,0,2,1,0
63,0,3,90.0,310.8,0,0,125.7,0,0.1,2,0,1,0
63,0,1,126.1,171.9,0,1,123.3,1,0.1,0,0,2,0
64,1,1,114.5,220.1,0,0,151.3,0,2.0,0,0,1,0
67,1,3,168.3,375.8,0,1,127.5,1,0.5,0,0,2,1
78,1,0,107.3,230.7,0,1,162.1,1,0.1,2,0,2,1
50,1,2,125.4,258.6,1,1,135.0,1,2.4,0,0,1,0
55,1,2,129.6,291.8,0,0,143.0,0,0.5,0,1,2,0
49,1,1,115.0,277.2,0,0,138.7,1,1.8,0,2,2,1
54,0,3,132.8,120.0,0,0,144.9,0,0.3,0,0,3,0
71,1,3,137.5,262.0,0,2,136.8,0,0.3,2,2,1,1
39,1,1,133.2,313.1,0,1,155.5,0,3.7,2,0,2,1
45,1,1,140.8,239.5,0,0,167.0,1,0.3,0,3,1,1
69,1,2,142.0,200.8,0,0,139.9,1,2.3,1,1,1,1
65,1,2,143.6,200.3,0,0,146.4,1,0.5,0,0,1,0
50,1,2,153.0,231.2,0,0,176.2,0,0.3,1,1,1,0
63,0,0,103.6,274.3,0,1,135.6,0,0.7,2,0,2,1
58,0,0,144.6,369.9,0,1,173.4,0,0.4,2,3,3,1
71,0,3,116.4,234.6,0,1,141.0,1,0.0,0,0,2,1
55,0,1,119.7,266.5,0,2,87.9,1,0.2,0,2,1,1
65,1,2,138.9,177.3,0,0,145.2,0,0.1,0,0,2,0
83,0,3,145.7,177.4,0,1,161.2,0,0.7,1,0,1,1
61,1,1,145.3,222.0,1,1,156.5,1,0.3,0,2,1,1
55,1,2,117.2,261.3,0,1,144.5,1,0.1,0,0,1,1
62,1,0,165.4,240.4,0,0,130.9,0,0.0,1,2,2,1
50,1,3,125.5,242.3,0,2,185.9,0,0.2,1,0,1,0
80,0,0,124.6,238.4,1,1,133.8,0,1.5,0,1,3,1
56,1,1,111.6,240.9,0,0,120.6,0,1.5,2,2,2,1
51,0,2,105.6,227.4,0,0,152.0,0,2.8,1,2,1,0
45,1,2,106.6,178.9,0,0,134.3,1,1.0,1,2,1,1
66,0,0,139.7,180.0,0,1,88.7,1,0.3,0,2,1,1
64,1,1,147.4,304.7,0,0,141.9,1,0.8,1,2,3,1
49,0,1,114.2,203.4,0,0,151.8,1,0.5,0,0,1,0
60,0,1,111.9,232.9,0,0,136.4,0,0.1,0,0,3,0
37,1,2,125.9,287.8,0,1,150.3,0,0.2,1,2,1,0
56,1,0,136.3,230.2,0,1,149.4,1,1.2,0,3,2,0
59,0,2,137.0,281.8,0,1,129.7,0,3.4,1,1,1,1
73,1,2,121.4,209.0,0,1,111.5,1,1.1,0,0,1,1
46,0,3,126.0,307.0,0,2,124.0,0,1.1,0,1,1,1
40,1,2,158.7,246.5,0,0,147.3,0,1.6,1,2,1,1
44,1,1,110.0,236.7,0,1,159.3,0,1.5,1,1,2,0
39,1,1,129.7,228.9,1,1,107.1,0,1.2,1,2,2,0
69,1,3,146.7,280.3,0,1,149.4,0,1.7,2,2,1,1
71,0,3,117.8,257.7,0,0,130.8,1,0.7,1,1,2,1
58,0,1,143.0,120.0,0,1,132.1,0,0.2,0,0,1,0
67,1,3,113.1,226.2,0,0,172.1,0,1.4,0,1,2,1
55,0,3,142.7,255.9,1,1,172.5,0,0.3,1,0,1,0
53,1,3,134.5,198.4,1,2,159.9,0,2.4,0,0,1,0
50,1,2,107.5,217.8,0,1,127.2,1,0.1,0,0,3,1
51,1,3,145.6,223.3,0,1,175.8,0,0.2,1,0,1,0
37,1,3,113.6,305.6,0,0,135.1,0,0.6,2,0,1,0
57,1,0,132.0,268.8,0,1,139.1,0,0.9,2,2,3,1
54,1,3,145.3,255.9,0,2,152.9,0,0.8,1,0,2,1
62,1,1,118.6,192.9,0,0,96.5,0,0.3,1,0,2,0
55,1,1,124.7,211.6,0,0,152.4,0,0.3,1,2,1,1
52,1,2,153.8,278.1,0,1,130.4,0,0.5,0,0,1,0
44,1,2,94.2,266.9,0,1,143.4,0,0.5,1,2,1,0
55,1,3,159.8,179.2,0,1,120.9,0,1.8,1,0,2,0
62,1,1,109.6,305.8,0,0,166.2,0,0.0,1,2,2,1
41,1,1,118.2,199.0,0,0,147.7,0,1.6,0,0,1,1
55,1,0,139.3,257.5,0,1,147.1,0,2.4,0,0,1,1
57,1,1,145.6,362.7,0,0,181.5,1,1.5,0,2,1,1
46,1,2,137.4,220.2,0,2,173.4,0,2.1,1,1,1,0
48,1,1,133.4,246.7,0,1,152.4,0,1.1,2,0,1,0
57,1,1,126.9,217.9,0,0,130.0,0,0.1,1,1,1,0
42,1,0,159.1,244.9,0,2,138.8,1,1.1,2,0,1,0
58,0,2,145.9,305.5,0,1,154.8,1,0.3,0,0,1,0
44,1,0,152.7,229.3,0,1,133.1,1,1.0,2,1,1,1
66,0,2,126.4,232.7,0,2,98.9,1,1.6,2,0,2,1
80,1,1,98.6,299.1,0,1,114.8,1,0.2,0,0,1,1
45,1,0,150.1,182.7,0,2,161.9,0,2.1,1,0,2,0
60,1,3,141.9,247.2,0,0,130.3,1,2.6,0,2,3,1
46,1,1,135.3,206.6,1,0,175.1,0,0.1,0,3,1,1
65,0,2,123.5,234.8,0,2,126.6,1,1.1,0,2,2,1
40,1,2,124.2,197.5,1,1,151.8,1,0.8,1,0,1,1
59,1,2,124.5,180.3,0,1,127.7,0,0.1,1,0,3,0
44,0,2,129.3,140.7,0,1,150.5,0,1.0,0,0,1,0
52,1,2,113.1,220.8,0,1,124.0,0,0.6,1,1,1,0
43,1,2,145.0,247.6,1,0,182.8,1,0.0,0,3,1,0
63,0,1,169.9,280.3,0,0,163.6,0,1.3,0,1,1,0
45,1,1,121.0,179.5,1,2,123.6,0,5.3,1,0,1,1
60,1,3,106.8,250.2,0,0,166.8,1,1.3,0,0,2,1
50,0,3,128.2,264.6,0,0,180.9,0,1.1,0,1,1,1
53,1,1,139.4,256.9,0,2,160.9,1,2.4,0,1,2,0
56,1,0,142.7,253.4,0,2,172.9,0,1.4,1,0,1,1
46,0,0,157.8,143.5,0,1,154.5,0,1.7,1,0,2,1
56,1,2,149.2,236.8,1,1,160.5,0,0.1,1,2,2,1
71,0,0,102.6,243.7,0,2,148.1,0,0.1,2,0,2,1
45,1,2,109.5,262.2,0,0,132.6,0,2.3,2,0,1,0
67,0,3,141.6,307.0,0,1,158.8,1,2.4,0,1,2,1
70,0,3,126.8,235.6,0,1,146.0,1,0.2,0,0,1,0
45,1,0,159.0,223.1,1,1,129.7,1,1.8,1,1,2,0
38,1,3,113.1,241.5,0,1,121.4,0,3.2,1,0,1,1
57,0,2,149.0,243.4,0,1,151.7,0,0.3,0,1,2,1
48,1,0,120.8,258.3,0,0,148.0,0,0.2,0,0,2,0
75,1,1,144.0,272.0,0,1,107.5,1,0.3,0,0,3,1
54,1,2,119.1,233.7,0,0,174.4,0,1.0,1,1,3,0
45,1,3,141.8,260.2,0,0,163.1,0,2.4,1,0,1,0
41,1,0,150.1,227.2,1,1,165.6,1,1.1,0,2,1,1
66,1,0,141.6,181.8,0,1,143.7,1,0.2,1,0,1,0
48,1,1,166.9,188.4,0,0,124.2,0,0.4,1,0,2,1
54,0,3,118.0,138.7,0,1,124.1,0,0.7,0,0,1,0
65,0,3,135.5,318.4,0,0,167.9,0,0.2,0,3,1,0
49,1,0,148.0,296.2,0,0,155.5,1,1.2,1,0,1,1
53,1,1,116.7,286.6,0,0,125.0,0,1.4,0,1,3,1
54,1,3,135.1,231.9,0,0,145.6,0,0.8,1,0,2,0
62,1,2,148.0,287.2,1,1,153.6,0,0.9,1,0,1,1
60,0,3,149.2,283.0,0,1,132.4,0,0.3,0,3,2,1
52,0,3,151.1,176.7,0,0,153.3,0,0.3,1,0,1,0
55,1,0,118.6,207.2,0,2,169.7,0,0.2,1,2,2,1
50,1,2,138.2,263.6,0,0,188.4,1,0.8,1,2,2,1
38,1,0,106.3,214.3,0,1,117.6,0,0.4,0,0,1,1
57,1,2,121.7,211.3,0,2,165.8,0,0.3,0,0,1,0
75,0,2,133.1,285.0,0,0,146.0,1,0.1,1,1,1,0
44,1,3,152.1,201.5,0,1,160.8,0,0.8,2,0,1,0
45,1,3,141.3,347.4,0,0,133.7,1,0.1,0,0,1,0
44,1,0,132.2,308.0,1,2,163.2,0,1.3,0,0,3,1
62,0,0,141.1,234.8,0,1,131.4,0,0.9,0,0,1,1
59,0,1,141.6,298.1,0,1,154.1,1,0.5,2,0,2,1
52,0,3,137.1,248.9,0,1,158.8,1,1.1,0,0,3,1
44,1,2,121.1,219.6,0,1,181.4,0,0.9,1,0,1,0
55,0,3,114.0,328.8,0,0,164.8,0,0.7,1,0,3,0
37,0,2,122.7,252.6,0,0,115.8,1,2.7,1,1,1,1
56,1,1,120.2,202.7,0,1,147.4,0,3.3,1,0,2,1
64,1,0,147.7,265.1,0,1,170.6,0,1.6,1,0,1,1
40,1,0,158.0,310.3,0,2,123.5,1,2.0,1,1,1,1
37,1,2,139.9,235.6,0,1,155.1,0,0.5,1,1,3,0
71,1,3,105.7,256.6,0,0,144.7,0,3.3,1,0,1,0
47,1,1,120.9,225.8,0,0,102.1,0,0.6,1,0,2,0
66,1,3,137.3,261.1,0,0,148.0,1,1.8,0,1,3,1
52,0,1,104.7,197.7,0,0,135.1,0,2.8,1,1,1,1
52,1,1,134.1,205.7,1,1,152.5,0,1.4,1,3,1,0
59,1,2,143.7,228.1,1,0,149.6,1,0.1,2,0,3,1
44,1,1,156.9,245.3,0,1,148.0,1,2.0,1,0,1,1
55,1,3,167.0,290.7,0,2,146.8,0,0.1,1,0,1,1
50,1,1,111.6,233.5,0,1,127.0,1,2.4,0,2,2,1
39,0,1,125.2,272.6,0,0,153.9,1,3.4,2,1,1,1
58,1,3,133.1,223.4,0,1,132.6,0,1.3,1,0,2,1
51,1,3,120.4,266.3,0,2,157.6,0,1.9,0,0,1,1
52,1,2,135.3,293.5,0,0,149.6,0,0.1,0,3,2,1
41,0,1,126.3,231.8,1,1,132.0,1,0.3,0,0,1,1
72,1,0,149.5,263.2,0,0,119.4,0,1.1,0,0,1,0
64,0,0,157.9,219.1,0,1,124.2,0,2.0,0,0,1,0
65,0,0,136.1,271.1,0,1,139.3,0,2.3,0,0,1,1
51,0,3,121.4,120.0,0,1,152.1,0,0.6,0,0,2,0
35,0,0,107.8,163.2,1,1,156.8,0,0.4,1,0,2,1
75,1,1,176.0,274.0,0,1,137.9,0,0.5,1,0,1,1
53,1,2,150.1,169.1,0,0,136.1,0,0.5,0,2,1,1
46,1,3,139.2,217.1,0,1,134.7,0,0.9,2,0,3,1
59,1,0,132.3,304.9,0,0,114.4,0,1.3,2,1,1,1
67,1,1,166.3,284.0,0,2,131.7,0,0.0,0,0,1,0
54,1,1,131.1,346.8,0,0,133.8,0,1.1,1,0,2,1
68,1,1,106.7,249.6,0,0,189.8,1,1.3,0,3,2,1
66,1,1,141.8,242.0,0,0,185.0,0,1.1,0,1,1,1
42,1,2,108.9,237.6,0,1,165.3,1,1.8,1,2,3,1
47,1,0,137.1,198.3,0,2,132.0,1,4.9,1,1,2,1
65,1,1,160.9,235.9,0,0,139.1,1,0.4,2,2,2,1
24,1,0,96.4,175.4,0,0,171.5,0,0.2,1,2,1,0
52,1,3,117.3,292.3,0,0,100.6,1,1.8,2,0,1,0
38,1,2,145.6,268.3,0,1,156.5,1,0.0,1,0,1,0
49,1,3,123.8,188.6,0,0,121.3,0,0.2,0,0,3,0
51,1,0,140.7,211.1,0,0,142.0,1,3.3,0,3,2,1
50,1,2,140.5,257.2,0,0,131.2,0,2.3,1,1,2,1
48,1,1,148.5,251.2,0,0,149.1,0,0.5,0,1,1,1
42,1,0,119.4,191.0,0,1,144.9,0,1.9,1,3,1,1
79,0,2,91.3,253.1,0,2,137.1,1,0.2,0,1,1,1
75,0,2,143.4,273.9,0,1,151.5,0,2.3,0,0,1,0
41,1,3,102.5,263.3,0,0,167.7,0,0.6,1,1,3,0
71,1,2,155.1,321.5,0,0,178.2,0,0.3,1,3,2,1
50,0,0,129.2,251.0,0,0,139.7,0,1.8,0,0,2,1
55,0,1,125.9,187.2,0,2,177.8,0,0.3,2,1,2,0
53,1,1,146.2,194.2,1,0,125.9,0,0.3,0,0,3,1
47,1,0,100.9,294.2,1,0,113.2,0,0.8,1,1,1,0
65,1,2,133.1,316.1,0,0,152.7,1,0.7,2,2,3,1
55,1,2,142.3,240.2,0,1,180.1,1,0.4,0,0,1,0
49,1,3,137.3,256.5,0,0,132.8,0,0.9,1,0,1,0
40,0,2,118.7,240.6,0,1,167.6,0,0.2,2,0,1,0
44,1,2,122.9,224.8,0,2,136.2,1,0.3,0,0,1,0
36,0,0,154.3,169.5,0,0,182.4,0,0.4,1,0,3,0
54,1,0,150.4,262.4,0,0,170.7,1,0.7,0,2,3,1
41,0,3,115.8,315.3,0,1,163.4,0,1.1,0,0,1,0
51,1,3,157.5,247.8,1,0,124.4,0,0.5,1,1,1,0
69,1,1,151.3,233.4,0,1,147.4,0,0.8,2,0,1,1
67,1,2,146.0,227.0,1,1,102.8,0,3.1,2,0,1,1
54,0,2,140.5,263.3,0,1,147.6,0,0.2,1,2,1,1
53,0,3,110.1,291.7,0,0,130.5,1,0.2,1,0,1,0
75,1,0,166.3,272.2,0,1,137.2,1,0.9,2,0,1,1
60,0,2,149.6,161.2,0,0,144.8,0,3.2,1,0,2,1
50,0,1,134.4,316.7,0,1,153.2,0,1.4,0,2,1,1
38,1,2,134.4,272.5,0,2,123.3,0,0.3,2,3,1,0
58,1,1,133.4,234.9,0,0,119.3,0,1.5,0,2,2,1
63,0,1,123.0,221.2,0,0,181.3,0,0.4,1,0,2,0
47,1,2,141.9,219.3,0,0,170.2,1,0.4,0,0,1,0
57,1,0,120.4,280.4,0,0,152.3,0,0.3,1,0,2,0
50,1,2,135.7,153.1,0,1,116.1,0,0.9,1,0,1,0
52,0,2,132.3,263.3,0,1,155.6,0,0.0,2,1,1,0
27,1,3,134.2,244.3,0,0,171.6,0,0.0,0,2,2,0
52,1,1,150.4,252.4,0,1,139.2,0,1.3,0,0,1,1
65,1,0,144.0,194.1,0,0,115.0,1,0.1,1,1,2,1
47,1,1,144.7,164.0,0,0,137.3,0,1.4,1,0,2,0
55,1,0,99.3,340.5,1,0,169.2,0,0.3,1,0,1,0
46,1,2,140.3,244.4,0,1,169.1,0,1.6,1,1,1,0
58,1,0,136.4,328.0,0,0,166.7,0,1.0,2,0,1,1
52,1,1,140.2,280.4,0,1,161.3,1,1.5,1,1,2,1
44,0,0,119.0,242.8,0,1,133.4,0,0.6,0,3,2,1
69,0,0,155.5,256.9,0,1,101.9,0,1.9,0,0,1,1
64,1,3,141.0,292.4,0,1,140.2,0,0.4,1,0,1,0
47,1,3,118.8,291.4,0,0,173.0,1,0.3,2,0,1,1
59,1,2,125.0,264.1,1,0,166.7,1,0.0,1,2,2,1
60,1,0,151.7,291.6,0,0,121.3,1,0.2,0,2,1,0
61,1,3,134.2,294.0,0,1,150.7,1,0.4,2,0,2,1
35,0,3,126.2,249.3,0,2,143.0,0,1.7,0,0,3,1
65,1,3,133.2,218.7,1,1,135.0,0,0.1,2,0,1,0
48,1,2,150.7,261.2,0,0,123.1,0,0.8,0,1,1,0
50,1,0,141.7,207.1,0,0,165.5,1,0.3,1,1,3,1
83,0,0,116.9,234.8,0,1,141.3,0,0.9,1,0,3,0
57,1,3,117.2,259.9,0,1,119.8,0,6.0,1,0,1,1
50,0,3,130.1,236.5,0,0,143.1,0,1.7,0,0,1,0
30,0,1,113.4,290.9,0,1,127.8,0,0.2,1,1,1,1
69,1,1,98.9,217.6,0,1,101.3,0,2.6,0,0,2,1
39,1,2,116.8,142.5,0,1,127.7,1,0.4,0,0,2,1
43,0,2,123.2,295.2,0,1,154.5,0,1.1,0,0,1,0
50,0,2,122.8,242.1,0,1,138.7,1,2.9,1,0,1,1
70,1,2,151.0,251.2,0,1,138.9,1,1.9,1,0,1,1
63,1,0,96.0,209.9,1,1,130.3,0,0.6,1,2,3,1
52,0,1,116.6,157.8,0,0,166.0,0,0.1,1,0,1,0
57,1,2,149.1,206.4,0,2,137.9,1,0.6,0,0,1,1
47,0,2,117.2,264.0,0,2,175.9,0,1.0,0,0,3,1
56,1,0,112.7,233.2,0,0,135.8,0,0.3,1,1,1,1
55,1,0,122.0,227.1,0,1,159.9,0,0.1,0,0,1,0
65,1,2,144.8,170.5,0,2,139.4,0,3.4,1,2,2,1
65,0,1,129.2,324.9,1,0,113.8,0,1.7,0,3,2,1
59,1,2,122.2,240.5,0,0,178.6,1,0.9,0,1,2,0
50,1,2,141.7,343.0,0,1,188.7,0,0.9,0,0,1,1
62,0,2,139.7,260.3,0,0,141.1,0,1.4,0,3,3,1
53,0,2,108.0,309.3,1,2,143.2,1,1.4,2,1,1,1
42,1,1,132.7,205.6,0,0,175.4,1,0.2,2,1,1,1
50,1,2,109.6,173.4,0,0,149.3,0,0.4,0,0,1,0
55,0,0,152.3,233.5,1,1,162.2,0,1.0,0,0,2,1
64,1,3,158.7,269.5,0,1,147.0,0,1.4,1,0,1,0
52,0,3,125.3,270.1,0,0,152.4,0,0.1,1,0,1,0
41,0,1,146.9,254.2,0,0,141.1,0,1.2,0,1,1,1
55,1,0,120.6,342.6,0,0,133.6,0,0.0,1,0,2,1
55,0,0,128.7,259.0,0,0,170.1,0,0.3,1,0,2,1
56,1,2,124.0,228.5,0,1,178.2,1,3.1,0,2,1,0
64,1,0,136.1,234.6,0,1,145.1,0,0.6,0,3,1,1
65,1,2,137.9,209.8,0,1,169.0,0,0.7,0,3,1,1
47,1,2,132.2,251.8,0,0,134.7,0,1.3,0,2,1,0
47,1,2,130.6,286.5,0,1,163.5,0,0.9,2,0,1,1
43,1,3,133.5,299.5,0,0,148.6,0,0.4,0,1,2,0
62,1,1,158.6,231.1,0,1,143.3,1,0.9,2,0,1,1
70,0,3,98.8,244.7,0,1,132.7,0,0.8,0,0,3,1
51,1,0,167.8,212.1,0,0,144.7,0,0.1,1,2,1,1
51,1,0,126.9,283.0,0,2,91.9,0,1.4,0,0,1,0
70,0,1,133.6,192.7,0,2,109.6,0,0.9,1,0,1,1
60,1,2,159.4,211.7,0,0,105.2,0,0.1,0,0,3,0
59,0,0,143.2,120.0,0,1,134.0,0,0.2,1,0,2,1
41,0,2,137.4,185.0,0,1,132.0,0,0.1,1,0,1,1
61,0,1,155.2,217.8,0,1,105.2,0,0.1,0,1,1,0
44,1,3,128.5,215.4,0,0,131.1,0,0.2,0,2,1,0
42,1,2,147.5,180.2,0,0,150.0,0,0.9,2,2,1,1
50,0,2,107.3,190.3,1,0,205.0,1,0.1,0,0,2,0
48,1,3,140.0,294.8,0,0,148.0,0,0.2,0,1,1,0
52,0,2,140.6,206.4,0,0,140.5,0,2.5,1,1,1,1
38,0,1,147.6,156.2,0,1,126.5,1,1.0,0,0,1,1
65,1,1,149.5,199.4,0,0,117.0,0,0.8,1,0,2,0
66,1,2,140.7,200.3,0,0,159.5,0,0.3,0,0,1,0
33,0,0,120.0,231.0,0,0,191.5,0,0.7,0,0,2,0
65,0,0,127.8,261.1,0,1,120.6,0,0.2,1,1,1,1
45,1,1,126.0,178.7,0,0,156.6,0,0.7,0,0,1,0
63,0,2,109.9,257.8,0,0,198.4,0,1.5,0,0,2,0
53,0,1,162.1,302.6,0,2,189.8,0,1.0,1,0,1,0
54,1,0,152.0,286.1,0,0,153.0,0,0.4,2,0,1,0
52,1,0,138.1,266.2,0,1,127.8,0,1.2,1,0,2,1
67,1,2,151.9,263.9,1,2,117.6,0,0.4,1,1,1,0
40,1,2,144.1,222.6,0,0,108.9,1,0.3,0,1,2,0
61,0,2,114.9,306.3,0,0,143.0,1,0.4,0,0,1,1
66,1,1,148.5,264.5,1,1,178.9,0,0.7,0,0,3,0
62,0,3,155.9,208.8,0,1,127.4,1,1.3,0,2,3,1
80,1,1,128.3,243.9,0,2,125.8,1,4.2,0,1,3,1
48,1,2,104.9,209.6,0,0,149.5,0,4.2,1,1,1,0
65,1,3,115.8,239.1,1,0,141.3,0,1.2,1,2,3,1
53,1,3,132.0,294.5,1,0,128.2,1,0.1,0,0,1,1
68,1,2,115.5,238.5,1,2,135.8,0,0.8,0,1,1,0
54,0,3,127.9,206.4,0,1,154.4,0,0.2,2,2,2,1
50,1,2,121.2,285.8,0,2,160.3,0,0.4,1,1,2,0
68,1,1,137.5,302.5,0,0,146.7,0,0.8,0,0,1,1
49,1,1,123.6,205.1,1,0,133.0,0,0.4,1,2,1,1
38,0,2,126.4,300.9,0,2,155.8,0,1.5,1,0,3,1
48,0,2,140.3,281.7,0,0,158.1,1,0.0,0,0,2,0
61,0,1,115.5,219.6,1,1,166.4,0,0.5,1,0,1,1
69,0,3,139.8,300.3,0,0,150.2,1,1.3,1,0,1,1
55,1,1,118.9,187.5,0,1,123.9,0,4.0,1,1,1,1
69,0,1,134.6,225.5,0,2,140.1,0,0.8,0,0,3,1
39,0,0,125.8,188.0,0,1,165.5,1,1.9,1,1,1,0
49,1,3,139.2,196.7,0,0,161.2,1,0.7,1,1,1,0
51,1,3,136.6,277.8,0,2,162.8,1,6.0,2,1,1,1
53,1,2,156.0,240.4,0,0,160.2,0,2.2,0,0,3,0
55,1,3,133.8,192.9,0,0,112.6,1,1.0,2,2,2,1
62,0,2,121.7,218.3,0,1,120.5,1,0.8,2,1,2,0
49,0,3,146.5,210.4,0,0,176.6,0,2.7,2,2,1,1
56,0,1,137.5,253.1,1,0,125.0,0,1.1,2,0,1,0
54,1,2,149.9,341.4,1,1,154.0,0,2.2,0,0,2,1
44,0,0,126.3,247.0,0,1,139.9,0,0.6,1,0,1,1
53,1,3,110.2,253.0,0,2,170.0,0,0.6,1,0,3,1
52,0,3,170.9,308.5,0,0,172.6,0,3.7,1,1,1,1
52,1,2,122.7,216.8,0,0,128.5,0,1.8,2,0,1,1
54,1,1,113.1,300.0,0,1,163.1,0,0.8,1,0,3,0
55,1,1,147.2,223.1,0,1,166.1,0,2.2,1,0,2,0
49,1,1,115.7,223.8,0,1,163.5,0,0.1,1,2,1,1
68,1,1,130.4,231.8,0,1,134.1,0,0.5,1,1,2,1
41,1,2,133.0,232.1,0,0,117.5,1,0.4,0,1,2,1
46,1,0,129.4,230.9,0,1,178.0,0,2.1,0,0,1,1
85,1,3,135.2,268.0,0,0,115.3,1,0.6,1,0,1,0
43,1,1,159.9,218.9,0,1,149.2,1,0.6,1,0,1,1
39,1,3,128.2,240.6,0,1,166.9,1,0.1,1,0,1,0
62,1,2,119.8,173.3,0,0,120.5,0,0.9,0,0,1,0
31,0,1,142.8,267.8,0,1,136.8,0,0.6,0,1,1,0
51,0,0,117.2,290.2,0,2,130.6,0,0.2,0,1,2,1
78,1,3,138.0,259.5,0,0,112.8,0,1.7,0,0,1,1
37,0,2,110.5,268.4,0,0,133.7,0,0.9,1,0,2,0
32,0,1,129.3,196.9,0,0,160.6,0,2.8,1,1,2,1
38,0,0,127.7,302.6,0,0,161.9,0,0.7,1,0,2,0
64,1,2,136.0,253.3,0,1,126.3,1,1.0,0,1,2,1
66,1,1,139.7,175.0,0,1,141.7,0,0.4,0,1,1,1
48,1,0,147.2,292.8,0,0,90.9,0,0.8,0,1,3,1
62,1,2,148.7,275.8,0,1,149.2,0,0.4,1,0,1,1
69,1,2,119.0,329.0,0,0,140.1,0,0.1,0,0,2,0
74,0,1,123.9,321.6,0,0,159.6,0,0.1,0,2,1,1
51,0,3,146.9,299.4,0,1,157.6,0,0.4,1,0,2,1
29,1,2,113.7,253.5,0,0,174.5,0,0.1,0,0,2,1
45,0,3,137.6,269.6,0,1,137.6,0,0.2,1,2,3,1
49,0,0,144.9,192.2,0,1,112.0,0,0.2,2,0,3,0
51,1,1,103.7,228.2,0,2,149.1,0,1.3,0,0,3,0
52,1,0,126.2,372.0,1,0,115.0,1,0.6,1,0,3,1
66,1,1,151.7,169.6,1,2,141.7,0,0.1,0,0,2,1
68,1,3,134.9,260.0,0,1,149.8,0,0.3,1,2,2,0
52,1,3,126.2,239.0,1,1,146.5,0,0.1,1,0,2,0
66,1,2,152.0,283.1,0,0,118.9,0,0.2,1,0,1,1
58,1,2,154.9,251.5,0,1,183.3,1,1.1,1,2,1,1
55,0,2,119.0,295.2,0,0,140.6,1,1.6,1,3,2,1
64,1,2,168.3,245.6,0,0,163.6,1,1.8,0,0,1,1
55,1,0,102.1,275.8,0,0,181.0,1,0.2,0,0,1,0
77,1,2,112.6,265.5,0,0,162.2,0,1.2,0,2,1,1
38,1,2,121.8,223.0,0,1,172.1,0,0.1,1,0,1,0
48,1,1,126.5,220.2,0,1,189.6,0,3.2,1,1,2,0
53,1,0,128.6,297.3,0,0,156.1,0,0.5,1,0,2,1
59,0,1,122.6,270.6,0,1,166.8,0,0.0,1,0,1,0
68,1,2,124.4,290.1,0,1,143.9,0,0.1,1,0,2,1
54,1,0,130.0,296.6,0,0,128.9,0,1.8,1,0,1,0
38,1,2,119.4,213.0,0,0,161.2,0,0.4,2,1,1,1
63,1,1,148.5,232.6,0,0,110.7,1,0.0,0,2,1,1
62,0,1,133.6,229.2,0,1,145.1,0,1.0,0,0,3,1
33,0,2,121.8,279.4,1,1,152.0,0,3.5,1,0,3,1
54,1,2,132.7,245.4,0,1,167.1,0,0.0,2,0,1,1
37,1,1,149.8,243.5,0,1,187.6,1,1.2,0,0,1,0
47,0,3,120.5,192.5,0,0,128.1,0,0.9,2,0,1,0
44,1,1,108.6,274.2,0,1,162.4,0,0.0,2,0,1,0
63,1,3,118.7,282.3,0,0,151.3,0,0.8,2,0,2,1
55,1,2,130.1,266.4,0,1,176.2,1,0.2,0,0,1,1
40,1,0,139.2,243.7,0,0,175.8,0,1.6,0,0,3,1
64,1,2,152.3,290.8,0,0,166.3,0,0.4,1,0,2,1
38,1,1,159.7,233.6,0,0,165.8,0,0.2,0,1,1,0
58,0,0,145.3,305.3,0,1,118.6,0,0.5,2,0,3,1
45,0,0,112.9,269.7,0,0,137.2,1,1.6,0,1,1,0
50,1,1,129.3,184.5,1,0,159.5,0,0.3,0,0,2,0
60,1,2,96.6,237.6,1,1,116.2,1,0.8,1,0,1,1
60,1,3,129.9,257.8,0,0,132.8,0,1.2,0,3,1,1
69,1,3,126.9,216.0,0,1,130.7,0,0.4,0,2,1,0
53,1,1,92.1,288.6,0,2,146.0,1,1.0,2,0,2,1
57,1,2,172.7,155.5,0,1,154.3,1,3.0,0,0,2,1
49,1,0,125.9,275.0,0,1,157.6,0,0.8,1,1,3,0
56,1,2,96.6,272.5,0,0,159.9,1,0.2,0,2,1,0
59,1,3,130.3,155.7,0,1,124.3,0,1.0,1,1,1,1
53,1,0,163.5,245.6,0,0,139.6,0,3.9,0,1,1,1
34,0,3,160.3,215.3,0,0,169.8,0,1.4,1,0,1,0
58,1,3,136.1,305.2,0,2,120.1,0,0.3,1,1,2,0
58,1,2,136.7,206.0,0,0,161.7,0,0.5,1,2,2,1
47,1,2,154.3,274.1,0,1,154.2,0,0.1,1,0,1,1
40,0,2,124.8,280.4,0,0,127.2,1,0.7,0,0,1,0
70,1,3,146.3,229.7,1,1,156.5,0,0.4,1,0,2,1
59,1,2,150.4,300.3,0,1,149.8,1,0.8,0,0,1,0
51,1,1,113.9,222.1,0,1,189.2,0,0.2,0,0,1,0
41,0,2,155.4,295.5,0,1,180.6,0,4.1,1,0,2,1
45,1,1,115.9,352.8,1,0,117.3,0,0.5,1,0,3,1
68,1,3,126.1,287.2,1,2,133.3,0,0.7,0,1,1,1
56,1,3,136.3,269.0,0,0,149.8,1,6.0,1,0,2,1
48,1,2,149.4,218.5,0,1,157.3,1,0.4,1,2,3,1
60,0,2,144.7,325.2,1,1,123.6,0,0.5,0,1,2,0
45,1,3,130.9,277.3,0,1,154.9,0,1.6,1,0,3,0
71,1,1,143.4,227.1,0,0,131.3,1,0.1,0,0,1,0
69,1,2,157.1,312.6,0,0,119.9,0,0.3,0,1,3,1
49,1,1,132.9,244.5,0,1,139.7,0,0.7,1,0,3,1
47,1,2,117.6,268.7,1,1,141.4,1,0.9,1,0,3,1
25,1,1,115.9,213.2,0,0,205.0,0,1.7,0,0,3,0
38,1,2,146.4,194.5,0,1,183.0,1,1.4,0,2,1,0
39,0,1,112.6,197.1,0,0,163.0,0,1.3,1,0,1,0
55,1,0,106.0,225.0,1,1,109.9,0,0.5,0,0,3,1
50,0,0,124.5,262.6,0,2,181.0,0,3.6,0,0,1,1
39,0,0,125.9,223.0,0,2,112.0,1,1.8,0,0,3,1
51,0,0,145.7,205.5,0,1,121.1,0,0.6,1,1,1,0
60,0,2,106.3,201.7,0,1,110.6,1,0.4,1,0,1,0
60,1,2,141.7,299.2,0,1,123.4,0,0.0,1,0,2,1
33,1,0,149.5,228.7,0,1,197.2,0,0.5,0,0,1,1
53,0,2,116.0,154.9,0,0,165.4,1,0.1,1,2,3,1
39,1,2,131.7,235.8,0,0,162.3,0,0.4,1,0,1,0
64,1,0,97.8,226.6,0,1,141.8,0,0.2,1,0,2,1
63,1,1,152.0,253.5,1,1,121.6,1,0.4,1,0,1,0
44,0,2,142.8,212.9,0,0,171.7,1,0.1,2,1,1,0
46,0,0,128.6,295.2,0,2,184.5,0,1.5,0,0,3,1
49,0,0,105.9,232.9,0,0,170.4,0,0.1,0,1,2,1
29,0,3,136.8,223.4,0,0,176.3,0,1.3,0,0,1,0
58,1,2,130.6,228.9,0,1,167.4,0,2.7,0,0,3,1
51,1,1,90.0,261.2,0,0,150.9,0,0.7,0,3,1,0
65,0,2,147.8,262.6,0,0,97.3,0,1.5,2,1,1,1
42,1,3,151.9,220.0,0,0,179.9,0,2.9,0,0,1,0
47,1,3,156.4,240.0,0,1,128.8,0,0.8,2,3,1,1
37,1,1,106.8,224.3,0,0,158.4,0,0.3,1,2,1,0
43,0,1,93.7,274.9,0,0,194.1,0,0.0,1,0,1,0
41,1,2,123.4,180.1,0,1,154.9,0,0.6,1,1,1,0
65,1,0,146.1,230.3,0,0,177.0,1,0.2,0,1,1,0
46,0,3,112.0,230.0,1,0,155.8,1,1.9,2,0,3,1
55,1,1,105.6,303.1,0,0,128.6,0,1.6,0,0,3,1
50,1,1,146.0,291.7,0,0,148.3,0,1.3,1,0,3,1
40,1,3,124.3,253.8,1,0,144.2,1,0.1,0,0,1,0
52,1,0,144.7,196.9,0,0,172.8,1,1.0,0,2,3,1
61,1,0,136.0,246.4,0,0,139.4,0,0.4,0,1,1,0
41,0,2,124.8,319.6,0,1,171.2,1,0.7,0,0,2,1
63,0,1,132.1,238.0,0,0,150.8,0,3.5,2,0,1,1
45,1,2,125.3,243.9,0,0,112.5,0,0.1,0,0,1,0
49,1,0,124.5,247.9,0,1,134.3,0,1.1,0,0,3,0
60,0,1,112.7,206.1,0,1,145.0,0,2.6,1,1,1,0
47,1,0,141.0,203.4,1,1,144.0,0,0.1,0,0,1,0
54,1,2,156.5,205.8,0,0,151.1,0,1.0,2,0,3,1
51,0,0,121.2,227.2,0,1,161.8,0,0.9,2,2,3,1
55,1,1,167.8,261.2,0,0,170.8,0,0.9,0,0,2,0
28,1,2,134.3,239.8,0,0,170.5,0,0.3,1,1,1,0
34,1,3,133.6,256.7,0,0,162.2,0,1.3,0,1,1,1
61,1,2,147.5,338.9,0,1,156.6,1,1.9,1,0,1,1
65,0,1,151.3,359.4,1,0,127.5,0,0.4,1,0,1,1
44,1,2,123.3,242.0,0,1,158.8,1,0.2,0,0,1,0
51,1,2,143.2,281.0,1,0,158.7,0,3.0,1,2,1,1
57,1,3,153.6,271.5,0,0,148.0,0,1.8,1,1,3,0
62,0,3,126.2,291.6,0,1,142.4,1,2.7,0,3,3,1
32,1,3,128.6,279.5,0,0,175.9,1,0.1,1,0,3,0
44,1,2,117.7,214.7,0,1,131.9,1,2.1,0,1,1,1
50,0,0,121.1,327.2,0,1,131.6,1,1.8,1,0,1,1
62,1,2,129.7,311.6,0,0,138.2,0,0.6,0,1,1,1
81,1,2,124.5,293.4,1,0,155.0,0,0.5,1,2,1,1
51,0,3,129.1,270.5,1,2,118.2,0,0.6,0,1,2,1
39,1,3,136.2,253.7,0,1,178.9,0,0.9,0,3,2,0
58,0,2,139.7,251.8,0,0,176.3,0,0.9,1,2,2,0
69,0,2,120.2,281.3,0,0,143.3,0,1.6,2,0,1,1
55,0,0,120.3,252.9,0,1,123.9,0,0.5,1,0,1,0
44,0,2,143.8,254.5,0,0,117.1,0,0.0,0,2,2,0
65,0,1,122.8,246.3,1,0,187.4,1,0.4,0,3,1,1
61,1,3,150.6,238.0,0,0,116.8,0,1.1,1,1,2,1
43,0,3,115.1,321.8,0,1,143.0,0,2.0,1,0,2,0
58,1,2,141.8,252.1,1,1,105.0,0,0.3,1,1,1,0
65,1,0,150.3,232.7,0,1,95.5,1,1.3,0,3,3,1
67,1,1,90.0,258.7,0,1,154.8,1,0.6,1,0,1,1
53,1,2,149.4,193.4,0,0,135.4,0,0.1,1,1,3,0
50,1,0,156.5,286.9,0,0,168.7,0,0.1,0,0,1,0
68,1,0,131.9,252.4,0,0,131.6,0,0.2,1,0,3,0
41,0,3,134.0,228.0,0,0,182.2,1,1.2,1,1,3,1
59,1,0,120.1,229.8,0,1,137.4,0,1.8,0,0,3,0
39,1,0,136.8,172.2,0,1,177.7,0,0.1,2,1,1,1
66,0,2,178.3,331.5,0,1,118.5,0,0.3,1,0,3,1
51,1,3,93.7,254.6,0,0,132.1,1,2.3,0,0,3,1
68,1,3,128.5,331.5,0,1,118.1,1,1.0,0,1,1,1
59,0,3,146.6,237.6,1,0,130.8,1,0.4,1,1,1,1
41,1,2,153.5,262.8,0,2,119.1,0,1.0,0,0,1,0
70,1,1,113.1,285.2,0,0,115.7,0,0.4,1,0,1,0
71,1,3,126.8,274.8,0,1,115.9,0,0.2,0,0,1,0
64,1,1,126.1,230.9,0,1,184.2,0,0.0,1,2,2,0
46,1,1,120.2,166.6,1,0,149.4,1,1.4,0,0,2,0
51,0,1,128.2,345.5,0,0,140.6,0,0.6,0,0,3,1
56,1,2,108.8,215.8,1,0,162.8,1,1.9,2,0,3,1
46,0,3,124.4,356.1,1,2,142.3,0,1.6,0,0,2,0
73,1,1,121.9,227.4,0,1,142.8,1,0.0,1,1,1,1
56,0,1,130.3,308.6,0,1,160.9,1,0.7,0,1,1,1
24,0,3,110.8,262.5,0,1,178.9,1,0.4,0,0,3,1
58,1,0,132.0,276.4,1,0,144.5,0,2.4,0,0,1,1
50,1,2,114.3,218.2,0,0,152.3,0,3.8,0,0,1,0
53,0,1,147.9,229.0,0,0,156.0,1,0.3,0,3,2,1
50,1,1,127.1,228.6,0,0,161.6,0,0.2,0,1,1,0
63,1,1,136.5,256.6,0,0,149.7,0,0.2,1,1,2,0
66,0,1,131.4,241.9,0,1,143.8,0,2.3,1,0,1,0
57,0,2,131.9,224.6,0,0,125.1,0,0.6,1,0,1,0
50,1,3,133.0,204.1,0,0,162.3,0,0.3,1,0,3,1
54,1,1,148.5,209.9,0,0,120.9,0,0.4,1,0,1,0
54,1,3,128.9,264.9,0,1,148.2,0,0.5,1,2,1,1
45,1,2,118.8,207.4,0,1,156.2,0,3.9,1,0,2,1
60,1,1,136.3,195.1,0,2,111.8,1,2.3,1,0,1,1
59,0,2,121.2,249.4,0,0,128.5,1,0.7,2,0,2,1
71,0,2,133.9,151.3,0,2,165.6,1,2.0,0,2,1,1
68,1,0,118.6,246.0,0,2,121.2,1,0.3,0,0,1,1
46,1,1,150.9,242.1,1,0,165.2,1,0.7,0,2,2,1
63,0,3,119.2,269.3,0,1,116.0,1,1.5,1,1,1,1
44,0,2,150.1,252.9,0,0,123.0,0,0.2,1,0,2,0
62,1,1,134.9,188.0,0,0,159.3,0,0.7,1,1,3,1
48,0,1,144.9,231.1,0,2,175.7,1,0.4,0,3,2,0
43,1,0,117.4,266.3,0,1,154.5,0,1.5,1,1,1,0
57,0,1,96.3,260.8,0,0,154.4,1,2.0,1,0,1,1
25,1,0,97.1,196.8,0,0,194.4,0,0.1,1,0,1,0
35,1,0,174.3,253.0,0,0,154.5,0,1.6,2,0,1,1
52,0,1,119.7,281.0,0,1,150.4,0,1.0,1,1,1,0
55,1,2,154.0,198.8,0,1,142.0,0,6.0,1,0,1,0
50,1,0,109.6,153.7,0,0,133.6,1,0.5,1,1,1,0
37,1,0,133.0,313.5,0,0,124.5,1,0.6,0,1,1,1
45,1,0,138.0,252.1,0,1,133.8,0,0.8,1,2,1,1
58,1,1,186.1,222.7,0,1,170.6,0,1.6,0,0,2,0
60,1,0,129.8,221.9,0,2,179.8,0,0.6,0,1,2,1
54,1,2,121.2,247.9,0,1,123.9,1,0.2,2,1,2,1
67,1,1,143.6,291.8,1,1,156.1,1,1.8,0,0,3,1
58,1,1,118.4,176.4,0,0,139.9,1,0.2,2,0,1,1
46,1,3,139.4,221.0,0,1,185.9,1,0.1,1,0,1,0
51,0,2,129.3,313.1,0,2,148.7,0,0.5,2,2,3,1
39,0,0,113.7,272.4,0,1,142.0,0,0.9,0,3,1,0
53,0,1,139.6,273.6,0,0,152.7,0,1.8,0,1,2,1
66,1,3,138.9,263.5,0,1,107.8,0,0.2,0,0,1,0
62,1,3,149.7,257.9,1,1,146.0,1,0.1,2,2,3,1
69,1,1,167.5,226.1,0,1,131.9,1,3.3,0,2,3,1
51,0,0,121.2,215.8,0,0,142.8,0,1.5,0,1,2,1
69,0,1,127.3,282.1,0,0,124.7,0,0.5,0,2,2,1
52,1,1,109.3,217.0,0,2,131.4,1,1.3,1,3,1,1
70,1,1,147.4,259.5,0,2,144.4,1,0.2,0,1,1,1
54,0,2,119.4,248.1,0,2,149.3,1,0.1,1,2,2,1
62,1,0,142.2,340.6,0,2,138.1,1,0.5,1,0,2,1
70,1,0,159.0,239.9,0,0,146.1,0,1.7,1,3,2,1
52,0,2,118.2,292.1,0,1,146.7,0,0.3,1,0,2,1
56,1,3,126.0,273.2,0,1,141.1,0,0.1,2,2,1,0
68,1,0,155.8,241.1,0,0,124.0,0,0.9,1,0,1,1
53,1,2,146.5,186.3,0,0,171.9,0,3.3,0,2,3,1
39,0,1,138.1,233.8,0,0,205.0,1,0.3,0,0,1,0
78,0,1,130.0,289.4,0,0,80.4,0,0.8,0,0,3,1
49,0,3,103.9,185.8,0,0,145.2,1,1.3,0,0,1,0
56,0,1,118.7,278.9,0,0,142.6,0,0.4,0,0,3,0
67,1,2,119.1,305.0,0,0,143.4,0,0.4,0,0,2,0
47,0,1,139.7,243.2,0,1,205.0,0,1.1,1,2,2,0
43,1,0,136.4,277.8,0,0,155.4,1,0.6,0,1,3,1
57,1,2,124.0,248.6,0,1,138.2,0,2.5,1,1,1,1
34,1,1,121.3,259.5,0,2,173.1,0,0.2,1,0,1,0
51,1,0,141.8,306.1,0,1,167.7,0,0.5,2,0,1,0
57,1,2,129.0,174.1,0,0,132.4,0,0.0,0,0,1,0
51,0,0,119.8,206.7,0,0,147.5,0,0.2,1,0,1,0
37,0,0,162.4,290.5,0,1,156.8,1,0.6,0,0,1,1
72,0,2,125.6,310.8,1,0,172.2,1,0.5,1,0,2,0
55,0,0,143.3,179.8,0,0,150.1,1,0.4,0,2,2,1
70,0,2,142.1,315.7,0,1,147.9,0,0.0,1,0,1,1
51,0,3,102.8,127.2,0,1,136.2,0,0.9,1,0,1,0
44,1,0,119.3,265.4,0,1,163.7,0,2.2,0,0,2,0
57,1,1,149.5,252.1,0,1,142.5,1,0.3,2,0,3,1
52,0,2,128.1,208.4,0,1,143.1,0,0.4,1,0,2,0
41,1,1,104.4,207.3,0,1,142.7,0,1.1,1,0,2,0
70,0,2,142.1,219.1,0,1,142.7,0,1.5,0,0,1,0
47,1,1,121.8,230.0,0,0,148.4,0,2.6,1,1,1,0
34,1,0,136.8,321.8,0,0,138.4,0,0.4,0,0,1,0
69,1,0,186.1,282.9,0,0,118.6,0,0.4,1,0,1,1
48,0,2,136.4,302.4,0,1,155.8,0,0.9,0,0,2,0
47,0,0,140.3,224.8,0,1,153.9,0,0.3,0,1,1,1
35,0,3,121.7,244.9,1,2,172.8,0,0.2,1,0,3,1
73,1,2,118.6,200.9,0,1,139.0,0,0.4,1,0,1,1
40,1,0,148.9,224.2,0,0,131.9,1,0.2,0,0,1,1
55,1,0,123.3,217.4,0,2,159.6,1,0.2,1,1,2,0
64,1,1,132.4,266.4,0,2,122.7,0,1.5,0,2,1,1
59,1,2,167.5,212.0,0,1,167.3,0,1.7,0,2,2,1
53,1,2,127.7,204.2,0,1,169.4,1,4.2,0,2,3,1
35,1,0,151.1,252.2,0,1,145.9,0,0.4,1,0,1,0
45,0,1,135.7,235.9,1,0,134.7,0,1.8,1,1,3,1
56,1,1,124.5,211.3,0,1,120.0,0,0.1,1,1,2,0
45,0,0,134.9,201.0,0,1,124.4,0,0.7,0,2,3,0
56,0,2,118.6,211.3,0,1,182.2,0,0.1,0,0,3,0
61,0,1,149.0,279.7,0,0,125.7,0,0.3,0,0,1,0
65,1,1,159.2,263.6,1,1,132.3,1,0.2,1,2,1,1
41,1,2,131.6,203.6,0,1,205.0,0,0.6,1,2,1,0
78,0,1,161.2,218.3,1,1,158.6,0,0.6,1,0,2,0
62,1,1,138.9,193.7,0,0,165.3,0,0.6,1,0,2,1
54,1,1,150.5,224.1,0,0,162.3,0,0.2,2,2,3,1
66,1,2,190.1,251.0,0,0,163.3,0,1.7,2,1,2,1
80,1,1,185.1,211.8,0,0,80.2,0,0.2,1,2,1,1
38,1,0,126.7,332.0,0,1,154.3,1,1.4,1,0,2,1
52,1,0,138.8,268.1,0,1,133.7,0,2.3,0,3,1,1
28,0,0,105.5,230.9,0,2,128.6,0,0.4,0,0,1,0
56,0,0,145.9,245.8,0,0,114.2,0,1.2,0,0,2,0
58,1,1,142.0,181.6,1,1,141.6,0,1.4,0,0,1,0
54,0,0,117.1,188.6,0,0,116.7,0,0.4,0,0,1,1
47,0,1,150.6,297.2,0,0,146.9,1,0.6,1,0,2,0
31,1,1,123.5,305.3,0,2,151.5,0,0.0,0,1,1,0
58,0,2,122.6,145.3,0,0,180.8,0,0.2,1,1,2,0
70,0,2,142.2,267.7,0,0,152.3,0,0.7,1,0,2,0
47,1,1,123.9,299.7,0,0,170.9,0,0.3,1,2,1,0
59,1,0,134.7,228.1,0,2,120.7,0,0.3,0,2,2,0
37,1,0,161.2,302.3,0,0,186.0,0,0.4,0,1,1,0
59,1,0,124.2,276.9,1,0,157.7,1,1.0,0,0,2,1
50,1,1,145.2,259.8,0,0,147.9,1,0.8,2,3,1,1
46,1,0,121.5,227.8,0,0,120.5,0,0.1,1,0,1,1
46,0,1,111.5,242.7,0,1,161.0,1,0.6,0,0,1,1
50,0,3,128.5,220.3,0,0,143.3,0,0.2,2,1,1,1
58,1,0,183.3,255.8,0,1,130.3,0,0.6,0,1,3,0
40,1,3,144.6,247.6,1,0,161.2,1,2.3,0,2,2,1
50,1,3,141.3,220.9,0,0,141.6,1,0.7,1,0,3,1
54,1,3,124.6,155.7,0,1,145.2,0,6.0,1,0,2,1
42,0,3,121.1,228.6,0,1,127.8,0,0.5,1,1,3,0
74,1,0,112.3,203.6,0,0,101.3,0,0.2,1,1,1,1
45,1,0,164.1,188.9,0,0,185.0,0,2.0,0,0,1,0
47,1,0,137.1,208.6,0,0,125.3,0,0.2,2,0,2,0
43,1,0,134.5,273.9,1,1,128.7,0,0.8,1,0,2,0
74,1,1,142.7,199.5,0,1,122.1,0,0.5,0,0,1,1
60,1,3,173.1,204.5,0,0,162.5,0,2.9,1,1,1,1
44,1,1,136.9,269.0,1,0,139.1,0,2.5,0,1,3,0
66,0,1,130.5,211.9,0,0,136.9,0,1.1,1,0,1,0
56,0,2,163.9,192.5,0,0,126.3,0,2.0,1,2,1,1
57,0,0,129.4,278.0,0,0,171.1,0,0.3,0,1,1,1
50,0,1,99.6,234.3,0,1,103.7,0,0.6,1,1,3,1
46,1,1,104.5,241.5,0,2,157.4,1,3.3,1,2,2,1
58,1,3,131.5,232.9,0,1,187.5,0,0.5,2,0,1,0
48,1,2,137.7,257.9,1,0,145.0,1,1.0,2,0,1,1
74,1,2,153.8,278.6,0,0,115.2,0,0.3,0,0,1,1
40,1,0,114.0,231.1,0,1,108.2,0,0.8,1,0,1,0
71,0,3,131.2,181.4,0,0,145.2,0,0.6,2,0,1,1
53,1,1,119.2,254.1,0,0,168.4,0,0.1,0,1,3,0
57,1,2,154.8,227.5,0,1,170.6,1,1.3,0,0,3,1
63,1,3,159.3,282.3,0,1,174.7,0,0.2,0,0,1,0
47,1,2,167.5,199.5,0,0,168.7,1,0.9,1,0,2,0
64,0,2,139.8,231.1,1,0,105.9,0,1.0,1,0,2,1
24,1,0,160.1,165.7,0,0,192.1,0,1.3,1,1,1,0
46,1,1,119.5,273.1,0,0,133.8,0,0.7,2,0,1,0
44,1,3,135.4,291.8,0,1,144.7,1,1.7,0,0,1,1
40,1,0,111.4,215.0,0,1,171.9,0,0.5,1,1,1,0
52,1,3,143.8,232.2,0,1,156.3,1,0.5,1,2,2,1
58,0,2,137.1,207.2,0,0,126.4,0,0.6,0,0,3,1
62,0,1,90.0,212.8,0,1,150.9,1,2.1,1,0,1,1
57,0,2,151.7,273.0,0,2,86.0,0,1.3,2,1,2,1
47,0,0,144.6,216.8,0,1,171.2,1,1.0,0,2,2,1
58,1,0,125.0,263.7,0,1,134.7,1,1.2,0,1,2,1
55,0,1,136.3,241.1,0,0,190.6,0,1.4,1,0,2,1
64,1,1,109.6,277.9,0,0,134.2,1,1.0,1,0,2,0
63,1,3,122.4,227.3,0,0,169.2,0,0.6,2,2,1,1
54,0,1,161.0,289.2,0,1,167.7,0,0.3,0,2,2,1
44,1,2,110.7,320.4,0,1,171.0,1,2.6,1,2,1,1
47,1,0,132.4,164.1,0,0,169.4,0,1.3,1,2,2,1
48,1,2,107.4,235.2,0,1,162.1,0,0.3,0,2,2,0
51,1,2,139.3,236.3,0,1,163.6,1,2.2,0,0,1,1
57,0,1,141.9,211.0,0,1,162.1,0,1.3,1,1,1,0
62,1,3,149.0,262.1,0,1,137.0,0,0.9,1,1,1,1
53,1,3,142.2,290.4,0,0,134.0,0,0.6,1,2,1,1
54,1,2,159.7,154.5,0,1,136.8,0,0.7,1,0,1,0
56,1,3,124.5,151.9,0,0,139.6,0,0.7,1,3,1,1
48,0,2,110.5,312.2,0,1,155.6,1,0.9,2,0,1,1
44,0,3,117.9,227.4,0,1,170.3,0,0.4,0,0,1,0
35,1,1,105.0,238.7,0,1,160.7,1,0.6,0,0,3,1
46,1,0,133.4,191.6,0,1,173.3,1,0.4,0,1,1,1
59,1,3,132.7,245.1,0,0,144.9,0,3.6,0,0,1,0
46,0,0,137.6,298.8,0,0,200.4,1,0.6,0,0,1,1
51,0,1,101.2,262.2,0,1,151.1,0,1.4,1,0,3,0
59,0,0,132.0,251.6,0,1,143.5,0,0.6,0,0,1,1
60,0,1,154.4,165.6,0,0,129.3,1,1.9,0,0,1,1
42,1,1,141.3,269.9,0,1,179.7,0,0.4,1,1,2,0
65,1,2,102.6,245.7,1,0,164.2,0,0.3,2,0,1,0
66,0,3,133.8,218.8,0,0,175.4,1,0.0,2,2,1,1
42,0,0,114.8,265.5,0,0,183.6,1,0.6,0,0,3,1
45,1,2,132.0,200.9,0,2,154.0,1,1.4,0,1,3,1
67,1,0,130.4,270.6,1,0,114.0,0,0.3,0,1,1,1
52,1,0,164.8,294.2,0,0,152.9,0,0.4,0,0,2,0
30,1,2,129.5,239.8,0,0,185.0,1,0.2,1,3,1,0
39,1,3,136.0,217.5,0,1,155.0,0,0.1,2,0,1,0
51,0,0,129.5,215.2,0,1,140.0,0,2.1,2,1,2,1
41,0,1,136.3,253.7,0,1,148.7,1,0.8,1,1,3,1
49,1,0,128.8,220.6,0,0,178.7,0,2.1,1,0,2,0
54,1,3,147.9,345.5,0,1,139.9,0,0.0,1,0,2,1
70,1,1,130.9,184.7,0,2,153.1,0,0.0,0,0,2,0
51,1,1,158.0,234.6,0,0,169.4,1,0.8,1,1,1,1
66,1,3,145.9,257.6,0,2,153.4,0,0.7,1,0,1,0
70,0,2,132.3,253.8,0,2,123.9,0,0.4,1,0,1,1
70,1,3,153.2,222.3,0,0,132.0,1,0.5,0,1,3,1
57,1,3,143.6,296.7,0,0,110.9,0,0.0,1,0,1,0
32,1,1,143.4,263.0,0,0,152.5,0,1.5,1,2,1,0
59,1,2,136.8,275.7,0,1,106.5,0,0.5,1,0,2,1
66,1,0,132.7,216.2,0,1,163.1,0,1.3,1,1,2,0
53,0,3,133.2,223.3,1,0,120.0,0,2.8,0,2,1,1
73,1,1,129.7,269.5,0,1,112.7,1,0.0,0,0,1,1
63,0,2,150.9,196.1,0,0,135.7,0,1.3,0,0,1,1
60,1,1,161.9,272.8,0,0,132.2,0,2.1,1,0,1,1
66,0,1,144.4,241.2,1,0,183.3,1,2.0,1,0,2,1
58,0,0,157.5,289.6,0,1,171.2,1,2.5,1,0,2,1
27,0,2,144.5,213.1,0,1,158.5,0,0.2,1,0,1,1
49,1,1,127.9,319.5,0,0,184.9,0,0.1,1,0,3,1
67,1,0,152.3,264.0,1,0,149.6,0,0.0,0,0,3,1
45,0,0,105.7,261.1,0,1,152.3,0,0.8,1,1,3,0
52,1,1,136.8,210.2,0,2,128.6,0,1.7,2,0,1,1
43,0,2,107.0,248.7,0,1,141.0,0,1.3,1,1,2,0
74,1,1,137.0,224.2,0,1,183.7,0,1.4,1,1,2,1
72,0,0,109.6,179.9,0,0,147.2,0,0.3,1,0,2,0
44,0,2,148.2,229.3,0,1,148.4,0,2.3,0,3,1,1
56,0,2,124.4,293.3,0,0,148.1,0,1.9,2,0,1,1
47,1,2,148.6,236.1,0,1,154.8,0,0.1,2,0,3,0
61,1,3,134.4,230.9,1,0,142.3,1,1.9,0,0,1,1
60,0,0,99.3,230.0,0,0,89.9,1,1.7,0,0,1,1
63,0,3,124.5,343.2,0,0,160.9,0,0.7,0,0,2,1
58,0,2,122.4,269.6,0,0,184.4,0,1.2,0,1,1,0
85,0,2,138.5,182.3,0,0,135.3,1,0.2,1,1,3,0
43,1,2,158.4,213.7,1,0,164.1,0,1.9,0,0,1,1
35,1,1,159.4,217.1,0,0,140.9,0,1.7,1,0,1,1
50,1,1,128.8,208.3,0,1,141.6,0,2.3,0,0,2,0
37,0,2,104.1,238.3,0,2,166.1,1,0.0,1,0,3,0
38,1,0,116.6,210.5,0,1,161.1,1,1.8,0,3,1,1
43,0,2,136.9,215.0,0,1,150.4,1,0.1,0,0,1,0
44,0,2,126.6,244.7,0,0,176.8,0,0.3,0,0,3,0
43,1,1,102.9,169.8,0,0,158.1,1,0.0,0,0,2,0
60,0,0,123.4,148.9,0,1,156.5,0,0.1,1,0,1,0
48,1,0,156.1,294.0,0,0,139.6,0,1.0,1,1,1,0
52,1,0,138.8,277.5,0,1,167.9,0,0.2,0,1,1,0
64,0,0,134.4,261.1,0,0,118.8,0,1.7,2,1,1,1
46,1,0,125.0,252.0,0,1,152.4,0,0.4,1,0,1,1
51,0,0,122.0,232.0,0,2,157.6,0,0.6,0,2,2,0
58,0,1,141.8,375.5,0,1,136.0,0,1.9,0,0,1,0
33,1,1,131.3,242.5,0,2,161.1,0,0.5,1,0,1,0
28,1,3,141.4,347.1,1,0,178.2,0,0.8,0,0,3,1
58,0,3,141.8,333.6,0,0,160.6,1,0.0,1,2,1,0
59,1,0,135.6,263.5,0,0,144.1,1,0.5,0,3,3,1
77,1,0,146.7,240.2,1,1,124.9,0,0.5,0,0,1,0
56,0,1,120.8,242.8,0,0,155.7,0,1.7,1,0,1,0
63,1,0,135.4,226.9,0,1,188.5,1,0.1,1,3,1,0
52,1,2,157.6,261.0,0,1,161.6,0,0.1,0,0,2,1
57,1,1,134.9,272.1,0,1,183.1,0,1.3,1,1,1,1
72,0,1,131.6,193.8,1,1,141.6,1,1.4,0,0,2,1
31,1,3,132.0,348.4,0,1,168.5,0,0.7,2,0,1,1
59,0,3,111.3,208.8,0,1,95.1,1,0.4,1,0,2,0
77,1,3,143.7,131.3,0,2,130.2,0,0.9,1,0,1,1
57,1,0,165.3,238.9,0,0,167.6,1,1.2,2,0,1,1
72,1,3,123.9,197.2,1,0,142.9,0,0.2,1,0,1,0
47,0,2,134.1,236.6,0,1,150.0,0,0.6,1,0,1,0
54,1,2,133.6,244.5,0,0,148.8,1,1.3,1,0,1,1
54,1,3,133.1,261.0,0,1,186.1,0,0.3,0,1,1,1
30,1,3,126.8,277.3,0,1,148.1,0,0.7,2,0,1,0
41,1,2,143.6,192.5,0,1,178.1,0,0.5,1,2,3,0
42,1,1,111.2,221.2,0,0,190.6,0,0.1,1,1,1,0
63,0,1,145.6,274.4,0,1,157.4,1,1.6,1,1,1,0
64,0,2,134.7,216.0,0,0,122.2,0,0.1,1,0,2,0
58,1,3,103.3,160.2,0,1,159.0,1,0.8,0,0,2,0
63,1,2,143.1,271.8,0,1,154.1,0,0.0,2,2,2,0
52,0,1,132.6,215.8,0,1,182.6,0,0.4,0,0,1,0
67,0,1,118.6,218.2,0,1,136.4,0,0.0,0,1,1,1
54,1,0,136.9,246.7,0,0,100.4,0,3.2,2,0,1,1
55,0,3,107.6,241.9,0,0,125.7,1,0.4,0,0,1,1
51,1,0,120.9,284.2,1,0,145.3,0,3.7,0,0,1,1
62,1,2,136.7,189.2,0,1,143.1,1,0.7,1,1,3,1
49,0,3,99.4,339.2,0,1,168.4,0,2.4,0,3,3,1
65,1,1,116.0,183.0,0,0,138.9,0,0.2,1,0,2,0
42,1,2,113.0,220.1,0,1,142.9,0,0.0,2,0,3,1
42,1,2,132.4,199.0,0,2,136.9,1,0.2,0,1,1,0
62,1,0,143.9,246.6,0,0,139.4,0,0.9,2,0,2,0
53,1,1,117.7,241.9,0,0,152.1,0,3.3,1,1,2,1
49,0,2,112.7,247.0,1,1,156.3,1,0.0,1,0,2,1
64,0,1,136.0,256.4,0,0,156.6,0,1.1,0,1,3,1
47,1,2,134.3,296.4,0,0,158.1,0,0.1,1,1,1,1
52,0,2,117.9,247.6,0,2,115.7,0,0.8,1,0,1,1
69,1,0,170.7,307.7,0,1,109.3,0,1.1,1,1,2,1
71,0,1,138.6,170.3,0,0,128.8,0,0.8,0,0,1,0
71,1,0,135.2,151.2,0,0,129.6,0,0.8,1,1,3,1
51,1,0,126.3,245.9,0,1,180.9,0,1.7,1,2,3,0
68,0,2,152.7,260.7,0,0,120.0,0,0.6,2,1,1,1
44,1,2,141.3,214.4,0,0,165.5,1,0.1,0,0,3,1
44,1,0,100.2,237.5,0,0,189.0,0,0.7,0,0,3,0
28,1,2,115.0,279.6,0,1,178.4,1,0.7,1,1,1,0
72,1,1,130.5,277.2,0,0,158.1,0,1.8,2,3,2,1
44,0,3,128.3,223.4,0,0,185.9,0,2.9,0,2,1,0
53,0,1,142.0,249.8,0,1,157.8,0,2.5,0,0,1,1
44,1,0,112.2,271.3,0,0,171.7,0,2.0,2,0,1,1
62,0,2,131.6,190.1,0,0,144.8,0,0.6,0,1,1,0
50,0,2,160.6,204.6,0,0,191.6,1,0.2,1,0,1,0
40,1,1,131.0,277.1,0,0,164.4,0,0.2,0,0,2,0
59,1,1,122.8,167.0,0,1,129.0,1,1.5,0,0,1,1
38,1,0,106.0,187.8,0,0,139.0,0,3.1,0,0,2,1
45,1,1,123.0,184.9,0,1,142.2,1,1.4,0,0,2,0
31,1,0,108.8,273.7,0,0,127.5,0,1.6,1,3,1,0
38,1,2,122.9,188.1,1,1,189.8,0,3.3,1,2,1,1
56,1,3,144.3,276.9,0,2,179.1,0,2.7,0,0,2,0
32,1,2,129.2,218.2,0,1,181.2,0,0.1,0,1,1,0
38,0,0,118.4,314.1,0,1,158.6,0,2.0,1,3,1,1
54,1,3,101.8,247.0,0,1,124.8,1,2.3,0,0,2,1
48,1,1,147.5,286.2,0,1,138.8,1,0.1,1,0,1,1
76,1,0,133.2,269.4,1,0,145.7,1,2.2,2,1,2,1
74,1,2,140.9,228.6,0,0,127.1,0,1.2,0,3,1,1
44,0,1,112.1,237.3,0,0,153.6,1,1.3,0,0,1,1
60,0,1,125.1,243.9,1,1,115.7,0,3.3,1,0,3,1
62,1,0,125.6,223.9,0,0,121.1,1,0.5,0,1,2,1
47,1,1,108.2,278.0,0,0,139.6,1,1.4,1,0,1,1
38,1,0,113.7,346.3,0,2,181.7,0,1.3,2,0,1,1
54,0,2,130.7,246.5,0,0,152.6,1,1.4,1,0,2,0
52,1,1,138.9,272.2,0,0,132.3,0,0.7,1,1,1,0
49,1,1,120.4,262.9,0,1,142.8,0,0.7,0,0,1,0
59,0,0,110.6,128.3,1,1,175.4,0,2.0,1,0,1,0
46,1,2,125.6,260.2,0,1,168.2,0,0.2,0,0,1,0
41,1,1,144.8,256.3,0,0,133.4,1,1.0,2,0,2,1
55,0,1,114.3,186.8,0,0,150.4,1,0.7,1,0,1,0
58,1,2,135.2,164.1,0,0,148.3,0,0.5,0,2,1,0
41,1,0,118.9,255.6,0,1,172.2,0,2.2,1,0,3,1
64,0,1,153.8,317.3,0,0,116.4,1,0.0,1,0,1,1
35,1,2,120.1,218.5,0,1,148.9,1,0.4,0,1,3,1
48,0,1,141.4,224.7,1,2,173.8,0,1.3,1,0,2,1
51,0,0,148.5,341.9,0,1,166.4,0,0.6,2,0,2,1
47,1,1,160.0,278.4,0,0,138.9,1,1.6,1,2,1,1
48,1,1,108.1,185.9,0,0,161.5,0,0.7,2,0,1,1
75,1,3,114.1,217.4,0,0,125.1,0,0.2,1,0,1,1
45,0,1,149.7,334.1,0,0,161.4,1,1.0,0,3,1,1
81,1,0,158.8,221.7,0,1,148.6,0,0.4,1,0,1,1
59,0,3,121.1,219.7,0,0,128.8,1,0.2,0,0,1,0
55,1,1,90.0,271.3,0,1,139.1,0,1.0,2,0,3,0
59,1,1,136.7,231.6,0,0,146.8,1,1.9,0,0,1,1
82,1,2,113.7,270.7,0,1,120.0,0,0.6,1,0,1,1
43,0,2,113.4,250.2,0,1,140.8,0,0.4,1,0,1,0
42,1,2,134.3,230.8,0,1,162.7,1,3.1,0,0,1,1
46,1,0,137.7,291.8,0,0,176.2,1,1.2,2,0,1,1
54,1,2,162.5,185.3,0,1,134.8,1,0.5,1,0,2,1
35,0,0,119.5,239.9,0,0,142.5,1,0.4,0,0,2,0
54,1,1,116.4,215.9,0,2,129.2,0,0.2,0,0,2,0
73,1,0,155.3,320.3,0,0,134.2,0,0.6,1,1,2,1
56,1,2,141.3,234.4,1,0,176.0,1,0.4,2,0,3,0
51,0,2,123.7,324.9,1,2,140.6,0,5.4,1,0,2,1
47,1,2,132.8,220.4,0,0,180.9,0,0.5,0,0,1,0
64,0,2,126.7,249.7,0,0,130.9,0,0.2,0,1,3,1
45,0,0,141.2,286.1,0,0,124.2,1,0.3,0,0,2,1
74,1,1,169.4,206.4,0,0,173.2,1,0.0,1,1,1,1
75,1,2,126.2,315.2,0,0,131.9,0,0.8,0,1,1,1
57,1,1,142.3,243.6,1,0,166.6,0,2.2,1,0,1,0
54,1,0,106.5,259.5,0,1,165.7,0,0.9,0,1,2,0
65,1,3,117.4,269.3,0,0,155.2,1,0.1,1,0,2,1
66,1,2,147.1,242.3,0,2,135.4,0,1.5,0,0,3,1
45,1,1,130.5,202.6,0,1,162.4,1,0.2,1,0,2,0
48,1,2,112.5,243.4,0,1,145.9,1,0.3,0,0,1,1
39,1,2,130.4,147.7,1,0,126.0,0,0.2,0,0,1,0
58,1,0,150.8,185.1,0,0,137.2,1,2.9,0,1,1,1
61,0,1,106.7,237.7,0,0,161.0,0,0.7,0,1,1,0
39,1,1,161.7,304.2,0,1,180.0,0,1.3,1,0,1,0
49,0,0,140.1,306.4,1,0,174.1,0,1.6,1,2,1,1
39,0,1,137.9,279.2,0,1,156.3,1,0.7,1,0,3,1
44,0,3,128.5,170.2,1,0,181.5,0,1.1,1,0,2,0
60,0,1,163.9,256.7,0,1,122.5,1,0.3,0,0,2,1
46,1,3,149.3,200.7,0,0,205.0,1,3.8,0,0,2,0
51,1,0,126.6,237.4,0,0,148.8,0,0.2,0,0,1,0
36,1,0,143.1,277.1,0,1,160.5,0,0.1,1,0,2,0
56,0,3,118.3,271.0,0,0,120.0,0,0.4,0,0,2,1
54,1,1,129.0,297.9,1,1,137.3,0,3.1,1,0,1,1
46,1,3,158.4,176.6,0,0,168.0,0,0.7,1,3,2,0
52,1,0,140.5,195.7,0,0,160.2,0,0.1,0,1,2,0
56,1,3,146.4,308.4,0,1,114.9,1,1.2,1,1,1,1
45,0,1,149.8,305.2,0,0,159.8,0,4.6,1,0,3,1
38,1,0,139.9,235.1,0,0,120.5,0,0.0,0,0,2,0
74,0,2,121.4,247.4,0,0,162.7,0,0.6,1,0,1,0
47,1,2,162.2,290.6,0,0,179.2,0,1.6,1,0,2,0
53,1,0,143.0,264.5,1,1,125.5,0,0.6,0,1,1,0
65,1,3,147.3,271.9,0,0,145.7,0,0.4,0,1,1,1
85,1,2,142.8,211.6,0,0,97.9,0,0.2,0,1,1,1
40,1,1,150.5,287.1,1,1,146.2,1,0.1,1,3,2,1
59,0,0,166.7,234.4,0,0,150.1,0,0.1,0,0,2,0
46,1,1,125.2,177.3,0,1,154.7,0,1.5,1,1,1,1
48,1,0,151.7,204.9,0,2,158.0,0,0.4,1,0,1,0
46,0,1,129.6,212.3,0,0,156.4,0,0.6,1,0,1,0
42,0,2,92.0,302.2,1,1,162.8,0,1.9,1,3,2,0
54,0,2,105.7,210.7,0,0,133.9,1,0.5,0,0,1,0
38,1,1,137.6,252.7,1,1,153.3,1,0.1,2,0,1,1
64,1,0,154.7,152.0,0,0,142.5,0,0.5,0,0,1,1
55,0,3,142.2,283.0,0,1,143.1,0,0.8,0,0,1,1
59,1,1,149.1,208.3,0,0,204.1,0,0.0,1,1,3,0
49,1,1,179.4,256.8,0,0,152.6,0,0.9,0,2,1,1
50,0,2,139.5,257.2,0,0,119.6,1,0.2,1,0,2,1
57,1,2,130.0,270.3,0,0,121.9,1,0.1,0,0,3,1
41,1,3,128.5,251.5,0,1,160.8,0,1.2,1,0,3,0
50,1,3,162.4,324.2,0,1,147.3,0,0.2,1,0,2,1
45,0,3,105.9,247.4,1,2,149.1,0,0.1,1,1,2,0
44,0,1,150.8,336.8,1,0,119.3,1,0.6,1,0,3,1
31,0,0,125.5,261.4,0,0,131.3,0,0.5,1,0,1,0
69,0,2,119.8,258.7,1,2,114.0,1,1.1,1,0,3,1
46,1,0,105.9,277.8,0,0,130.8,1,3.0,1,0,3,1
67,0,0,160.9,254.6,0,0,110.4,0,0.1,1,0,1,1
66,1,0,121.6,265.4,1,1,155.8,0,2.8,1,0,2,1
40,0,0,128.6,251.8,0,0,159.8,0,1.3,2,1,2,1
42,1,1,113.5,248.1,0,1,173.6,0,0.3,0,1,1,1
82,1,1,176.4,344.4,0,1,160.3,0,2.2,1,2,3,1
73,1,1,140.5,348.0,0,0,141.5,1,0.0,1,0,1,1
54,0,3,106.8,255.8,0,1,130.4,0,4.1,0,3,1,1
57,1,2,127.0,297.9,0,1,163.4,1,1.5,2,0,2,0
47,0,3,154.3,291.8,0,1,122.3,0,0.4,1,0,2,0
59,0,1,114.7,291.2,0,0,132.4,0,1.2,0,0,2,1
46,1,1,125.5,262.6,0,0,147.4,0,3.6,1,0,1,1
32,1,0,149.9,262.9,1,0,164.9,0,0.4,1,1,1,1
39,1,2,136.4,261.3,0,0,182.7,0,0.6,0,0,1,0
54,1,3,112.0,209.8,0,2,128.2,0,1.9,0,0,1,0
42,1,0,135.0,234.3,0,0,125.1,1,0.6,1,2,1,1
53,1,3,131.0,188.4,0,2,182.0,1,0.1,2,1,2,1
42,1,2,131.9,262.6,0,0,177.0,0,1.1,1,0,2,0
45,1,0,148.8,257.2,0,1,205.0,1,0.4,1,0,2,0
63,1,2,140.6,275.3,1,0,108.4,0,2.9,2,1,1,1
57,0,2,130.1,208.4,0,0,149.2,1,0.1,0,2,2,1
54,0,0,128.4,283.8,0,0,115.5,1,0.7,0,0,1,1
64,1,1,155.9,265.6,0,0,177.8,0,1.3,1,0,2,1
59,0,2,119.3,341.4,0,0,103.7,1,2.3,1,0,1,1
70,1,2,99.0,282.5,0,0,117.0,1,1.4,2,0,1,1
49,1,1,128.7,213.3,0,1,157.1,0,2.7,0,1,1,0
49,1,3,139.6,180.2,0,1,153.7,1,1.4,0,2,2,1
40,1,0,123.0,246.1,0,1,155.2,0,0.4,0,0,1,1
49,0,1,120.3,194.4,0,2,160.5,0,1.8,1,2,3,1
65,1,1,130.2,212.9,0,0,164.2,0,0.8,0,2,1,1
68,0,3,134.1,203.8,0,1,148.6,1,1.2,1,0,1,0
65,1,2,113.4,219.7,0,2,132.1,1,0.3,0,1,1,1
34,1,2,140.9,298.5,0,0,141.3,0,4.0,0,0,1,1
66,1,3,90.0,203.0,1,0,147.0,1,1.0,2,0,2,1
34,0,2,135.7,215.7,0,0,169.5,0,2.0,0,1,1,1
64,1,0,142.1,182.0,0,1,154.9,0,2.5,1,0,2,1
50,1,2,141.9,164.9,0,1,143.4,0,0.8,1,0,1,0
62,0,2,98.3,231.9,0,0,105.1,0,1.4,0,0,1,0
39,1,0,135.5,245.3,0,1,170.4,0,2.6,1,0,1,1
67,1,1,127.5,195.3,0,0,128.5,0,0.3,1,0,1,0
38,1,2,158.8,168.9,1,1,160.6,0,0.4,0,0,1,0
47,1,0,138.8,156.6,0,1,153.3,0,1.9,1,0,1,0
43,1,0,110.1,243.9,0,0,124.6,0,0.4,1,0,2,1
35,1,2,98.8,275.9,0,0,158.4,0,0.3,2,0,2,1
55,1,3,123.2,178.9,0,1,154.5,0,0.1,1,2,1,0
74,1,0,153.6,219.9,0,0,153.4,1,0.5,1,1,2,1
83,0,1,159.0,299.2,0,1,88.8,0,2.1,2,0,1,1
55,1,2,137.5,232.4,0,1,113.0,1,0.3,1,0,1,0
66,1,2,138.4,241.2,1,1,127.9,0,4.7,1,0,3,1
57,1,3,128.8,259.2,0,1,138.9,0,0.0,1,1,2,1
59,0,2,131.9,223.7,0,0,107.8,0,0.3,0,1,1,0
50,0,2,151.9,205.8,0,1,135.7,0,0.9,1,1,1,1
56,0,3,125.3,255.6,0,1,117.9,0,1.6,1,0,2,0
60,0,0,144.4,182.7,0,0,118.7,0,0.8,1,0,1,0
48,0,0,120.0,168.4,0,0,152.2,0,0.1,2,0,2,0
53,1,2,152.0,210.6,0,1,135.7,1,0.5,2,0,1,0
53,1,1,144.2,272.4,0,1,121.8,0,2.0,1,1,1,1
63,1,0,153.7,295.7,0,0,159.0,1,0.1,0,2,2,1
42,1,1,164.9,216.3,1,2,137.9,1,0.7,1,0,2,1
53,1,2,90.0,277.6,0,0,177.9,0,1.0,0,2,3,0
75,1,3,152.8,309.5,0,1,94.6,0,5.5,1,0,1,1
67,0,0,142.7,247.6,0,0,153.9,1,0.2,1,1,1,1
69,0,2,142.8,274.7,0,0,137.8,0,2.9,0,1,2,1
54,1,1,138.3,323.5,0,0,140.9,1,0.6,0,1,1,0
58,0,2,136.3,211.8,0,0,140.0,0,0.1,0,3,2,1
65,1,2,142.8,234.6,0,1,140.0,0,1.9,2,1,1,0
71,1,3,154.6,317.8,0,0,140.7,1,0.1,0,0,2,1
33,1,0,143.6,192.7,1,0,188.2,0,0.1,1,2,1,1
40,1,1,130.1,243.3,0,2,152.7,0,0.0,0,1,2,1
68,1,0,134.1,218.7,0,0,166.0,1,0.5,1,0,3,1
51,0,2,130.6,300.4,0,1,142.5,0,0.2,0,0,1,0
47,0,3,121.8,186.8,0,2,153.6,1,0.2,1,1,1,0
40,1,3,162.5,233.5,0,2,150.8,0,2.0,2,0,2,1
48,1,1,109.6,193.2,1,1,112.7,1,0.7,2,0,1,1
39,1,2,143.7,171.6,0,0,138.9,0,0.6,0,0,1,0
77,1,1,153.1,165.9,0,1,168.3,0,1.6,1,2,1,1
54,1,0,124.5,234.2,0,0,128.6,1,0.6,1,0,1,1
53,1,3,139.1,262.3,0,0,165.7,1,0.1,1,0,2,1
60,1,0,158.2,244.3,1,2,96.3,0,0.1,1,0,1,1
65,1,0,130.8,255.6,0,0,132.1,0,0.4,1,0,2,1
64,0,1,157.1,225.8,0,1,151.0,0,1.3,0,2,1,0
66,1,1,157.1,288.9,0,0,139.1,1,0.9,1,1,1,1
47,1,0,119.5,271.0,0,0,159.9,0,2.1,0,0,3,1
51,1,2,113.3,245.9,0,0,94.5,1,0.2,2,0,1,1
62,0,1,136.0,253.2,0,0,120.1,1,0.7,2,1,3,1
48,0,1,107.2,218.8,0,1,137.3,0,1.8,2,1,1,1
54,1,1,90.0,327.0,0,0,125.2,0,1.3,0,0,1,0
58,0,2,123.2,278.4,0,0,142.4,1,0.3,0,0,1,1
63,1,2,175.4,240.0,0,0,102.2,1,0.3,1,0,1,0
34,1,3,121.0,226.8,0,0,152.0,0,0.5,0,3,1,0
62,1,3,142.8,227.1,0,2,185.4,0,0.0,1,0,1,0
51,1,1,145.8,227.2,0,0,141.3,1,0.2,0,0,3,1
62,0,3,132.3,255.0,0,0,106.6,1,0.5,0,2,1,0
63,1,1,130.2,169.5,0,0,164.3,0,1.3,0,1,2,1
72,1,0,160.6,236.7,0,0,123.6,1,1.0,0,0,1,1
69,1,2,138.5,240.9,0,0,104.4,1,5.0,0,2,1,1
69,1,0,136.1,246.3,0,0,134.1,0,0.4,1,2,1,1
70,1,0,152.4,254.7,0,1,125.8,0,1.9,1,0,3,1
57,0,3,113.2,243.9,0,0,148.3,0,0.4,2,0,2,1
54,0,2,108.3,259.2,0,1,148.1,0,0.3,2,3,2,0
64,1,0,107.3,239.0,1,0,152.8,1,0.7,2,0,1,1
62,1,2,146.2,287.7,0,2,146.1,0,0.7,0,2,1,1
51,1,3,130.3,269.3,0,0,199.2,0,0.4,0,0,2,1
58,1,3,149.9,341.6,0,0,130.0,0,2.2,0,0,1,1
54,0,2,131.9,272.3,0,0,117.4,0,2.6,1,1,1,1
45,1,2,107.1,205.5,0,2,132.2,0,0.8,2,3,2,1
68,0,2,128.1,239.4,0,0,163.9,0,1.1,2,3,1,0
55,0,2,147.4,219.4,1,0,109.8,1,1.1,1,0,1,1
77,1,2,135.0,249.8,0,1,154.6,0,0.3,0,0,2,1
36,1,2,150.9,283.4,0,0,205.0,0,1.1,1,0,1,0
48,0,1,121.3,225.1,0,0,181.3,0,0.5,1,0,1,0
54,1,3,146.9,216.4,0,0,137.7,0,0.5,2,1,1,0
67,1,1,105.2,268.7,0,1,154.2,1,2.1,0,3,1,1
58,0,0,127.9,206.9,0,1,164.5,0,0.8,1,3,1,1
57,1,2,127.8,204.0,0,0,136.1,0,2.7,0,3,2,1
42,1,0,105.8,254.0,0,0,130.7,0,1.3,2,1,1,0
41,1,2,150.8,158.0,0,1,153.8,0,0.8,1,2,3,0
58,0,0,120.5,221.6,0,1,164.5,0,1.2,0,0,1,0
39,1,2,116.9,273.8,0,1,185.8,0,0.4,2,0,1,0
48,1,3,155.9,158.6,0,0,153.2,0,0.6,2,0,1,0
60,0,2,135.4,166.0,0,0,139.3,0,0.6,2,0,2,0
43,0,0,142.3,174.5,0,0,151.5,0,1.8,1,0,1,0
72,0,3,104.9,127.5,0,0,178.9,1,0.4,0,1,1,0
67,0,1,119.9,329.4,0,1,143.9,0,0.8,1,0,1,1
37,0,1,164.3,240.8,0,2,173.5,1,0.6,2,0,1,0
44,1,1,146.9,208.4,0,1,179.0,0,2.9,1,0,2,1
29,1,3,108.4,175.9,0,1,156.9,0,1.9,1,0,2,0
45,1,0,135.8,335.1,0,2,138.8,0,2.7,1,0,1,1
62,1,2,118.1,273.0,0,1,147.0,0,0.6,2,0,2,1
49,1,1,157.8,234.0,1,1,133.6,0,0.5,2,0,1,1
59,1,0,94.4,296.8,0,0,133.4,1,0.3,1,0,1,1
37,0,3,131.7,252.6,0,0,112.3,1,0.3,0,0,3,1
63,1,2,140.9,222.5,0,1,164.7,0,0.6,1,3,1,1
48,1,2,112.5,212.6,0,0,131.7,1,0.2,0,0,2,0
54,0,1,126.1,215.4,0,1,174.5,0,5.6,0,0,2,1
53,0,2,137.5,196.3,0,0,127.2,0,0.2,0,1,3,0
40,0,3,95.5,285.4,1,1,126.0,1,1.4,0,1,2,1
41,1,1,107.7,214.1,1,0,117.3,1,1.8,0,2,3,1
65,0,2,131.0,304.8,0,1,92.0,1,3.2,1,0,3,1
58,0,3,117.0,206.3,0,1,179.4,0,0.4,1,2,1,0
66,0,3,125.7,219.2,0,0,157.4,1,2.1,0,0,3,1
58,1,1,134.6,222.9,0,0,148.9,1,0.3,1,2,2,1
56,1,2,118.1,202.5,1,2,176.9,0,0.7,1,0,1,0
35,1,2,128.8,208.9,0,1,138.9,0,0.9,0,1,1,0
51,1,0,138.6,264.6,1,0,127.2,0,0.7,0,0,1,0
54,1,2,148.0,294.3,0,0,151.0,0,0.2,0,0,2,0
75,0,3,113.8,261.9,0,1,122.8,0,4.5,0,1,1,1
62,1,3,124.7,191.8,0,2,170.1,0,0.2,0,1,1,1
71,0,3,145.8,221.0,0,2,205.0,0,0.1,1,0,2,0
61,1,0,109.1,218.4,0,1,167.6,0,0.0,1,0,1,1
46,1,3,133.9,313.4,1,0,159.5,1,1.4,0,0,1,0
55,0,2,131.8,285.1,0,1,148.2,0,0.1,0,1,1,1
57,0,0,90.0,295.9,0,1,182.4,0,0.3,1,0,1,0
44,0,2,119.6,206.7,1,1,155.3,0,0.7,0,3,1,0
50,0,3,136.0,184.0,0,1,162.6,0,0.2,2,0,2,0
52,0,0,126.7,265.9,0,0,126.8,1,1.8,1,0,1,0
72,1,3,130.0,227.5,0,1,125.7,0,0.6,0,1,1,1
31,1,3,131.1,246.2,1,1,172.4,1,2.2,1,2,2,1
67,1,0,155.1,264.1,0,2,165.9,0,2.2,1,3,2,1
44,1,3,141.2,220.5,0,0,149.5,1,0.6,1,3,1,1
39,1,3,116.6,280.3,0,0,167.2,0,0.2,1,2,3,0
67,1,0,111.0,181.7,1,0,117.3,0,0.5,2,1,1,1
62,1,1,145.4,249.0,0,1,152.1,1,2.2,0,0,3,1
68,1,1,116.3,276.2,0,0,163.4,0,1.7,1,0,1,1
63,1,1,126.7,319.4,1,0,143.3,1,0.3,0,2,3,1
77,0,2,140.4,255.4,0,1,130.5,0,0.7,1,2,2,1
60,1,1,156.1,298.8,0,0,133.9,1,1.3,1,1,1,0
52,1,3,156.6,293.1,0,0,138.8,0,0.4,0,0,1,0
58,1,3,136.1,345.6,1,0,175.0,0,1.2,0,0,2,1
68,1,1,128.3,260.5,0,0,127.3,0,0.1,0,0,1,0
45,0,2,107.1,328.5,0,1,152.3,1,0.8,1,1,3,1
47,1,2,167.5,274.6,0,1,131.4,0,0.5,0,0,2,0
51,1,2,128.0,172.8,0,0,148.4,0,0.1,0,0,1,0
31,1,1,140.5,234.6,0,1,183.4,0,1.8,0,2,2,0
56,1,0,138.0,201.8,0,0,121.7,1,0.3,1,1,1,1
33,0,0,116.8,301.4,0,1,139.2,1,0.2,0,0,1,0
55,1,0,124.6,249.2,0,1,180.1,0,0.9,2,0,2,0
64,1,3,111.6,186.8,0,0,129.9,0,2.2,2,2,1,0
49,1,1,153.0,278.5,1,2,169.3,0,1.7,0,2,2,1
72,0,0,133.3,305.8,1,0,126.3,0,0.1,1,1,1,1
38,0,2,152.7,218.1,0,0,140.5,0,0.5,2,0,1,0
67,1,0,129.2,226.3,0,0,189.3,0,3.0,1,0,1,0
61,1,0,130.4,252.7,0,0,139.1,0,0.2,0,0,3,0
35,0,2,105.9,155.1,0,0,173.7,0,0.8,0,0,2,0
84,0,2,132.9,283.1,0,0,127.0,1,0.0,1,0,3,0
53,1,0,111.4,315.5,0,1,144.1,1,0.1,1,3,2,1
44,1,1,138.7,209.3,0,0,181.3,0,0.3,1,2,1,0
39,0,1,129.2,317.2,1,0,148.4,0,0.3,1,1,3,0
52,0,2,157.0,284.5,0,0,127.7,0,0.8,2,0,2,0
53,1,2,107.5,237.7,0,0,142.0,1,0.2,1,1,1,1
55,1,1,156.1,269.7,1,0,148.3,0,1.0,0,0,1,1
51,1,1,115.6,310.6,0,1,139.0,0,2.1,1,3,1,1
61,1,2,141.9,250.1,0,0,129.1,1,1.7,1,0,1,0
50,1,3,112.4,257.3,0,1,122.3,0,1.3,0,0,1,0
33,1,3,132.4,210.5,0,0,148.5,1,0.1,1,2,3,1
52,1,1,90.0,235.4,0,2,116.8,1,0.3,1,0,1,0
28,1,2,115.4,263.1,1,1,141.9,0,0.4,0,0,1,0
58,0,2,133.9,234.9,0,0,162.5,1,1.1,2,0,2,0
43,0,3,159.8,215.4,0,0,177.5,0,0.4,1,0,2,0
56,1,3,96.2,292.7,0,0,147.3,0,0.0,0,0,2,0
68,1,1,137.5,267.5,0,0,106.0,1,1.5,0,1,1,1
44,1,0,122.2,216.8,0,0,143.0,1,2.3,1,3,3,1
66,1,1,102.5,322.7,0,1,165.6,0,1.2,0,2,1,1
49,0,1,109.5,332.6,0,1,160.6,0,0.4,2,3,1,1
73,0,3,127.3,292.7,0,0,110.2,1,1.0,0,0,1,0
50,0,1,138.4,187.4,0,1,167.8,1,1.3,2,3,1,1
45,1,0,133.3,256.2,0,1,144.7,0,0.2,1,0,2,0
62,1,3,112.4,270.1,0,0,129.0,0,1.8,1,1,1,1
49,1,0,99.7,169.9,0,0,157.8,1,1.3,2,2,1,1
45,1,1,139.3,290.7,0,0,151.0,1,0.7,2,1,1,1
49,1,1,129.2,248.9,0,0,189.1,1,0.1,1,0,1,0
54,1,2,163.0,290.8,0,2,163.1,0,1.7,0,0,2,1
69,0,1,128.4,233.2,0,1,137.0,0,0.4,0,0,1,0
33,0,1,146.3,255.4,1,0,174.1,0,0.2,1,2,1,0
54,0,0,140.8,264.8,1,0,127.8,0,4.8,1,0,1,1
61,1,2,150.5,252.1,0,1,177.6,1,0.9,2,3,2,1
56,0,1,139.3,263.7,0,0,154.9,1,1.6,1,0,1,0
68,0,3,142.7,240.3,0,0,189.2,0,0.1,0,0,1,1
53,1,1,92.5,189.0,0,2,132.2,0,1.0,1,0,1,0
52,1,1,129.2,150.9,0,0,103.6,0,1.3,0,2,1,0
61,1,2,123.8,216.7,0,1,138.3,0,0.3,0,0,2,1
55,1,0,157.1,276.5,0,0,99.8,0,0.2,2,0,1,1
50,0,0,112.0,194.3,0,1,200.7,0,1.4,2,0,1,0
60,0,2,127.5,290.2,0,1,142.6,0,0.3,2,0,2,1
47,0,1,143.7,300.2,0,1,123.1,1,0.9,0,1,1,1
47,0,2,134.7,259.7,0,0,138.7,0,1.5,0,0,2,1
48,1,0,135.5,232.0,0,0,115.3,1,0.1,2,1,2,1
69,1,3,157.7,291.7,0,0,117.9,0,0.8,1,0,2,1
22,0,3,127.7,281.1,0,1,203.3,0,1.4,0,0,1,0
58,1,1,125.2,232.9,0,1,156.2,0,0.2,1,0,1,1
54,1,2,110.7,245.1,0,0,160.4,1,0.1,2,0,1,0
36,0,1,135.3,199.3,0,1,165.5,0,0.4,1,2,1,0
57,0,3,117.9,255.0,0,0,146.2,1,1.8,0,0,1,0
59,1,0,130.9,152.2,0,0,112.6,1,0.3,0,0,1,1
60,1,2,154.9,230.6,0,0,150.4,0,0.3,1,1,3,0
25,1,2,122.8,193.7,0,0,205.0,0,0.1,0,3,2,0
69,1,1,129.8,242.8,0,1,159.6,0,0.3,0,2,1,1
46,0,0,124.0,203.6,0,1,160.7,0,0.8,1,0,1,0
62,1,0,131.5,160.0,0,2,137.6,0,1.7,1,0,2,1
62,0,2,115.2,215.4,0,0,126.2,1,0.2,0,0,3,1
44,1,0,161.7,217.0,0,0,205.0,0,0.3,0,0,1,1
61,1,2,125.9,290.7,0,0,160.7,0,0.3,2,0,1,0
50,0,1,144.1,211.8,0,1,150.8,1,0.8,0,0,2,1
31,0,1,106.9,196.1,0,1,156.5,1,0.8,1,2,3,1
67,0,2,144.1,193.5,0,1,120.5,0,0.5,1,0,1,0
45,0,3,131.8,288.5,0,0,187.3,1,2.2,1,3,1,0
45,0,2,129.2,228.4,0,1,158.7,0,1.4,0,0,3,0
50,1,2,136.1,252.0,0,0,163.0,0,0.7,1,0,2,1
57,1,2,142.2,174.5,0,1,119.1,0,0.9,1,1,2,1
53,1,2,129.7,163.8,0,1,160.0,0,0.4,1,0,2,1
60,0,1,129.3,203.8,0,2,143.4,0,3.7,1,0,2,0
39,0,3,137.6,307.6,0,1,164.9,0,0.4,0,1,3,0
46,0,2,108.4,190.6,0,1,145.7,1,1.0,0,1,1,0
53,0,2,107.4,213.5,0,0,145.8,0,1.8,0,1,1,0
75,1,2,142.5,249.3,0,1,146.1,0,4.0,1,0,1,1
53,0,1,94.6,213.5,0,1,127.5,1,1.4,0,2,2,1
66,1,0,106.7,266.7,0,0,118.7,0,0.1,1,2,1,1
54,1,0,166.5,204.8,0,0,108.8,0,0.2,0,3,2,1
49,1,2,160.6,191.2,0,1,153.6,0,1.0,2,2,2,1
51,1,1,123.0,359.9,0,1,158.8,0,0.2,0,3,2,1
52,1,1,151.5,199.5,0,0,127.3,0,0.8,0,2,1,1
61,1,3,154.4,278.8,0,0,115.3,0,1.3,1,1,1,1
69,0,2,143.2,205.2,0,0,136.9,0,1.4,2,1,1,0
58,0,0,130.6,175.0,0,0,159.6,0,0.6,0,0,2,0
67,1,2,148.5,242.0,0,0,102.8,1,0.1,0,0,1,1
43,0,1,142.6,178.6,1,0,143.9,1,0.5,1,3,2,1
49,1,2,144.3,222.4,1,0,175.2,0,0.3,0,2,1,1
46,1,2,104.1,203.6,0,0,135.3,1,1.8,2,2,2,1
57,0,0,168.3,297.5,0,0,133.0,0,2.6,1,0,1,0
50,0,0,173.3,172.2,0,1,165.7,1,2.3,1,1,3,0
62,0,0,98.6,273.9,0,1,139.0,1,0.6,1,0,1,1
44,1,0,140.7,250.4,0,0,162.8,1,0.4,1,2,1,1
54,1,1,170.8,231.3,0,1,166.1,1,1.7,1,1,3,1
62,1,3,154.0,210.8,0,0,175.5,1,0.6,1,0,1,0
31,1,1,146.5,240.9,0,0,186.1,0,1.4,1,0,1,0
77,0,3,110.9,259.4,0,1,174.7,1,0.4,1,1,1,0
51,1,2,147.5,257.7,0,1,192.6,0,2.4,0,1,1,1
32,1,2,132.8,221.9,0,0,174.5,0,2.7,0,0,1,1
56,1,0,148.5,191.7,0,0,149.6,0,0.2,0,1,1,1
54,1,1,115.4,280.1,1,0,142.4,0,0.8,0,1,3,0
53,1,2,114.5,240.9,0,0,132.9,0,1.2,1,0,3,1
65,0,3,131.2,218.3,0,0,103.0,1,0.3,1,0,2,1
62,1,0,129.2,200.1,0,1,131.7,0,0.2,1,2,2,1
57,0,2,128.9,283.0,0,1,171.4,0,0.2,0,0,1,1
59,1,0,126.6,304.1,0,0,127.3,1,1.8,1,0,1,1
53,0,1,127.1,266.4,0,0,179.2,0,0.4,2,2,1,1
74,1,2,127.0,276.7,0,1,135.0,0,0.7,0,2,1,1
38,1,2,129.1,287.4,0,1,181.5,0,0.0,1,1,3,0
56,1,0,108.9,226.2,1,0,169.7,0,0.3,1,0,3,1
55,1,0,143.5,335.7,0,1,132.7,0,0.7,2,2,1,1
63,1,1,140.9,197.9,0,0,180.9,1,0.4,1,0,3,1
45,1,3,109.0,227.5,0,0,194.7,0,2.1,0,0,1,0
35,0,1,150.1,200.8,0,0,171.7,0,0.8,2,0,2,0
56,1,1,119.6,244.9,0,1,97.4,1,1.3,2,0,1,1
57,1,1,156.2,318.6,0,0,127.3,1,1.0,0,0,3,1
70,1,0,143.9,236.5,1,1,104.3,0,3.6,2,0,3,1
40,1,2,148.5,255.0,0,0,152.8,1,0.6,0,0,3,0
67,0,1,137.4,120.0,0,1,125.8,0,0.3,1,0,1,1
80,0,2,147.7,269.3,0,0,141.7,0,0.1,1,3,2,1
50,1,1,150.8,283.9,0,1,122.7,0,3.0,1,0,1,1
40,1,2,164.8,241.9,0,1,104.1,1,0.1,0,1,3,0
50,1,0,152.3,193.1,1,0,171.4,1,0.5,1,2,1,1
54,1,3,142.1,188.6,0,1,170.7,1,0.1,0,0,3,0
60,1,1,111.2,219.1,0,0,93.2,0,0.7,2,0,2,1
47,1,2,90.0,185.8,1,0,139.9,0,0.1,1,2,1,0
71,1,2,135.9,316.7,0,1,128.4,0,0.2,0,0,1,0
42,0,2,115.1,257.8,1,1,141.6,1,1.3,1,0,1,1
35,1,1,117.1,298.3,0,0,187.2,1,0.1,1,0,3,0
66,1,3,135.5,232.9,1,0,143.7,1,1.0,1,3,1,1
29,1,1,139.7,199.0,0,0,123.5,1,2.7,0,0,2,1
52,0,3,119.3,209.8,0,0,164.6,0,1.8,0,0,1,0
85,0,0,154.9,231.9,1,0,131.8,0,0.8,2,0,1,1
54,1,1,134.6,219.6,0,1,149.1,0,0.0,1,1,2,0
42,0,0,128.7,291.0,0,0,169.3,0,3.0,1,0,1,0
53,1,0,167.5,281.3,0,0,105.8,0,0.2,1,0,2,1
53,0,1,134.0,253.0,1,1,147.7,1,1.6,0,0,1,0
56,1,0,133.5,169.1,0,1,157.6,0,0.4,0,2,1,0
61,1,3,145.2,256.8,1,1,130.6,0,0.6,1,0,1,1
43,1,2,163.6,223.9,1,1,144.2,1,0.5,0,2,2,1
73,1,0,137.9,309.9,0,1,126.3,1,1.7,1,0,1,1
57,1,0,142.7,281.8,0,0,165.2,0,0.4,0,0,1,0
62,1,2,134.1,250.5,0,0,118.8,0,0.2,1,0,1,1
47,0,1,127.4,146.7,0,2,147.3,1,0.0,0,0,1,0
68,0,3,125.7,240.3,0,1,128.4,1,0.1,1,3,1,1
51,1,2,123.2,211.6,0,1,181.0,1,0.9,1,0,1,0
57,1,2,165.3,260.3,1,2,148.5,0,2.7,0,0,1,1
44,1,2,121.5,187.6,0,1,153.1,0,0.4,1,0,1,0
43,0,2,100.5,249.1,0,1,108.1,1,0.5,1,0,1,1
62,1,0,138.3,146.6,0,1,112.8,0,0.5,0,0,3,1
49,1,1,151.1,178.7,0,0,166.5,1,1.3,0,0,1,0
45,1,0,154.1,199.5,0,1,148.7,1,2.0,1,0,1,1
47,1,2,110.7,214.9,0,1,165.2,0,0.3,0,1,1,1
62,1,1,156.0,261.3,0,0,160.5,1,0.4,0,0,1,1
47,1,2,169.3,166.1,0,0,178.0,1,0.3,0,0,1,0
53,0,0,118.4,212.8,0,1,123.3,0,1.3,2,0,2,0
54,1,1,130.9,214.3,0,0,186.1,0,0.4,1,1,1,0
33,0,0,103.6,264.3,0,0,167.7,0,0.4,0,2,1,0
38,1,2,163.4,227.4,0,1,166.9,0,3.7,0,1,3,1
58,0,3,105.1,200.2,0,0,105.1,0,0.9,2,1,1,0
46,1,2,124.8,191.1,0,0,166.1,0,0.6,2,3,2,0
66,0,3,148.1,221.3,0,0,121.9,1,0.3,0,1,2,1
65,1,3,124.4,172.7,0,1,143.6,0,0.5,0,0,1,0
62,0,2,115.2,315.7,0,0,183.6,0,0.2,1,1,1,0
74,1,1,138.1,248.2,0,0,144.1,0,0.2,1,1,1,1
53,1,0,176.8,200.9,0,0,152.8,0,2.3,1,1,3,1
61,1,1,131.1,197.5,0,1,152.4,0,2.5,2,1,1,1
48,0,3,125.8,186.2,0,1,134.8,0,2.3,0,0,1,1
81,1,1,120.7,267.2,0,1,97.2,1,0.5,0,0,1,1
76,0,0,143.4,176.4,0,1,147.9,1,0.9,2,2,2,1
54,1,3,149.9,233.6,0,0,150.2,1,0.9,0,3,1,0
58,1,1,124.1,268.0,0,2,173.8,1,0.7,1,0,1,0
69,1,2,147.4,220.9,1,1,118.5,1,0.4,0,0,2,1
52,0,2,119.7,196.2,0,1,120.6,0,0.4,2,2,2,1
47,1,3,98.2,275.8,0,1,167.4,1,3.4,0,0,1,1
64,1,3,144.7,195.1,0,2,127.1,1,1.8,1,0,1,1
55,0,3,168.6,229.5,0,0,112.9,1,0.9,1,0,2,1
56,1,2,113.0,247.2,0,2,133.6,1,0.1,1,0,1,1
45,1,1,135.0,211.7,1,0,130.0,0,0.6,0,3,2,1
35,1,2,152.8,182.0,0,1,125.3,0,0.6,0,1,2,0
57,1,3,132.9,217.9,0,0,155.2,1,0.7,2,3,1,1
64,0,1,107.8,259.9,0,1,154.2,1,0.4,0,1,1,1
52,1,1,134.3,208.6,0,1,142.0,1,1.7,2,0,2,1
70,1,1,164.8,267.0,0,2,178.6,0,0.7,0,0,2,1
46,0,2,119.9,227.4,0,0,146.9,1,2.4,2,1,2,1
42,0,0,132.2,210.6,1,0,168.9,1,2.9,2,0,1,1
53,1,2,114.8,209.1,0,0,114.3,0,0.6,2,2,2,1
53,0,0,129.0,251.3,0,1,122.9,0,0.3,1,0,2,1
62,1,0,143.0,293.8,0,0,166.4,1,1.6,1,0,1,0
45,0,0,131.0,243.6,0,0,179.0,0,2.1,0,0,1,1
69,0,2,127.0,204.2,1,0,133.9,0,0.2,0,0,1,0
76,0,1,144.5,297.2,0,1,147.9,1,0.8,0,3,3,1
54,0,1,143.1,202.4,0,0,154.6,0,0.0,0,0,1,0
68,1,3,150.7,322.4,0,1,151.4,0,0.3,0,0,1,1
42,1,3,125.7,230.1,0,1,132.6,1,1.9,0,0,1,1
66,1,3,125.8,206.9,0,1,197.0,0,0.9,1,2,1,1
66,1,2,172.3,270.2,0,0,205.0,0,0.6,0,0,1,0
63,1,3,138.7,230.8,0,0,128.6,0,0.5,0,2,2,1
54,0,2,126.4,260.9,0,0,144.7,0,0.1,2,1,2,0
22,1,3,99.4,234.2,0,1,184.2,0,0.7,0,1,3,1
47,1,0,115.5,178.3,0,0,172.8,0,2.5,1,1,2,0
47,1,0,120.7,235.9,0,0,140.7,0,1.0,2,0,2,0
43,1,0,139.2,259.6,0,1,170.3,0,0.5,2,0,2,0
55,0,3,124.8,246.7,0,0,143.4,0,1.3,0,0,1,0
49,1,2,133.0,294.9,0,1,125.4,0,0.9,0,0,2,0
45,0,1,103.0,252.0,0,0,146.2,0,0.5,2,0,2,0
42,1,2,156.3,226.6,1,1,161.5,0,0.3,2,3,2,0
46,0,3,115.7,247.9,0,1,161.5,0,0.5,0,0,1,0
66,1,3,141.2,223.9,0,0,122.4,1,0.9,1,2,1,1
47,1,2,122.7,254.8,0,0,145.8,1,1.0,1,0,2,0
48,0,2,123.8,255.1,0,1,169.6,1,0.6,0,2,2,1
49,1,1,118.5,185.1,0,0,163.7,0,0.7,0,1,2,1
58,1,1,140.3,276.8,0,1,145.0,0,5.7,0,0,3,1
59,1,3,117.6,341.4,0,0,143.0,0,1.3,1,0,3,0
22,1,2,131.7,254.2,1,1,193.4,0,0.4,0,1,3,0
65,1,2,134.6,155.9,0,0,167.0,1,0.8,1,1,2,0
70,0,0,146.3,228.2,0,0,128.5,0,2.4,1,0,1,1
42,1,0,144.1,180.9,0,2,90.8,0,0.5,0,2,2,1
43,1,0,125.5,224.7,0,1,117.5,1,1.0,2,0,1,1
49,1,2,139.3,269.8,1,1,118.2,0,0.1,0,1,1,0
46,1,2,123.9,207.0,1,0,149.7,1,1.1,0,0,1,1
56,0,3,155.2,325.0,0,0,159.4,0,0.7,1,1,2,1
33,0,2,119.3,120.0,0,0,176.2,0,1.0,0,1,2,0
42,0,1,124.4,226.3,0,0,134.9,0,0.1,2,0,1,0
71,0,0,126.8,264.0,0,0,124.7,0,0.1,0,1,1,1
44,0,3,115.3,184.2,0,0,151.1,0,0.6,0,2,1,1
68,1,1,174.1,198.4,0,1,136.5,1,0.3,1,0,1,1
58,0,2,140.8,276.1,0,0,134.4,0,1.1,0,0,2,1
34,1,2,130.2,319.2,0,1,205.0,1,0.2,1,1,1,0
61,0,0,124.2,333.9,0,0,150.3,0,0.2,1,1,1,0
53,1,0,153.8,225.8,0,0,124.2,0,1.2,1,0,1,1
49,1,1,122.9,299.1,1,1,150.5,1,0.1,0,1,1,1
57,0,1,133.9,239.4,0,1,136.3,0,0.2,0,1,2,1
59,1,2,174.9,283.5,0,1,138.5,1,0.1,1,0,2,1
62,1,2,118.8,234.9,0,0,123.2,0,0.5,2,0,3,0
67,1,3,147.0,196.0,0,1,121.2,0,0.1,0,0,1,1
58,0,3,137.2,313.3,0,0,102.7,0,1.0,1,0,2,1
39,1,1,139.8,318.1,1,0,151.3,0,2.7,1,0,1,0
49,1,2,127.6,221.1,0,0,151.2,0,0.3,1,0,3,1
85,0,2,128.1,293.5,1,0,116.3,0,0.0,0,0,2,1
62,1,0,140.1,237.8,0,0,162.6,1,1.0,1,2,2,1
80,0,3,129.3,346.5,0,2,131.0,1,0.4,0,1,3,1
69,0,2,92.8,181.0,0,1,139.5,0,0.8,1,0,1,0
57,1,3,119.9,234.6,0,0,151.0,0,0.1,0,2,3,1
57,1,3,129.0,178.8,0,0,145.1,0,0.5,2,0,1,1
54,0,2,111.6,171.6,0,1,148.8,1,2.0,0,0,1,0
35,1,0,132.0,229.7,0,0,128.3,0,0.4,1,0,3,1
54,0,2,117.4,221.6,0,1,172.2,0,1.1,0,0,2,0
67,0,2,133.5,201.5,0,0,110.0,0,1.3,1,1,2,1
47,1,2,171.3,275.8,0,0,172.0,1,0.3,0,0,1,0
59,1,0,157.3,300.3,0,0,152.1,1,1.4,1,2,1,1
63,0,1,143.9,267.1,0,1,130.2,0,0.7,2,0,2,1
44,0,3,161.1,155.3,0,0,162.2,0,0.4,1,3,2,0
49,1,3,131.4,254.6,0,0,144.2,0,0.3,0,1,2,1
43,1,0,130.1,252.1,1,0,175.9,1,0.3,0,2,2,0
45,1,3,112.7,201.2,0,0,137.2,0,0.3,1,0,1,0
40,0,0,150.5,251.7,0,1,155.7,0,0.5,0,0,3,0
44,1,3,166.7,215.6,1,0,137.2,1,1.7,1,1,3,1
70,1,1,154.3,210.9,1,1,116.6,1,1.3,1,1,2,1
44,1,3,157.1,185.9,0,0,151.1,1,2.1,0,1,2,1
55,1,2,90.0,278.5,0,1,177.7,0,0.2,0,1,2,1
48,1,1,174.6,296.2,0,0,161.9,0,1.0,1,0,1,1
67,0,1,132.4,239.7,0,0,136.6,1,0.4,2,0,1,1
68,0,0,176.9,289.6,0,0,136.8,0,2.2,0,0,1,1
64,0,2,164.7,312.1,0,0,106.5,1,0.4,0,1,1,1
57,0,3,145.7,248.2,0,1,127.0,0,1.6,0,1,1,1
51,1,2,127.1,236.9,0,1,132.4,0,3.2,2,0,1,1
41,1,3,133.6,257.5,0,0,158.9,0,2.3,2,0,2,1
75,0,2,101.9,211.9,1,2,156.5,1,2.6,0,0,1,1
46,1,3,148.8,262.7,0,0,148.9,1,1.0,0,0,2,0
61,1,2,90.0,250.5,0,0,148.0,0,0.5,0,2,1,1
66,1,0,131.6,188.1,0,2,141.2,0,0.4,1,2,2,1
48,1,2,160.3,182.3,0,0,154.4,0,0.2,0,0,3,0
65,1,1,149.7,201.9,0,0,141.3,0,0.2,2,1,1,0
62,0,3,105.5,266.8,0,1,151.4,0,0.2,0,1,1,1
73,0,1,111.6,233.2,0,0,120.6,0,0.4,1,0,1,1
49,0,1,119.0,238.5,0,0,170.1,1,0.8,1,1,1,0
40,1,0,131.9,296.6,0,1,132.5,1,1.7,0,0,1,1
48,0,2,145.3,258.8,0,2,116.7,0,0.3,0,2,1,1
56,1,0,145.4,213.8,0,0,150.6,0,0.3,1,0,2,0
55,1,3,115.2,198.3,0,0,145.4,0,0.6,1,1,1,1
50,1,1,144.1,253.4,1,0,142.8,0,0.0,1,2,2,0
33,1,1,141.8,191.3,0,1,151.5,0,0.2,1,0,1,0
59,0,0,141.0,298.3,1,0,159.1,0,1.3,1,0,1,0
76,1,1,184.1,259.9,0,0,115.9,0,0.4,2,1,1,1
59,1,1,148.3,248.8,0,1,122.5,0,0.2,1,0,3,1
61,0,1,150.2,201.8,1,1,154.8,0,1.9,1,1,1,0
60,0,1,166.3,270.8,0,0,161.6,0,1.1,0,0,3,1
58,1,0,150.3,292.5,0,0,127.5,0,0.3,0,0,1,0
64,0,1,123.6,238.9,0,1,169.5,0,2.5,0,0,3,0
58,0,2,154.4,283.6,0,1,139.3,1,3.0,0,0,3,1
51,1,1,126.0,222.5,0,1,141.6,0,0.2,1,1,2,1
45,0,1,111.1,235.5,0,0,157.0,0,2.0,1,0,1,0
51,0,1,114.1,332.1,0,0,151.2,0,0.3,0,0,1,0
57,1,2,156.9,226.1,0,0,163.6,0,1.2,2,0,1,0
51,1,1,144.4,264.1,0,1,201.6,0,0.3,1,3,1,1
57,1,2,153.8,225.3,0,0,123.3,0,1.8,1,1,3,1
59,1,3,146.5,255.5,0,0,136.5,1,0.2,1,2,1,1
63,0,0,136.6,275.2,0,1,134.5,0,0.0,0,2,1,1
68,0,0,140.2,206.7,1,1,181.6,0,0.2,0,0,1,0
55,1,0,144.9,210.7,1,2,110.2,0,0.6,0,0,1,0
40,1,1,119.7,261.5,0,0,152.2,1,0.2,1,0,1,0
50,0,0,106.8,247.1,0,1,161.6,0,0.5,0,0,3,0
54,0,1,122.3,293.0,0,2,171.5,0,0.2,0,0,1,1
34,0,3,135.8,246.3,0,0,152.4,0,0.4,2,1,1,0
69,1,0,126.1,328.5,0,2,166.5,1,3.0,1,0,1,1
56,0,1,169.8,272.8,1,2,128.1,0,0.1,0,0,3,0
58,1,2,142.9,325.5,0,0,135.0,0,0.7,0,0,1,0
69,0,0,136.9,321.0,0,0,99.6,1,2.0,1,0,1,1
47,1,0,121.3,210.7,0,0,170.0,0,0.5,0,0,2,0
60,1,2,152.0,308.6,0,2,124.2,0,4.0,1,0,1,1
53,1,0,111.9,282.4,0,0,143.7,1,0.2,1,2,1,1
52,1,2,139.2,279.0,0,1,181.0,0,0.0,1,0,2,0
46,1,0,124.2,290.7,0,1,131.1,0,0.0,1,0,3,1
72,0,2,137.7,234.1,0,1,162.5,1,1.0,1,0,1,0
50,0,2,138.8,254.5,1,0,173.1,0,0.5,0,0,1,0
62,1,1,115.4,225.7,0,0,140.3,0,1.0,0,1,2,1
33,1,0,98.7,335.7,0,0,158.9,0,2.7,2,2,2,1
67,1,0,120.5,212.8,1,0,126.4,1,1.2,1,0,2,1
66,1,3,152.8,189.3,0,0,138.2,0,1.7,1,2,2,1
55,1,2,141.0,205.8,0,2,132.9,0,0.3,0,0,1,0
52,1,0,126.2,238.3,0,1,184.6,1,0.3,0,1,1,0
58,1,2,170.4,240.1,1,1,148.2,1,0.6,0,0,2,0
79,1,2,163.4,289.3,1,0,154.9,1,0.0,2,0,1,1
35,1,3,148.0,236.1,0,0,143.7,0,0.6,0,1,1,1
63,1,1,123.2,222.8,0,2,172.1,0,1.4,1,0,1,0
44,1,3,150.1,259.1,1,1,172.8,1,0.5,1,0,3,1
54,1,1,140.1,292.7,0,0,157.9,0,1.0,0,3,2,1
51,1,3,120.2,249.5,0,0,162.8,1,0.3,1,0,1,0
49,1,0,130.9,277.9,0,0,151.7,1,0.8,0,2,1,1
54,0,0,112.3,245.1,0,0,163.9,1,0.7,0,1,1,1
42,1,3,118.2,225.8,0,1,171.6,0,0.6,0,1,1,0
65,0,2,113.2,276.0,1,2,154.1,0,1.1,1,0,2,1
34,1,1,146.2,244.5,0,0,173.1,0,2.1,1,0,3,0
60,0,2,131.2,287.7,0,1,148.2,0,2.0,0,0,1,1
50,0,1,113.1,307.9,0,0,116.3,1,0.0,1,0,1,1
41,1,0,140.1,231.9,0,1,152.1,1,0.1,1,0,1,1
56,1,0,134.5,270.6,1,0,128.8,0,0.1,0,0,2,0
37,1,0,148.7,282.4,0,0,128.6,0,2.3,0,2,2,1
54,0,2,133.4,259.5,0,0,156.3,0,0.1,2,1,1,0
38,0,1,101.1,258.2,0,1,193.5,1,0.9,2,0,3,1
59,0,0,123.3,249.5,1,1,94.8,1,1.0,0,0,2,1
44,1,3,110.7,249.1,1,1,133.3,0,0.9,0,0,1,0
49,1,0,142.9,262.6,0,1,150.2,1,1.3,2,0,2,1
57,1,2,154.3,215.7,1,0,156.6,0,0.4,1,1,2,1
46,1,3,104.2,163.9,0,1,145.4,0,1.3,0,1,2,0
53,1,0,131.5,237.2,0,0,160.0,0,1.1,0,0,3,1
37,0,0,147.5,228.0,0,1,184.9,1,0.2,1,1,1,0
61,1,2,107.7,315.1,0,1,149.4,0,0.7,1,3,2,1
73,1,2,130.9,261.1,0,0,145.1,0,1.7,2,0,3,1
85,0,2,138.7,277.0,0,0,94.5,1,0.7,0,1,3,1
55,0,2,150.5,223.6,0,0,97.7,0,0.7,2,0,1,0
63,0,3,143.1,218.3,0,0,129.1,0,3.4,1,0,2,1
34,1,0,142.5,197.7,0,0,161.0,0,0.3,2,1,1,0
71,1,2,149.1,191.9,0,0,142.7,1,1.2,0,3,2,1
63,1,0,129.5,276.5,0,0,147.1,0,1.0,1,1,1,1
49,1,1,162.3,253.1,0,1,138.0,0,3.4,1,1,3,1
68,1,0,125.4,311.3,0,1,146.9,0,0.8,0,2,2,1
51,1,1,90.0,264.5,0,0,148.2,1,0.1,1,1,1,0
49,1,2,100.3,250.3,0,0,152.9,1,3.9,1,2,3,1
59,0,0,130.1,156.0,0,2,148.1,1,0.3,1,2,1,1
42,0,1,122.0,321.2,0,1,142.2,1,0.3,2,3,1,1
65,1,1,127.1,247.0,0,2,132.2,1,0.5,1,0,3,1
42,1,0,133.7,145.5,0,0,196.8,1,1.5,1,0,2,0
42,1,2,152.6,247.1,0,0,171.7,0,0.0,1,2,2,1
44,1,2,139.7,202.2,0,1,148.2,1,1.9,1,3,1,1
62,0,3,144.7,206.9,0,0,145.2,1,3.3,2,0,2,1
47,0,2,109.8,250.7,0,2,144.6,1,1.4,2,0,2,0
39,1,2,120.9,210.3,0,0,160.3,1,0.0,1,1,3,0
47,1,1,144.9,284.1,0,1,155.7,0,3.1,1,2,2,1
54,0,2,132.9,236.3,0,1,133.8,0,0.0,0,0,1,0
41,1,1,139.3,254.4,0,0,163.5,1,1.1,2,2,1,1
41,0,3,138.8,261.8,0,0,159.6,1,0.0,1,1,1,1
77,1,3,142.7,260.5,0,0,121.7,0,0.4,2,1,1,1
45,1,3,160.2,247.7,1,1,171.0,0,1.4,1,1,1,1
50,0,1,120.4,246.2,0,0,136.1,0,2.8,0,0,1,1
50,0,1,115.3,305.7,0,1,128.6,0,0.0,0,1,1,0
49,0,3,98.0,276.8,0,0,168.3,1,1.7,1,2,1,1
61,1,2,149.2,213.5,0,1,122.5,1,0.6,1,2,1,0
64,1,2,126.2,196.0,0,1,153.5,1,0.9,1,0,3,1
51,0,1,153.0,205.4,0,0,188.9,0,0.5,0,0,1,0
40,1,3,135.0,255.3,0,0,179.9,1,0.4,2,0,2,0
68,0,2,128.4,197.7,0,0,127.8,0,0.2,0,1,1,0
53,0,1,111.8,212.3,0,0,134.0,1,0.4,2,2,1,0
73,0,3,151.0,189.0,0,0,157.0,0,2.2,1,1,2,0
29,0,1,123.8,273.6,0,0,167.6,0,0.1,1,0,1,0
56,1,2,139.3,271.3,0,1,110.6,1,3.3,1,0,2,1
75,0,1,147.1,287.4,0,1,149.5,0,0.2,1,1,3,1
50,1,2,137.8,219.1,0,0,145.1,1,0.0,1,2,3,1
52,1,0,118.2,163.3,1,0,151.4,1,0.8,1,1,2,1
57,1,1,144.1,205.7,0,0,149.8,0,6.0,0,0,2,1
48,1,2,147.3,180.0,0,0,158.4,1,1.6,1,0,1,0
51,1,1,139.7,180.6,0,0,196.1,1,0.5,0,3,2,0
50,1,3,144.4,290.0,0,1,184.2,0,1.6,1,0,1,0
47,0,1,142.3,228.1,0,1,119.6,0,1.8,1,0,2,1
68,1,3,130.4,259.0,0,1,149.9,1,0.3,2,0,2,1
59,1,1,127.4,291.7,0,2,110.2,1,0.0,0,0,1,1
57,1,2,174.8,197.6,0,0,175.1,0,2.4,1,1,1,1
63,1,0,160.1,271.6,0,0,167.2,0,0.2,1,0,2,0
51,1,0,132.4,176.4,1,0,133.6,0,0.7,2,0,1,0
45,1,2,144.0,249.4,1,0,150.1,1,0.3,0,0,3,1
47,0,0,112.4,285.9,0,1,171.0,1,0.4,1,1,2,0
54,0,3,120.2,191.3,0,0,143.7,0,1.0,0,0,1,1
42,1,0,108.6,273.7,0,0,142.5,0,0.8,0,2,1,0
48,0,3,134.6,249.2,0,0,152.2,1,2.7,1,0,1,1
48,1,2,137.9,219.3,0,0,182.0,0,0.5,0,0,3,1
77,1,2,159.3,196.6,0,2,100.2,0,0.6,1,0,2,1
23,1,0,122.4,241.2,0,2,147.5,0,0.0,1,3,2,1
52,1,1,152.7,262.4,0,0,135.7,0,0.3,0,2,2,1
73,1,0,150.5,234.1,0,0,177.2,0,1.3,0,2,2,1
55,1,2,178.5,198.6,1,1,176.7,0,1.3,0,1,2,0
62,0,2,163.0,277.7,0,0,123.2,0,0.2,1,0,1,0
55,1,2,161.1,293.9,0,0,145.0,0,4.2,1,2,1,1
47,1,3,147.3,280.9,0,0,171.0,1,0.6,0,0,3,1
29,1,1,111.7,302.6,0,1,180.5,0,0.3,0,0,2,0
56,1,0,139.8,213.4,0,0,149.5,1,1.3,1,3,1,1
45,0,1,169.2,176.0,1,1,153.9,0,0.9,0,0,1,0
45,1,3,140.9,256.3,0,0,196.4,1,0.6,1,0,1,0
49,1,0,118.0,221.9,1,1,147.6,1,1.6,1,2,1,1
73,1,2,144.8,291.5,0,2,101.2,0,1.0,0,0,1,1
80,1,0,122.7,204.9,1,1,135.7,1,3.4,0,0,2,1
56,1,1,119.1,199.7,0,0,153.0,0,1.8,2,0,1,1
49,1,2,140.2,242.6,0,2,148.3,1,0.8,1,1,1,0
41,1,1,144.1,244.5,1,0,127.9,0,1.0,2,3,3,1
59,0,1,117.9,272.8,0,0,153.0,1,0.7,1,0,1,0
74,1,2,128.9,244.1,0,0,114.2,0,0.6,1,0,1,0
51,0,0,104.6,156.0,1,0,149.4,0,1.1,0,0,3,0
28,0,1,122.2,384.2,1,1,152.8,0,0.3,1,1,1,1
61,1,2,100.7,245.3,0,0,165.4,0,0.3,0,1,1,0
65,0,2,128.4,372.3,1,0,106.7,0,0.2,1,0,3,1
37,1,0,131.2,229.9,0,1,132.2,1,0.9,0,0,2,1
56,0,2,99.9,195.8,0,0,147.9,0,2.4,2,1,1,1
59,1,2,117.1,229.2,0,0,144.7,0,3.3,2,2,1,1
53,0,0,129.7,289.5,1,0,143.1,0,0.2,2,1,2,1
45,1,2,128.2,265.5,1,0,160.6,0,0.3,0,2,1,0
65,1,2,134.0,258.8,0,0,145.1,0,0.7,1,0,1,1
50,1,0,138.2,237.3,0,1,169.7,0,0.9,1,1,1,0
38,1,2,99.9,241.5,0,1,160.6,1,0.7,1,2,1,0
31,0,2,138.0,226.8,1,0,199.8,0,0.4,1,3,2,0
68,0,3,128.8,299.0,0,1,115.3,0,1.2,1,2,3,0
61,1,2,125.0,284.2,0,1,178.9,0,0.2,1,0,1,0
55,1,1,100.7,200.3,0,1,147.6,0,0.1,1,0,2,0
49,0,0,124.9,174.6,0,0,110.5,0,0.2,0,3,3,1
48,0,3,138.7,185.4,0,1,98.1,1,2.2,2,1,1,1
42,1,3,133.5,221.5,0,2,142.3,0,0.2,0,0,2,0
49,1,0,135.8,249.4,0,0,165.7,0,0.6,0,1,3,1
31,1,0,122.1,230.9,0,0,181.4,1,0.3,1,0,2,1
46,0,2,127.9,266.3,0,1,132.7,0,2.5,2,1,3,1
51,1,2,113.3,239.7,0,1,135.5,0,1.6,0,2,3,1
61,0,0,132.7,314.1,0,0,169.8,0,0.5,0,1,3,1
54,1,2,125.2,263.8,0,1,112.7,0,1.7,1,0,3,1
63,1,1,116.0,245.3,0,0,124.9,1,3.7,1,0,2,1
69,1,1,151.3,180.2,0,1,153.1,1,0.9,1,2,1,1
66,1,1,108.6,261.0,0,0,123.6,0,0.2,1,0,1,0
59,0,2,141.7,265.1,0,0,151.9,0,0.4,2,0,1,0
54,1,2,144.6,210.0,0,1,141.2,0,0.7,1,1,1,0
43,1,1,121.8,186.7,0,0,141.2,1,0.9,0,0,1,0
62,0,1,151.5,292.4,0,1,121.5,0,1.7,0,0,1,1
72,0,3,125.6,205.1,1,0,124.8,0,0.6,1,0,2,1
58,1,0,124.0,250.1,0,0,195.6,0,0.0,0,2,1,1
75,1,2,117.6,250.1,0,1,121.0,0,0.1,1,2,2,1
37,1,2,129.6,255.1,0,0,162.3,0,2.4,0,0,3,0
41,1,1,113.5,194.6,1,1,164.9,0,1.0,2,3,1,0
63,1,0,122.0,239.2,1,0,201.2,0,1.6,0,1,1,1
57,1,3,133.6,199.9,0,1,179.9,0,1.2,1,1,1,0
68,1,2,137.1,249.6,0,0,102.1,1,2.3,1,1,2,1
54,1,0,156.6,263.6,0,0,160.6,0,0.0,1,3,1,1
44,1,3,148.3,277.3,0,2,170.9,1,0.6,2,1,2,1
52,0,1,140.4,306.5,0,0,176.4,0,0.1,2,3,3,1
37,1,1,127.1,223.9,0,0,125.0,0,0.7,0,1,2,1
42,1,2,123.7,224.8,0,0,153.5,0,2.3,0,2,1,1
65,0,2,133.3,301.2,0,0,133.0,0,0.5,0,3,2,1
64,0,1,123.5,270.2,0,0,150.9,0,0.1,2,1,2,1
58,1,0,122.4,297.2,1,2,136.2,1,0.3,1,0,2,1
35,1,2,127.8,320.7,0,1,151.3,1,0.7,1,0,3,0
50,1,2,117.2,202.9,0,1,119.0,0,1.0,2,0,1,1
41,1,3,116.0,272.5,0,0,171.9,1,0.0,0,0,1,0
67,0,1,151.4,219.6,0,1,136.5,0,0.5,0,0,1,0
48,1,2,107.7,308.1,0,2,144.8,1,1.0,0,0,2,0
42,0,0,109.3,184.9,0,1,148.1,0,1.1,2,0,2,1
54,1,3,156.9,281.8,1,0,138.6,0,0.9,0,1,1,0
47,1,1,125.2,214.6,1,1,171.7,0,0.0,1,0,3,0
70,1,2,162.8,271.4,0,1,149.2,1,1.8,0,0,3,1
46,1,3,111.0,294.4,1,2,108.1,1,1.4,1,2,1,1
39,1,2,131.6,207.8,0,0,123.6,1,0.3,1,0,1,1
30,1,2,141.9,168.4,0,1,121.2,0,0.6,1,0,1,1
54,1,2,117.7,230.0,0,1,94.0,0,2.8,1,0,2,0
48,1,3,162.6,222.3,0,1,176.1,0,0.9,0,1,1,0
38,1,2,123.0,179.3,0,0,172.5,0,1.4,1,0,1,0
67,0,2,143.4,157.5,0,1,173.8,0,1.3,0,0,1,0
61,1,2,123.5,297.4,0,0,135.9,0,0.8,0,0,3,1
54,1,0,160.8,307.0,1,0,168.2,1,0.7,0,0,3,0
69,0,1,140.2,220.2,0,2,150.1,1,2.7,0,0,1,1
61,1,1,173.5,231.0,1,0,100.2,0,0.7,0,0,1,1
45,0,1,150.0,273.8,0,1,177.7,1,0.1,0,0,1,1
43,1,2,146.3,273.8,0,0,143.7,0,1.0,0,0,3,0
63,0,0,116.1,322.8,0,1,151.7,0,0.4,1,0,3,1
58,1,0,136.5,270.2,0,1,134.5,1,0.0,1,0,2,0
56,1,1,128.8,197.0,0,0,112.7,1,0.4,1,1,3,0
45,1,1,132.2,273.1,0,0,160.1,0,3.4,0,0,2,1
61,0,1,135.4,213.1,0,0,178.8,1,1.3,0,0,1,0
46,0,3,112.8,235.7,0,1,125.6,0,0.6,1,0,1,1
53,0,2,127.9,290.0,1,1,152.9,1,2.2,0,0,3,1
70,1,1,136.3,207.2,0,1,165.6,0,0.5,1,2,1,1
47,0,0,111.1,235.7,0,0,96.1,1,1.3,1,0,2,1
37,1,2,144.2,181.5,0,1,135.7,1,2.8,0,2,1,1
42,1,2,135.0,193.7,0,0,154.7,1,0.0,1,3,1,1
65,1,1,151.4,221.2,0,0,130.9,0,2.1,1,1,1,1
57,0,0,140.5,314.2,0,1,131.6,0,0.3,0,0,1,1
53,1,0,102.9,242.5,0,1,120.9,1,0.7,1,1,1,1
48,0,1,114.5,355.6,0,1,152.9,0,0.9,1,0,2,1
59,1,1,165.0,285.2,0,1,124.6,0,0.5,2,1,2,1
45,1,2,145.9,281.5,0,0,125.0,0,0.6,1,1,1,0
57,0,3,102.6,194.3,0,0,119.2,1,0.3,0,1,1,0
46,0,1,137.5,231.8,0,0,179.4,0,1.6,0,1,1,1
44,1,2,116.5,187.6,0,1,135.6,0,0.2,0,1,2,0
47,1,3,94.5,225.3,0,0,162.0,1,0.8,0,0,2,1
50,1,2,162.8,219.9,0,0,137.0,0,0.6,0,1,2,0
53,1,2,135.1,239.2,0,2,111.6,0,0.9,1,0,1,1
57,1,3,138.7,278.8,0,0,128.5,1,0.8,0,1,1,0
22,1,1,103.4,218.7,0,0,154.0,1,0.5,1,0,1,0
45,1,0,111.0,275.4,0,0,154.0,0,0.9,1,1,1,0
50,1,3,104.4,175.5,1,0,152.9,1,0.4,1,0,1,0
71,1,1,163.8,267.1,0,0,110.3,1,0.4,0,0,2,0
42,0,2,98.4,218.0,0,2,184.6,0,0.7,0,0,1,1
56,1,2,163.6,253.3,0,1,177.8,0,0.6,0,2,1,0
70,0,1,117.2,285.0,0,1,139.0,0,1.7,1,0,2,1
40,0,2,105.4,173.1,0,1,162.8,0,1.2,1,0,1,0
58,1,2,134.0,307.4,1,0,126.7,0,0.1,0,0,2,0
45,1,0,119.4,229.7,0,0,118.9,0,0.0,1,2,1,1
48,0,0,131.3,321.2,0,1,149.9,0,0.6,1,3,3,1
45,1,2,116.0,241.4,0,0,144.2,0,0.5,0,3,1,1
46,1,0,126.4,296.7,0,1,187.5,0,0.2,1,1,1,0
84,0,1,124.8,254.5,1,0,182.8,0,0.2,1,3,1,1
63,1,0,151.8,256.3,0,0,123.8,0,0.1,0,0,1,0
66,1,2,146.2,250.7,0,0,143.1,1,0.0,0,3,1,1
59,0,3,136.7,233.5,1,0,163.2,1,1.0,2,0,1,0
36,1,2,148.5,223.8,1,1,168.3,0,0.2,0,0,3,0
58,1,1,139.7,252.7,0,1,154.0,1,4.3,0,1,2,1
66,1,3,140.2,269.7,0,0,168.7,0,0.4,1,2,1,1
45,0,0,126.6,248.5,0,0,183.6,0,0.2,1,0,1,0
65,1,1,123.9,268.1,0,0,148.6,0,0.3,2,2,1,1
62,0,1,120.1,177.4,0,0,192.1,0,1.1,1,2,1,1
74,1,1,141.6,288.2,0,0,154.5,0,0.6,0,0,2,0
49,0,0,148.1,207.0,0,1,134.9,1,0.0,1,3,2,1
42,1,1,141.3,164.7,0,1,176.5,0,0.1,1,1,2,0
50,1,1,143.2,321.3,0,1,134.3,0,0.4,2,0,2,1
70,0,2,115.1,309.0,0,0,141.2,0,0.1,2,0,1,0
34,0,1,135.4,233.9,0,0,177.9,1,0.0,1,1,3,1
31,0,2,118.1,280.4,0,0,147.6,0,2.2,0,1,3,1
55,0,2,134.4,227.2,0,1,164.5,0,1.0,1,0,1,0
49,1,0,142.7,219.0,1,0,155.7,0,0.5,2,1,1,1
54,1,2,113.2,215.2,0,0,121.8,1,4.5,1,1,3,1
64,1,1,139.3,216.8,0,0,102.3,0,5.5,0,0,2,1
48,1,0,136.8,227.9,0,0,112.9,0,1.2,1,0,1,0
33,1,0,146.7,202.6,0,0,153.1,1,0.8,1,0,1,0
76,0,2,127.2,123.8,1,0,121.0,1,0.9,1,0,1,0
43,1,2,130.1,229.5,0,0,191.2,0,0.9,0,0,2,0
42,1,2,134.1,194.6,0,0,150.6,0,0.3,1,0,1,0
66,1,1,127.7,258.7,0,1,126.3,1,0.8,0,2,3,1
50,1,1,123.4,229.4,0,0,154.2,1,0.1,0,2,1,1
53,1,2,123.4,269.0,0,1,150.2,0,0.1,1,0,1,0
59,1,3,133.0,243.7,0,1,132.1,1,0.3,1,1,1,1
66,0,2,165.4,189.9,0,0,141.1,1,0.3,1,1,1,1
50,0,1,128.3,184.3,1,0,144.4,0,1.5,0,0,1,0
71,1,0,147.0,192.7,0,1,126.8,0,0.1,1,0,1,1
31,1,0,128.8,195.3,0,1,150.5,1,0.0,0,1,1,1
62,0,2,127.5,213.3,0,0,154.6,0,0.6,1,2,3,1
45,1,0,131.3,278.7,0,0,139.3,0,1.2,1,0,1,0
69,1,1,151.6,254.8,1,1,106.0,0,3.5,0,0,2,1
56,1,2,133.5,160.2,0,0,143.4,1,0.3,2,0,3,1
47,0,1,126.4,200.4,0,0,149.8,0,0.0,1,0,1,0
61,1,2,131.5,242.2,0,1,127.9,0,1.7,1,0,1,0
64,1,2,118.6,200.7,0,0,195.3,0,1.0,1,2,3,0
61,0,1,151.5,247.4,1,1,160.0,1,1.8,1,0,2,1
43,1,3,123.2,200.6,0,1,149.3,0,0.1,0,0,1,0
49,1,2,159.2,233.7,0,0,134.5,0,0.2,2,1,1,0
54,1,1,138.4,216.4,1,0,119.0,1,2.3,0,1,1,1
54,0,2,156.3,246.3,1,1,121.5,0,1.9,1,1,1,1
62,1,2,132.4,307.6,0,0,136.4,0,0.6,1,0,1,0
32,0,2,112.3,273.0,0,2,179.0,1,2.0,1,1,1,0
58,1,2,153.8,195.2,0,1,164.1,0,1.3,0,0,3,1
51,1,1,123.2,350.8,0,1,156.2,0,1.7,1,1,2,1
45,1,1,154.9,290.2,0,1,168.2,0,0.3,1,3,1,1
46,1,2,142.4,208.4,0,2,158.0,1,0.3,1,0,1,1
52,1,0,159.9,202.6,0,1,161.6,0,1.5,1,0,2,1
22,1,2,108.4,245.2,0,0,165.5,1,1.9,1,1,3,0
46,1,1,149.2,269.6,0,0,136.2,0,1.5,1,0,2,1
44,0,2,115.1,315.7,0,0,152.3,0,0.2,0,0,1,0
60,0,1,90.0,265.9,0,0,130.7,1,2.5,2,0,1,1
45,0,2,144.9,209.0,0,0,159.9,0,3.7,2,1,3,1
52,1,2,133.4,218.4,0,2,125.6,0,0.1,2,0,2,1
71,1,2,155.6,274.9,0,0,137.6,0,2.2,0,0,1,0
65,1,1,138.4,186.3,0,2,176.3,0,1.4,1,0,2,1
64,0,0,133.9,310.7,0,0,186.2,0,0.2,1,0,2,1
49,1,3,159.7,215.7,0,0,171.7,0,0.2,2,0,2,0
60,0,3,134.6,285.7,0,0,171.2,0,0.3,1,0,2,0
51,1,0,124.7,293.1,0,0,130.2,1,0.0,1,0,1,1
52,1,1,131.9,375.1,0,1,136.1,0,0.4,0,0,3,1
59,0,1,135.1,229.7,0,0,153.7,0,1.7,0,1,2,1
47,1,3,90.0,226.7,1,0,195.3,0,0.2,1,0,3,0
70,0,0,143.8,232.5,0,2,171.1,1,0.3,0,1,1,1
52,1,0,158.0,248.3,0,2,127.2,0,1.3,1,1,1,0
61,1,0,134.9,215.5,0,0,147.9,0,1.3,1,1,3,1
70,1,2,130.4,300.3,0,0,157.5,1,0.5,2,1,1,1
65,1,3,143.7,289.6,1,1,172.2,1,1.8,2,0,1,1
39,1,1,161.6,224.8,0,0,151.4,0,0.5,1,0,1,0
59,1,0,143.7,211.9,1,1,142.0,1,0.3,1,0,1,1
63,1,2,140.1,225.4,1,1,148.3,1,0.3,1,0,1,1
64,1,0,129.5,224.3,0,0,116.6,0,0.3,0,0,1,1
42,0,0,108.7,258.9,0,2,152.7,1,0.2,1,2,3,1
47,1,3,132.7,247.4,0,0,166.0,0,0.1,0,2,1,1
65,0,3,134.5,281.4,0,1,133.3,0,0.2,2,0,2,1
46,0,3,94.2,304.0,0,1,191.6,0,0.3,0,0,1,0
51,0,1,117.2,253.5,0,0,160.7,1,1.5,1,1,1,0
71,0,1,156.1,273.4,0,0,107.0,1,0.1,2,0,1,1
53,0,2,126.1,349.1,0,1,135.9,0,0.6,1,1,2,0
46,0,0,90.0,263.7,0,0,109.9,1,0.2,0,0,2,0
44,1,1,160.3,216.4,0,0,149.7,1,0.5,1,0,1,1
58,0,1,116.0,239.8,0,0,124.4,0,0.2,1,0,2,0
39,0,3,118.8,162.9,0,1,157.6,1,0.4,1,0,1,0
51,1,2,152.4,264.4,0,1,144.6,0,0.1,0,1,1,0
58,0,0,118.6,218.6,0,1,154.0,0,1.5,2,1,3,1
68,0,0,99.0,207.1,0,0,170.4,0,0.0,0,1,1,1
61,1,3,139.7,205.8,0,0,171.7,0,2.4,1,0,2,1
46,0,2,143.3,288.9,0,1,188.4,1,1.4,1,0,1,0
67,0,2,125.8,234.6,0,2,137.5,1,0.8,1,0,1,1
51,1,0,131.0,274.0,0,1,142.9,0,0.3,0,0,2,0
40,1,1,109.3,253.5,0,0,139.2,1,0.1,1,0,3,1
52,1,2,115.6,249.5,0,2,135.1,1,1.7,0,0,2,1
70,1,3,132.2,230.1,0,1,147.3,0,0.9,0,0,1,1
56,1,0,146.2,263.9,1,1,117.7,0,0.6,2,0,1,1
54,1,2,135.8,222.7,0,0,139.4,0,0.7,1,0,2,0
72,0,0,153.9,254.6,0,1,108.9,0,0.5,1,0,2,1
38,1,1,159.8,284.5,0,0,157.9,0,0.6,0,1,1,0
40,0,0,143.5,294.4,0,1,133.5,1,0.2,1,0,1,0
36,1,3,100.9,215.9,1,1,128.0,0,1.1,1,0,1,0
58,1,1,129.9,259.2,0,2,142.5,0,0.3,0,0,2,1
56,1,1,150.3,267.8,0,0,112.3,1,0.4,2,2,2,0
71,1,1,136.1,257.8,1,0,143.1,0,0.7,1,0,1,0
57,1,3,105.6,276.0,0,1,134.6,0,4.2,0,0,2,1
50,0,2,120.1,274.1,0,2,152.2,0,0.6,1,1,1,0
54,0,0,90.1,322.3,0,0,106.5,0,0.2,1,1,1,1
55,1,0,129.3,336.6,1,0,176.3,1,1.1,0,0,1,0
36,1,2,117.2,227.8,0,0,132.9,0,0.2,1,0,3,1
84,1,1,135.0,325.0,1,1,169.0,0,2.2,2,1,1,1
60,1,1,156.8,262.8,1,1,134.5,1,1.3,0,2,2,1
56,1,2,110.5,234.3,0,2,175.0,0,0.1,0,0,2,0
61,1,0,122.8,270.6,0,1,164.4,1,0.3,2,0,1,1
62,1,3,115.4,233.9,0,1,132.9,0,0.4,1,1,2,0
52,1,0,152.8,238.8,0,0,164.0,0,2.0,1,0,1,1
47,1,0,152.6,190.7,0,1,144.8,0,1.7,1,0,2,1
61,1,1,142.2,247.4,0,0,138.3,1,2.0,1,0,1,0
58,1,2,140.5,283.8,0,1,161.5,1,6.0,1,0,1,0
45,1,0,110.1,270.0,0,1,118.8,0,0.8,0,1,1,1
70,1,2,141.6,263.0,1,1,125.0,0,0.1,0,2,1,1
57,1,1,114.6,318.9,0,0,155.9,0,0.7,1,1,1,1
62,1,0,136.7,338.1,0,2,162.8,0,0.7,1,1,2,1
69,1,3,131.6,268.6,0,1,142.4,1,0.7,1,0,1,1
54,1,3,123.3,311.7,1,1,132.8,0,0.0,0,2,1,0
57,0,2,132.3,257.8,0,1,156.3,1,0.2,1,3,1,1
63,1,2,148.4,248.4,0,1,134.9,0,0.2,0,0,2,0
46,1,0,164.0,280.9,0,0,200.9,0,2.1,1,1,3,1
55,1,1,144.2,238.6,0,0,151.0,0,0.1,2,1,2,0
55,1,1,175.3,137.9,0,0,110.7,0,0.6,0,0,2,1
43,1,3,134.9,226.2,0,0,143.5,1,0.9,0,0,2,0
79,1,2,172.4,183.9,0,0,112.8,0,0.3,1,0,1,0
39,0,0,135.1,219.1,0,1,126.1,0,0.3,1,0,2,0
40,0,1,131.8,212.5,0,2,129.8,0,1.3,0,0,1,1
68,1,0,134.5,222.6,0,2,135.4,0,1.6,1,1,1,1
62,1,0,141.4,197.9,0,1,124.5,1,1.2,1,2,1,1
43,0,1,136.0,184.8,0,0,160.2,0,3.0,1,0,3,0
61,0,1,107.2,215.4,0,0,149.4,1,0.3,1,1,2,1
70,1,0,150.6,230.7,1,0,133.1,1,6.0,0,1,1,1
54,1,0,107.3,228.3,0,1,146.8,1,0.1,1,0,1,1
83,1,2,153.9,262.9,0,1,170.1,0,0.3,0,1,2,1
35,1,2,140.0,265.8,0,0,192.2,0,0.7,0,1,1,0
62,1,1,161.6,199.8,0,0,146.8,0,0.4,0,0,1,0
67,1,2,121.7,207.5,0,1,144.0,0,0.1,0,1,2,1
64,1,0,118.7,318.1,0,0,152.9,0,1.5,0,1,2,0
52,1,0,153.4,274.0,0,1,157.5,0,0.3,2,0,1,1
51,1,3,113.9,206.2,1,2,158.6,0,1.0,0,0,1,0
59,1,1,114.1,188.0,0,0,110.2,0,1.2,1,0,1,0
63,0,1,137.0,222.6,0,0,143.4,1,0.1,2,1,2,1
61,0,3,131.9,232.7,0,0,159.8,0,0.1,0,0,1,0
65,0,1,136.5,275.3,0,0,136.3,0,3.7,2,0,2,1
43,1,0,140.9,136.3,0,0,135.2,0,1.5,0,0,2,0
51,1,3,143.0,197.9,0,2,146.9,0,0.5,1,0,1,1
44,1,0,130.1,317.1,0,1,155.1,0,1.3,0,1,2,1
50,0,2,130.9,240.7,0,1,119.3,0,1.4,1,3,1,1
65,1,1,135.5,248.0,0,1,128.9,0,1.5,2,1,2,0
55,1,1,134.9,216.9,0,1,162.8,0,1.7,1,0,3,1
83,1,2,116.3,286.3,0,0,139.0,1,0.6,1,0,1,1
56,0,1,145.1,162.7,0,0,152.7,1,0.4,1,0,1,0
55,1,2,153.1,223.1,0,1,180.8,0,0.5,1,0,1,1
55,1,3,145.7,150.2,0,0,150.3,1,0.6,1,0,1,1
47,1,0,142.3,238.1,0,0,155.0,1,0.4,0,0,3,1
53,1,2,115.9,221.4,0,1,174.0,0,0.2,2,1,3,1
66,1,0,111.5,173.9,0,1,140.1,1,1.4,2,2,2,1
55,1,0,149.2,286.2,1,1,157.8,1,2.1,2,2,1,1
45,1,3,132.3,268.6,0,1,113.2,0,2.1,0,1,1,1
44,1,1,134.6,283.2,0,1,164.8,0,0.4,1,0,2,0
49,0,0,133.6,173.4,0,0,143.0,1,0.1,1,1,1,0
55,1,2,138.9,197.6,0,1,145.2,1,0.6,1,2,3,0
67,0,1,145.9,298.8,0,0,172.4,0,0.2,0,0,1,0
39,0,1,125.5,271.8,0,2,164.9,1,0.6,1,0,1,1
50,1,2,98.7,301.8,0,1,158.9,1,0.9,1,0,1,0
56,0,3,143.9,231.5,1,0,135.8,1,1.7,1,0,1,1
34,0,0,136.4,229.6,0,2,155.4,0,1.6,1,2,2,1
45,1,0,108.4,265.4,0,0,182.9,0,0.0,0,0,3,0
47,1,0,111.3,179.5,0,1,161.5,0,0.1,0,1,3,0
45,0,0,144.6,246.9,0,0,189.6,0,3.6,1,0,3,1
56,1,3,154.6,353.6,0,1,127.3,1,0.4,1,0,1,1
52,0,3,90.0,225.0,0,0,115.6,1,2.1,1,0,1,1
48,0,2,137.4,168.7,0,1,146.1,1,0.2,0,0,3,1
59,1,2,131.3,261.2,0,0,165.9,1,1.9,2,2,1,1
73,0,3,137.1,208.4,1,0,141.5,1,0.1,1,0,1,0
72,1,0,140.9,243.0,1,0,109.3,0,0.2,1,2,1,1
33,0,0,112.0,281.9,0,0,149.5,0,1.7,0,0,2,0
60,1,1,147.2,268.1,0,0,157.2,0,2.1,1,0,1,1
52,1,3,121.1,219.2,0,0,170.3,1,0.7,1,2,1,1
56,1,1,147.9,279.0,0,1,130.9,0,0.2,0,0,1,1
50,1,2,150.4,166.6,0,0,178.8,0,1.3,2,0,2,0
55,1,0,118.6,250.4,0,1,162.3,1,0.1,0,1,1,0
56,1,2,119.2,225.2,0,1,131.2,1,1.1,0,0,2,0
48,0,3,131.5,135.5,0,0,192.0,1,1.0,1,1,1,0
44,1,1,158.6,184.6,0,1,141.7,0,0.6,1,1,3,1
49,0,2,119.1,239.0,0,0,142.7,0,1.0,0,1,1,1
57,1,1,127.5,275.3,0,0,164.6,0,1.1,0,3,1,0
61,1,2,141.5,244.8,0,0,137.5,1,0.8,0,0,1,0
63,0,1,145.1,231.5,0,2,176.0,0,0.1,1,0,1,0
49,1,1,142.2,275.3,0,0,175.4,1,0.1,0,0,1,0
57,0,1,132.3,254.5,0,1,154.7,0,4.3,2,0,2,1
65,1,0,131.3,289.1,0,1,159.5,1,1.7,1,1,2,1
67,0,3,140.2,271.2,0,0,128.8,0,0.5,1,0,1,1
53,1,3,90.0,209.7,0,0,140.3,1,1.4,1,1,1,1
52,0,1,164.1,270.2,0,0,118.8,0,0.0,0,2,2,1
56,0,0,128.2,284.4,0,1,154.6,1,0.7,0,2,2,1
41,1,2,134.0,298.5,0,1,203.2,0,0.0,0,0,3,0
52,0,1,168.3,217.5,0,0,136.0,0,0.6,1,0,2,1
62,1,1,122.7,228.2,0,1,101.4,0,1.3,1,0,1,1
61,1,0,177.7,282.6,0,0,159.3,0,0.8,0,1,1,1
51,0,3,143.6,277.4,0,0,156.6,0,0.4,0,0,1,0
56,1,2,142.5,219.6,0,0,158.5,0,1.5,0,0,3,0
45,0,3,140.3,208.7,0,0,145.4,0,1.4,0,1,2,0
62,0,1,117.9,225.1,0,2,104.5,0,1.7,1,1,2,1
53,0,2,101.1,244.5,0,1,127.5,1,0.9,0,1,2,1
51,1,2,112.0,201.3,0,1,106.9,0,1.3,2,0,1,0
50,0,1,149.6,258.5,1,0,170.2,1,1.7,1,0,3,1
53,1,3,116.9,165.1,0,1,160.7,1,0.5,2,0,1,0
49,1,3,103.0,203.1,0,1,144.1,0,0.7,2,0,1,0
61,1,3,134.3,251.9,0,0,119.2,0,1.0,0,0,2,0
50,1,2,143.3,199.5,0,0,143.4,1,0.7,1,0,1,0
72,1,2,139.2,229.3,0,1,99.0,1,0.1,1,0,1,1
70,1,2,148.9,241.4,0,0,125.9,1,5.2,2,0,1,1
44,0,3,149.3,331.2,0,1,202.6,1,2.2,1,0,1,0
55,1,1,144.5,184.3,0,2,151.3,0,1.7,1,2,3,1
47,1,0,129.5,249.3,0,2,204.2,1,2.4,0,1,2,1
50,1,2,123.2,194.9,0,0,109.9,0,0.3,0,0,1,0
76,0,3,150.4,202.4,0,2,130.2,0,1.6,0,0,1,1
51,0,1,135.2,201.8,0,0,125.4,0,0.3,0,0,1,0
58,1,2,119.5,235.9,0,0,132.3,1,2.2,0,0,2,1
60,0,1,155.9,306.6,0,0,143.8,0,0.2,1,0,1,0
43,1,3,136.0,289.2,0,1,144.2,1,2.7,1,1,1,1
45,0,2,140.5,218.1,0,0,128.7,0,0.6,0,0,1,0
41,1,2,123.7,225.1,1,0,143.5,1,0.4,1,2,1,0
44,1,2,151.9,263.9,0,0,132.3,0,2.5,0,1,1,0
23,0,2,94.7,233.1,0,0,172.8,0,1.7,1,0,1,0
60,0,3,162.7,215.5,0,0,163.9,0,1.3,1,1,1,1
77,1,3,104.9,278.6,0,1,160.0,0,0.7,0,1,1,1
56,0,0,106.7,313.4,0,1,150.2,1,0.4,2,0,1,1
38,1,0,134.5,282.4,0,0,156.3,1,0.2,0,1,3,1
47,1,3,122.7,298.6,0,0,118.4,1,3.5,0,0,1,0
49,0,3,123.8,233.5,0,0,148.8,0,0.6,1,0,1,0
43,1,1,121.7,189.9,1,0,159.2,0,2.0,0,0,3,0
63,1,0,122.2,156.5,0,1,135.0,1,0.7,1,0,1,1
63,1,1,142.0,153.4,0,0,116.4,0,0.8,1,1,1,0
41,0,1,126.9,227.9,0,0,172.2,0,0.6,0,1,1,0
62,1,2,151.9,266.5,0,1,124.7,0,3.0,0,2,1,1
71,1,0,139.7,284.4,0,2,156.8,0,0.2,1,3,1,1
75,1,0,131.7,259.4,0,0,152.7,1,0.0,0,2,2,1
85,0,3,152.7,220.5,0,0,82.3,1,0.9,1,0,2,1
44,0,0,95.5,266.7,0,0,172.0,0,0.3,1,3,2,0
85,1,2,95.3,199.5,0,1,124.7,0,0.4,0,1,2,1
50,1,1,104.4,191.4,1,1,113.6,1,2.9,1,0,2,1
47,1,2,126.1,265.9,0,0,138.4,1,2.4,1,1,1,1
58,0,0,139.0,188.5,0,0,166.7,0,0.1,0,0,2,0
48,1,1,90.0,205.6,0,1,151.3,0,4.2,1,0,3,0
58,1,1,134.8,199.8,0,0,131.0,1,0.3,0,1,2,0
39,1,3,123.9,243.6,0,1,158.8,1,0.1,1,0,1,0
51,0,2,132.7,266.2,0,0,146.3,0,0.2,1,2,1,1
68,1,0,103.2,273.3,0,0,112.6,1,1.9,1,1,1,1
53,1,2,180.8,215.5,0,1,121.1,0,2.1,0,1,1,0
56,0,0,132.1,234.7,0,1,151.0,0,0.4,0,0,1,1
59,1,3,113.3,275.5,0,0,158.5,0,1.0,0,2,1,0
67,1,0,139.6,222.6,0,1,130.9,0,0.2,1,0,1,1
36,1,1,156.4,194.9,0,0,163.7,1,0.2,0,1,3,0
60,1,0,112.3,215.3,1,1,126.8,1,3.3,0,2,2,1
51,1,2,106.3,213.6,0,0,190.6,0,1.9,0,0,1,0
56,0,1,129.4,243.5,0,1,146.0,0,2.4,2,2,1,0
66,0,1,133.4,244.4,0,0,100.0,1,2.1,2,0,1,1
41,1,0,143.5,229.5,0,2,132.8,0,2.1,0,3,3,1
43,0,3,154.8,202.3,0,1,147.4,0,0.6,1,2,2,1
33,1,2,142.8,193.0,0,0,183.0,0,1.5,1,2,1,0
48,1,2,107.5,267.9,0,1,165.5,1,0.8,1,0,3,0
69,0,2,115.5,261.7,0,0,124.1,0,0.1,1,3,1,0
53,1,2,119.4,221.9,0,1,113.5,1,0.1,1,0,2,1
39,1,0,144.2,233.6,0,1,151.5,0,0.5,0,0,1,1
49,0,3,140.7,293.0,0,1,135.6,0,0.4,1,2,1,0
38,1,1,152.7,232.6,0,0,152.7,1,0.9,1,0,1,1
42,1,2,141.0,236.9,0,1,153.3,0,0.4,2,1,1,0
58,1,2,123.7,310.0,1,0,151.1,0,0.6,1,2,1,1
41,1,2,127.2,283.9,1,1,152.1,0,0.5,1,1,1,0
66,0,3,107.7,217.4,0,0,92.8,1,0.5,0,1,1,0
53,0,1,142.1,288.1,0,1,153.8,1,0.7,0,2,1,1
55,0,2,120.0,234.3,0,2,156.5,0,1.9,1,0,2,1
51,1,2,155.3,194.1,0,0,136.5,0,0.8,1,0,3,1
63,1,0,147.1,301.9,0,1,111.4,0,1.7,0,2,1,1
63,0,1,168.1,213.3,1,1,153.9,1,0.2,2,1,3,1
58,1,3,142.6,220.4,0,0,139.0,0,0.8,0,2,1,1
60,0,1,139.7,226.7,0,1,125.9,0,1.2,1,0,1,1
52,0,1,127.2,330.3,0,1,151.2,1,0.5,1,3,3,1
60,1,1,128.6,201.6,0,1,167.1,0,1.7,0,0,3,1
50,0,2,125.3,213.5,0,1,138.8,0,1.0,0,0,1,0
54,1,3,152.0,226.3,0,2,141.9,0,0.0,0,0,2,1
51,0,0,106.0,263.5,0,1,142.2,0,1.7,0,1,2,1
49,1,2,133.9,236.6,0,1,123.1,1,0.2,0,0,1,0
46,1,1,102.0,209.2,0,0,150.3,1,1.9,1,0,1,1
59,1,1,142.0,270.6,1,0,180.3,1,1.3,1,0,1,0
68,1,3,129.2,306.0,0,1,100.1,1,1.2,0,0,1,1
67,1,0,146.3,174.5,0,0,134.7,1,1.2,1,2,1,1
40,1,0,117.1,206.5,0,0,173.6,0,0.3,0,0,1,0
68,1,2,132.9,268.8,0,0,113.6,0,4.5,1,0,2,1
51,1,1,144.6,186.1,0,0,153.5,0,0.9,1,3,2,1
61,1,2,138.0,237.0,0,1,162.7,1,0.9,1,0,3,1
44,1,3,159.3,293.8,1,2,120.4,0,1.6,1,0,1,1
56,0,1,122.8,269.5,0,1,180.4,0,0.1,0,1,1,0
57,1,0,124.5,265.4,1,0,143.1,0,2.0,1,0,1,1
38,1,0,152.3,268.7,0,1,147.6,1,0.9,2,1,1,1
61,1,0,129.1,258.1,0,1,109.8,0,0.1,0,1,1,0
69,0,1,127.3,231.8,0,1,124.2,0,0.8,0,0,3,1
52,0,3,137.4,283.2,0,0,110.3,0,2.2,1,0,3,1
69,0,2,131.8,225.7,0,0,92.3,0,2.5,1,2,1,0
52,1,0,127.9,233.6,0,1,152.5,0,1.0,1,0,1,1
63,0,3,120.8,171.7,0,1,144.7,1,0.7,2,1,1,1
30,1,0,152.5,212.0,0,1,125.0,1,0.7,0,2,3,1
81,0,2,135.0,254.3,0,0,135.6,0,0.2,0,0,1,0
70,0,0,124.9,248.2,0,2,109.2,1,0.2,0,0,1,1
51,1,0,127.9,281.0,0,1,152.6,0,1.2,0,0,2,1
32,1,2,134.9,214.4,0,0,171.8,0,1.2,1,0,1,0
57,0,1,158.1,225.0,0,1,99.2,1,0.0,0,0,1,1
38,1,2,127.0,212.0,0,0,156.2,0,0.4,0,0,1,0
59,0,1,116.7,253.8,0,0,158.4,1,1.3,1,0,1,1
59,0,0,166.8,311.2,0,0,119.1,1,0.1,0,0,1,1
44,1,2,133.9,136.2,1,1,145.8,1,1.4,2,1,1,0
66,1,3,135.1,224.1,0,0,158.0,0,0.5,1,2,2,1
63,1,0,137.5,229.1,0,0,133.8,0,2.8,1,0,1,1
65,1,1,114.3,151.5,1,1,163.5,0,2.7,0,0,1,0
54,1,2,133.2,235.9,0,0,178.8,0,0.2,1,1,2,1
38,0,2,140.7,220.3,0,1,187.3,0,1.7,1,0,1,0
65,0,2,155.7,225.9,1,2,129.2,1,0.4,0,2,2,1
51,0,2,123.8,191.8,0,0,125.8,0,0.5,0,0,1,0
39,1,3,133.6,232.3,0,1,169.9,0,1.9,1,0,2,0
69,0,1,157.0,195.3,0,0,135.3,0,0.7,0,0,1,1
77,0,2,137.4,212.4,0,0,131.3,1,1.3,0,2,3,1
54,1,2,147.0,232.6,0,2,189.9,1,0.4,0,0,1,1
78,0,2,144.6,294.8,0,1,129.5,0,1.5,0,0,2,1
55,0,1,119.3,259.8,0,0,131.1,1,1.3,0,2,3,0
50,0,2,113.5,267.0,0,0,78.5,0,3.1,0,2,3,1
47,0,2,148.3,325.3,0,0,127.6,1,0.2,2,3,1,1
72,1,2,90.4,267.1,0,0,129.9,0,0.3,1,2,1,0
45,1,0,119.7,192.2,0,2,172.7,0,5.2,1,1,1,1
62,0,2,107.9,219.4,0,0,173.3,0,1.0,0,0,2,0
48,0,3,148.6,201.6,0,0,153.2,0,0.1,1,0,2,1
49,1,3,157.3,233.7,0,0,141.5,0,1.3,1,1,1,0
65,1,2,123.7,227.1,0,1,129.3,1,0.2,1,1,1,0
50,1,2,182.8,198.5,0,1,157.9,0,0.7,1,0,1,0
50,1,0,157.8,280.7,0,0,132.7,1,3.0,1,0,3,1
66,0,1,137.5,289.4,0,0,159.3,1,0.7,1,3,1,1
72,1,0,165.5,255.6,0,0,162.4,0,0.9,1,1,1,1
61,1,2,124.2,199.8,0,1,170.3,0,0.6,1,0,1,0
47,0,1,124.3,244.3,0,0,119.7,1,1.7,0,1,3,1
48,1,2,140.8,212.4,0,0,158.8,0,0.2,0,0,2,0
55,0,2,118.8,298.3,0,0,142.3,0,0.7,1,2,1,1
58,0,3,108.9,190.2,1,0,106.4,0,0.4,0,3,2,1
43,1,2,114.4,266.5,0,1,152.7,1,1.9,1,1,3,1
62,1,2,132.5,272.2,0,0,134.2,0,0.6,1,0,2,0
55,0,2,139.7,281.2,0,1,136.8,0,0.3,2,0,3,1
35,1,1,123.2,243.4,0,0,194.3,0,2.2,1,1,2,1
44,1,0,102.0,223.4,0,1,120.0,0,0.8,1,0,1,1
48,0,0,138.0,344.6,1,1,149.6,1,1.8,0,3,2,1
53,1,0,156.7,202.5,0,0,152.2,1,0.5,1,0,1,1
75,1,3,127.4,280.3,0,0,76.8,1,3.2,1,0,1,1
57,1,0,164.7,243.3,1,1,147.0,0,1.2,0,0,1,1
45,1,2,147.4,253.3,0,1,157.9,0,3.1,0,1,3,0
56,1,0,115.5,257.0,0,1,164.7,0,0.3,2,1,1,1
50,1,3,121.3,192.4,0,0,88.7,1,0.9,0,0,1,1
58,0,1,126.4,183.7,0,1,144.0,0,0.2,2,2,2,0
60,1,1,132.2,187.3,0,2,133.1,0,0.1,2,0,2,1
67,0,1,90.4,226.3,0,1,147.5,1,0.2,1,0,1,0
54,0,2,117.4,252.3,0,1,155.0,1,1.3,0,1,1,0
72,0,0,125.5,217.5,0,1,142.4,0,2.0,1,2,2,1
64,1,3,170.5,181.7,1,0,144.4,0,0.1,0,3,2,1
46,0,2,133.1,279.0,0,1,150.8,0,0.4,0,0,2,0
78,1,0,125.6,182.1,0,1,135.9,0,0.7,1,0,1,0
58,1,0,127.1,263.9,0,1,104.5,0,0.6,1,0,1,1
45,0,2,136.4,205.2,0,0,205.0,1,0.1,0,1,2,0
72,1,0,131.7,301.3,0,0,151.2,0,0.3,1,0,1,0
77,1,3,129.2,226.3,0,1,170.5,1,0.6,2,0,1,1
54,1,0,124.0,163.9,0,2,147.7,0,0.0,0,0,1,0
48,0,2,138.1,237.6,0,0,163.2,0,0.8,1,0,2,0
52,1,2,108.6,203.7,0,0,113.4,0,1.3,2,0,1,1
62,1,2,116.4,279.9,1,1,179.5,1,0.2,0,2,1,1
68,1,1,120.8,260.8,0,0,168.8,1,0.7,0,0,1,0
60,0,3,112.6,215.8,0,1,123.1,0,0.6,0,0,1,0
55,1,2,119.4,197.6,0,2,133.7,0,0.4,2,0,1,0
70,1,2,154.1,198.7,1,1,134.1,0,1.2,0,1,1,0
51,0,2,148.9,214.6,1,0,158.2,0,1.4,1,3,1,1
65,0,2,138.6,305.3,0,1,136.2,0,0.3,0,3,1,0
51,1,3,137.1,234.0,0,1,164.6,1,4.6,1,0,2,1
59,0,3,120.2,284.8,1,1,150.0,0,0.6,1,0,1,1
53,1,0,96.3,175.9,0,0,154.2,0,3.3,1,2,1,1
53,0,1,133.3,156.5,0,1,148.9,0,0.1,0,3,1,0
50,1,3,138.4,198.4,0,0,180.4,0,1.8,1,2,3,1
69,0,0,122.6,275.6,0,0,157.2,1,0.9,0,0,1,1
46,1,3,112.6,225.9,0,0,144.3,1,3.1,2,0,2,1
46,1,2,109.1,277.7,0,0,172.6,0,1.0,1,0,1,0
77,1,0,142.8,305.1,0,0,114.7,0,1.2,0,0,1,1
65,1,1,138.2,203.1,0,2,129.1,0,1.0,0,0,2,1
28,0,1,146.0,269.0,0,0,182.6,1,0.2,0,0,2,0
48,0,3,115.0,300.4,0,1,163.8,0,0.9,1,0,1,0
34,1,1,123.8,279.9,0,0,165.3,0,0.5,0,0,1,0
44,1,1,131.8,167.8,0,0,164.0,1,1.3,1,0,2,0
22,1,3,116.1,148.6,1,0,202.9,0,0.4,0,0,2,0
52,1,0,148.6,221.0,1,0,147.6,0,1.4,2,2,1,1
41,1,2,153.0,218.8,0,1,155.4,0,3.2,1,0,2,1
55,1,2,114.3,278.8,1,0,177.2,0,0.1,1,0,2,0
36,0,0,118.3,192.5,0,0,135.2,0,0.8,0,1,2,1
55,1,0,158.1,260.0,0,0,136.8,0,1.0,1,0,1,0
49,1,1,138.6,192.0,0,0,165.5,0,0.5,2,3,3,1
71,1,0,140.4,262.5,0,1,123.5,0,1.7,0,0,1,1
70,0,1,141.1,226.9,0,1,139.1,0,2.1,2,3,3,1
63,0,2,145.1,260.3,0,0,116.3,0,0.8,0,0,2,1
50,0,2,137.0,224.0,0,1,155.8,0,0.6,1,1,1,0
76,1,2,143.3,152.0,0,0,99.4,0,1.3,0,0,1,1
37,1,1,129.9,257.8,0,0,128.8,0,0.1,0,1,2,1
39,0,0,151.5,287.6,0,2,163.3,0,0.9,0,1,1,0
53,1,1,129.0,204.3,0,0,167.5,0,0.3,1,0,2,0
79,1,1,140.3,285.8,0,0,133.5,0,3.1,0,0,1,1
52,1,3,161.4,213.7,0,1,179.2,0,0.9,0,0,1,0
52,0,0,136.4,181.3,0,1,157.8,0,2.2,1,0,3,1
38,1,1,128.8,208.9,0,1,145.0,0,0.3,0,0,2,0
64,1,2,147.9,236.8,0,0,170.9,1,0.7,1,0,1,1
64,0,2,137.6,186.8,1,1,153.8,0,0.2,1,0,1,0
63,1,3,122.9,303.9,0,0,152.8,1,1.5,0,1,1,1
47,1,0,136.7,171.6,0,0,182.6,0,0.6,1,0,1,0
46,0,0,114.4,214.8,0,0,144.3,1,0.2,0,0,2,1
40,0,1,160.4,195.9,0,1,170.6,1,0.2,1,1,2,0
55,1,0,138.5,301.3,0,1,136.1,1,1.5,1,2,2,1
42,0,2,111.1,170.9,0,0,154.8,1,0.1,2,2,1,1
41,0,3,120.7,273.2,0,0,132.4,1,0.7,1,0,3,1
49,1,2,146.4,248.3,0,0,156.8,0,0.3,1,0,2,0
49,1,0,113.1,184.7,0,0,167.3,0,2.6,0,2,1,1
48,1,0,181.5,223.8,1,0,149.4,0,0.3,0,1,2,0
59,1,3,109.1,235.1,0,2,152.3,0,0.2,0,1,2,0
55,0,1,147.9,267.5,0,1,98.1,1,0.6,1,0,2,1
51,1,3,124.5,212.0,1,1,159.4,1,1.1,2,2,1,1
56,1,2,119.9,269.9,0,1,117.5,0,1.2,1,1,3,1
43,1,3,140.9,239.7,0,0,176.9,0,1.0,0,1,1,1
55,1,3,126.1,261.6,0,1,167.4,0,0.4,2,0,2,0
56,0,1,160.1,203.3,0,0,126.9,1,0.0,1,0,1,0
37,1,2,104.5,224.8,0,0,145.9,1,1.1,1,0,1,0
65,0,1,143.9,250.1,0,1,171.3,0,2.3,0,2,2,0
44,1,0,126.5,241.5,0,2,183.1,1,0.4,0,0,2,0
55,0,1,136.6,240.0,0,1,156.8,1,0.2,0,2,1,0
67,0,1,143.5,338.0,0,1,128.5,0,0.4,1,0,1,1
64,1,0,105.3,270.2,0,1,101.4,0,0.8,0,1,2,1
54,1,0,138.2,273.4,0,1,163.9,0,1.5,2,1,1,0
50,1,2,152.6,250.9,0,0,137.0,0,1.1,0,1,3,0
64,1,3,144.9,268.4,0,1,155.8,0,0.8,2,0,2,1
61,1,2,129.1,252.6,0,0,161.6,0,2.1,0,2,2,0
47,1,1,106.8,318.9,0,0,147.1,0,1.5,0,1,2,1
45,1,1,140.9,235.6,0,1,157.7,1,0.2,0,1,2,0
31,0,0,159.0,269.9,0,1,190.3,0,1.3,2,2,3,0
56,1,2,146.4,333.9,0,0,141.4,0,0.3,1,0,1,0
53,1,3,154.6,269.8,0,0,135.7,0,4.3,0,3,1,0
66,1,1,153.8,233.1,0,1,149.4,0,0.3,1,2,3,1
58,1,2,127.9,210.5,0,2,140.6,0,0.1,2,1,1,1
69,1,2,139.4,224.8,0,1,141.2,1,1.0,0,0,1,1
46,1,0,147.6,255.8,0,0,175.1,0,1.0,0,0,2,0
67,1,1,108.8,324.5,0,0,114.4,0,1.4,1,1,1,1
48,1,2,144.2,265.9,0,0,163.9,1,1.7,0,2,2,0
63,1,2,158.9,227.5,0,1,128.6,0,3.6,2,0,2,1
38,0,0,126.1,222.4,0,1,150.0,1,1.4,1,0,1,1
57,1,0,149.4,235.9,0,0,146.8,1,1.9,0,1,1,1
32,1,2,118.5,174.7,0,1,158.2,1,2.8,0,1,1,0
51,0,1,130.9,220.2,0,1,112.5,0,0.3,2,3,1,1
59,1,2,130.3,221.1,0,1,175.0,0,0.2,1,0,3,1
48,1,0,140.8,361.5,0,1,176.2,0,0.8,1,0,1,1
42,1,0,129.1,278.0,0,1,151.6,1,0.5,1,2,1,1
63,1,1,106.1,197.3,0,0,162.8,1,0.0,0,1,1,1
53,0,3,117.8,172.0,0,1,139.5,0,1.7,0,2,1,1
49,1,2,167.7,182.2,0,0,129.0,0,0.3,0,1,2,1
54,0,3,141.2,303.6,0,2,148.8,0,0.6,0,0,3,1
83,0,1,100.5,192.2,0,0,104.5,1,1.5,2,1,1,1
67,1,3,159.0,316.8,0,1,153.2,0,0.9,2,2,1,1
67,0,3,113.5,256.5,0,2,124.3,1,3.9,0,1,2,1
59,0,1,148.3,232.3,0,1,109.4,0,1.8,1,1,2,1
56,1,3,157.8,191.7,0,1,75.0,1,1.8,1,2,3,1
28,1,3,129.3,287.9,0,1,160.4,0,1.6,0,1,2,0
47,1,3,114.3,263.0,1,0,158.9,0,1.4,0,2,1,1
49,1,3,119.9,279.3,0,0,180.0,0,0.9,1,0,1,0
33,1,2,140.1,222.1,0,2,122.0,1,1.5,0,0,2,1
41,0,3,107.3,266.2,0,0,177.6,0,0.9,1,2,2,0
32,1,1,118.0,298.9,0,0,150.1,1,0.6,0,1,1,1
54,1,2,143.2,267.6,0,0,146.2,0,0.7,0,0,1,1
63,0,0,121.5,198.1,0,1,142.3,0,0.8,0,0,2,1
66,1,2,162.6,268.5,1,2,140.2,1,4.2,1,1,1,1
59,1,2,116.6,276.4,0,0,99.9,0,0.7,1,1,1,1
43,0,2,90.0,311.3,0,1,169.9,1,1.5,0,0,2,1
33,0,3,111.7,259.8,0,0,178.6,0,0.9,1,0,1,1
35,0,1,131.8,283.2,0,0,180.0,1,0.6,0,0,2,0
40,1,2,146.0,263.6,0,1,166.7,0,2.2,1,2,2,1
44,1,0,124.1,178.3,0,0,149.0,1,1.1,1,0,2,1
52,1,0,128.5,277.2,0,1,116.5,1,1.9,1,0,1,1
43,1,2,130.7,242.8,0,2,164.1,0,2.5,0,0,3,1
58,1,2,166.4,330.7,0,1,146.0,0,1.2,1,1,1,1
51,1,0,140.1,177.0,0,1,149.3,0,0.2,0,0,3,1
54,1,1,125.1,191.6,0,0,157.3,0,1.9,1,2,1,1
67,1,1,174.2,277.9,0,0,138.8,0,0.1,0,0,1,0
41,1,2,131.0,303.4,0,1,145.6,0,0.1,1,0,2,0
59,1,2,97.9,237.9,0,1,118.6,0,0.6,1,2,1,0
54,1,0,109.0,236.3,0,0,147.5,0,0.1,0,0,3,0
50,1,2,143.0,249.1,0,0,182.4,0,0.0,0,1,1,0
64,1,1,104.5,223.6,0,1,117.3,0,4.8,1,3,1,1
64,1,2,145.5,288.4,0,1,163.7,0,1.2,1,3,1,1
44,1,0,117.5,216.7,0,0,169.3,0,1.5,1,1,1,1
52,1,3,154.7,271.5,0,0,111.1,0,2.0,0,0,2,1
57,1,0,137.8,184.2,0,0,159.2,0,0.0,0,2,1,0
51,1,2,103.8,316.0,0,2,149.8,1,0.6,1,0,3,1
60,0,2,149.0,150.2,0,0,142.2,1,1.9,0,0,3,1
57,0,0,156.3,195.7,0,1,189.7,0,1.4,0,0,3,1
74,1,0,116.0,347.6,0,0,156.3,0,0.1,1,0,3,1
37,0,1,112.3,239.9,0,1,137.4,1,2.8,0,0,2,1
53,1,2,142.8,212.0,1,1,162.3,0,1.8,0,2,1,1
44,1,0,143.8,181.7,0,2,133.4,1,0.5,0,0,2,1
61,1,2,178.1,224.7,1,1,124.2,0,2.7,0,0,1,1
36,1,2,145.5,247.8,0,2,161.9,0,1.7,0,1,2,0
58,1,1,178.2,264.2,0,0,171.0,0,0.2,1,0,3,0
47,1,0,132.6,253.1,0,0,119.1,0,0.5,0,2,1,1
46,1,3,138.9,160.0,0,1,141.3,1,0.5,2,2,1,1
38,1,1,119.8,241.9,0,0,183.1,0,2.8,0,0,1,1
49,0,0,120.3,254.6,0,2,129.9,0,0.6,0,0,2,0
66,0,2,136.6,260.9,0,0,141.1,1,0.7,1,1,1,0
54,1,0,123.5,242.7,0,0,140.8,1,0.2,2,0,1,1
61,1,1,90.0,189.8,0,1,171.5,0,0.3,1,0,1,0
72,1,0,126.5,207.2,0,1,143.8,0,0.3,0,0,1,1
57,1,3,154.1,295.8,0,1,139.2,1,1.8,0,1,1,1
48,1,1,133.8,205.2,0,0,132.8,0,0.5,0,0,1,0
59,1,3,136.7,211.4,0,0,190.9,1,0.5,1,1,1,0
48,0,1,115.8,226.3,0,0,149.5,0,0.8,1,0,1,0
48,1,1,138.5,185.8,1,0,146.2,0,0.3,1,1,3,1
37,1,3,159.6,263.3,0,1,168.8,0,0.0,0,3,1,0
64,1,1,161.7,189.1,1,1,157.4,0,0.8,0,2,1,0
50,1,1,139.6,287.7,1,0,119.2,1,0.5,0,3,1,1
56,1,0,119.1,182.9,1,1,142.2,0,0.6,0,0,1,1
43,1,3,163.1,225.2,0,1,130.6,1,1.1,0,3,1,1
59,1,0,154.3,258.3,0,0,132.2,0,2.0,2,0,2,1
46,1,2,105.3,273.4,0,2,180.4,1,0.4,0,0,1,0
52,1,2,101.9,230.8,0,0,174.2,0,2.1,1,0,1,0
64,0,0,107.8,214.0,0,1,154.6,0,1.0,0,0,1,1
63,0,0,124.4,307.0,0,0,111.3,0,2.8,1,0,2,0
54,1,3,150.2,249.4,0,1,151.7,0,0.8,1,1,2,1
35,1,2,145.1,227.2,0,0,146.3,0,1.4,0,0,1,0
85,1,2,147.9,172.2,0,0,150.8,1,0.0,0,0,1,0
73,1,1,136.2,256.5,0,0,123.8,1,0.1,0,0,1,1
62,1,0,178.7,244.0,0,1,124.6,1,0.1,2,0,3,1
46,1,2,132.6,178.9,0,2,160.3,1,2.0,0,3,3,1
53,0,2,129.2,206.7,0,1,174.9,0,0.2,1,0,1,0
48,1,2,123.4,243.4,1,0,174.7,0,0.2,0,0,2,0
68,1,1,177.3,266.9,1,1,167.8,0,0.1,0,0,1,1
57,0,3,144.7,197.6,0,0,174.6,0,2.0,0,0,3,0
45,0,0,110.1,193.9,0,0,188.9,1,0.1,2,2,1,0
49,1,0,112.0,244.7,1,1,154.6,0,1.1,2,0,1,1
66,1,3,106.8,208.6,0,1,130.6,1,0.4,1,0,2,1
72,1,2,136.8,238.9,0,1,118.6,0,0.3,2,0,1,1
71,1,1,111.3,325.5,0,0,163.7,0,1.7,2,0,1,1
62,1,2,115.0,242.3,0,0,139.0,0,0.4,2,1,1,1
51,1,1,152.5,285.4,0,0,129.4,0,0.0,1,3,3,1
22,1,0,142.0,175.4,0,0,178.3,0,0.2,0,0,1,0
57,1,2,161.6,208.7,0,0,114.0,1,0.6,1,0,1,0
54,0,1,104.5,206.7,1,0,123.8,0,0.1,1,1,1,0
56,1,0,116.5,193.5,0,1,151.2,1,0.1,0,0,1,1
55,1,0,122.9,163.9,0,0,166.4,0,0.2,1,1,1,0
39,1,1,159.8,244.6,0,2,149.3,0,0.8,1,0,2,1
60,1,0,136.6,260.5,0,0,138.9,1,1.2,2,3,1,1
61,0,3,165.5,202.2,1,0,160.7,0,1.1,1,0,1,1
62,0,2,144.3,211.4,0,0,161.0,0,0.0,0,2,3,1
64,1,1,134.5,248.3,0,0,96.0,0,0.6,0,0,1,0
61,1,2,146.1,244.8,0,1,176.0,0,0.6,0,0,1,0
49,1,2,101.6,285.1,1,1,143.4,0,0.3,1,0,3,0
53,0,2,93.8,290.9,0,1,131.8,1,0.9,1,0,2,1
55,1,0,138.9,212.3,0,1,136.7,1,0.3,0,0,2,1
55,0,0,131.5,238.8,0,0,117.0,0,4.5,1,0,1,1
65,1,3,171.6,201.2,0,1,197.0,0,1.2,0,0,2,0
61,0,0,107.9,309.9,0,2,114.7,1,2.5,2,0,2,1
77,1,0,146.5,261.2,0,2,100.8,1,0.1,0,0,1,1
78,1,2,152.5,293.5,0,1,127.4,1,0.5,2,0,2,1
55,1,0,140.4,225.8,0,0,116.6,0,0.1,0,2,1,1
22,0,3,142.8,275.1,0,2,169.5,0,1.0,0,2,2,0
68,1,3,126.1,279.1,0,1,175.3,0,0.2,0,3,2,1
48,1,2,147.5,295.6,0,0,154.8,0,0.3,1,0,2,0
45,0,3,138.9,179.1,0,1,160.5,0,0.7,1,2,1,0
50,1,1,154.0,243.3,0,0,143.6,1,3.0,2,1,1,1
49,1,2,123.5,287.9,0,0,127.7,1,2.8,1,2,1,1
61,1,2,114.4,202.7,0,0,137.0,0,0.7,2,1,1,1
37,0,0,115.4,258.4,0,1,181.0,1,0.5,2,0,1,0
42,1,3,111.9,262.3,0,0,184.7,0,0.4,0,2,1,0
58,1,3,124.8,273.6,0,0,146.1,0,3.2,1,0,1,0
61,1,3,129.7,258.5,1,0,162.7,0,1.4,1,0,2,0
61,0,2,116.3,271.0,0,0,126.4,1,0.8,0,1,1,1
45,1,1,131.9,257.3,0,1,139.5,0,0.1,0,2,1,0
43,1,0,110.0,289.7,0,0,119.0,1,0.2,2,0,2,1
48,0,0,128.2,207.7,0,1,175.6,1,1.9,1,0,3,1
57,1,0,125.8,257.4,0,2,133.1,1,3.3,1,1,3,1
70,1,0,135.8,300.6,0,2,108.8,0,1.7,1,0,3,1
31,0,2,132.3,198.9,1,0,172.4,0,0.6,1,1,1,0
52,1,2,126.0,210.3,0,0,178.4,0,0.3,0,2,1,0
39,1,1,116.2,259.2,0,0,148.4,0,0.1,0,0,1,0
36,0,2,114.7,295.9,0,0,119.4,1,0.2,1,0,3,0
65,0,1,152.2,239.3,0,0,133.9,1,0.5,1,2,1,1
60,1,2,158.5,247.7,0,1,149.3,1,1.4,0,0,1,1
59,1,3,126.0,259.2,0,0,157.7,1,1.3,0,3,1,1
64,0,2,130.7,223.5,0,0,158.7,1,0.6,1,2,1,1
49,1,0,102.1,336.2,0,0,152.3,1,0.5,0,0,2,0
49,1,1,129.5,199.0,0,1,144.9,0,0.5,0,0,2,1
78,0,2,110.9,253.8,0,0,148.3,0,1.6,1,0,1,0
51,1,2,124.5,245.0,0,1,120.3,1,0.2,2,1,1,1
62,1,3,155.4,147.9,0,0,121.5,0,0.1,1,0,3,1
54,0,0,104.0,204.3,0,0,131.6,1,0.1,2,0,1,0
34,1,1,112.8,174.9,0,1,149.9,0,2.5,2,2,1,1
32,1,0,112.4,265.4,0,0,130.4,0,0.1,2,2,1,0
48,0,2,99.5,164.8,0,0,172.6,0,1.1,0,0,2,0
66,0,2,149.5,287.0,1,0,113.7,0,0.7,1,0,2,1
63,0,0,138.2,192.6,0,1,83.1,1,0.1,0,1,2,1
64,0,1,166.1,287.2,0,1,163.3,0,0.6,1,0,1,1
43,0,2,110.3,176.1,1,2,165.5,1,0.3,2,0,2,0
72,1,3,106.6,266.4,0,1,135.5,0,0.6,0,1,1,1
43,1,1,148.2,278.7,0,1,164.5,0,2.3,2,1,3,1
56,0,0,125.0,267.3,0,1,148.8,1,0.2,0,1,3,1
54,1,1,125.6,187.7,0,0,173.2,1,0.3,0,0,1,0
52,0,1,157.1,290.4,0,1,131.9,1,1.7,1,0,2,1
69,0,2,137.8,270.7,0,1,176.8,1,0.9,1,0,1,1
46,0,1,145.3,134.9,0,0,173.2,1,0.2,2,0,1,1
39,1,2,119.0,241.0,0,0,143.3,1,2.6,1,0,1,1
54,1,3,120.9,366.1,0,0,130.7,1,0.7,0,0,1,0
50,1,0,126.4,289.1,0,1,153.2,1,2.9,1,0,1,0
85,1,3,153.8,230.3,0,0,104.3,0,0.0,2,2,1,1
61,0,3,133.7,267.8,1,1,138.9,0,0.5,1,0,3,0
49,0,1,138.2,222.4,0,0,180.2,0,0.6,0,0,1,0
42,1,0,90.0,281.8,1,1,158.8,0,0.4,0,0,2,1
33,0,3,91.9,198.2,0,0,205.0,1,0.3,1,0,1,0
43,1,2,92.5,290.7,1,1,137.3,0,0.2,1,0,3,0
55,0,0,124.4,282.2,0,1,157.0,0,0.9,1,1,2,0
70,1,1,112.8,275.3,0,0,126.3,0,2.8,0,0,2,0
66,1,2,167.4,336.7,0,1,135.8,0,1.3,1,1,1,1
57,0,0,131.4,286.7,0,0,156.8,0,0.3,0,2,1,0
50,1,2,136.9,284.9,0,0,133.9,1,0.8,0,0,1,1
57,1,2,115.1,292.0,0,0,126.8,1,1.2,0,0,2,1
48,0,3,109.3,270.7,1,2,141.0,1,0.7,2,0,1,1
73,1,2,166.7,268.5,1,0,124.4,0,0.9,0,0,3,1
52,0,2,162.6,210.9,0,1,126.6,0,0.9,0,3,3,0
53,0,2,138.2,211.9,1,0,180.0,0,1.2,0,0,1,0
30,0,1,90.0,252.0,0,1,155.3,0,0.6,0,1,2,0
52,1,2,125.8,267.5,0,0,167.1,1,1.3,1,1,3,1
63,0,2,138.9,245.3,1,0,158.9,0,2.1,1,0,2,0
42,0,3,123.9,216.0,1,1,177.3,0,0.3,0,0,2,0
46,1,2,93.8,232.6,0,0,123.0,0,0.4,2,1,1,0
63,0,2,166.5,242.2,0,0,134.5,1,0.5,0,2,2,0
38,1,0,115.0,247.9,0,1,172.3,0,0.2,1,0,1,0
66,0,3,109.9,235.8,0,0,126.9,1,3.4,1,0,2,1
48,1,1,131.9,290.6,1,0,183.9,1,0.7,1,1,2,1
50,1,3,154.3,235.1,0,0,123.0,0,0.4,0,1,1,1
42,1,1,140.2,208.9,0,1,172.9,0,0.9,2,0,1,0
58,0,0,108.3,239.2,0,0,135.4,0,1.5,0,0,3,1
81,1,3,114.1,202.4,0,1,154.5,1,0.4,0,0,2,1
63,1,2,96.8,333.1,0,0,148.1,1,0.2,1,0,1,1
44,0,2,123.3,266.7,0,1,135.0,0,3.0,1,0,1,0
66,0,0,125.5,245.0,0,0,158.4,0,5.3,0,2,3,1
51,0,3,139.5,302.7,0,1,111.4,0,0.3,0,0,2,1
69,1,2,125.4,237.6,0,0,130.9,0,0.7,1,0,3,1
63,1,1,153.8,243.1,0,1,132.2,0,0.0,0,0,1,0
22,0,3,134.8,199.2,0,0,176.3,1,1.7,0,1,2,0
43,0,2,115.1,196.2,0,1,95.1,0,0.0,0,0,1,1
64,0,0,140.5,254.2,0,1,146.7,0,1.5,2,1,1,1
56,0,2,155.4,288.9,0,0,154.6,0,0.3,1,1,1,1
43,1,2,114.0,198.9,0,1,136.7,0,2.7,0,0,1,0
47,1,3,128.4,228.4,0,0,145.1,0,0.3,0,0,2,0
33,0,1,121.6,225.1,0,1,161.0,0,6.0,0,0,3,1
53,1,2,127.3,275.0,0,1,169.0,0,0.1,1,1,2,0
78,1,2,154.4,230.8,0,1,85.6,0,2.3,1,0,2,1
63,1,0,152.1,277.7,0,1,140.9,1,0.2,1,0,2,1
78,1,0,147.3,281.3,0,1,143.8,1,1.7,0,1,1,1
64,0,2,140.0,215.8,0,0,155.4,0,0.3,0,0,3,0
65,1,2,126.6,232.4,0,0,136.2,0,0.6,0,2,1,1
76,0,2,142.4,252.6,0,0,147.0,0,0.7,2,1,1,0
58,1,2,111.9,223.6,0,1,143.6,1,2.3,1,0,1,1
52,1,2,178.1,201.3,0,0,173.6,0,0.2,1,0,3,0
65,0,2,158.1,310.5,0,0,122.6,0,2.9,1,0,1,0
70,1,0,155.2,168.6,0,0,123.4,0,0.2,0,0,1,1
49,1,0,140.1,249.9,1,2,160.8,0,1.1,0,2,2,1
46,1,2,139.4,298.6,0,1,166.6,1,1.2,0,0,2,0
56,1,2,104.1,206.6,0,1,157.5,0,1.7,0,0,2,1
63,0,2,110.6,245.7,0,0,132.8,0,3.8,0,0,1,0
63,1,2,115.8,284.3,0,2,133.2,0,0.1,2,0,1,1
38,1,2,131.1,120.0,0,1,156.9,0,1.5,2,0,1,1
75,1,0,134.2,246.5,0,1,110.8,1,0.5,1,0,1,1
47,1,2,146.9,169.8,0,0,133.8,0,1.2,1,0,3,0
51,0,1,112.9,282.7,1,0,181.6,0,0.3,0,0,1,0
44,0,2,147.0,203.0,0,0,149.9,0,2.9,0,0,2,1
84,1,2,126.7,330.4,0,0,118.1,1,1.4,1,1,2,1
57,1,2,127.2,200.4,0,0,133.1,1,0.5,0,0,1,1
45,1,1,147.9,258.0,0,1,159.4,1,3.4,1,0,1,1
64,1,1,145.6,206.3,0,0,188.0,0,1.5,2,0,2,0
62,1,1,113.5,233.8,0,1,168.1,0,1.3,0,1,3,1
52,1,2,152.7,240.5,0,1,120.0,0,1.8,0,0,1,1
63,1,1,137.9,245.7,0,2,170.4,1,1.0,2,0,2,0
45,1,0,93.2,311.1,0,1,134.7,0,0.6,1,0,2,1
49,1,3,117.6,302.5,0,0,136.3,0,0.3,1,1,1,1
32,1,1,121.1,200.7,0,1,150.5,0,0.1,1,0,1,0
39,0,0,106.2,238.0,0,1,130.8,0,0.5,1,0,3,1
74,0,2,160.2,197.2,1,1,163.9,1,0.6,2,1,2,1
72,0,2,128.8,186.5,0,0,124.0,0,2.9,1,2,1,0
55,0,2,139.5,212.4,0,0,100.8,1,1.0,2,0,1,1
72,0,2,139.2,321.8,0,2,118.2,1,0.1,1,0,1,0
52,1,0,146.2,166.4,0,1,153.1,0,0.0,2,0,1,0
51,1,1,163.4,265.7,0,0,111.6,0,1.8,1,1,2,1
55,0,0,143.4,262.0,0,0,152.9,1,0.9,0,0,2,1
53,1,1,165.1,208.3,0,1,128.7,0,0.8,2,2,1,1
52,1,2,146.1,269.1,0,1,173.4,1,0.4,1,1,1,0
67,0,1,136.6,274.1,0,1,149.8,0,1.3,0,2,1,0
56,1,2,140.3,240.5,0,2,148.2,0,1.8,0,1,2,1
62,0,2,90.0,237.6,0,2,108.7,1,2.3,0,0,1,0
65,1,1,128.6,234.4,0,1,112.6,1,0.6,2,0,1,0
58,0,0,129.4,205.7,1,0,132.5,0,0.1,0,0,1,0
43,1,1,139.1,244.8,0,1,149.2,0,2.0,1,0,2,1
39,1,0,129.8,213.9,0,1,190.2,0,1.1,0,0,1,0
56,0,2,137.5,249.2,0,0,152.9,1,1.3,0,0,2,0
52,1,2,109.7,213.9,0,0,140.4,0,2.9,1,1,1,0
55,0,2,102.8,212.8,0,0,179.5,1,0.3,1,0,2,0
54,1,2,112.7,217.4,0,1,145.6,0,1.7,1,0,2,1
82,1,1,169.3,307.0,0,0,140.4,0,0.6,1,0,1,1
39,1,2,107.4,175.5,0,1,190.8,0,2.8,2,0,1,0
32,0,2,111.3,311.7,0,0,176.6,0,0.4,1,0,2,0
58,0,0,133.9,276.6,0,2,154.9,0,0.9,2,0,1,1
50,1,3,104.4,171.2,0,0,162.8,0,1.1,1,3,1,0
57,0,0,116.0,217.0,0,0,144.4,1,0.0,1,0,1,1
60,1,2,147.7,172.1,0,1,144.9,0,1.0,1,2,1,0
68,1,2,129.6,274.8,0,1,104.3,1,1.2,0,2,1,1
37,1,3,160.1,291.6,0,1,142.2,1,1.8,0,2,1,1
48,0,3,98.9,249.4,1,1,150.1,1,0.4,0,0,1,0
59,1,3,129.0,296.8,0,1,154.8,0,1.3,2,0,1,0
62,1,2,128.1,252.3,0,1,133.2,0,1.7,0,2,2,0
78,1,2,139.8,292.5,0,0,185.8,0,1.7,0,1,1,1
65,1,0,114.7,258.1,0,2,158.3,0,0.3,2,0,1,0
53,0,1,120.3,241.7,0,0,153.6,1,3.1,0,0,1,0
44,0,3,142.7,271.9,0,0,121.8,0,1.3,1,0,1,0
48,0,1,124.7,232.4,1,1,149.9,0,1.2,2,0,1,1
47,1,0,113.0,303.1,0,0,163.0,0,1.7,0,1,2,1
61,0,0,170.2,230.0,0,0,141.3,0,1.5,1,1,2,1
57,1,1,135.6,267.4,0,0,142.9,1,0.2,1,0,1,1
39,1,0,141.3,205.1,1,1,153.1,0,0.9,0,0,3,1
49,1,1,146.5,170.4,0,1,135.1,0,1.7,2,1,3,1
64,0,1,132.2,260.6,0,0,114.1,0,1.1,1,0,2,0
58,1,1,120.8,163.4,0,1,193.3,1,0.9,0,1,1,1
60,1,0,139.1,338.1,0,0,121.9,0,0.3,0,1,1,1
58,0,3,119.4,227.2,0,0,134.9,0,1.5,0,0,1,0
72,0,2,142.2,244.3,1,1,142.4,0,0.1,0,1,2,0
57,1,2,131.8,228.8,1,0,100.6,1,1.2,0,1,3,1
50,1,2,151.5,246.2,0,1,184.2,0,1.5,1,0,1,0
44,0,1,108.0,252.9,0,2,179.3,0,2.6,0,0,2,0
57,0,3,144.7,205.5,0,1,112.7,0,1.3,2,1,2,1
27,0,3,135.3,120.0,0,0,156.7,0,0.7,0,3,2,0
52,1,0,129.2,192.3,1,1,169.8,0,0.2,0,0,1,0
52,1,0,146.6,219.3,1,1,148.3,0,0.5,1,0,1,0
39,1,2,137.8,248.5,0,0,178.6,1,0.1,0,0,2,0
44,1,0,143.5,246.0,1,0,187.2,0,0.6,0,0,1,1
63,1,3,147.1,277.7,0,1,124.0,0,0.2,0,1,3,1
57,1,2,135.7,170.2,0,1,156.1,0,0.2,1,2,1,1
55,0,1,120.5,202.5,0,0,120.5,0,0.2,0,0,1,0
57,1,1,123.8,223.0,0,0,135.6,0,1.2,1,0,3,1
55,0,2,127.4,308.8,0,1,148.5,0,0.4,1,0,1,0
68,1,0,152.7,366.0,0,1,142.4,0,1.1,1,1,2,1
55,0,3,142.6,182.4,0,1,128.3,1,1.6,1,3,1,1
38,0,0,145.1,283.8,0,1,170.3,1,3.1,0,3,2,1
72,0,3,155.4,251.5,1,0,104.5,1,0.1,0,0,1,1
58,1,0,131.1,267.3,0,0,125.8,0,0.0,1,3,1,1
48,1,2,167.8,181.0,0,0,174.8,1,0.6,0,0,2,0
40,1,0,128.6,296.1,0,0,138.4,1,0.2,0,1,3,1
58,1,1,126.1,145.1,0,1,151.2,0,0.3,1,0,3,1
53,1,2,139.7,183.2,0,1,184.2,0,3.4,0,1,1,1
71,1,0,147.0,235.5,0,2,137.0,0,6.0,1,0,2,1
50,0,1,116.7,213.9,1,0,179.6,0,4.2,0,0,1,0
45,1,1,128.9,239.4,0,0,123.2,1,2.4,1,3,2,1
64,0,1,125.5,214.8,0,1,128.6,0,4.0,1,2,2,1
64,1,2,139.0,229.2,1,1,146.5,0,0.2,0,0,1,0
56,1,2,148.8,234.0,0,1,123.7,0,0.0,1,0,2,0
61,1,0,131.0,234.0,0,0,133.2,0,0.4,1,2,1,1
54,0,0,141.3,247.9,0,0,150.8,1,0.8,1,0,1,1
57,1,1,109.8,281.9,0,1,149.5,0,0.6,0,2,1,1
67,1,3,153.3,212.8,0,0,132.9,0,4.7,0,0,1,1
61,1,3,127.6,303.1,0,0,103.1,1,0.2,1,0,3,1
52,1,2,125.0,242.9,0,0,134.6,1,0.2,0,2,2,1
69,0,3,142.0,302.1,0,0,107.8,1,1.7,0,0,2,1
28,1,2,135.7,217.2,0,0,161.5,0,0.5,2,0,2,0
77,0,1,134.7,211.3,0,1,132.9,1,0.6,1,0,2,1
35,1,0,113.3,238.3,0,1,156.2,0,1.1,1,1,2,1
47,0,1,120.6,351.8,0,1,131.0,0,2.0,0,0,2,1
54,1,0,135.7,181.3,0,0,110.8,0,6.0,1,2,2,1
52,1,2,142.3,270.5,0,2,180.2,0,4.3,0,2,1,1
65,1,2,121.9,253.1,0,0,141.4,1,1.9,0,0,2,1
42,1,2,119.5,255.0,1,1,147.9,1,0.2,1,2,2,1
57,0,0,136.5,189.4,0,0,144.3,1,0.2,0,0,1,0
48,1,2,131.0,259.4,0,0,121.7,0,1.3,0,0,2,0
57,1,1,137.4,255.4,0,0,174.1,1,0.8,0,0,2,1
53,1,1,90.0,175.8,0,1,132.5,1,1.7,0,0,1,0
55,0,3,125.9,247.5,0,2,144.5,1,0.2,0,2,2,1
48,0,1,144.9,228.6,0,1,161.9,1,2.8,1,0,1,1
48,0,1,118.4,223.7,1,1,167.0,1,0.0,1,0,1,0
57,1,2,143.5,240.4,0,1,145.3,0,0.2,2,1,1,0
64,0,3,111.7,292.8,0,0,118.9,1,0.7,0,3,3,1
47,1,0,104.1,259.1,0,2,165.0,0,3.3,1,1,1,0
44,1,2,139.0,192.0,0,1,172.3,1,1.9,0,0,3,0
61,1,3,134.8,265.7,0,0,169.2,0,1.2,1,0,3,0
54,0,1,125.0,239.5,0,0,159.5,1,1.6,0,1,1,1
63,1,1,151.5,217.4,0,0,188.3,1,0.4,1,0,1,0
44,1,2,125.9,183.4,1,1,156.9,0,1.2,1,0,1,0
34,1,1,117.6,269.9,0,0,164.0,0,1.9,0,0,1,1
48,1,1,119.2,214.2,0,2,178.2,0,1.1,0,0,3,0
46,0,3,111.9,278.6,1,1,187.8,0,1.9,0,3,2,1
53,1,2,142.1,193.7,0,1,178.7,0,1.4,1,0,1,0
47,0,0,123.6,326.7,1,1,150.0,0,0.4,2,0,1,0
62,1,1,156.6,360.1,0,1,159.6,0,1.1,1,1,1,1
51,1,2,90.0,264.2,0,0,172.8,0,0.7,0,0,1,0
56,0,1,148.1,299.1,0,0,147.8,0,2.3,0,3,1,1
56,1,2,141.0,222.2,0,1,127.7,1,0.2,2,1,1,1
56,1,2,132.9,217.8,0,0,124.3,0,2.8,1,2,1,1
54,1,1,110.8,293.9,0,1,155.9,0,0.6,2,0,2,0
60,0,3,102.6,250.2,0,1,163.3,0,0.6,0,0,1,0
45,0,3,142.3,177.9,0,1,142.9,0,1.6,1,2,1,0
69,1,0,142.1,250.1,0,0,121.8,1,0.4,1,1,1,1
51,0,1,134.3,186.6,0,1,138.1,0,0.1,0,2,2,1
40,1,1,128.7,228.4,0,0,159.3,0,1.8,0,0,1,1
56,0,0,146.8,288.2,0,1,163.5,0,1.0,0,0,1,0
45,0,1,118.2,302.5,0,0,161.2,0,2.9,1,0,2,1
61,1,1,129.7,256.0,0,0,143.5,0,2.1,1,0,1,0
78,1,0,136.8,308.7,0,1,163.8,0,0.1,1,0,1,1
45,1,0,127.9,218.0,0,2,205.0,1,1.5,2,0,2,1
58,1,0,159.1,317.6,0,0,145.5,1,0.4,2,1,2,1
35,1,0,106.7,202.9,0,0,194.4,1,0.9,0,0,1,0
59,1,1,100.1,207.5,0,1,129.5,0,0.5,0,0,2,1
44,1,1,105.3,217.6,1,0,178.7,1,1.7,2,0,2,1
47,1,3,144.6,206.1,0,0,133.7,0,2.2,1,1,1,1
42,1,0,129.2,260.0,0,0,147.0,0,0.6,1,0,1,0
62,1,3,107.2,299.3,0,0,141.9,0,0.3,1,1,2,0
65,1,0,138.5,245.9,0,1,98.7,0,0.4,1,0,3,1
54,0,2,125.2,255.1,0,0,107.5,0,0.3,1,1,1,1
44,0,1,138.6,177.1,1,0,134.9,1,1.2,0,1,1,1
71,0,3,149.5,251.6,0,2,166.5,0,0.3,1,0,1,0
46,0,0,174.3,316.5,0,0,147.1,0,2.3,1,3,1,1
30,0,3,103.7,295.2,0,0,182.1,0,0.2,0,3,1,0
59,1,0,101.7,195.0,0,2,108.4,0,0.0,1,0,2,0
42,1,1,141.6,217.9,0,0,162.7,0,2.0,0,1,2,0
65,0,1,151.5,395.1,0,0,150.7,0,0.5,1,0,3,1
50,1,2,110.0,258.4,0,0,128.9,1,0.2,1,0,1,1
61,1,3,112.8,310.5,1,0,184.4,1,1.0,1,0,1,0
69,1,1,143.9,316.8,0,1,111.0,0,2.0,2,0,1,1
41,1,2,161.6,187.8,0,0,150.1,0,0.5,1,0,2,1
48,1,2,116.7,271.2,1,1,205.0,1,0.2,1,1,3,1
53,0,2,132.3,249.3,0,1,127.3,1,1.2,1,2,3,1
71,0,2,101.1,324.0,0,1,123.7,0,0.7,0,0,2,1
47,0,0,125.7,325.3,0,1,155.2,0,0.9,0,0,2,0
47,1,1,130.2,202.4,0,1,122.6,0,0.8,1,0,3,1
59,1,2,161.7,394.6,0,0,156.0,0,0.3,0,0,3,0
48,0,1,116.8,246.7,0,0,112.0,1,2.2,1,0,1,1
56,0,3,143.9,269.9,0,0,146.4,0,1.1,1,1,2,1
37,1,3,115.9,120.0,0,1,189.6,0,0.8,0,0,3,1
78,1,3,141.6,294.2,0,0,147.3,0,0.4,0,1,3,1
39,1,0,167.6,141.4,0,0,155.7,1,0.5,1,0,1,1
50,1,1,165.3,233.7,0,1,142.9,0,0.8,1,2,3,1
54,1,0,169.3,217.1,0,0,145.7,1,0.6,0,0,3,1
75,0,3,143.4,269.3,0,0,128.7,0,1.0,2,0,2,0
39,1,0,126.5,244.0,1,0,165.4,0,2.1,0,2,1,1
76,0,1,141.6,274.9,0,0,148.6,0,1.7,1,0,1,1
62,1,1,144.4,299.0,0,1,146.0,0,0.3,2,0,1,1
59,1,0,142.3,199.0,0,1,160.0,1,0.5,1,0,1,1
43,0,1,115.4,228.6,1,0,165.5,1,3.4,0,1,1,1
60,1,0,122.0,206.3,0,0,116.6,0,0.3,0,0,3,0
46,1,1,121.3,198.1,0,2,101.0,0,0.2,1,1,1,0
68,0,3,153.8,331.3,0,0,143.0,0,0.6,1,0,1,1
43,0,2,149.5,181.7,0,1,144.3,0,2.4,2,0,1,0
53,0,2,188.1,204.9,0,1,152.7,1,1.0,2,1,1,1
48,1,1,140.2,335.8,0,0,188.0,1,1.2,0,0,1,1
43,1,2,117.1,232.0,0,2,148.3,0,0.3,1,1,2,0
62,1,3,127.4,241.4,1,1,149.6,1,0.2,0,1,1,1
60,1,3,132.7,261.1,0,0,125.4,1,4.8,2,0,1,1
67,1,0,164.4,192.9,1,0,150.6,0,0.3,1,0,1,1
34,1,3,142.2,193.8,0,1,142.4,0,1.2,0,0,1,0
66,1,0,112.8,218.5,0,1,162.4,0,1.1,1,0,1,0
82,1,1,140.0,297.1,0,0,133.5,0,0.1,0,2,1,1
49,1,1,106.3,269.2,0,0,147.4,1,0.9,2,0,3,1
75,0,2,146.9,221.0,0,0,99.0,0,0.1,0,0,3,1
51,0,2,117.5,234.5,1,1,119.2,1,0.5,2,0,2,1
39,0,0,116.2,270.4,0,0,169.4,0,0.7,1,3,1,0
51,1,2,99.4,135.4,0,0,175.0,0,1.5,1,1,1,0
66,1,1,150.6,258.9,0,0,145.7,0,0.1,0,1,2,1
45,0,0,150.5,271.6,0,0,148.0,0,2.7,1,3,1,1
47,1,1,119.8,198.5,0,1,152.9,0,0.1,2,0,2,0
61,1,2,132.8,272.5,0,1,140.2,0,0.4,1,2,3,1
54,1,0,125.4,242.1,0,0,132.1,1,0.6,1,0,2,1
60,0,0,128.6,323.2,0,0,114.3,1,0.4,0,0,2,1
57,1,3,120.0,219.4,0,2,116.3,0,0.1,1,1,1,0
59,0,3,112.4,269.1,0,0,129.5,0,0.7,2,0,3,0
49,0,0,154.4,175.0,1,1,152.6,0,0.3,1,1,1,1
57,1,2,90.0,245.8,0,2,116.6,0,1.1,1,0,2,0
44,1,1,140.6,273.8,1,1,152.0,0,2.8,2,1,1,1
68,0,2,139.6,223.2,0,0,122.7,0,1.0,0,0,1,0
47,1,1,162.0,288.2,0,1,115.0,1,0.1,0,1,1,1
66,1,0,132.7,286.1,0,0,126.3,0,0.5,2,1,2,1
51,1,1,126.6,246.7,0,1,154.6,0,0.1,0,0,3,1
56,1,0,119.9,230.2,0,1,132.5,0,0.6,0,0,1,0
49,0,1,136.2,120.0,1,2,183.1,1,2.9,1,0,2,1
43,1,3,118.5,209.0,0,1,167.9,1,0.4,0,2,1,0
35,0,3,105.9,283.2,1,1,182.2,1,0.1,0,0,1,0
42,1,3,117.7,225.2,0,0,205.0,0,0.6,0,0,2,0
50,0,3,113.0,259.9,1,0,137.4,0,2.1,1,0,1,1
56,1,0,116.4,221.7,0,0,114.9,0,0.1,1,0,2,1
65,0,2,135.3,182.5,0,0,123.7,0,1.3,0,3,1,1
49,1,1,129.2,272.6,0,1,152.1,0,0.5,0,0,2,0
44,1,3,141.4,183.9,1,1,162.2,1,0.6,1,0,1,0
38,1,2,132.7,224.3,1,1,161.3,1,1.4,0,2,3,1
59,0,1,110.6,259.2,0,0,134.8,0,3.6,0,0,3,1
69,1,1,99.5,216.8,0,1,147.7,0,0.3,0,0,3,1
68,0,1,115.5,315.4,1,1,164.3,0,0.5,1,1,1,1
62,1,1,149.7,331.0,0,1,126.2,1,0.1,0,0,1,1
61,1,3,149.1,208.2,1,1,122.9,0,0.4,0,2,3,1
73,1,3,156.5,214.2,0,0,179.4,0,0.3,0,0,2,1
58,1,0,150.1,223.5,0,0,120.4,1,1.4,2,0,1,1
61,0,1,152.3,294.6,0,0,162.0,0,1.2,1,3,1,0
50,0,0,137.3,261.4,0,0,145.7,1,0.4,0,0,3,1
39,1,3,162.7,269.2,1,1,189.3,0,1.0,1,0,2,1
46,1,3,137.3,296.5,0,0,146.0,0,1.8,1,2,1,0
54,1,2,170.0,201.6,0,0,156.3,0,1.9,1,3,1,1
55,1,2,123.0,263.9,1,0,118.1,1,1.6,1,2,2,1
75,0,2,124.5,251.0,1,0,120.1,0,0.4,1,0,1,1
55,1,0,130.8,260.7,0,0,152.4,1,0.7,0,0,3,1
67,1,3,136.6,296.5,1,0,125.1,0,1.0,1,0,2,1
49,1,2,127.0,233.0,0,0,122.3,1,0.5,1,0,2,0
51,1,0,143.0,209.7,0,0,196.1,1,1.1,1,3,3,0
39,1,1,128.4,189.9,0,0,156.2,0,1.5,1,0,1,0
46,1,2,121.1,315.8,0,0,177.6,0,0.1,1,3,2,1
60,1,1,128.4,241.7,0,0,185.9,0,0.5,1,0,1,0
54,1,2,155.9,181.2,0,0,136.1,0,1.0,1,0,1,1
64,0,3,139.2,305.8,0,1,139.7,0,0.5,0,0,1,0
56,0,2,101.3,166.9,0,1,148.1,0,0.9,1,1,1,0
50,0,2,157.2,171.8,0,1,160.4,0,0.8,0,0,1,0
78,1,2,147.8,235.9,0,0,157.8,0,2.2,1,1,2,1
53,1,1,145.3,217.0,1,1,169.7,1,0.8,0,1,1,1
67,1,1,154.0,259.7,1,2,155.6,0,1.9,2,0,1,0
50,1,1,150.7,155.2,0,2,142.9,0,0.1,1,1,2,1
62,0,3,116.5,258.5,0,0,142.6,0,0.9,0,0,2,1
64,1,3,117.2,301.1,0,1,114.0,0,0.6,0,0,3,0
56,0,0,174.6,198.9,1,0,162.1,1,1.6,1,1,2,1
28,1,3,114.9,215.7,0,0,205.0,1,0.7,0,0,3,1
54,0,2,137.8,206.1,0,1,153.4,1,1.4,0,0,3,1
68,1,3,166.9,260.4,0,1,169.9,1,0.3,2,0,1,1
60,1,1,127.5,196.2,0,1,162.4,0,1.0,0,2,3,1
59,1,2,128.8,190.3,1,2,132.6,1,0.0,0,0,2,0
35,1,2,145.9,228.1,0,1,139.5,1,0.2,1,0,1,1
46,0,0,132.8,253.4,0,0,127.4,0,1.4,1,0,2,0
59,0,0,141.2,249.8,0,0,147.3,0,0.0,0,0,1,0
59,1,0,133.8,223.8,0,0,156.8,0,0.0,0,1,1,1
67,1,1,127.8,275.4,0,1,153.2,0,2.9,1,0,2,1
52,1,1,127.5,250.8,0,0,123.8,1,0.1,0,1,1,1
58,0,2,153.5,191.4,1,1,172.3,0,0.3,1,0,3,0
54,1,2,128.7,123.7,0,2,135.4,1,0.2,1,0,3,1
43,1,3,139.0,260.5,0,0,156.9,0,0.7,1,1,2,1
29,1,1,110.3,221.4,0,0,148.5,0,3.7,1,1,1,1
59,1,3,172.0,194.3,1,0,118.6,1,0.1,1,0,2,1
56,1,2,140.2,313.6,0,1,118.7,0,2.1,0,0,1,0
47,0,1,135.4,310.0,0,1,167.4,1,0.9,1,1,2,1
36,0,2,143.2,291.1,0,1,158.2,0,1.1,1,1,3,1
61,1,2,127.1,253.8,0,1,119.2,0,1.5,2,1,1,1
51,1,0,154.7,120.0,1,2,135.7,1,2.0,1,1,1,1
60,0,2,105.2,295.2,0,0,175.3,0,2.0,0,1,1,0
75,1,2,128.2,208.2,0,0,154.4,0,1.3,1,0,1,1
30,0,3,110.6,208.4,0,0,175.5,1,0.4,0,0,3,0
46,1,3,98.1,278.2,0,1,198.8,0,1.7,0,0,2,0
52,0,2,121.0,330.1,0,1,181.9,0,0.4,1,1,2,0
70,1,2,137.1,314.8,0,0,138.8,0,1.0,1,2,3,1
36,1,3,109.9,242.7,0,0,146.5,0,0.7,0,0,1,0
75,0,3,114.0,281.3,0,2,191.9,0,2.3,1,0,1,0
55,1,3,135.0,193.1,0,0,173.5,0,0.0,1,1,2,1
53,0,2,129.3,169.7,0,1,136.2,0,0.5,0,2,2,1
52,1,0,128.7,288.2,0,0,119.5,0,0.0,1,0,1,1
49,1,3,110.0,253.8,1,1,101.2,0,0.4,0,1,1,1
66,1,1,129.9,181.9,0,1,112.2,0,0.0,0,0,1,1
42,1,2,119.0,235.1,0,2,144.2,1,0.1,1,0,2,0
58,1,1,136.5,269.9,0,0,174.7,1,0.3,0,1,1,0
50,1,1,122.9,279.9,0,1,171.8,0,0.3,1,1,1,0
46,0,1,128.3,266.2,0,1,158.3,1,0.1,0,0,1,1
82,0,3,114.4,235.2,1,0,144.3,1,2.5,0,1,1,1
59,1,2,110.1,205.8,0,0,127.4,0,0.2,1,2,1,1
61,1,2,145.8,249.0,0,0,114.6,0,0.2,2,0,1,1
67,1,2,151.0,281.2,0,0,134.7,0,0.9,1,0,3,0
38,0,3,119.9,275.6,0,2,178.9,0,0.7,2,0,1,0
73,1,1,139.2,317.6,0,1,137.2,1,0.8,0,0,3,0
26,1,2,118.9,233.1,0,0,180.0,0,0.2,1,0,2,0
46,1,2,151.8,189.7,1,1,153.2,0,0.7,1,2,2,1
49,0,3,126.1,287.5,0,1,122.0,1,0.0,1,0,2,1
60,0,1,123.5,247.2,0,2,150.3,1,0.6,0,1,1,0
56,0,3,148.9,185.7,0,0,137.9,0,1.1,0,0,2,1
52,1,1,119.6,268.1,0,1,172.7,0,0.4,0,1,3,1
54,1,0,136.8,303.5,0,1,112.8,0,0.0,1,1,1,1
43,0,0,109.4,254.4,0,1,187.9,0,1.1,2,0,3,0
38,1,1,142.0,298.5,0,1,130.1,0,0.3,0,0,1,0
62,1,2,150.7,222.9,1,0,136.6,0,0.8,0,3,3,1
62,0,2,109.8,212.2,0,1,110.1,0,0.2,1,2,1,0
71,1,1,112.2,284.9,0,1,159.7,0,0.5,1,0,3,1
45,1,2,136.9,222.7,0,0,128.5,1,1.2,0,0,3,0
62,1,3,170.9,297.2,0,0,130.8,0,1.2,0,0,1,1
51,1,3,149.2,247.9,0,0,172.3,1,0.3,2,0,2,1
67,1,2,133.4,299.6,0,0,128.6,1,2.9,0,2,3,1
65,0,3,118.4,273.0,0,1,139.3,0,1.1,1,0,1,0
56,0,2,109.6,202.5,1,0,159.3,0,1.0,0,0,3,0
50,0,0,142.9,152.4,0,0,157.7,1,2.3,1,2,1,1
65,1,1,153.4,279.7,1,2,145.7,1,0.3,1,1,2,1
61,0,1,121.4,268.7,0,1,130.5,0,0.1,1,2,1,1
46,0,2,124.6,193.8,0,0,143.7,0,0.9,0,1,1,1
39,1,3,131.1,271.3,0,1,166.2,0,0.2,0,0,2,0
51,1,3,165.9,301.5,0,0,143.1,0,0.3,1,3,1,1
71,0,0,136.4,216.2,0,2,143.0,0,0.4,2,1,1,1
67,0,2,116.6,160.9,0,0,97.6,1,3.4,1,0,3,0
42,1,2,110.2,279.9,0,1,154.2,0,1.8,2,0,1,0
41,0,3,111.3,292.8,0,2,167.1,1,0.9,0,1,2,1
68,1,0,160.3,214.0,0,0,153.8,0,1.7,1,0,3,1
42,1,1,140.2,271.3,0,1,150.2,1,0.6,1,0,2,1
60,0,3,126.3,258.1,0,2,151.0,0,0.5,1,1,1,0
47,0,3,90.0,234.1,0,2,138.5,0,0.0,0,0,3,0
72,0,1,120.2,273.2,0,1,167.9,0,2.0,1,0,3,1
46,0,0,135.2,216.5,0,1,144.9,0,1.0,1,1,3,1
67,1,2,143.6,197.5,1,0,167.9,1,0.2,1,1,3,1
56,1,3,140.7,260.0,0,0,144.0,1,2.3,1,1,3,1
57,1,1,110.5,254.2,0,0,120.2,1,0.3,1,1,2,1
32,1,3,131.7,121.6,0,0,155.7,1,1.3,0,0,1,0
30,0,1,107.4,181.0,0,0,140.1,0,1.5,2,0,2,0
52,0,2,130.5,211.1,0,1,142.8,1,1.6,0,0,2,0
57,1,2,120.9,265.5,0,0,123.2,1,1.5,2,0,3,1
42,1,1,150.3,170.2,0,0,149.8,0,1.3,1,2,2,1
42,1,1,137.1,223.1,0,1,176.4,0,0.9,0,0,3,1
60,1,1,132.9,328.8,0,1,175.5,1,0.7,1,1,2,1
60,1,3,160.3,246.4,0,0,130.5,0,0.1,0,0,1,0
52,0,0,123.8,246.4,0,1,164.7,1,0.0,0,1,3,0
63,0,2,107.8,241.9,1,1,175.6,0,0.1,0,0,2,0
41,0,2,146.8,280.1,0,1,129.8,0,1.2,0,0,1,0
50,1,2,137.5,241.8,0,0,112.3,0,0.0,1,2,1,1
72,0,3,129.8,238.0,0,2,106.4,0,0.7,1,1,1,1
55,1,2,122.7,248.4,0,0,146.0,0,0.2,2,0,1,0
55,1,2,143.4,300.1,0,1,99.1,0,0.2,1,1,1,1
79,1,2,154.9,267.8,0,1,157.9,0,0.3,1,3,1,1
39,0,2,113.4,238.7,0,2,107.5,0,0.9,1,2,2,1
63,1,0,146.4,296.4,1,2,142.0,1,0.5,0,0,3,1
72,1,3,143.0,224.7,0,0,143.9,1,0.4,1,0,1,0
50,0,0,115.1,120.0,0,0,165.2,0,0.3,2,0,1,0
63,0,2,133.3,264.3,0,0,167.0,1,0.6,1,0,1,1
43,1,2,121.4,256.7,0,2,190.3,0,1.5,2,0,2,0
46,0,0,151.3,211.2,0,1,161.0,0,0.5,1,0,1,0
58,1,0,123.3,231.0,1,2,132.1,0,0.2,0,2,1,0
63,1,0,163.4,299.9,0,0,146.3,0,0.8,2,0,1,1
66,0,1,136.4,265.6,0,0,149.1,1,1.7,1,0,1,1
71,1,3,106.8,312.2,0,0,142.7,0,0.9,0,0,1,0
53,1,3,94.6,252.9,0,0,137.7,1,0.0,0,0,2,1
67,0,0,130.5,239.2,0,1,166.4,1,0.7,1,1,2,1
50,0,1,154.0,271.1,0,1,141.5,1,0.2,0,2,2,1
64,1,3,158.7,261.1,0,2,139.0,0,0.7,2,1,1,0
56,0,0,134.5,261.4,0,0,127.9,0,0.4,1,0,1,1
59,0,3,119.0,233.0,0,0,165.0,0,0.2,0,0,2,0
59,0,1,124.7,218.0,0,0,192.9,0,0.4,1,0,1,0
36,0,2,130.2,211.6,0,0,184.8,1,0.1,1,2,1,0
42,1,1,150.6,260.1,0,0,131.2,0,1.2,1,0,1,0
55,1,0,144.5,270.3,0,1,129.2,0,0.3,1,0,1,0
35,1,1,146.7,120.0,1,0,124.7,1,0.1,1,0,3,1
63,1,2,147.8,212.3,0,0,148.9,1,1.6,1,1,3,0
64,1,1,153.4,174.9,0,2,152.2,0,0.0,1,0,3,0
58,0,2,91.3,220.9,0,2,130.3,0,0.7,0,1,3,0
42,0,0,111.9,210.7,0,1,142.6,0,0.5,1,1,1,0
69,1,1,117.9,253.2,0,0,96.7,1,0.3,0,2,3,1
76,1,2,117.9,257.3,0,0,131.9,1,0.5,1,1,1,1
56,1,1,134.6,335.8,0,0,131.1,0,0.3,1,0,2,1
60,0,0,106.4,259.9,0,0,128.9,0,0.1,0,3,2,0
56,0,1,114.5,270.2,1,0,196.8,1,0.6,0,1,1,0
60,1,2,133.7,180.9,1,0,158.7,0,2.2,0,0,1,0
53,1,3,104.9,226.3,0,1,147.6,0,0.9,2,0,2,1
54,1,2,125.2,193.7,0,1,152.5,1,0.8,1,0,2,1
64,0,0,145.0,271.2,0,0,130.5,1,1.1,1,1,1,1
80,1,1,118.4,252.8,0,1,153.3,0,0.6,0,1,2,1
39,0,0,141.6,221.1,0,0,150.6,1,1.9,0,0,3,1
53,0,0,116.2,283.1,0,1,124.3,0,0.4,0,0,1,1
41,0,1,132.6,225.0,0,0,191.3,0,0.4,0,3,2,0
72,1,0,118.6,306.4,0,1,119.5,1,0.3,1,0,2,1
48,1,0,140.7,297.4,0,0,196.3,0,0.1,0,0,1,0
38,1,0,124.5,207.8,1,0,177.2,1,0.4,1,1,1,1
61,0,1,141.1,292.8,0,1,158.4,1,1.8,1,0,1,1
73,0,0,125.9,253.0,1,0,115.1,1,1.5,0,0,1,1
61,0,1,142.8,226.5,0,0,175.8,0,2.4,1,0,3,0
56,1,2,149.7,259.5,0,0,199.0,0,0.9,2,0,1,1
59,1,0,137.4,173.3,0,1,122.3,0,0.2,2,2,1,1
70,0,0,126.4,223.3,0,1,136.2,1,0.3,0,0,1,1
44,1,0,127.3,256.3,0,1,133.9,1,0.3,1,1,1,0
53,1,1,111.0,228.1,0,1,140.6,0,0.1,0,0,2,1
49,1,3,136.4,287.1,0,2,146.8,0,0.7,0,0,2,0
41,1,0,142.0,219.3,0,2,183.9,1,1.3,0,1,1,1
50,0,2,158.2,245.3,0,0,118.7,1,1.3,0,0,1,0
66,1,2,160.5,240.3,0,1,156.2,0,1.5,0,2,1,1
60,1,2,117.9,176.3,0,1,160.7,0,0.1,0,0,1,1
61,0,3,136.6,261.1,0,0,123.2,0,0.5,1,0,1,1
56,1,3,132.1,256.1,1,1,146.9,1,1.1,0,0,2,1
60,1,0,157.4,158.5,0,1,131.4,1,0.2,2,1,1,1
45,0,1,116.0,129.6,0,0,155.7,0,0.7,1,0,1,0
51,1,2,149.1,220.4,0,1,190.1,1,0.4,0,1,1,1
56,1,3,116.7,296.2,1,0,127.2,1,0.7,1,0,3,1
57,0,2,129.8,362.1,0,2,152.3,0,2.7,2,1,1,0
58,0,0,116.1,162.7,0,0,124.9,0,0.9,1,0,1,0
52,1,1,98.1,312.2,0,1,164.8,1,1.0,0,1,2,1
50,0,2,113.7,291.1,0,1,157.1,1,0.0,1,0,1,0
85,1,1,137.1,226.6,0,0,142.1,0,0.8,0,2,3,0
64,0,2,159.2,327.8,0,1,130.0,0,0.1,0,1,3,1
59,0,2,112.7,263.7,0,0,119.5,0,1.3,1,2,2,1
51,0,0,119.3,230.3,0,1,114.4,0,1.1,2,0,2,0
49,1,3,106.8,161.3,0,0,150.8,1,0.2,0,0,1,0
53,1,3,154.5,245.5,0,0,160.0,0,0.4,0,0,2,1
57,1,1,126.5,244.3,0,0,154.5,0,1.0,1,3,2,1
33,0,2,119.7,332.6,0,1,176.4,1,0.4,1,3,3,1
37,1,2,123.5,193.8,1,1,145.9,0,0.2,1,0,1,0
47,0,0,94.1,200.0,0,1,149.7,0,0.2,0,0,1,1
56,0,0,105.1,219.6,1,0,94.8,0,0.7,0,0,3,1
51,0,0,113.1,357.2,0,1,146.4,0,0.5,1,1,1,1
70,0,3,146.1,196.4,1,0,176.3,1,0.4,1,0,2,0
38,1,1,90.0,293.4,0,0,161.3,0,3.7,0,0,1,0
46,0,0,138.7,170.1,0,2,196.4,0,0.7,2,0,1,0
71,0,1,141.4,266.3,0,1,147.0,0,0.7,1,1,1,0
55,1,0,101.6,246.1,0,0,169.0,1,1.7,1,1,2,1
64,0,0,127.8,214.1,1,0,157.3,0,0.7,1,0,1,1
77,1,1,160.7,281.0,1,1,152.1,0,0.0,0,2,1,1
46,1,2,112.7,203.4,0,0,159.6,0,1.5,0,0,1,0
53,0,2,120.8,170.0,0,0,167.0,1,1.3,2,0,2,1
51,1,2,182.9,226.6,0,0,138.2,1,0.5,1,2,3,1
32,1,2,134.4,193.3,1,2,190.3,0,0.1,2,1,3,0
51,0,1,125.6,251.8,1,0,183.7,1,0.2,0,0,2,0
64,1,2,127.9,232.3,0,1,150.3,0,2.5,2,3,1,1
60,1,1,142.2,312.3,0,2,136.1,0,1.0,1,0,1,1
61,1,1,148.1,229.8,1,1,116.9,0,1.6,1,1,2,1
50,1,1,94.2,252.1,0,1,158.4,0,0.2,0,2,1,1
47,0,1,90.0,187.8,1,0,151.4,0,0.7,2,0,1,1
68,0,0,116.5,227.5,0,1,125.0,0,0.8,0,2,2,1
49,0,0,127.0,199.5,0,1,129.0,0,0.4,0,0,1,1
57,1,2,136.1,294.6,0,1,122.7,0,0.6,0,0,3,1
56,1,2,103.8,208.8,0,0,147.8,0,0.8,0,0,2,1
70,1,1,134.3,218.4,0,1,148.6,0,0.1,0,0,1,0
65,0,3,132.5,258.4,0,0,152.5,0,0.9,1,2,1,0
40,0,2,112.2,205.1,0,0,205.0,0,0.1,0,0,1,0
41,1,3,121.1,298.9,0,0,171.4,1,2.1,2,0,1,1
60,1,2,122.4,329.6,1,1,168.5,0,0.6,0,0,1,1
53,0,0,139.1,201.6,0,1,148.3,1,0.7,0,0,3,1
49,0,3,129.9,276.9,0,1,120.0,0,0.3,0,0,1,1
65,0,3,113.2,208.1,0,1,131.7,0,3.6,1,1,1,1
56,0,1,148.7,226.4,0,1,185.8,0,0.4,2,2,1,0
55,1,1,109.6,272.1,1,0,128.8,1,0.5,2,1,1,1
63,1,0,105.4,250.7,0,1,144.0,0,0.7,1,2,1,1
50,1,2,128.6,247.3,0,1,151.1,1,1.2,0,2,1,1
71,1,0,133.7,295.7,0,0,171.4,1,0.4,1,2,1,1
45,0,2,130.1,286.3,0,2,165.0,0,3.4,0,0,3,1
61,0,2,111.5,246.1,0,0,156.8,1,0.6,0,0,2,0
70,1,0,154.1,219.1,0,1,134.8,0,0.3,1,3,1,1
39,1,2,161.1,236.2,1,1,107.4,0,0.4,1,0,1,1
50,1,2,132.6,195.6,0,0,141.4,1,1.6,0,0,1,0
67,0,1,139.9,280.5,0,0,139.3,0,0.7,0,0,3,1
67,0,1,96.2,237.7,0,2,143.6,0,0.6,1,0,1,1
52,0,3,122.7,192.1,0,1,133.8,0,0.0,0,2,3,1
46,1,2,119.5,297.6,0,0,121.4,1,2.0,2,0,1,1
65,1,2,121.3,244.6,0,0,157.9,0,1.0,0,0,1,1
67,1,1,125.4,213.0,0,0,132.8,0,2.8,1,1,3,1
41,1,0,120.7,287.1,1,0,155.2,0,0.1,1,0,2,0
41,1,3,104.6,292.2,0,1,117.3,1,1.5,1,1,1,1
56,1,2,125.7,159.1,0,0,141.1,0,1.2,1,1,2,1
61,0,1,114.0,292.6,0,1,159.2,1,0.8,1,1,1,1
51,1,2,147.4,247.3,0,1,156.3,0,0.2,2,2,1,1
61,1,2,141.7,286.6,0,0,134.4,0,0.1,0,0,2,0
46,0,0,135.0,235.6,0,1,140.6,0,0.5,0,1,3,1
31,1,3,145.8,250.0,0,1,157.3,0,1.5,1,1,1,1
49,1,0,117.9,226.3,0,0,158.6,1,0.4,1,0,1,1
55,1,2,139.1,285.4,0,0,154.7,1,1.7,0,2,2,1
51,1,1,152.5,210.8,0,0,161.7,0,2.6,1,0,1,0
41,1,1,114.6,282.0,1,1,173.5,0,0.5,0,2,1,1
34,1,3,92.5,242.3,0,1,162.1,0,0.6,0,0,1,0
48,0,2,117.1,272.6,0,1,189.2,0,0.3,1,0,3,0
64,1,2,153.7,200.5,0,1,156.2,0,0.4,0,1,2,0
68,1,1,120.3,264.9,0,0,122.8,1,0.5,2,1,1,1
67,1,3,128.9,269.4,1,0,147.2,0,2.5,1,0,2,0
45,1,1,117.7,319.8,0,0,164.8,0,0.3,1,2,1,1
41,1,2,127.3,267.6,0,1,172.1,0,1.5,2,0,2,0
59,0,3,113.4,217.3,0,0,135.2,0,0.5,0,2,1,1
61,0,0,106.1,216.2,0,0,100.4,1,0.0,1,0,1,1
58,1,0,127.1,276.3,0,1,177.1,1,1.3,1,0,2,1
32,1,3,123.6,209.9,0,0,158.6,0,0.4,1,0,2,0
44,1,3,151.6,215.0,0,0,107.5,1,0.4,1,2,3,1
54,1,2,135.2,203.6,0,1,141.5,0,3.4,2,0,1,0
59,1,1,114.2,249.0,0,0,160.9,0,0.1,1,2,3,0
62,1,2,122.8,253.8,0,0,119.3,0,0.5,0,0,2,0
56,0,1,144.3,227.7,0,1,122.6,0,2.4,1,0,1,1
58,1,1,127.4,317.4,0,1,139.7,0,2.0,0,0,2,1
55,0,1,111.6,266.9,0,0,149.3,0,1.4,0,3,3,1
62,0,0,134.5,321.6,0,0,130.0,0,0.1,2,0,1,1
57,1,1,120.5,248.2,0,0,137.7,1,0.8,2,1,3,1
55,0,1,139.9,209.5,1,1,164.9,1,1.4,1,1,2,1
51,0,2,136.8,196.6,0,0,149.7,1,0.8,1,0,1,1
55,0,2,110.6,236.3,1,1,114.4,1,0.3,0,2,2,1
59,0,3,164.4,276.3,0,1,170.7,1,1.5,2,0,1,1
57,0,1,129.5,229.4,0,0,141.7,0,0.9,0,0,1,0
58,1,1,90.0,280.5,0,1,125.2,0,0.3,0,0,1,0
69,1,2,144.6,308.4,0,0,134.5,0,2.1,0,1,3,1
57,1,0,90.0,207.0,0,0,116.7,0,0.0,1,0,3,1
47,1,1,151.0,190.6,0,0,152.0,1,0.9,1,2,2,1
64,1,2,137.5,286.6,0,2,153.7,0,0.8,0,1,3,1
39,1,1,127.6,248.0,0,1,144.0,0,0.7,0,2,1,0
42,0,3,126.5,251.5,0,2,148.0,1,4.0,2,1,1,1
58,0,2,141.0,273.5,0,1,132.2,0,0.4,1,1,3,0
60,1,0,125.3,176.4,0,0,160.0,0,0.5,1,0,1,0
40,1,1,128.8,255.9,0,2,150.6,1,0.8,0,0,1,1
50,1,2,133.6,247.9,0,1,137.2,0,1.8,1,0,2,1
47,1,2,90.0,259.3,0,2,155.0,0,0.7,0,0,1,0
49,0,3,138.9,197.6,0,0,144.5,0,1.3,1,2,1,1
64,1,2,148.7,248.4,0,0,138.5,0,2.0,1,1,2,1
62,1,0,142.6,222.9,0,0,125.1,0,0.5,0,0,1,1
54,1,0,139.3,287.3,0,0,161.3,0,2.8,0,0,2,1
48,1,2,159.7,235.5,0,1,142.3,0,1.0,0,1,3,0
39,0,0,124.9,209.7,0,1,150.1,0,4.3,0,0,2,1
70,0,2,133.3,203.4,0,2,142.1,1,0.0,2,0,1,0
61,0,2,119.5,282.3,1,1,186.6,0,0.6,1,0,3,0
46,0,2,93.0,281.8,0,0,170.8,0,0.0,2,1,2,1
62,0,1,139.7,328.8,1,0,128.0,1,0.5,0,0,1,0
53,1,2,122.4,226.9,0,0,120.6,0,1.5,0,1,1,0
51,1,0,97.1,195.8,0,0,156.5,0,0.8,1,0,3,0
59,1,2,132.4,237.6,0,0,131.7,0,0.8,1,1,3,0
46,1,2,128.6,207.9,0,1,147.3,0,0.2,1,0,1,0
50,0,2,124.3,212.3,0,0,146.0,0,1.7,1,2,2,0
55,0,1,132.2,262.6,0,1,144.6,1,1.6,2,3,1,1
49,1,2,103.1,287.7,1,1,145.9,1,0.2,1,0,2,0
61,0,2,149.1,262.0,0,1,132.9,0,0.0,0,0,3,1
75,1,0,145.5,253.7,0,1,87.8,1,2.9,0,2,1,1
46,1,3,152.8,274.7,0,2,156.5,0,1.3,1,0,1,0
36,1,2,118.0,225.1,0,0,172.0,0,0.3,1,1,2,1
32,1,2,134.7,297.5,0,1,140.1,1,0.2,0,0,1,0
52,0,1,95.3,372.7,0,0,164.6,0,0.9,0,0,1,0
47,1,3,115.7,211.2,0,0,158.6,1,2.1,1,0,1,0
56,0,2,105.3,295.3,0,2,149.1,0,0.2,1,0,2,1
55,0,2,134.4,295.0,0,2,151.0,1,0.1,2,0,2,1
36,1,2,108.1,258.3,0,0,174.7,0,0.0,1,0,1,0
34,1,1,119.6,291.0,0,0,171.6,1,0.4,0,1,1,0
57,1,0,133.1,258.1,0,1,111.1,0,0.5,1,0,1,0
55,1,1,125.4,270.3,1,1,175.5,1,3.2,0,0,1,1
49,1,1,107.5,243.3,0,0,162.8,0,0.3,0,1,1,0
36,1,2,157.6,241.3,0,2,136.6,0,1.3,1,0,1,1
59,1,0,135.8,271.1,0,1,105.3,1,1.7,1,2,1,1
68,1,2,165.8,264.8,1,0,112.6,1,0.6,1,0,2,1
57,1,2,114.6,196.4,0,0,173.3,1,0.2,2,3,1,1
45,1,1,123.5,260.7,1,0,150.5,1,0.7,1,1,1,0
54,1,1,134.0,230.6,0,1,164.9,1,0.8,0,1,2,1
39,0,2,153.3,211.7,0,1,201.2,0,1.3,1,0,2,1
66,0,1,162.1,288.3,0,1,115.0,0,0.2,1,1,3,1
55,1,1,124.9,200.7,0,1,120.7,0,1.4,0,3,2,1
35,1,2,114.6,222.8,0,0,158.6,1,0.3,1,0,2,0
51,1,2,131.6,193.4,0,1,156.0,0,0.1,1,1,1,0
59,1,2,155.3,225.5,0,0,161.5,0,0.4,1,0,2,0
50,0,2,130.9,345.3,0,1,129.6,0,0.1,0,1,1,0
51,0,2,134.4,206.7,0,0,134.8,0,3.5,1,0,2,1
41,1,0,150.7,230.2,0,0,185.8,0,1.4,0,0,1,0
60,1,3,152.5,304.7,0,0,152.9,1,0.4,0,0,2,1
47,1,1,150.0,258.2,0,0,158.7,0,0.6,1,2,1,1
30,0,2,136.2,226.9,0,0,152.2,0,0.4,1,2,1,0
50,1,2,157.3,209.5,0,0,179.0,1,0.3,1,1,3,0
65,1,2,114.9,274.9,0,0,164.4,1,4.5,0,0,2,1
50,1,3,173.5,225.7,0,0,149.3,0,0.2,1,1,3,1
73,1,0,157.8,343.7,0,2,99.6,1,0.2,0,2,2,1
59,1,1,132.4,230.7,0,0,165.3,0,0.2,0,0,1,0
58,1,0,155.0,317.2,0,0,157.0,0,1.5,1,2,1,1
53,1,0,127.5,279.7,0,1,150.2,0,0.8,0,2,3,1
53,0,2,139.3,279.3,1,0,174.0,1,0.1,2,0,1,0
51,1,0,143.9,233.4,0,1,159.4,1,0.3,1,1,1,1
51,0,3,145.8,220.1,0,0,142.8,0,0.7,2,1,1,1
60,1,2,127.2,232.1,0,0,166.0,0,1.9,1,1,3,1
44,1,1,147.4,283.9,1,0,158.4,1,0.2,2,0,3,1
42,1,1,123.0,260.3,0,1,175.1,0,0.1,0,3,1,0
42,0,0,141.2,155.1,0,0,157.9,0,2.4,2,0,1,0
77,0,3,136.4,192.8,0,0,146.1,0,0.6,1,1,1,0
60,0,2,99.7,237.6,0,0,176.5,0,5.3,0,0,3,1
57,0,1,118.5,266.0,0,1,176.5,0,0.1,0,2,3,1
42,0,0,143.3,227.1,0,0,143.0,0,0.3,1,0,1,1
61,1,1,130.3,221.7,0,2,163.8,0,0.2,1,1,1,1
53,1,0,155.6,197.7,0,0,134.8,0,1.8,1,0,2,1
56,1,2,112.7,282.3,0,0,163.9,0,0.1,1,1,1,0
43,0,2,140.8,241.9,1,0,151.3,1,1.4,0,0,3,1
56,0,1,130.6,316.0,1,0,113.2,0,0.7,1,3,2,1
49,0,3,125.3,182.5,0,0,157.0,1,2.0,1,1,1,0
46,0,0,107.8,269.0,0,2,175.5,0,0.1,1,0,1,1
62,1,1,139.8,268.3,0,1,156.1,0,0.2,1,2,1,0
37,0,2,108.6,272.7,0,0,138.8,0,1.9,0,0,1,1
60,1,0,124.1,279.9,0,0,149.9,0,0.7,0,2,1,1
62,1,1,133.5,221.9,0,1,139.9,0,0.4,1,0,2,1
44,1,2,124.9,230.0,0,0,171.5,1,0.4,0,2,1,0
45,1,1,150.3,245.6,0,1,175.8,0,0.5,1,0,1,1
52,0,1,90.0,196.6,0,1,120.3,1,0.7,1,3,1,1
57,1,2,131.5,287.8,0,0,148.0,1,0.1,1,1,1,1
52,0,1,124.0,131.8,0,1,129.0,0,0.0,0,0,2,1
59,0,0,132.1,192.0,0,1,149.0,0,0.7,1,3,1,1
73,0,0,126.0,174.2,0,1,105.7,0,0.3,1,2,2,1
48,0,2,147.9,287.7,0,0,149.9,0,0.8,2,1,1,0
35,1,0,124.6,244.2,0,0,165.2,0,1.8,1,2,2,1
63,1,3,138.6,221.1,0,0,91.9,0,0.3,1,2,1,1
73,1,3,154.8,252.3,0,1,130.3,1,1.0,1,2,3,1
58,1,1,135.9,254.4,0,2,112.3,0,0.8,0,0,2,1
42,1,3,108.2,182.7,0,1,173.1,0,0.3,1,1,2,0
53,1,2,126.1,247.5,1,1,105.5,0,1.0,0,2,1,1
42,1,0,128.8,298.3,1,1,147.0,0,3.0,0,0,2,1
61,1,2,106.1,312.7,0,0,172.3,0,1.6,0,0,1,1
39,1,2,117.4,273.7,0,0,133.6,1,0.1,0,3,1,0
51,1,0,132.0,251.7,1,0,133.3,1,0.2,1,2,1,1
43,1,1,167.5,278.2,0,1,152.5,1,0.4,0,0,2,1
55,0,0,137.9,272.8,0,0,148.2,1,1.8,0,1,2,1
50,0,1,132.8,190.5,1,0,98.9,0,1.0,2,0,3,1
56,1,1,164.9,201.9,1,0,140.6,0,1.0,1,2,2,1
54,1,2,144.6,269.3,0,1,162.9,0,0.8,2,0,3,1
43,1,0,144.4,208.1,0,0,201.5,0,0.2,0,0,3,0
61,1,0,128.4,198.7,0,1,126.6,1,0.1,2,2,1,1
53,0,1,108.0,297.8,0,1,141.7,1,0.2,0,0,2,0
43,1,3,136.0,240.3,0,2,163.1,0,0.7,0,1,1,0
79,1,1,173.0,247.3,0,2,114.7,1,1.3,1,0,2,1
59,1,1,162.5,190.2,0,0,177.2,0,3.4,1,1,2,1
52,0,1,142.3,221.0,0,1,148.0,0,4.8,1,0,1,1
70,1,2,125.6,231.9,0,0,142.8,0,0.1,1,0,3,0
74,0,1,108.1,208.6,0,0,147.4,0,4.3,0,0,2,1
52,1,0,118.7,187.2,0,0,111.2,0,0.4,0,1,3,1
58,1,0,138.9,319.7,0,1,151.2,0,5.4,0,1,2,1
43,0,0,119.8,299.6,0,0,140.3,0,1.2,0,0,2,1
52,1,2,151.5,236.1,0,0,129.6,0,1.6,0,0,2,1
52,1,0,106.7,182.3,0,0,158.9,0,1.9,1,0,1,0
56,0,1,129.2,166.2,0,0,171.2,0,0.2,1,0,1,0
58,1,2,121.2,222.9,0,1,145.2,1,0.6,1,1,2,1
60,0,1,150.3,144.3,0,0,177.8,0,0.3,1,0,1,0
57,0,2,141.5,222.5,0,0,140.6,0,0.1,1,3,1,1
41,1,1,115.8,147.9,0,0,117.5,1,0.2,0,0,2,1
44,1,3,146.9,233.8,0,0,128.0,1,0.1,1,0,1,1
48,1,3,103.3,247.9,0,0,184.8,0,0.5,0,0,1,0
51,0,2,98.1,232.1,0,0,188.6,0,0.2,1,0,3,0
66,1,3,121.1,341.2,0,1,148.4,0,0.6,1,2,1,1
41,1,0,95.1,227.8,1,2,141.8,0,0.6,1,0,3,1
50,0,2,128.0,316.1,1,0,143.3,1,0.9,0,2,2,1
64,1,1,135.0,257.9,0,1,140.7,0,3.2,0,0,3,1
51,0,2,123.0,328.9,0,0,149.7,0,3.1,0,0,1,0
59,0,1,142.0,165.9,0,1,156.9,1,2.1,1,3,1,1
52,1,1,120.5,193.1,0,1,156.3,0,0.3,1,3,3,1
57,1,3,111.4,229.8,0,1,119.6,1,2.2,0,3,1,1
51,0,0,115.9,310.9,0,1,124.6,0,0.1,0,0,2,1
61,1,2,113.8,233.3,0,0,155.4,0,1.1,0,0,2,0
37,0,2,115.7,205.5,0,0,149.0,0,1.0,1,1,3,0
50,1,1,143.7,266.7,0,0,148.2,1,0.1,0,1,3,1
57,0,1,100.1,282.3,0,0,146.2,1,0.9,1,0,1,1
60,1,0,129.4,209.7,0,0,132.1,0,0.1,1,1,1,0
70,0,3,152.2,216.7,0,2,140.9,0,3.2,0,0,1,1
50,1,3,152.3,314.6,0,0,165.2,0,0.6,0,1,1,0
70,1,2,125.7,301.9,0,0,135.2,0,1.7,0,0,1,0
47,0,3,169.1,305.7,0,1,182.0,1,0.7,0,0,2,1
69,0,0,115.8,288.0,0,0,173.0,0,0.2,1,3,1,0
63,1,1,132.1,207.0,1,1,123.6,0,0.1,0,2,1,0
44,0,1,107.4,236.4,0,2,162.6,1,0.4,1,0,1,0
57,1,2,142.5,195.7,0,1,140.5,0,2.8,1,3,1,1
53,1,0,184.2,284.0,0,1,131.4,1,0.0,2,0,1,1
61,1,2,168.9,219.9,0,0,142.6,0,0.4,1,0,3,0
52,1,2,148.7,165.4,0,1,101.8,0,0.7,0,1,2,0
51,1,0,122.3,245.4,0,0,166.5,0,0.7,2,0,3,1
69,1,0,134.7,296.2,1,0,157.7,0,0.2,2,0,3,0
53,1,0,153.8,180.5,0,1,153.3,0,0.5,1,0,1,0
63,1,2,149.7,239.0,0,2,163.5,0,0.1,1,0,1,1
52,0,1,132.0,216.3,0,1,133.4,0,1.5,0,1,1,1
72,1,0,141.1,291.3,0,1,75.5,1,2.7,0,0,1,1
47,1,2,151.3,148.9,0,0,141.2,0,0.7,0,0,1,0
47,1,0,155.7,288.9,0,1,125.0,0,1.4,1,0,2,1
71,0,1,108.2,216.3,0,0,137.6,1,0.9,1,0,1,0
49,1,2,136.8,232.6,1,0,182.3,1,0.4,1,0,2,1
72,1,2,148.9,285.5,0,1,143.3,0,1.6,1,3,3,1
64,1,2,126.9,310.0,0,1,135.9,0,0.6,2,0,2,1
52,1,0,156.5,243.0,0,0,173.2,0,2.7,0,0,1,1
34,0,0,120.8,202.5,0,0,196.8,0,0.9,1,2,3,1
54,0,2,154.5,218.0,0,0,157.4,0,0.4,1,1,1,1
55,1,0,127.6,293.1,0,0,132.8,0,2.1,1,0,1,1
67,1,3,141.9,207.0,0,1,142.5,0,1.0,0,0,2,0
71,1,1,142.5,261.8,0,1,140.8,0,0.5,0,2,1,1
46,1,1,161.9,238.9,0,0,148.2,1,1.2,1,2,1,1
63,1,1,149.6,278.0,1,0,170.6,1,2.0,1,1,1,1
62,0,3,124.8,245.7,0,2,161.4,0,0.0,0,0,1,0
66,1,2,132.1,226.5,0,0,115.0,0,0.4,1,1,1,1
59,0,1,127.3,221.0,0,0,116.8,1,0.3,1,1,1,0
33,1,2,129.1,211.0,0,1,148.5,0,0.4,1,0,3,0
52,1,1,116.5,180.0,1,2,126.9,0,1.8,1,2,1,1
41,0,1,126.3,259.1,0,1,145.1,1,0.5,0,1,2,1
52,1,1,158.1,249.9,1,1,148.8,0,0.4,1,3,1,0
65,0,1,157.6,180.7,0,1,137.1,1,0.9,2,0,1,1
57,0,1,103.6,224.6,0,0,149.6,0,0.3,1,2,1,0
67,0,0,103.2,233.8,0,0,132.5,1,1.1,0,1,2,1
58,1,0,124.3,217.0,0,1,114.5,1,0.0,0,0,1,1
40,0,0,95.5,231.2,0,0,134.7,0,0.4,1,0,1,0
26,1,1,104.3,226.9,1,0,141.2,1,0.7,1,1,1,0
56,1,3,140.8,281.5,0,0,128.9,0,0.8,1,0,1,1
52,0,2,129.8,240.5,0,1,157.7,1,0.1,1,0,2,0
43,1,3,100.3,263.7,0,0,145.5,0,1.8,1,0,1,0
35,1,1,150.3,173.6,0,1,138.5,0,0.5,2,2,1,1
46,1,1,124.4,191.9,0,1,150.4,0,0.6,1,0,1,0
52,0,2,121.2,180.3,0,0,155.2,1,3.1,2,0,1,0
61,0,2,151.0,226.4,0,0,149.1,0,1.2,1,1,3,0
56,1,2,141.9,244.5,0,1,199.3,0,1.2,0,0,1,0
72,1,2,137.7,321.1,0,1,123.7,0,0.8,1,0,2,0
43,1,2,122.3,201.0,0,1,162.4,0,3.1,1,0,3,1
64,1,2,146.8,282.3,0,0,165.1,1,4.5,1,1,1,0
55,1,2,126.5,205.1,0,2,181.4,0,0.4,1,2,1,1
62,0,3,128.9,245.3,0,0,137.3,0,0.9,2,0,1,0
49,1,3,111.6,232.9,0,0,111.0,0,0.0,0,0,2,1
66,1,1,157.6,205.0,0,0,133.6,1,1.5,2,0,2,1
57,1,0,162.7,205.2,0,0,153.6,0,2.1,1,1,2,1
47,0,0,133.1,309.2,0,1,205.0,0,0.8,1,0,3,1
54,1,0,125.2,217.9,0,1,117.1,0,0.2,0,0,1,1
51,1,0,150.1,284.3,1,0,148.2,1,0.5,0,0,1,0
59,1,1,145.8,273.0,0,0,129.7,1,1.0,1,0,1,0
41,1,0,122.8,210.0,0,1,175.5,1,2.0,0,0,2,0
54,1,2,154.7,241.3,0,0,134.0,0,1.0,0,0,2,0
58,1,0,127.4,248.1,0,1,111.5,0,1.3,0,0,1,1
54,0,2,107.8,262.8,0,1,102.3,1,0.7,1,2,3,1
69,0,0,133.6,228.8,1,1,144.3,1,0.7,0,1,1,1
63,1,3,155.8,178.3,0,1,143.9,0,0.2,0,0,3,0
54,1,2,135.8,210.6,0,0,159.1,1,0.6,0,0,2,1
56,1,1,113.4,293.4,0,0,149.4,0,0.6,1,0,1,0
57,1,3,127.5,241.1,1,0,152.5,1,0.1,1,0,1,0
58,1,0,156.5,224.3,0,2,155.4,1,1.8,0,0,1,1
34,0,2,130.9,169.5,0,0,141.3,1,1.0,0,2,1,0
51,1,2,132.9,294.8,0,2,149.4,0,0.1,1,0,1,0
38,1,1,127.7,226.7,0,1,168.4,0,2.4,1,0,1,1
68,1,0,156.9,294.1,0,1,118.2,1,0.9,0,0,1,1
53,1,0,152.0,271.1,0,1,109.5,0,0.5,1,0,3,1
52,1,3,108.3,275.7,0,0,156.4,0,0.2,2,0,1,0
64,1,2,153.4,317.9,0,0,137.6,1,0.4,0,0,1,1
59,0,0,141.5,248.5,0,0,174.1,0,0.5,1,0,1,0
42,1,1,159.7,231.3,1,0,169.3,0,0.9,0,1,1,0
53,1,0,132.5,309.9,0,0,141.2,1,2.6,2,1,1,1
50,1,0,153.4,276.7,1,1,120.3,0,0.0,0,0,2,0
35,1,3,137.7,203.7,0,0,188.6,0,0.4,0,0,3,1
46,0,1,108.9,284.5,0,0,169.6,0,0.3,1,0,1,0
52,0,1,148.9,307.4,0,1,177.1,1,1.7,1,1,2,1
53,0,3,145.3,139.9,0,1,169.4,0,0.6,0,2,2,1
38,0,1,115.3,181.0,0,1,130.4,0,1.1,0,0,2,0
67,1,1,142.5,210.3,0,1,149.9,0,1.1,0,2,2,0
53,0,1,168.7,272.9,0,0,169.2,1,0.0,2,1,2,0
54,1,2,125.3,276.1,0,1,150.0,1,0.4,1,1,3,0
58,0,2,145.1,265.7,0,0,138.1,1,2.4,1,1,2,1
45,1,0,112.0,276.8,0,1,142.8,1,1.3,1,2,1,1
59,1,2,125.0,194.4,0,0,127.8,0,2.5,0,0,3,1
50,0,2,144.6,186.9,0,1,147.7,1,0.9,0,0,3,0
44,1,2,136.1,293.0,0,0,126.0,0,1.1,1,1,1,0
60,1,3,131.9,248.1,1,0,103.8,0,2.8,0,0,1,1
70,0,1,165.6,300.2,0,0,125.9,0,1.7,1,2,2,1
62,1,0,119.4,213.5,0,1,129.9,1,0.4,0,0,3,1
64,0,2,130.9,198.4,0,0,190.8,0,0.9,0,0,2,0
48,0,0,138.4,183.4,0,0,181.2,0,0.0,0,0,3,0
36,1,0,113.8,270.3,0,1,153.9,0,2.3,1,0,1,0
70,0,0,144.2,296.8,0,0,137.3,0,2.1,2,0,1,0
77,1,2,159.1,273.3,1,0,156.9,1,0.3,1,2,2,1
71,0,0,133.2,226.1,0,0,137.1,1,0.3,1,1,2,0
50,0,1,117.7,268.0,0,2,145.9,1,1.1,1,0,3,1
41,1,0,125.1,263.7,0,0,149.8,0,0.0,1,0,1,0
42,1,2,90.0,148.1,0,1,151.6,0,0.5,2,0,1,0
35,1,2,147.4,219.3,0,1,134.4,0,0.4,2,0,1,1
53,0,0,135.5,253.3,0,0,173.4,0,0.1,1,0,1,0
72,1,2,135.3,296.5,0,1,131.0,1,0.4,1,2,2,0
52,1,2,103.5,237.0,0,0,176.5,1,0.4,2,1,1,0
57,1,2,154.7,249.0,0,0,169.6,0,1.7,0,2,1,0
69,1,1,129.9,243.7,0,1,148.9,0,1.7,0,0,2,0
50,1,2,143.2,251.7,0,1,177.1,0,2.0,2,0,2,1
76,0,3,136.3,188.9,0,0,129.8,0,0.1,1,0,3,1
76,0,0,107.4,222.5,0,0,122.2,0,0.2,0,0,1,1
53,0,1,153.6,142.9,0,1,134.0,0,0.2,0,0,3,1
48,1,1,151.9,219.9,1,0,152.8,0,0.9,0,0,1,1
62,0,2,146.8,266.0,0,1,158.1,1,0.3,2,0,2,0
50,1,2,138.7,205.2,0,0,158.4,0,1.7,1,2,1,0
41,0,0,106.2,225.8,0,0,197.6,0,2.8,2,2,2,0
68,1,0,153.1,263.5,0,0,150.3,1,0.0,0,0,1,1
67,0,3,173.9,365.7,0,0,127.7,0,0.6,0,0,1,1
56,1,2,136.6,238.5,0,0,149.9,1,3.7,0,1,2,1
40,0,3,129.9,268.1,0,1,175.8,0,0.8,1,0,2,0
40,1,3,110.7,228.3,0,2,145.6,0,1.6,1,1,1,0
55,1,1,97.0,257.4,0,0,133.1,1,0.8,1,2,3,0
49,1,0,126.3,238.4,1,0,175.9,1,1.4,1,0,3,1
50,0,2,156.7,221.4,0,2,167.1,0,0.2,1,1,1,0
65,0,1,157.9,236.3,0,1,141.8,1,1.1,0,1,2,1
62,1,1,134.8,299.1,1,0,131.4,0,1.7,0,0,1,1
69,0,1,142.5,259.4,0,0,132.3,0,1.3,1,0,3,0
43,0,3,106.3,184.9,0,1,160.7,1,0.4,0,2,1,0
50,1,0,135.0,221.3,0,1,166.1,0,0.4,0,0,3,1
62,0,0,123.6,205.0,1,1,165.6,0,3.7,1,1,1,0
59,0,2,133.2,284.0,0,1,148.4,0,2.6,1,0,1,0
71,1,3,133.3,213.9,0,2,110.9,0,0.7,0,0,3,0
59,1,3,130.0,281.1,1,1,176.4,0,1.2,0,0,2,1
74,0,2,153.9,291.4,0,0,161.6,0,1.7,1,0,2,1
60,1,0,170.9,249.8,0,0,165.5,0,0.9,1,0,2,0
66,1,1,133.9,269.6,0,0,170.5,1,0.1,1,1,2,1
50,1,3,158.5,217.9,0,0,168.1,0,0.6,1,1,1,1
54,0,1,108.7,278.8,0,1,150.2,0,1.9,2,0,1,1
64,1,2,134.8,190.4,0,0,117.5,0,0.4,1,0,3,0
72,1,1,115.2,227.3,1,1,119.7,0,0.7,1,0,2,1
62,1,0,130.4,230.7,0,0,134.3,1,0.2,2,1,1,1
53,0,2,143.6,284.5,1,0,165.3,1,1.7,0,2,1,1
69,0,3,154.9,321.7,0,1,173.5,0,0.2,1,2,1,0
30,1,3,114.0,213.0,0,2,192.5,0,1.4,2,0,1,1
38,0,3,135.2,231.5,0,1,147.2,1,1.0,1,2,2,1
61,1,2,157.9,191.9,0,0,140.6,0,2.7,1,0,2,1
54,1,2,153.6,237.7,0,0,117.9,0,0.9,0,0,1,0
61,1,3,140.4,292.3,0,2,180.1,1,1.2,0,2,1,1
55,1,0,123.6,162.7,0,1,115.0,0,5.1,0,0,2,1
60,0,3,120.1,244.3,0,0,140.2,1,0.4,0,0,1,0
45,1,2,116.6,269.8,0,0,183.5,1,0.3,1,0,1,0
60,1,3,134.9,246.0,0,1,152.6,1,0.4,0,0,1,1
65,1,2,121.9,236.9,0,1,153.5,0,1.2,0,0,2,1
67,1,0,149.5,284.5,0,0,145.3,1,0.6,0,0,3,1
76,1,0,143.6,213.5,0,0,96.2,1,1.0,0,1,1,1
57,1,1,138.0,208.2,0,1,155.6,1,3.5,2,0,1,0
57,0,1,98.6,161.2,0,0,159.4,0,0.8,0,0,1,1
37,1,1,130.3,249.8,0,0,145.4,1,1.1,1,0,3,1
48,1,2,124.2,249.0,0,0,167.6,1,0.2,1,0,2,0
52,0,1,169.5,215.5,0,1,138.6,0,0.4,2,0,1,1
66,1,0,114.0,206.3,0,0,170.6,0,1.7,1,0,1,0
47,0,3,125.6,236.9,0,0,150.9,0,0.0,1,2,3,0
63,1,1,143.1,248.8,1,1,154.7,0,0.9,0,0,1,1
54,0,3,113.5,188.7,0,0,154.1,1,1.4,2,0,1,1
52,0,0,165.2,155.1,0,1,164.7,1,0.4,1,0,2,1
57,1,2,169.8,166.5,0,1,148.2,0,0.4,0,1,2,1
50,1,0,117.5,176.0,0,0,165.8,0,0.2,1,0,3,0
49,1,2,122.1,186.6,0,0,166.2,0,1.4,0,0,2,0
35,0,2,164.9,231.1,0,1,132.1,0,4.1,1,1,2,1
51,1,3,158.4,244.1,0,0,163.8,0,1.2,1,0,1,0
49,0,1,123.1,232.3,0,0,140.6,0,1.5,1,0,1,0
48,0,0,137.3,255.1,0,1,147.7,1,0.4,1,2,3,1
59,0,3,107.3,260.8,1,0,139.1,0,1.2,0,0,1,0
61,0,1,172.3,258.4,0,0,134.5,0,1.0,2,0,2,1
57,1,0,136.1,246.4,0,0,176.5,0,0.2,1,0,3,1
65,1,1,147.3,198.8,0,1,110.8,0,1.1,1,0,1,1
60,0,0,115.7,184.8,0,0,84.0,1,2.7,1,0,2,1
51,1,1,112.8,215.6,0,0,137.1,0,0.7,0,1,1,1
49,0,1,137.9,289.6,0,1,146.4,0,2.1,1,0,3,0
57,1,1,169.2,345.6,1,0,128.0,1,2.3,1,0,1,1
60,1,1,125.8,268.0,1,0,123.1,1,0.1,2,0,1,1
69,0,1,117.1,262.4,0,1,153.9,0,1.8,0,2,1,0
67,1,2,142.7,292.9,0,0,142.3,0,0.8,1,0,1,1
48,0,3,159.0,305.9,1,0,205.0,1,1.0,1,3,1,0
53,1,0,122.3,200.5,1,0,130.8,0,0.1,1,2,2,1
61,0,3,128.3,371.6,0,1,151.8,0,0.1,0,0,1,0
66,1,3,152.1,315.5,0,1,152.6,1,1.3,0,2,1,1
64,1,2,153.5,184.8,0,2,135.3,0,1.8,0,2,2,1
53,0,3,125.6,197.1,0,0,124.6,0,4.0,1,0,1,0
40,0,1,147.2,360.4,0,1,153.9,1,2.6,1,2,2,1
43,1,3,140.8,283.2,0,1,166.4,0,1.7,1,0,1,0
57,0,2,132.0,216.2,0,1,131.2,0,3.5,1,0,1,0
58,0,1,148.2,246.3,0,1,139.9,0,1.2,0,1,1,0
42,1,2,144.8,270.4,0,0,152.0,0,5.1,0,0,3,1
54,1,2,115.2,280.5,0,0,130.2,0,0.5,1,1,2,1
61,0,0,159.5,304.1,0,1,171.8,1,0.1,0,1,1,1
41,0,0,134.0,247.5,0,1,158.9,0,1.3,2,2,1,1
66,1,2,161.8,257.9,0,0,136.0,0,0.3,0,0,1,0
50,0,2,130.9,224.0,1,0,167.9,0,0.5,0,2,1,1
68,1,2,142.0,205.4,1,1,142.6,0,0.3,1,0,1,1
48,1,2,139.7,196.4,0,1,177.7,0,0.0,0,0,2,0
43,1,0,141.1,231.2,0,0,134.9,0,0.7,1,0,1,1
49,0,1,157.3,254.8,0,1,163.8,0,0.1,2,0,1,0
53,0,3,139.1,177.0,1,1,147.7,0,0.3,0,0,1,0
50,0,3,129.5,330.0,0,1,179.6,0,0.5,0,3,1,1
52,1,2,151.7,210.1,0,0,170.1,1,0.7,0,0,1,0
58,1,3,142.7,205.1,0,2,151.6,0,1.4,2,0,1,1
52,0,3,183.7,239.5,0,0,155.4,0,0.2,1,0,1,0
53,1,0,139.0,136.8,0,1,146.4,0,0.7,0,3,2,1
35,1,1,151.5,250.7,1,2,183.9,0,1.1,1,0,1,0
58,0,0,147.9,199.2,0,1,133.4,1,1.0,0,0,1,1
53,0,1,93.9,156.5,0,1,146.9,0,0.2,1,0,3,0
72,0,2,122.2,254.0,0,1,150.7,1,1.8,0,0,1,1
44,1,0,123.6,244.2,1,0,137.3,0,0.0,1,2,1,0
34,1,3,102.0,320.0,0,0,137.3,1,0.6,0,1,1,1
61,1,2,128.6,251.8,0,1,163.4,0,0.4,0,2,1,0
58,0,2,107.3,250.4,0,1,113.6,1,0.1,0,3,1,1
43,0,0,108.3,239.4,0,2,174.7,1,1.4,0,3,1,1
37,1,0,134.1,122.0,0,0,150.4,0,2.0,0,0,3,1
71,1,2,172.8,250.7,0,0,110.8,0,0.8,0,2,2,1
70,1,3,113.5,244.9,0,1,168.0,1,0.8,0,0,2,0
27,1,3,105.4,225.6,0,0,124.2,0,0.8,0,3,1,0
49,1,2,123.2,203.0,0,0,175.2,1,0.4,1,0,1,0
72,0,0,132.9,272.6,0,1,200.3,0,0.7,1,0,1,0
49,1,0,105.0,196.7,0,1,188.1,0,0.8,0,1,1,1
49,1,3,120.2,270.7,0,1,143.8,1,6.0,1,0,3,1
51,0,0,116.0,257.4,0,0,183.2,1,0.4,2,0,2,1
42,1,2,136.7,298.9,0,1,179.8,1,1.5,1,1,1,1
35,0,2,133.9,214.3,0,0,140.8,0,0.3,1,1,3,0
66,1,1,134.3,304.4,1,0,119.0,1,0.4,2,1,3,1
34,1,1,122.2,243.7,0,0,165.1,0,0.0,1,1,1,0
57,1,3,122.0,239.1,0,0,157.8,0,0.2,1,0,3,0
64,1,3,137.4,207.4,0,0,164.5,0,0.5,1,0,1,0
38,1,3,112.4,253.2,1,0,179.1,0,1.7,0,0,1,0
44,1,1,159.4,217.0,0,1,158.5,0,0.8,1,0,3,0
67,0,0,107.3,244.7,0,0,128.8,1,0.6,1,1,2,1
60,1,3,123.7,277.7,0,1,164.0,1,1.8,0,0,1,1
47,0,0,144.9,237.6,0,0,176.6,0,1.4,0,0,1,1
67,1,2,130.1,259.9,0,0,142.9,0,0.5,2,3,1,1
67,0,1,146.3,312.6,0,1,135.6,1,4.5,0,2,3,1
57,0,2,162.7,267.2,0,0,135.2,1,1.6,0,2,1,1
44,0,1,143.5,208.0,0,0,121.0,1,0.5,0,0,3,1
49,1,3,111.1,221.8,0,0,134.7,0,1.7,0,0,1,0
57,0,3,111.0,248.6,0,2,177.6,0,0.8,1,2,1,0
52,0,1,127.1,334.0,0,0,149.7,1,0.1,0,0,2,1
64,0,0,141.5,186.2,0,1,128.5,0,1.3,1,0,1,0
37,0,2,148.5,243.8,0,0,157.2,0,0.5,1,1,2,0
38,0,1,112.9,295.8,0,0,149.1,1,1.3,0,0,1,1
56,1,3,125.8,269.1,0,1,156.1,0,0.6,0,0,1,1
49,0,0,125.2,233.8,0,1,142.8,0,0.3,0,2,3,1
47,1,0,127.4,163.3,0,0,150.7,1,0.3,2,0,2,1
35,0,2,153.2,301.3,1,1,114.2,1,0.2,0,0,2,0
54,1,2,132.1,220.6,0,0,126.0,0,2.2,2,1,1,0
53,1,1,136.5,199.1,0,0,155.0,0,3.1,0,0,3,1
61,0,1,149.2,254.9,0,0,140.1,1,1.2,0,1,1,1
55,1,1,162.9,304.5,0,1,159.8,0,0.1,2,1,1,1
53,0,1,130.1,258.9,1,0,153.7,0,0.7,1,0,2,1
67,0,0,156.9,229.9,0,1,170.7,0,0.1,1,0,1,1
40,1,3,163.4,247.4,0,0,92.1,1,0.4,0,0,1,1
60,1,0,133.5,248.7,0,0,142.7,0,0.0,0,0,1,0
36,1,1,119.4,214.5,1,1,172.5,0,5.4,0,0,1,1
45,0,2,168.1,241.2,1,1,154.8,0,0.6,2,3,1,0
41,0,0,147.9,200.6,0,1,149.7,1,0.3,1,0,1,1
63,0,3,133.5,201.0,0,0,132.5,0,0.1,0,0,2,0
53,1,2,145.4,265.4,0,2,134.0,0,0.2,0,0,2,0
54,1,0,115.2,224.0,0,0,137.9,0,0.3,1,0,3,1
42,0,3,148.0,236.1,0,1,134.6,0,0.6,0,0,1,1
51,1,1,100.8,206.4,0,1,143.5,0,0.1,2,1,2,1
46,0,2,148.3,213.7,0,0,134.1,1,0.1,0,0,1,0
58,1,3,122.0,221.5,0,1,169.3,0,1.1,0,0,1,0
43,0,3,98.5,211.7,0,0,135.3,0,0.9,0,0,1,0
69,1,1,101.7,228.6,0,2,173.2,1,0.2,1,3,1,1
36,1,0,120.9,243.8,0,0,179.4,0,0.7,0,0,1,0
45,1,1,144.6,299.4,1,2,178.9,0,0.3,0,0,2,1
72,0,2,110.5,281.2,0,0,136.1,0,0.1,1,0,3,1
49,1,3,110.5,224.9,0,0,125.6,0,1.3,0,1,1,1
40,0,0,118.6,208.7,0,1,118.6,1,0.7,1,3,1,1
56,1,0,149.0,163.8,0,1,164.8,0,0.9,2,0,1,1
49,1,3,149.5,210.0,0,1,148.5,0,0.2,0,0,2,0
45,0,1,131.3,189.9,0,0,143.1,0,1.4,1,3,1,0
42,1,1,148.7,239.6,0,0,169.2,0,1.5,1,0,2,1
84,1,0,153.9,325.3,0,1,187.6,1,0.7,2,0,1,1
51,0,1,122.7,223.0,0,2,150.2,0,2.0,0,1,2,1
33,0,3,142.1,170.1,0,0,184.6,0,4.8,1,0,2,1
70,1,3,114.9,238.4,0,0,134.6,0,0.6,0,2,1,0
61,1,1,144.5,224.5,0,0,164.6,0,1.2,0,2,3,1
46,0,3,108.0,294.1,0,1,154.6,1,0.0,1,1,1,0
44,0,1,131.1,155.0,0,0,173.5,0,0.1,1,1,1,0
61,0,3,154.7,200.2,0,1,157.1,1,0.7,1,0,3,1
51,1,0,137.1,273.8,0,1,135.3,1,0.2,1,3,3,1
33,0,3,125.5,165.0,0,1,129.7,0,0.0,1,0,1,0
74,1,1,143.1,273.6,0,0,86.0,0,0.1,1,0,3,1
49,0,0,141.7,210.4,0,1,159.7,0,0.1,0,0,1,1
70,0,3,173.4,292.2,0,2,167.7,1,2.6,1,0,2,1
68,0,0,146.2,244.1,0,1,152.2,1,1.1,0,0,1,1
43,1,3,122.2,230.5,0,1,184.6,0,1.6,2,0,1,1
65,0,0,130.0,271.6,0,0,177.8,0,0.2,1,1,3,1
47,1,0,116.0,239.8,0,1,163.0,0,0.4,0,0,1,1
33,0,3,103.4,179.7,0,1,111.1,1,0.1,1,0,1,0
49,1,2,90.0,216.7,1,0,124.9,0,2.0,0,1,2,1
58,0,1,123.7,171.2,0,0,130.3,0,0.6,1,1,3,0
49,1,0,107.5,201.6,0,1,120.1,0,2.2,1,0,1,0
51,1,2,135.0,146.2,0,1,113.1,1,1.0,0,3,2,1
67,0,1,125.1,348.8,0,1,139.0,0,2.5,0,0,3,0
55,0,1,111.7,240.6,0,2,121.4,0,1.2,2,0,3,1
45,1,2,93.9,261.7,0,0,135.5,1,0.8,1,1,1,0
62,0,2,126.7,207.4,0,2,148.8,0,0.0,0,0,1,0
56,1,3,103.0,265.2,0,0,127.3,0,0.4,1,0,1,1
26,0,2,136.7,265.6,1,1,165.8,0,1.0,1,0,1,0
59,1,1,139.8,284.3,1,2,138.5,0,5.4,1,0,2,1
58,1,1,130.9,239.2,0,0,168.8,0,0.7,0,0,2,1
54,0,1,157.1,286.1,0,2,133.4,1,1.1,1,0,2,1
64,1,1,136.7,218.2,0,2,111.8,0,2.7,0,0,2,1
47,1,1,139.2,255.4,1,1,144.8,1,0.1,1,0,1,1
58,0,3,144.4,244.9,0,1,192.5,1,0.8,0,1,1,1
37,1,3,120.4,183.7,0,0,191.6,0,1.5,2,0,1,0
58,1,2,125.8,162.3,0,0,181.4,1,0.5,1,0,1,0
75,0,2,137.0,235.6,0,0,144.2,1,0.9,1,2,1,1
43,1,1,107.0,224.6,0,1,158.4,1,1.2,2,1,2,0
46,1,2,164.1,226.7,0,1,130.3,0,1.4,1,0,1,0
46,0,2,131.9,284.8,0,0,162.5,0,0.3,0,2,3,1
55,1,2,130.6,302.3,0,0,117.1,0,0.2,1,1,1,1
42,0,0,165.5,266.1,0,1,150.6,1,2.5,2,1,2,1
59,1,2,115.4,269.0,0,1,153.5,0,0.0,1,0,1,0
63,0,2,160.9,241.0,0,0,128.9,1,1.6,0,1,1,1
60,1,0,150.1,251.3,0,1,153.5,0,0.3,0,0,3,1
35,1,0,149.4,253.7,1,1,147.3,0,1.4,1,0,2,1
65,1,2,133.6,251.4,0,1,83.7,0,0.8,0,2,1,1
64,0,2,134.5,271.0,0,0,158.5,0,0.7,1,3,1,1
63,0,3,127.1,246.6,0,0,156.1,0,0.4,2,0,2,1
58,1,0,152.9,221.0,1,1,132.0,0,2.6,0,0,1,1
56,0,0,138.6,253.6,1,1,144.5,0,0.2,0,0,1,1
65,0,0,123.7,234.9,0,1,195.8,0,0.1,0,0,2,0
75,1,1,130.0,312.7,0,1,150.7,1,0.8,1,2,1,1
44,1,2,131.2,219.1,1,0,140.0,0,0.1,2,0,1,0
66,0,3,128.0,371.4,0,0,148.1,0,0.9,0,0,1,1
53,0,2,156.7,313.2,0,0,161.0,0,0.7,1,0,3,0
53,1,3,148.3,191.2,1,0,141.2,0,1.1,1,1,1,0
37,1,0,144.3,290.5,0,2,154.1,0,2.0,1,0,2,1
51,1,0,137.5,234.8,0,0,111.1,0,0.4,1,0,2,1
43,0,0,113.4,262.4,1,1,150.7,0,0.9,2,0,2,1
49,1,2,145.3,309.0,0,1,122.3,1,0.7,0,0,1,0
42,1,1,93.2,203.1,0,0,128.6,1,0.2,0,0,1,1
49,0,2,132.9,219.3,0,1,141.1,0,0.5,0,0,1,0
50,1,0,118.4,273.2,1,1,160.4,0,0.7,0,1,2,0
55,1,0,118.2,225.6,0,0,103.6,0,0.1,1,0,1,1
36,1,1,121.2,137.2,0,0,151.0,0,0.2,1,0,1,0
38,1,1,128.5,278.2,0,0,125.1,1,0.6,1,0,1,1
58,1,3,134.6,259.1,0,0,192.0,1,1.0,1,2,1,1
45,1,3,146.0,237.2,1,1,120.7,0,1.0,0,0,1,1
66,1,0,133.9,251.1,0,0,138.3,0,0.3,2,1,1,1
56,0,2,129.7,340.6,0,0,119.3,1,3.1,0,1,1,1
61,1,2,110.6,288.4,0,2,151.6,0,0.3,1,0,1,0
70,1,2,115.2,209.1,0,1,87.8,0,0.6,0,2,1,1
51,1,0,138.4,245.8,0,0,180.6,0,0.8,0,0,2,0
48,1,2,143.9,291.5,0,1,204.9,1,0.4,0,0,2,0
64,0,0,128.8,296.2,0,1,166.8,0,0.8,1,2,1,0
60,1,1,152.3,177.4,0,0,146.6,0,0.5,0,3,1,1
52,1,0,108.2,218.6,0,1,140.0,1,0.7,0,0,2,0
69,1,2,144.9,196.8,0,0,116.1,0,0.9,1,0,1,1
52,0,2,115.2,268.8,0,0,120.8,0,0.1,2,1,2,1
54,0,3,114.2,201.5,0,2,133.7,0,1.2,0,0,1,1
54,0,2,117.2,309.8,0,0,159.6,0,1.4,1,1,3,1
44,1,3,130.0,294.9,0,1,141.9,0,0.1,1,1,1,0
55,1,2,142.2,230.9,1,0,142.6,0,0.0,1,3,1,1
69,1,1,144.3,191.0,0,1,144.4,1,1.4,0,1,2,1
59,0,2,127.0,208.4,0,0,165.7,0,3.0,0,0,3,0
54,0,1,142.4,261.2,0,0,188.8,0,0.5,0,0,1,0
52,1,2,163.9,278.2,0,1,113.0,0,2.2,1,0,1,1
58,1,2,132.9,241.1,0,1,188.6,0,1.9,2,1,1,0
62,1,2,137.7,131.2,0,1,173.0,0,0.2,1,1,1,0
61,0,0,121.7,273.8,0,0,160.6,0,0.9,1,0,2,0
50,1,2,125.9,151.1,1,0,142.8,0,0.0,1,0,3,1
58,0,0,154.5,149.6,0,1,135.7,1,2.1,0,0,1,1
59,1,0,157.9,287.1,0,0,167.8,0,0.7,1,0,2,1
43,1,2,127.6,185.4,0,0,146.3,1,3.2,0,1,3,1
56,1,2,143.3,253.1,1,0,103.2,0,0.4,1,0,2,1
30,1,0,144.6,237.0,1,2,158.7,0,0.0,2,0,1,1
59,1,2,127.2,207.7,0,1,131.2,0,0.3,0,0,1,0
61,0,2,109.2,252.9,0,0,166.7,1,0.4,1,0,2,1
62,1,0,148.4,220.0,0,1,112.5,0,0.7,2,1,1,1
50,0,2,146.1,242.1,0,1,203.8,0,0.2,2,0,1,1
57,0,0,145.2,225.5,0,0,144.3,1,1.1,0,0,2,1
70,1,2,131.3,224.9,0,0,100.4,1,0.1,1,2,1,0
70,1,1,165.4,218.0,0,1,138.8,0,0.3,0,0,1,1
54,1,1,139.1,201.9,0,1,157.2,1,0.0,1,1,3,0
56,0,3,110.8,279.6,0,0,173.8,0,0.8,1,2,1,0
66,1,2,108.3,225.7,1,0,141.9,1,0.2,0,3,1,1
37,0,2,121.4,185.7,0,1,161.3,1,0.9,2,0,2,0
50,0,0,134.0,222.0,0,1,151.7,0,0.8,0,0,1,0
69,0,0,129.6,223.4,0,2,112.1,0,1.5,0,2,2,1
65,0,2,169.6,227.9,0,0,141.7,0,1.2,1,0,2,0
58,1,1,142.3,274.2,0,1,144.6,0,0.0,0,0,1,1
37,1,3,112.2,207.8,1,0,142.4,1,0.7,0,1,2,1
53,1,1,92.9,224.3,1,1,106.6,0,2.0,1,1,1,0
48,1,1,136.7,267.6,0,0,142.7,0,0.1,0,0,2,1
58,0,2,149.8,262.3,0,0,158.5,0,3.0,1,0,2,1
45,0,2,162.3,208.0,0,1,185.4,0,4.8,0,3,1,0
43,1,1,127.6,280.1,0,0,149.6,1,0.6,1,1,1,1
31,1,3,159.2,273.4,0,1,158.2,0,0.4,2,2,3,1
67,1,2,112.8,282.9,0,1,133.6,0,1.9,0,0,1,0
50,0,3,123.8,253.3,0,1,156.8,0,2.0,1,1,1,1
56,1,2,116.2,234.5,0,0,135.7,0,1.7,1,0,3,1
54,0,2,145.3,194.1,1,1,159.9,0,1.7,1,3,1,0
42,0,0,104.6,176.3,1,2,104.2,0,1.1,2,0,3,0
40,0,2,134.7,232.8,0,0,168.1,0,0.0,0,0,1,0
43,0,2,105.9,238.2,0,0,144.4,0,0.9,1,1,2,0
46,1,1,163.6,227.1,0,2,149.7,0,0.3,0,0,1,0
58,0,0,125.3,237.9,1,2,109.9,0,0.9,0,1,2,1
45,1,2,138.6,298.2,0,1,152.3,0,0.4,1,0,1,0
73,1,0,106.6,319.7,0,0,147.7,0,0.3,0,2,1,1
65,1,0,109.8,196.6,0,1,165.9,0,0.3,0,1,2,1
63,1,0,122.3,257.2,1,1,142.4,0,0.5,1,0,1,0
53,1,0,149.1,243.3,0,1,155.3,1,0.5,2,0,2,1
71,1,2,150.1,277.0,1,2,151.0,0,2.0,0,0,1,0
52,1,1,153.0,317.0,0,0,132.1,0,0.5,2,0,1,1
54,1,0,106.8,337.7,0,0,176.0,1,0.5,0,0,1,0
56,1,1,143.6,273.8,1,1,116.5,0,0.3,1,1,1,1
62,0,1,122.9,246.0,0,0,160.7,0,0.8,1,0,3,0
61,1,2,121.2,227.9,0,1,118.5,0,0.4,0,0,3,1
49,0,1,120.1,349.1,0,1,120.1,0,3.8,0,2,2,1
48,0,1,127.4,205.5,0,0,132.7,1,0.6,2,0,1,1
61,0,1,144.6,280.0,0,0,156.5,1,0.0,0,0,2,1
62,0,3,153.2,232.6,1,0,119.9,0,0.4,0,0,1,1
50,0,0,139.4,181.1,0,1,168.9,1,0.2,1,2,2,1
37,1,3,141.1,310.9,0,0,158.5,0,0.4,1,0,2,0
52,0,1,163.3,164.0,0,0,123.3,0,0.3,2,0,1,0
61,0,2,145.3,149.3,0,1,137.9,1,0.3,1,0,1,1
74,0,1,132.2,279.2,0,1,152.7,1,0.2,0,2,1,1
41,1,1,141.2,223.5,0,0,183.8,1,2.5,1,1,3,1
49,1,2,163.5,258.6,0,1,166.8,1,0.0,1,0,3,1
50,0,2,114.3,239.7,0,2,171.1,1,1.5,1,2,3,1
69,0,1,127.0,273.1,0,0,138.8,0,0.1,2,0,3,1
54,1,1,160.1,228.4,0,0,138.3,0,0.0,0,0,3,1
44,1,0,126.3,277.6,0,1,149.1,1,0.4,1,1,1,1
60,0,3,146.3,284.5,1,2,175.4,1,1.0,2,2,2,1
50,0,3,153.2,308.2,0,0,131.3,1,4.6,1,0,1,1
41,1,1,108.1,292.5,0,1,156.5,0,0.3,1,0,1,1
44,0,2,121.1,233.2,1,0,162.2,1,0.3,0,1,2,0
73,1,1,160.4,278.7,0,1,131.1,0,0.2,0,0,1,0
58,0,2,129.7,261.2,0,0,174.2,0,1.7,0,0,1,0
55,0,2,94.9,260.3,1,1,155.1,1,1.6,1,1,2,0
51,1,1,124.1,182.1,0,0,153.9,1,0.6,1,0,1,1
57,1,0,149.1,275.6,1,0,150.4,0,0.4,1,2,1,1
57,0,3,154.7,269.2,0,1,170.9,0,0.2,1,0,1,0
57,1,3,135.7,322.5,0,0,137.2,0,0.6,2,0,1,1
55,1,2,143.0,293.0,0,2,132.3,0,1.7,0,0,3,1
64,0,1,126.9,251.5,0,0,151.9,0,1.2,0,1,2,0
54,1,1,150.3,236.9,0,1,160.9,1,0.7,1,0,2,1
43,0,2,153.9,193.4,1,2,166.4,0,0.8,0,2,3,0
47,0,3,143.1,318.9,1,0,100.6,1,0.8,0,0,1,1
32,0,3,123.4,186.8,0,2,160.4,0,1.4,0,1,2,0
76,1,1,147.3,166.9,0,0,135.9,1,0.1,0,0,1,1
63,1,2,153.4,284.1,0,1,157.5,0,0.7,1,1,3,1
45,1,2,132.2,242.1,0,0,129.2,0,0.2,1,0,1,0
51,0,0,144.7,252.0,0,0,162.9,1,2.4,2,1,3,1
47,1,1,138.9,247.2,1,0,138.3,0,2.5,0,1,2,1
71,1,0,163.8,200.8,0,0,135.9,0,0.2,0,3,3,1
38,1,2,142.6,252.0,0,2,187.9,0,2.1,0,1,2,1
55,0,3,122.3,227.5,1,1,151.6,0,1.3,1,2,3,1
53,1,3,159.0,220.7,0,0,152.6,0,0.7,2,0,3,0
63,1,2,144.5,307.2,0,1,154.9,1,1.3,0,1,1,1
53,1,1,131.2,275.9,0,1,163.7,0,0.1,0,0,1,1
35,0,2,101.9,133.5,0,2,99.0,1,2.7,2,0,1,0
51,0,3,134.4,249.9,0,0,168.5,0,0.9,1,0,1,0
43,1,2,164.3,284.5,1,0,181.9,0,0.0,1,0,1,0
55,1,1,90.0,186.9,0,0,149.8,0,0.5,2,1,1,0
70,1,3,90.0,209.0,0,1,98.2,0,0.5,0,1,3,1
35,1,3,143.1,278.8,0,1,143.4,0,2.1,1,0,2,0
45,0,3,133.0,218.3,0,1,127.3,0,1.3,0,0,3,1
48,1,3,144.6,152.3,0,1,152.4,0,0.1,0,2,1,1
50,1,1,123.5,292.8,0,0,153.0,0,0.0,1,0,1,0
62,1,3,97.4,236.5,0,0,167.7,1,0.0,1,2,1,0
52,1,2,118.5,257.1,0,0,179.7,0,0.0,0,0,1,0
59,1,0,163.3,241.0,1,1,200.5,1,0.4,1,1,3,1
47,1,2,124.1,288.3,0,2,136.6,0,0.3,0,3,1,0
57,1,1,126.8,194.1,0,0,145.9,0,1.6,2,0,1,1
63,1,1,90.0,273.8,0,0,141.9,0,1.2,1,1,3,0
46,1,3,99.5,296.6,0,0,137.6,0,0.2,2,1,1,0
63,1,0,156.2,185.2,0,0,148.3,0,0.9,0,0,1,0
55,1,3,129.6,209.2,0,1,163.4,1,2.8,0,1,1,0
66,1,0,154.8,318.0,0,1,191.2,0,0.9,0,0,1,1
52,1,1,119.9,288.3,0,0,162.7,0,0.6,2,0,2,0
58,1,1,108.6,206.8,0,1,121.5,0,1.6,0,0,1,0
54,0,2,126.3,188.0,0,1,118.2,0,1.8,0,1,3,1
53,1,0,123.4,253.5,1,0,130.2,0,0.5,1,0,1,1
57,0,3,116.8,257.0,0,0,160.6,0,0.2,2,2,2,0
60,1,2,121.0,240.9,0,1,145.6,1,1.7,1,3,2,1
40,1,2,128.1,339.2,0,1,127.6,0,1.5,1,1,2,1
70,0,0,126.2,275.5,0,2,118.9,0,1.2,1,0,1,1
34,0,1,109.2,197.4,0,1,183.4,1,0.6,0,1,2,0
46,1,3,164.5,285.1,0,0,180.7,0,0.2,0,0,3,0
53,0,1,139.0,243.6,0,1,99.7,0,1.5,0,1,1,1
59,1,0,138.1,213.4,0,1,150.7,0,0.2,1,0,1,1
71,1,1,137.1,287.0,0,2,156.3,0,0.3,0,1,1,0
34,0,3,138.0,299.3,0,0,152.3,1,0.2,0,0,2,1
48,0,1,139.1,248.8,0,0,174.0,1,2.1,1,2,1,1
31,1,1,109.6,190.4,0,0,200.4,0,0.7,1,0,2,0
54,0,2,103.4,246.4,0,0,170.3,0,0.1,1,0,2,0
57,1,3,93.8,200.4,0,0,155.2,0,1.4,1,2,1,0
71,1,0,170.5,257.3,0,2,118.0,1,0.8,0,0,2,1
55,1,0,126.2,274.9,0,1,184.9,0,1.4,1,0,2,1
65,0,0,144.4,158.3,0,0,120.5,1,1.1,0,1,2,1
60,1,0,139.1,275.0,0,0,156.3,1,1.5,0,1,2,1
49,1,1,149.2,223.2,0,2,137.0,0,0.1,1,1,2,1
39,1,0,129.1,211.4,1,0,134.0,0,0.2,1,0,1,1
57,1,2,110.8,184.0,0,0,175.2,1,0.7,0,3,1,1
38,1,1,111.3,188.6,0,1,188.0,0,1.5,1,1,3,0
68,0,1,128.2,323.9,0,1,115.4,1,1.1,1,1,1,1
52,1,3,105.0,278.1,0,2,159.5,0,1.6,2,0,1,1
67,1,0,121.9,302.9,0,2,136.7,0,0.5,0,3,1,1
49,1,1,111.2,201.9,0,1,124.8,0,0.0,2,0,3,1
57,0,1,125.8,321.6,0,0,126.4,0,0.1,1,1,1,0
56,0,2,122.6,239.2,0,1,137.9,1,0.3,0,2,2,1
54,1,2,136.2,206.7,0,1,153.2,0,2.5,0,0,1,0
49,0,2,145.1,192.2,0,0,195.0,1,1.3,0,1,2,1
58,0,2,127.6,196.7,0,0,167.8,0,0.9,0,1,3,0
44,1,3,104.5,205.0,0,1,159.3,0,2.3,1,0,2,1
41,1,2,93.9,197.5,0,0,153.0,1,0.0,1,1,1,0
68,0,0,137.4,286.1,0,1,103.5,1,0.7,1,0,1,1
62,1,1,124.0,358.7,0,0,129.2,0,1.2,2,0,1,1
55,1,2,131.4,230.9,0,0,172.1,0,0.0,1,1,2,0
72,1,3,144.4,237.7,0,0,157.7,0,1.3,0,0,2,1
51,1,1,159.2,158.6,1,1,121.4,1,1.1,1,0,1,1
69,0,0,103.3,205.9,0,0,132.2,0,0.9,0,0,1,0
56,1,3,116.3,170.8,0,2,117.1,0,3.2,0,0,1,0
43,0,0,126.7,273.3,1,1,169.6,0,0.2,0,1,1,1
74,1,2,118.5,333.5,0,0,144.4,0,3.6,1,1,1,1
65,1,0,109.9,197.7,0,1,109.6,0,2.5,1,3,1,1
53,0,0,154.3,232.1,0,0,161.5,1,1.6,0,0,1,1
62,1,1,117.1,233.3,0,1,162.1,1,2.5,0,1,2,1
50,0,2,106.4,270.1,1,1,166.8,1,3.3,1,0,1,0
63,0,0,112.6,249.2,0,1,136.9,0,0.8,0,2,2,1
28,1,2,147.0,325.3,1,1,176.3,0,0.5,0,3,1,0
43,1,0,118.7,204.6,0,0,175.4,0,0.4,1,0,1,0
65,0,2,108.8,284.8,0,0,94.0,1,0.3,2,2,1,1
51,1,1,118.1,214.2,0,0,163.5,0,0.7,1,0,1,0
56,0,2,130.6,171.6,0,0,105.3,0,1.5,0,1,1,0
39,0,2,143.3,298.9,0,0,145.7,0,0.5,0,1,2,1
74,0,0,150.5,330.8,0,1,130.4,0,1.7,2,0,2,1
67,0,0,120.3,264.0,1,0,152.5,0,0.7,1,0,1,1
52,0,3,120.9,213.0,0,0,146.8,0,0.3,1,0,1,0
50,1,1,170.9,189.9,0,2,165.4,0,1.0,2,3,2,1
65,1,1,154.7,269.9,0,1,130.0,0,2.7,2,3,1,1
76,1,0,135.0,155.5,0,0,149.3,0,0.2,1,3,3,1
64,1,3,95.2,283.3,0,1,152.4,0,0.7,1,1,1,0
78,1,3,131.7,231.4,1,1,138.3,1,0.1,2,2,1,1
44,0,0,104.6,218.6,0,0,146.0,0,1.5,0,0,1,0
45,0,2,113.2,191.0,0,1,148.4,0,2.1,1,0,3,1
41,0,3,110.4,173.6,0,2,154.3,0,0.2,1,0,2,0
59,1,1,131.1,240.6,0,0,128.3,0,0.2,1,1,1,0
56,0,1,132.8,250.7,0,1,145.0,0,0.0,1,3,2,1
52,1,1,120.3,236.7,0,1,155.3,0,1.3,2,0,3,1
63,1,0,113.3,292.7,0,0,143.2,0,0.0,2,1,2,1
68,1,2,134.3,248.9,1,1,116.2,0,3.5,2,2,1,1
37,1,1,120.8,266.9,1,1,152.0,1,0.3,1,0,2,1
47,0,2,95.1,174.3,0,1,153.3,0,0.9,0,0,2,0
63,0,1,144.2,225.1,0,1,132.7,1,1.1,0,0,2,1
49,1,2,119.6,304.9,0,1,155.1,0,0.2,0,1,2,1
45,0,2,123.9,281.0,0,0,141.8,0,0.2,1,0,1,0
65,0,2,129.8,259.9,0,0,144.8,1,0.0,0,0,1,0
40,1,3,130.2,219.8,1,2,170.8,0,1.4,0,1,1,0
51,0,0,132.9,199.2,0,1,141.7,1,0.1,0,0,3,1
58,1,2,111.5,219.5,0,1,153.4,0,0.4,1,1,1,0
48,0,2,135.1,267.3,1,1,177.4,0,0.7,2,0,1,0
63,1,0,130.1,157.3,0,1,138.6,0,1.4,1,1,1,1
48,1,0,152.0,318.3,0,0,165.2,1,0.3,1,0,1,0
69,0,1,149.4,301.2,0,0,126.3,1,1.4,2,0,1,1
53,1,3,157.6,294.6,0,1,153.7,0,0.5,0,2,2,1
61,1,2,118.9,270.9,0,0,135.9,0,1.1,2,1,3,1
62,1,2,159.2,249.0,0,0,101.4,1,0.5,1,0,1,1
47,1,0,133.9,255.6,0,0,184.0,0,2.2,0,1,2,0
31,1,3,140.7,217.2,0,1,153.5,1,0.4,1,2,3,0
58,1,1,147.1,336.0,0,0,155.8,0,1.3,0,0,1,1
55,0,2,139.5,235.7,0,1,141.8,1,0.9,1,0,2,1
60,1,2,115.9,222.6,0,0,120.9,0,1.7,0,2,1,0
52,0,0,147.7,229.0,0,0,176.5,0,2.2,0,0,1,1
49,0,2,136.1,207.8,0,0,165.2,0,2.5,1,0,3,0
76,0,0,110.0,284.7,1,0,115.5,0,1.0,1,3,1,1
38,1,0,121.3,213.0,0,0,175.4,0,0.4,2,0,2,1
62,1,2,114.2,238.7,0,1,178.3,0,0.1,0,0,1,0
48,1,0,106.8,298.1,0,0,157.5,1,0.2,2,3,2,1
50,1,1,148.4,287.1,0,1,171.0,1,0.2,1,0,1,1
51,1,1,106.6,195.3,0,1,179.0,0,0.2,2,2,1,1
45,1,1,108.0,290.2,1,1,135.8,0,2.7,0,0,1,0
60,0,0,168.1,181.2,0,0,157.2,0,0.7,1,0,1,1
69,0,2,126.7,180.6,0,0,108.6,0,0.6,1,0,1,0
59,1,0,147.1,228.8,0,0,142.8,0,0.3,1,0,2,0
55,1,3,154.5,254.6,0,0,135.8,0,0.7,1,3,1,0
43,1,2,145.2,227.7,0,0,144.1,0,4.4,1,1,1,1
60,1,1,138.2,262.8,0,1,126.0,0,0.2,2,0,2,1
78,1,3,139.3,233.2,1,0,113.8,0,0.3,0,0,3,1
50,0,0,139.7,149.4,1,1,125.3,1,1.4,0,0,2,1
50,0,1,126.0,231.6,1,0,113.5,0,2.6,1,0,1,1
48,1,0,145.0,172.4,0,1,142.4,0,0.7,1,0,1,1
49,0,1,125.1,239.8,0,1,119.5,0,1.5,1,0,1,1
24,1,3,123.9,175.8,0,2,149.2,0,0.0,1,0,2,0
58,1,0,168.9,265.6,0,0,124.2,0,1.0,1,1,3,1
45,1,3,123.1,297.9,0,0,121.1,1,0.0,2,0,3,1
36,1,2,129.8,159.0,0,0,165.1,0,4.6,1,1,1,0
62,1,0,143.8,154.4,0,0,144.7,1,0.8,0,1,1,1
42,1,3,139.9,224.0,0,1,160.2,1,0.2,2,0,1,1
50,0,3,135.3,289.7,1,0,151.0,1,2.0,2,0,3,1
70,1,3,115.5,253.9,0,0,151.7,0,1.3,2,0,2,0
38,1,2,132.9,217.0,0,1,152.2,1,0.4,1,0,3,0
37,1,0,134.1,188.1,0,0,192.4,0,0.0,1,2,1,0
57,1,1,155.3,274.3,0,1,116.0,0,1.0,0,0,1,1
67,0,2,147.6,313.6,0,0,107.1,0,1.0,0,1,3,1
37,1,1,151.5,153.2,0,1,111.1,0,0.4,0,3,2,1
58,0,2,113.9,255.7,0,1,104.1,0,1.0,0,0,3,0
60,1,2,117.6,355.5,0,1,133.9,1,0.2,0,0,1,0
31,1,0,134.2,206.7,0,0,155.7,0,2.6,0,0,1,1
63,1,1,156.6,236.2,1,0,163.2,1,0.5,1,1,3,1
64,0,3,129.9,243.4,1,0,135.1,0,0.2,1,2,1,1
51,0,1,116.9,222.4,0,2,183.3,0,2.0,2,2,3,1
68,1,1,108.7,294.6,0,1,144.8,0,0.5,2,0,2,1
67,1,0,143.8,325.2,0,0,151.2,0,1.1,0,1,1,1
55,1,1,132.2,166.7,0,1,166.5,1,1.0,2,2,1,0
49,1,1,124.9,198.5,1,0,142.1,0,0.2,0,1,2,1
43,1,0,147.5,292.4,0,1,191.1,0,0.5,1,0,1,1
54,1,0,132.4,267.8,0,1,156.4,0,1.8,0,2,3,1
60,1,2,135.5,262.7,0,1,180.6,0,0.2,0,1,1,0
50,0,1,146.2,270.6,0,1,172.7,0,0.7,0,2,2,0
30,1,0,167.4,237.2,1,1,174.4,1,0.7,0,0,1,0
68,1,3,129.5,267.5,0,0,131.3,1,2.2,0,0,2,0
56,0,2,115.7,227.8,0,0,144.6,1,0.9,1,1,1,0
50,1,0,115.2,230.0,0,2,157.5,0,2.0,1,1,1,0
63,1,3,144.8,240.4,0,0,117.1,0,2.1,2,1,1,0
71,0,1,115.6,229.4,1,2,88.0,0,0.6,1,1,2,1
23,0,0,116.5,251.2,0,0,157.5,0,0.1,1,0,1,0
59,1,3,130.1,256.2,0,1,137.3,0,2.2,2,1,1,1
38,1,0,158.0,153.7,0,0,168.6,0,0.2,1,1,1,1
59,1,3,156.7,234.2,0,2,174.3,1,0.8,0,0,1,1
55,1,2,106.6,242.7,0,1,146.7,0,0.1,1,0,1,0
61,0,1,161.3,311.2,0,0,117.1,0,3.2,0,0,3,0
49,0,0,107.9,227.0,1,1,150.8,0,0.0,0,0,3,0
33,0,0,128.6,238.3,0,0,163.7,0,0.4,2,2,1,1
49,1,0,117.7,236.3,0,1,145.7,1,4.0,2,0,1,1
58,1,3,128.0,301.0,1,0,125.1,0,0.2,1,0,3,1
65,0,1,116.1,192.7,0,2,184.5,1,1.3,1,1,2,0
41,1,0,160.9,202.3,0,0,172.8,0,1.0,0,1,1,0
65,1,2,134.2,207.8,0,2,154.8,0,0.0,0,0,1,0
47,0,0,133.3,239.6,0,0,112.2,0,2.2,1,1,1,1
58,1,0,115.7,177.1,1,0,118.3,1,0.0,1,0,2,1
48,1,0,107.0,303.8,0,0,117.5,0,1.2,1,2,1,1
56,0,2,123.5,260.4,0,0,140.0,0,0.6,1,1,2,0
64,1,0,145.9,270.7,1,0,167.4,1,0.1,1,1,1,0
41,0,1,125.6,329.4,0,1,151.1,0,0.6,0,1,1,1
47,0,0,146.8,223.8,0,1,144.6,0,1.1,1,0,1,1
56,0,2,133.7,279.8,1,1,109.8,0,0.1,1,0,2,1
80,1,1,140.6,276.1,0,2,138.6,1,2.4,0,2,3,1
45,1,0,141.4,306.0,0,1,142.3,0,0.4,1,2,3,1
76,1,1,141.3,279.5,0,1,158.6,1,0.2,0,1,3,1
76,1,2,156.5,226.7,0,1,117.0,0,1.9,1,0,1,1
53,1,1,143.7,259.7,0,0,144.2,0,0.5,2,2,2,0
51,1,2,149.6,211.9,0,0,136.4,1,2.0,1,1,1,1
46,1,1,144.9,218.0,0,1,144.5,1,0.4,1,0,2,1
53,1,2,158.2,240.5,0,0,163.7,0,0.9,1,0,1,1
39,0,2,142.2,228.0,0,0,130.5,0,3.7,2,0,1,1
53,1,3,165.2,201.7,0,1,144.0,1,0.4,1,1,1,1
70,1,2,128.3,147.1,0,2,137.0,0,0.7,1,2,2,1
47,1,0,147.3,252.0,0,1,165.3,0,1.6,0,0,2,1
51,0,3,105.4,256.5,0,1,140.9,1,1.0,0,1,1,0
35,1,2,146.3,250.8,0,0,181.9,1,1.6,0,0,3,1
58,1,3,136.0,326.7,0,1,100.7,0,0.4,1,0,3,1
57,1,0,151.6,174.9,0,0,155.9,1,0.5,0,2,3,1
55,0,2,161.5,310.1,0,1,146.5,0,0.0,1,0,1,1
52,0,1,144.9,350.3,1,0,170.1,1,1.6,0,0,2,0
51,1,2,125.8,318.0,0,0,126.7,0,0.8,2,0,1,0
60,1,3,115.9,228.1,0,0,181.2,0,0.8,1,1,2,0
54,1,2,143.6,261.3,0,1,177.6,0,0.4,1,0,2,1
57,1,2,129.6,208.5,1,1,135.6,0,2.3,1,1,2,0
56,0,1,143.4,212.4,0,0,155.8,0,1.2,1,0,1,0
66,1,1,127.9,321.4,0,1,116.2,0,0.1,0,0,1,1
61,1,1,119.0,274.6,0,1,157.0,0,1.4,1,0,1,1
56,1,0,130.1,275.5,0,0,128.0,0,0.0,1,0,1,1
71,1,1,147.3,197.9,0,0,144.2,0,0.4,1,1,1,0
59,1,0,137.4,178.3,0,0,122.6,0,0.6,1,1,1,1
68,1,1,122.9,292.7,0,0,165.1,0,1.0,1,0,3,0
61,1,1,168.2,262.4,0,0,156.0,0,1.1,0,0,3,1
34,1,2,126.5,221.3,0,1,203.3,0,0.7,1,2,1,0
68,1,2,96.8,322.7,0,1,143.1,0,0.4,0,2,3,0
55,0,1,148.0,267.9,0,2,113.4,1,0.9,2,0,2,1
53,1,0,133.6,203.6,0,0,154.4,1,1.2,1,2,2,1
57,1,3,131.7,157.2,0,1,201.8,1,0.3,0,1,2,0
50,1,0,129.6,266.3,1,0,144.8,0,0.9,1,0,1,1
56,1,3,131.2,221.4,0,1,157.3,0,0.7,1,1,2,0
47,1,1,162.3,232.8,1,0,165.7,1,0.1,0,0,3,0
68,1,0,145.9,236.5,0,0,111.5,0,1.9,1,0,1,0
53,0,1,135.4,304.0,0,0,153.9,1,2.4,1,1,2,0
50,1,0,128.3,277.1,0,1,165.5,1,0.9,0,0,1,1
44,0,0,159.6,233.7,0,0,169.6,0,1.6,0,1,3,0
57,1,1,149.9,237.0,0,0,137.0,1,0.9,0,0,2,1
56,1,2,152.3,254.8,0,1,126.0,1,0.7,1,1,1,1
58,0,0,137.0,300.8,0,1,128.9,0,1.0,0,0,3,1
43,1,2,149.2,241.2,0,0,148.8,0,0.9,2,0,2,1
36,1,3,136.6,209.8,0,1,160.9,0,1.2,0,0,1,0
61,1,2,129.1,190.8,0,0,114.0,0,1.0,0,0,2,0
70,0,1,141.6,243.2,0,2,161.1,0,3.6,2,2,3,1
43,1,0,169.0,184.8,0,0,173.5,0,1.0,0,0,2,1
71,1,0,141.9,262.4,0,2,192.3,0,0.5,1,1,2,1
57,0,2,154.6,262.4,0,0,152.4,0,0.0,1,3,1,1
54,1,2,155.4,293.8,1,1,143.6,0,1.4,0,1,2,1
50,0,1,140.1,230.8,0,0,116.6,0,0.1,0,0,1,0
39,0,0,157.1,281.6,0,2,123.1,0,0.8,1,2,1,1
65,1,0,97.6,316.2,0,0,118.1,1,0.0,2,2,3,1
45,0,2,95.7,241.5,0,0,124.7,0,1.2,1,0,3,1
45,1,1,162.9,336.6,0,0,142.4,1,0.2,0,0,2,1
65,1,3,125.1,308.5,0,1,124.4,1,0.4,1,0,1,0
33,1,3,130.8,213.0,0,0,184.5,1,1.3,2,3,1,0
37,0,2,158.3,365.0,1,1,169.5,0,0.9,1,0,1,0
54,1,1,137.6,238.4,0,0,161.7,0,0.2,1,0,3,1
57,0,0,162.2,304.0,0,0,110.4,1,0.4,1,0,1,1
59,1,1,128.3,270.8,0,2,145.4,1,0.6,0,0,1,1
51,1,3,144.3,253.7,0,1,113.2,0,0.5,1,1,1,1
82,1,1,142.0,308.8,0,0,143.8,0,1.0,2,0,1,1
51,1,2,160.1,247.0,1,0,133.3,0,0.5,1,1,1,1
51,1,3,128.5,237.0,0,0,120.2,0,0.9,1,0,3,0
45,0,2,111.4,236.2,0,1,143.4,0,0.3,0,0,2,0
55,1,2,125.8,191.4,0,1,132.9,1,6.0,0,0,1,1
61,1,0,128.1,290.8,0,1,159.5,0,1.5,2,0,2,0
67,1,0,125.6,216.9,0,0,127.8,1,0.5,2,2,1,1
38,0,1,114.6,245.0,0,1,157.7,0,3.5,1,1,2,1
51,0,3,150.4,241.2,0,0,129.3,0,1.2,0,0,1,0
59,0,3,157.6,269.9,1,1,132.9,0,0.6,0,0,1,0
60,0,0,139.6,242.9,0,1,121.8,0,0.2,0,3,1,1
54,1,1,122.3,229.6,0,1,139.4,1,0.9,1,0,1,1
60,1,2,125.0,261.7,0,0,155.5,1,0.4,1,0,3,0
45,0,1,91.4,252.7,0,0,160.2,0,0.0,0,0,1,0
71,1,0,145.1,200.6,0,2,166.4,0,0.4,0,0,3,1
65,1,1,124.5,240.4,0,0,111.5,0,0.0,0,1,1,1
39,1,3,156.7,292.0,0,0,153.6,1,0.8,1,0,1,1
42,1,3,106.2,345.3,1,1,142.4,0,0.1,0,3,2,1
42,0,2,117.3,162.1,0,1,156.7,0,0.1,0,0,1,0
61,0,2,131.0,280.3,0,0,145.9,0,2.8,1,0,1,0
40,1,0,138.9,241.2,0,0,136.0,0,0.9,1,0,1,0
50,0,2,162.5,214.0,0,1,156.3,0,2.4,1,0,2,1
59,0,0,107.6,224.3,1,2,141.4,0,0.1,1,1,1,1
53,1,0,128.3,199.7,0,1,177.8,1,4.4,1,3,1,1
57,0,0,106.0,182.5,0,0,114.1,0,1.4,1,1,1,0
42,1,1,145.2,254.2,0,1,141.9,1,1.7,0,3,3,1
61,1,3,124.1,322.3,0,1,172.1,0,2.4,0,0,1,0
47,1,3,130.4,254.5,0,1,156.2,1,2.8,0,1,2,1
50,1,2,129.9,247.5,0,0,129.7,0,1.3,0,0,2,0
57,0,2,133.8,215.0,0,0,144.4,0,0.9,0,0,2,0
55,1,1,131.4,200.8,0,0,105.0,1,0.1,0,0,2,1
54,1,2,116.5,242.4,1,0,161.5,1,0.1,0,1,3,0
46,1,2,133.5,193.3,0,0,133.3,0,0.4,1,0,1,0
51,0,1,116.0,289.8,1,0,150.2,0,0.5,1,0,1,0
54,1,0,148.7,216.0,0,1,151.2,0,4.6,0,0,2,1
39,1,2,131.3,199.0,0,1,150.2,0,1.0,0,3,2,0
49,0,0,111.0,338.7,0,2,94.0,0,1.0,2,1,3,1
58,0,0,175.3,299.9,0,0,138.2,0,0.8,0,1,1,1
40,0,1,157.4,183.9,0,1,101.0,0,0.1,1,0,1,1
67,1,0,181.2,207.1,0,0,174.2,0,0.8,1,0,1,0
68,0,2,128.3,237.7,0,1,132.3,0,0.3,2,0,1,1
40,1,2,115.5,229.4,0,0,136.0,0,0.8,0,1,1,1
69,1,1,152.3,226.5,0,0,92.5,0,0.4,1,2,3,1
52,1,3,153.4,299.5,0,0,161.8,1,0.7,0,1,1,1
59,1,3,138.8,252.4,0,0,153.9,1,1.0,1,0,1,0
49,1,0,94.9,238.0,0,0,146.3,1,0.6,0,1,1,1
64,1,2,118.8,218.1,0,0,140.1,0,0.0,1,0,1,0
58,1,1,142.6,196.5,1,0,126.8,1,0.2,1,0,2,1
45,1,2,119.9,210.8,0,1,135.6,0,0.9,1,1,1,0
41,0,2,103.2,198.3,0,2,182.1,0,0.2,1,0,3,0
38,0,0,122.4,180.4,1,1,148.7,1,0.2,1,1,1,1
56,0,2,90.0,289.5,0,1,153.9,0,1.2,2,0,2,0
60,1,3,124.6,284.4,0,0,135.3,0,0.6,0,0,1,0
61,0,1,125.1,227.4,0,1,139.2,0,1.3,0,0,1,1
53,1,0,139.3,299.0,0,0,194.3,0,0.1,0,1,1,0
41,1,0,140.6,262.8,0,0,185.2,1,1.5,1,0,1,0
46,0,0,135.8,191.1,0,1,167.7,0,0.9,0,1,1,0
67,1,0,153.4,181.8,0,0,137.8,1,0.7,1,0,3,1
49,1,1,129.7,253.1,0,2,168.1,1,1.6,0,0,3,1
56,1,1,108.3,263.0,0,0,107.4,0,3.0,0,1,2,1
42,1,0,131.8,180.3,1,0,153.2,0,1.1,1,2,1,0
58,1,2,119.2,219.7,0,0,128.7,1,0.1,1,0,2,1
49,0,3,105.3,277.2,1,1,165.9,0,1.0,1,1,1,1
66,0,3,144.4,314.7,0,0,158.0,1,0.0,0,2,1,1
63,1,1,110.8,248.3,1,0,167.6,0,0.4,0,1,1,0
49,1,2,145.0,242.1,1,1,149.0,0,1.2,0,0,2,0
53,0,3,107.5,221.2,0,1,146.2,0,2.1,0,0,2,0
48,0,3,124.3,304.7,0,0,164.6,0,0.4,2,1,1,1
38,1,3,119.8,260.3,0,0,185.2,0,0.3,0,3,2,0
45,0,2,149.2,201.2,0,0,121.6,0,0.2,0,0,1,0
56,1,1,145.2,276.5,0,1,142.8,1,0.7,1,0,1,1
58,1,0,120.2,212.0,0,1,94.8,1,0.6,1,1,1,1
56,0,1,128.7,200.2,0,1,167.9,1,0.7,2,1,2,1
51,1,0,157.2,220.7,0,1,134.0,0,0.3,0,0,1,0
64,0,3,160.4,207.0,0,0,150.7,0,0.6,0,0,1,1
55,1,1,109.6,201.9,0,0,117.5,1,0.4,1,3,1,1
62,1,3,159.7,182.6,0,0,140.9,0,4.2,0,0,1,1
34,1,2,151.3,203.7,0,0,148.1,0,0.2,1,0,1,0
22,1,1,129.2,206.7,0,2,149.8,0,0.1,1,0,2,0
57,0,0,130.1,183.0,0,1,167.0,0,1.7,0,0,3,0
38,1,0,120.1,259.6,0,1,137.4,0,1.5,0,0,1,0
52,1,2,110.9,163.0,0,1,175.0,1,1.7,0,1,2,1
51,0,3,136.4,223.6,0,0,183.9,0,0.7,0,0,1,0
71,0,3,132.2,276.4,0,0,125.9,0,0.2,2,0,1,0
58,0,0,139.8,292.6,0,1,182.5,0,2.4,0,0,1,0
56,0,0,139.8,216.8,0,1,166.5,1,1.6,0,0,1,1
63,1,0,181.6,289.1,1,0,192.1,1,1.4,2,2,1,1
58,0,1,153.5,226.6,0,0,184.8,1,0.0,1,2,2,1
49,1,3,142.6,338.9,0,1,154.8,0,0.7,0,0,1,1
66,0,0,95.5,181.4,1,0,163.8,1,0.4,1,1,1,0
42,0,2,135.1,192.9,0,1,149.7,1,0.4,2,2,3,1
58,0,1,160.5,249.9,0,0,174.8,0,0.1,2,0,1,0
37,0,1,119.1,180.0,0,1,132.6,0,2.1,0,1,3,1
56,1,2,173.9,210.9,0,0,136.9,0,0.3,0,0,1,0
56,1,2,144.3,262.0,0,1,131.3,0,0.1,1,0,1,0
72,0,1,140.8,256.1,0,0,128.7,0,0.6,0,0,3,1
37,1,2,111.9,233.9,0,0,150.6,0,0.8,0,0,1,0
47,1,1,159.3,237.9,0,2,151.8,0,0.4,0,1,1,0
63,1,2,121.3,136.3,0,0,156.7,0,0.5,0,3,2,1
58,1,3,124.8,249.3,1,0,148.0,0,0.5,1,0,1,0
56,1,2,100.6,214.1,1,1,156.5,0,1.2,1,2,1,1
43,1,1,147.4,221.3,1,2,132.6,0,0.3,2,0,1,1
48,1,2,143.1,169.3,0,1,136.9,0,2.8,1,0,2,1
68,0,2,134.7,275.9,0,0,129.5,0,0.5,0,0,2,1
53,1,1,147.1,265.3,0,0,146.0,1,0.5,2,0,1,1
58,1,2,146.6,191.5,1,1,172.6,0,0.2,0,1,1,1
53,1,1,127.2,248.9,0,1,149.8,0,0.6,1,0,1,0
41,1,2,116.6,309.3,0,0,139.1,0,1.2,1,0,3,1
64,1,1,105.6,251.1,0,1,155.1,1,0.4,1,3,2,1
60,1,3,132.3,154.9,0,0,145.7,0,0.2,0,0,1,0
79,1,2,116.7,225.0,1,0,127.3,1,1.5,0,0,2,1
43,1,1,134.2,243.1,0,2,184.5,0,0.9,0,1,1,0
63,1,1,133.4,337.7,0,1,159.5,0,0.7,1,0,3,1
40,0,1,120.3,183.3,0,0,154.8,0,0.5,1,0,1,0
56,0,0,150.3,235.6,0,0,143.8,0,0.3,0,0,3,0
65,1,0,119.0,198.3,0,1,134.1,1,0.1,2,0,2,1
31,0,1,92.0,272.0,0,2,131.0,0,0.3,2,0,3,0
52,1,1,129.4,224.6,0,0,142.6,1,0.3,1,0,1,1
48,1,1,119.2,120.0,0,0,151.3,1,0.4,1,3,2,1
46,1,0,134.2,221.3,0,0,123.3,0,0.3,0,3,2,0
58,1,2,118.6,237.9,0,1,121.0,0,0.0,1,2,1,1
66,1,0,144.6,262.7,1,0,191.6,1,0.3,0,3,1,1
53,1,0,116.2,249.0,0,0,183.9,0,0.0,1,0,3,1
56,1,0,116.8,271.0,0,1,130.2,0,1.3,1,0,1,0
55,1,2,145.3,236.3,0,0,130.8,1,0.2,0,1,1,1
54,1,0,133.2,245.1,0,0,159.6,0,0.1,0,1,2,1
42,1,1,109.6,237.7,0,0,145.7,0,1.0,0,1,2,0
66,1,1,119.9,227.3,1,0,142.3,1,3.0,0,1,1,1
57,1,0,128.0,267.4,0,0,144.8,0,2.6,1,0,1,1
58,0,1,111.4,280.1,0,0,134.3,1,0.8,1,0,3,1
45,0,1,123.6,236.3,0,0,120.1,0,0.4,1,0,2,0
49,1,3,128.2,218.0,0,1,132.4,0,0.2,0,2,1,1
52,1,2,117.0,193.1,0,1,140.2,1,0.5,1,2,2,1
37,1,3,141.5,251.1,1,1,143.8,0,0.0,1,1,2,1
35,0,2,107.9,190.6,1,0,131.4,0,0.9,1,0,1,0
47,1,2,154.7,246.0,0,1,188.4,0,2.4,1,3,1,1
60,0,3,128.6,249.3,0,1,154.9,0,1.1,1,0,2,1
47,1,1,120.4,285.9,0,1,147.0,0,1.0,0,0,1,1
43,1,2,141.0,298.6,0,1,168.3,0,0.3,1,2,2,0
45,1,1,132.4,120.0,0,0,147.2,0,0.6,0,0,1,0
49,0,2,143.4,230.8,0,1,202.7,0,3.1,0,1,1,1
50,1,0,97.0,147.6,0,1,205.0,0,1.4,0,0,1,0
78,1,2,149.3,300.9,0,0,170.5,1,0.1,1,1,1,1
66,1,3,127.7,244.6,0,0,162.4,0,0.2,2,2,3,1
65,1,0,137.4,295.9,0,2,132.7,0,0.6,1,0,2,1
67,1,2,135.7,257.3,0,0,97.4,0,1.8,0,0,1,1
43,0,1,152.5,178.1,1,0,183.5,0,2.4,1,0,1,0
41,0,0,94.3,194.3,1,1,144.5,0,0.4,0,0,1,0
42,1,2,160.1,231.3,0,0,155.3,1,0.2,1,0,1,0
69,1,0,150.5,271.7,0,0,147.9,0,0.1,0,0,3,1
48,0,1,132.2,241.8,0,0,164.2,1,0.1,0,0,3,0
40,1,0,104.7,244.3,1,0,163.8,0,0.2,0,0,2,1
49,1,2,102.7,223.9,1,2,133.5,0,0.1,1,0,3,0
51,0,1,120.2,290.1,0,1,145.9,1,0.7,0,0,3,1
57,0,3,143.2,248.9,0,0,138.9,1,1.4,0,0,1,1
57,1,2,134.6,244.6,0,0,169.5,1,0.4,0,1,1,0
45,1,0,142.2,251.2,0,1,145.8,0,0.7,2,0,2,1
62,0,1,106.7,225.9,0,0,136.9,1,2.1,0,1,1,1
47,0,3,130.0,223.5,0,0,153.9,0,2.5,1,0,1,1
52,1,2,153.2,261.9,0,0,142.3,0,0.4,1,0,1,0
62,0,2,159.1,278.4,0,0,142.7,1,1.3,2,2,1,1
47,1,2,109.7,277.7,0,1,128.4,0,0.1,1,0,1,0
48,1,1,126.2,230.7,0,2,126.4,0,0.9,0,3,3,1
61,1,2,129.6,249.3,0,0,130.6,1,0.9,2,3,1,1
45,1,2,120.5,211.6,1,2,160.2,1,0.8,1,0,1,0
50,1,0,149.3,274.6,0,1,130.5,1,0.2,2,0,1,1
60,0,3,184.2,201.9,0,0,149.7,0,1.1,0,3,1,1
77,1,0,119.7,259.2,0,0,155.1,0,0.3,1,2,1,1
61,1,1,143.4,282.5,1,0,110.7,1,2.5,0,2,1,1
59,0,0,137.6,248.7,0,0,123.7,1,0.1,1,2,1,1
60,0,2,138.2,256.7,0,0,113.9,1,1.1,1,2,1,0
42,1,1,155.0,225.2,0,2,123.9,0,0.5,0,0,3,1
55,0,1,138.0,160.2,0,2,96.5,0,0.4,2,0,1,1
54,1,3,95.5,211.8,0,0,151.6,0,0.4,1,1,1,0
58,1,1,109.1,244.8,1,0,125.5,0,0.5,0,0,1,1
55,1,1,115.0,211.4,1,0,151.3,0,0.3,1,1,2,1
58,1,1,121.5,264.1,0,0,166.1,1,1.9,1,0,3,0
51,1,0,130.7,175.9,0,1,128.2,0,1.0,1,0,3,1
55,0,1,127.4,156.5,0,0,164.0,0,1.3,0,1,3,0
40,0,1,94.7,267.1,0,1,180.9,0,0.3,2,0,1,0
50,0,1,101.0,226.3,1,0,135.3,0,0.2,1,0,1,0
69,0,3,96.6,261.9,0,1,95.1,0,0.6,1,2,3,1
58,1,0,107.0,219.9,0,1,118.6,0,1.2,1,1,2,1
54,1,2,151.8,266.2,0,0,201.5,1,3.6,0,2,2,1
75,1,0,134.4,308.5,0,0,129.4,0,0.5,1,0,3,1
39,1,1,113.1,299.0,0,0,179.0,1,2.0,1,0,1,1
42,1,1,96.5,208.7,0,0,155.2,1,2.7,0,0,1,1
73,1,0,120.5,229.5,0,1,97.6,1,0.0,0,0,3,1
55,1,2,145.2,249.2,0,0,158.1,1,1.3,0,0,1,0
51,1,1,141.8,322.7,1,0,135.8,0,0.6,0,0,1,0
41,1,3,126.2,186.1,1,1,198.7,1,0.9,0,2,1,1
59,0,2,127.4,192.7,0,1,128.2,0,0.8,2,0,1,0
60,1,1,103.6,281.7,0,1,181.4,1,2.0,2,0,1,0
42,1,0,117.0,207.9,0,0,191.8,0,0.2,1,1,1,1
52,1,0,143.5,269.7,0,0,117.0,1,1.2,1,0,2,1
50,1,0,120.9,214.3,0,2,165.2,1,0.3,2,1,2,1
57,1,2,164.0,258.0,0,0,138.0,0,1.8,1,1,1,0
42,1,3,152.7,214.8,0,0,180.4,0,2.1,0,0,2,0
68,1,0,129.3,202.1,0,1,148.1,0,0.2,1,0,3,1
64,1,1,131.7,251.3,0,1,145.7,1,0.4,0,0,1,1
50,1,1,173.0,186.6,0,0,140.6,1,0.8,0,1,1,1
52,1,2,148.7,260.8,1,1,161.7,1,0.1,2,1,1,1
52,1,0,134.8,230.4,1,1,117.8,0,0.7,0,0,1,1
45,0,3,132.1,178.4,0,0,173.8,0,0.9,0,0,1,0
49,1,2,135.4,252.8,0,1,169.0,0,2.4,2,0,2,1
51,0,3,129.9,252.6,0,0,160.7,0,0.5,1,0,2,0
72,1,1,119.2,144.2,0,0,116.1,1,0.3,0,0,1,1
64,0,2,126.3,242.7,0,0,120.3,1,0.8,0,0,1,0
64,1,2,110.7,245.3,0,2,127.1,1,1.7,0,0,1,1
58,1,2,148.0,246.9,0,0,125.3,0,0.8,2,0,1,1
42,1,0,128.6,157.2,0,0,161.5,0,2.0,2,2,2,1
54,1,3,148.0,257.0,0,0,136.3,0,0.2,0,3,1,1
65,1,3,113.8,267.8,0,0,132.6,0,2.0,1,0,2,1
40,1,0,156.1,195.2,0,2,145.7,0,0.8,1,0,1,1
61,0,2,156.1,182.3,0,2,117.8,1,0.3,1,2,3,1
80,1,1,112.2,207.4,1,1,120.1,0,0.1,0,0,3,1
66,0,3,124.9,251.3,0,0,164.7,1,0.1,0,0,2,0
70,1,2,130.8,192.5,1,0,156.3,1,1.1,1,1,3,1
56,0,0,105.6,182.5,0,0,157.1,0,3.0,0,1,1,0
65,1,0,132.1,337.6,0,2,173.9,0,1.3,1,2,1,1
46,1,1,142.0,238.4,0,0,140.7,0,1.3,0,0,2,0
63,0,0,124.8,230.9,1,0,134.6,0,0.2,0,0,2,1
61,1,0,104.9,214.3,0,0,165.4,0,0.4,0,0,1,0
57,1,2,148.7,223.8,0,1,145.1,0,1.6,0,0,1,0
68,1,2,123.2,325.6,0,1,119.1,0,0.7,0,1,1,1
48,1,1,120.1,275.2,0,2,125.0,1,0.0,2,0,2,1
52,1,2,163.8,345.7,0,0,128.5,0,0.3,0,0,2,1
55,1,0,141.4,259.0,0,0,175.1,0,2.1,1,0,1,0
43,1,1,116.7,195.5,0,1,158.8,0,1.7,1,3,1,1
56,0,2,110.1,254.0,0,0,153.3,0,0.2,1,0,1,0
35,1,1,146.6,258.9,0,0,160.1,1,0.3,0,1,2,0
66,1,1,153.1,272.6,0,1,125.0,0,2.9,1,1,3,1
55,1,0,125.1,222.3,0,1,89.1,0,0.5,1,0,1,1
48,1,2,109.8,318.7,0,0,115.0,0,0.2,0,1,3,1
45,0,2,135.7,182.4,0,1,180.1,1,0.7,0,2,3,0
51,0,1,140.9,255.3,0,2,166.1,0,0.6,0,0,1,0
62,0,0,126.3,231.3,0,0,178.2,0,3.6,1,1,1,0
60,1,3,115.6,209.3,1,0,149.8,0,1.0,1,0,3,1
46,1,0,132.4,249.5,0,0,167.8,0,0.6,0,0,1,0
45,1,1,140.1,293.5,1,1,124.8,0,0.5,1,1,1,1
61,1,1,127.0,261.6,0,2,108.5,0,1.0,1,0,1,1
46,1,3,136.7,250.6,0,1,176.0,0,0.8,2,0,2,1
55,1,2,140.7,152.9,0,0,153.4,0,1.1,1,2,1,0
55,1,2,154.9,282.3,0,0,147.1,0,0.8,0,0,1,0
57,1,2,127.2,224.6,0,0,134.8,0,2.4,1,1,1,1
63,1,2,115.7,268.1,0,1,182.0,1,0.0,0,0,3,0
40,1,0,129.3,277.0,0,0,137.4,0,0.8,1,1,2,1
33,0,2,156.1,242.5,0,0,193.2,0,1.6,2,3,2,1
48,0,1,97.8,151.2,0,0,151.7,1,0.1,0,1,1,0
74,1,2,97.4,310.7,0,0,91.4,1,0.1,1,1,1,1
76,1,0,137.6,328.5,1,0,148.1,1,0.1,1,0,1,1
74,0,0,129.2,284.2,0,1,134.0,1,2.8,0,1,1,1
52,1,2,129.7,208.7,0,1,139.3,1,1.9,0,3,1,1
34,1,1,124.6,288.5,0,0,162.0,1,0.1,0,0,1,0
28,1,0,145.6,219.9,0,1,106.4,0,1.1,0,0,2,1
47,1,1,131.5,236.0,0,1,156.1,0,0.9,0,2,2,1
52,1,2,148.3,293.4,0,1,151.0,0,0.1,2,3,1,1
68,0,0,90.0,274.8,0,1,180.0,0,0.7,2,0,2,0
64,0,1,124.0,141.4,0,0,193.0,1,0.0,0,0,1,1
57,0,2,117.1,251.6,0,1,139.6,1,0.0,1,0,1,0
44,1,1,90.4,290.1,1,0,175.3,0,0.3,1,1,1,0
43,1,3,133.1,177.6,0,0,183.8,0,2.5,1,0,2,0
57,1,0,132.9,285.5,1,0,147.9,0,0.8,1,0,1,1
62,1,3,127.6,170.7,0,1,148.3,0,0.0,0,3,1,0
58,1,2,132.7,233.3,0,1,136.9,0,0.0,0,3,2,0
43,0,1,130.1,261.4,1,0,125.4,0,0.1,0,0,3,1
61,0,3,151.0,232.7,0,1,167.9,1,0.3,1,2,3,1
59,1,2,146.8,295.0,0,0,123.1,1,0.2,1,2,1,1
42,1,3,136.9,175.0,0,0,149.2,1,0.3,0,1,1,1
45,1,1,173.3,274.1,1,1,176.2,0,0.2,0,0,1,0
62,1,1,123.3,246.5,0,0,112.4,0,1.5,1,1,3,1
51,1,2,108.8,202.8,0,1,142.8,1,0.5,0,0,1,1
71,1,0,159.4,266.7,0,1,168.7,0,1.1,1,3,1,1
60,0,3,166.1,240.4,0,0,112.8,0,0.4,2,3,1,1
49,1,2,121.3,304.8,0,1,141.0,1,0.6,0,0,2,0
54,0,2,155.8,267.1,0,1,119.5,1,0.9,0,0,1,1
55,0,3,121.6,259.9,1,0,168.5,1,0.1,1,1,2,1
46,0,3,139.5,209.0,0,1,195.1,1,0.3,0,0,1,0
44,1,0,143.0,244.3,0,2,180.1,1,3.3,0,2,1,1
62,1,2,124.6,218.9,0,1,150.9,1,1.9,1,0,1,1
63,1,2,169.5,241.8,0,1,138.1,0,2.6,0,2,1,1
61,1,1,171.1,298.6,0,0,160.4,1,0.0,0,3,1,0
71,0,3,116.9,234.8,0,0,151.8,0,0.8,0,1,1,0
48,1,3,136.1,175.7,0,1,123.6,0,0.3,0,0,1,0
72,1,2,155.0,269.5,0,0,112.5,0,1.9,1,0,1,1
44,1,1,97.6,272.5,0,1,119.2,0,0.9,0,0,1,1
43,0,2,128.7,307.5,0,1,159.5,1,0.2,1,2,2,1
35,1,2,99.5,272.8,1,0,153.0,0,0.1,1,0,1,0
49,0,1,141.8,227.7,0,1,163.9,1,1.2,0,1,1,0
48,1,1,134.0,250.8,0,1,178.3,1,2.7,1,0,1,0
60,1,0,128.8,260.6,0,0,151.5,1,0.4,1,0,1,1
57,1,2,106.5,261.6,0,0,143.9,1,0.6,1,0,1,1
41,0,2,117.0,128.0,0,0,183.7,0,1.3,1,2,1,0
50,0,0,139.3,214.8,0,2,116.4,0,0.9,1,0,1,0
50,0,2,129.3,261.0,1,1,151.4,1,1.0,1,0,1,1
34,1,0,150.5,282.8,0,1,154.9,0,0.3,1,1,1,1
43,1,2,151.5,209.6,0,0,150.8,0,0.1,1,0,1,1
46,1,2,151.5,220.3,0,1,140.9,0,0.6,2,1,2,0
70,1,2,128.3,236.5,0,1,166.7,1,0.8,0,2,1,0
56,0,2,136.8,236.2,0,1,108.1,1,1.5,1,1,1,1
61,0,1,115.4,281.4,0,1,158.3,1,0.1,0,3,1,1
38,0,0,104.3,203.3,0,0,135.1,0,0.2,1,0,2,1
67,1,2,158.5,284.0,1,1,95.0,0,0.3,1,0,1,1
68,1,2,116.1,308.7,1,0,148.9,0,0.8,0,0,1,0
32,1,1,105.2,216.4,0,2,172.2,0,0.5,1,1,1,0
46,1,0,133.9,219.7,0,0,182.6,0,1.2,0,0,2,0
59,0,0,127.4,250.1,1,0,145.6,0,2.0,0,0,1,1
61,0,1,129.4,218.0,1,1,164.3,1,1.0,0,0,1,0
47,1,1,173.8,235.1,0,0,171.3,0,2.0,0,0,2,1
51,1,1,115.3,175.7,1,2,152.8,0,1.1,0,0,2,1
47,0,2,138.2,276.6,0,1,123.7,0,0.9,0,1,2,1
55,0,1,132.8,314.9,0,0,162.8,1,0.8,2,0,1,1
67,1,3,155.4,216.3,0,1,159.5,0,0.7,2,0,1,0
46,1,1,117.9,166.2,1,0,132.6,1,0.2,2,0,1,0
65,0,1,129.7,285.8,0,0,133.1,0,0.7,0,0,2,0
45,1,0,133.8,219.8,1,0,114.3,1,1.5,0,0,2,1
45,0,2,102.9,208.9,0,0,173.4,0,0.8,0,2,2,0
63,1,2,103.8,239.2,0,1,120.9,1,0.6,0,0,1,1
64,0,2,133.1,191.2,0,0,155.5,0,2.8,0,0,1,0
63,0,3,157.3,265.8,0,1,160.4,0,0.0,0,0,2,0
40,0,2,121.2,180.9,0,1,169.7,1,0.1,0,2,2,1
49,0,3,125.9,187.5,1,0,153.0,1,2.3,0,0,3,1
63,1,0,157.0,191.8,0,2,164.0,1,0.1,1,2,2,1
54,1,1,131.3,248.6,1,1,145.6,1,0.8,1,0,1,1
42,1,1,145.0,157.4,0,0,177.7,1,2.5,2,0,3,1
59,1,2,183.2,335.0,1,1,135.2,0,1.2,0,0,2,0
46,1,1,121.6,222.1,1,1,179.7,0,0.6,0,2,1,1
74,0,2,132.8,155.3,0,1,140.9,1,0.1,0,0,1,1
71,1,1,145.4,200.7,0,1,136.8,1,0.2,1,2,1,1
61,1,0,162.6,270.2,0,2,143.9,1,1.2,2,1,1,1
69,0,1,132.7,306.0,0,0,165.2,0,1.2,2,1,1,0
55,1,0,147.4,248.9,0,0,137.4,0,0.9,2,0,3,1
62,1,0,142.3,248.0,0,0,148.7,0,0.7,1,0,1,1
70,0,0,133.7,179.7,0,0,116.3,0,0.3,1,0,1,1
57,1,0,127.2,308.0,0,1,135.4,0,1.0,2,1,1,1
51,1,2,122.3,264.8,0,0,161.1,0,2.9,1,3,2,0
35,0,1,181.4,248.9,0,0,145.4,0,1.1,0,0,2,0
53,0,0,103.0,241.8,0,2,169.5,0,2.1,1,3,1,1
63,1,1,110.2,267.9,0,1,174.4,0,1.3,1,0,3,1
64,0,3,137.9,209.7,0,0,129.0,0,1.4,1,0,1,0
60,0,2,136.2,284.8,0,1,131.9,0,0.1,0,0,1,0
48,1,3,140.2,274.6,1,0,171.0,0,0.1,0,0,1,1
32,1,2,112.8,229.4,0,1,167.6,0,0.4,1,0,1,0
49,0,3,111.3,227.7,0,0,118.4,0,0.5,0,0,1,0
51,1,0,128.1,145.4,0,1,131.2,1,1.0,1,2,1,1
51,1,1,149.6,164.1,0,1,152.8,0,0.5,1,0,1,0
61,0,2,114.4,267.9,0,1,186.4,0,0.4,0,1,1,0
76,1,3,142.2,288.9,0,2,155.7,0,5.1,0,1,2,1
55,1,3,125.0,288.8,0,1,202.6,1,0.9,1,0,2,0
52,0,2,103.1,181.4,0,0,149.4,1,0.1,0,0,1,1
51,1,0,110.2,341.3,0,1,97.2,0,0.0,1,0,1,0
55,1,1,150.6,285.8,0,0,201.8,1,1.3,0,2,2,1
45,1,0,120.9,213.0,0,1,132.2,0,0.6,1,0,1,0
55,1,1,156.6,248.9,0,0,115.8,0,2.3,0,1,1,1
59,1,1,134.6,168.5,0,0,164.0,1,1.4,1,0,1,1
56,0,1,106.9,215.0,1,1,177.6,1,1.6,0,0,1,0
59,1,3,143.8,266.8,0,0,172.2,0,0.2,0,0,1,1
59,1,0,120.8,245.9,0,1,154.3,0,0.4,1,0,1,0
35,1,1,122.5,311.4,0,0,117.8,0,1.1,1,1,1,1
61,1,1,156.1,178.8,0,1,151.1,0,1.9,1,0,1,0
47,1,1,109.0,233.8,0,0,182.2,1,1.7,0,0,1,1
42,1,1,122.9,187.2,0,1,165.1,0,0.4,1,1,3,1
42,0,1,108.5,304.7,0,2,154.4,1,0.9,0,0,2,0
59,0,3,110.8,254.8,0,1,167.4,1,0.0,1,1,3,1
52,0,1,122.0,241.1,1,0,170.4,0,2.7,0,0,3,1
35,0,0,110.8,228.9,0,1,150.2,0,0.3,0,0,2,1
59,1,1,130.3,204.6,0,1,155.2,0,0.1,0,0,3,1
38,0,0,138.5,288.5,0,2,155.4,1,1.5,1,0,1,1
56,0,0,118.0,249.6,0,0,152.2,1,1.2,1,0,2,1
57,0,1,105.3,253.2,0,2,145.0,1,0.5,1,1,1,1
64,1,0,148.0,270.5,0,1,135.5,0,0.5,1,1,2,1
74,1,2,125.4,210.5,0,0,119.7,0,1.2,1,2,3,1
39,1,2,163.1,323.9,0,0,166.0,1,0.0,2,0,2,1
53,0,1,123.4,310.1,0,1,162.4,0,3.0,2,2,3,1
51,1,2,130.8,238.8,0,0,136.7,0,2.6,1,2,1,1
59,0,1,90.8,229.9,0,0,120.5,0,0.5,1,2,2,0
56,0,0,110.6,270.2,0,1,144.0,0,1.4,1,0,1,0
50,1,1,92.0,289.3,0,0,144.4,0,0.8,1,3,1,0
49,1,2,138.0,316.7,0,1,172.7,1,1.2,0,2,1,1
42,0,0,126.5,265.6,0,1,176.9,0,2.4,0,0,1,0
65,1,2,148.1,251.3,0,0,113.6,0,0.6,1,0,1,1
59,0,2,146.8,249.2,0,0,140.0,0,0.6,0,1,1,1
64,1,3,153.8,162.1,0,2,148.6,0,1.8,0,2,3,1
51,1,0,129.2,221.4,0,0,141.4,0,0.0,1,0,2,1
47,0,0,130.8,254.8,0,0,182.7,0,0.3,1,0,1,0
42,1,0,141.4,137.9,0,2,121.8,0,0.2,1,0,3,1
58,1,3,120.7,250.7,0,0,130.3,0,2.3,1,0,2,1
43,1,2,114.4,201.8,0,0,155.5,1,0.8,1,0,1,1
74,1,3,166.7,317.8,1,1,119.3,0,0.0,0,0,1,0
40,1,2,98.0,224.0,0,2,147.0,0,0.5,1,2,2,0
57,1,2,143.8,230.9,1,0,105.7,1,1.7,1,0,1,1
71,0,1,141.4,241.3,0,1,164.1,0,0.1,1,0,1,0
61,1,3,115.5,243.6,0,1,156.3,0,0.3,1,0,1,0
56,1,3,122.5,277.0,1,1,102.0,0,2.2,0,1,1,1
43,0,1,121.8,222.4,0,2,176.1,0,0.1,1,1,1,0
39,1,1,134.2,237.2,0,1,151.7,0,5.6,1,2,2,1
62,1,2,142.3,279.3,0,0,134.3,1,0.4,1,0,1,0
71,1,0,137.7,247.7,0,0,140.5,0,0.0,1,0,1,0
49,1,3,136.1,268.5,0,2,141.7,0,0.2,2,0,2,1
41,1,1,142.6,217.2,0,1,154.8,0,1.0,1,0,3,1
27,1,1,138.3,247.4,0,1,141.4,0,0.1,0,2,1,1
43,0,2,155.9,295.1,0,0,146.1,1,1.4,0,0,1,1
53,0,2,149.5,267.6,1,0,132.4,0,0.5,0,0,1,1
72,0,1,135.8,165.4,1,0,147.2,0,2.3,0,0,1,1
61,1,3,147.3,268.3,1,1,140.9,0,0.1,0,0,1,1
57,0,3,139.4,191.7,0,0,144.1,0,0.5,0,0,3,0
50,0,2,133.0,199.3,1,0,128.6,1,0.9,0,0,1,1
48,1,2,116.9,260.9,0,0,166.2,0,1.9,0,0,1,0
69,1,2,140.7,204.0,0,1,148.4,0,0.8,0,0,2,1
56,1,1,97.3,193.3,0,0,172.2,0,1.4,0,0,2,0
31,1,3,147.6,233.2,0,2,168.9,0,1.0,1,1,2,1
47,1,1,138.6,212.0,0,1,150.0,1,0.3,0,1,1,1
45,0,0,125.9,166.5,0,0,166.6,0,0.5,2,0,1,0
48,0,3,121.9,263.7,0,2,135.5,1,1.9,0,0,3,1
60,1,0,147.3,286.9,0,0,134.5,1,0.1,0,0,3,1
53,1,2,166.8,280.9,1,0,136.3,0,3.5,1,3,1,1
53,0,0,137.5,201.5,0,0,175.6,0,1.0,0,0,1,0
68,1,3,171.7,264.4,0,1,137.1,0,0.5,0,0,2,0
46,1,2,146.1,216.9,0,0,155.0,0,2.0,1,2,1,1
75,1,3,124.8,193.0,0,1,121.2,1,0.8,1,1,2,1
47,1,3,141.0,206.1,0,0,158.1,0,1.2,1,0,2,1
55,1,0,141.3,120.0,0,2,146.4,1,0.1,1,0,1,0
51,1,1,118.7,193.8,0,1,179.5,0,1.8,1,2,1,0
55,1,2,126.9,177.2,0,0,144.5,0,2.5,1,0,1,1
59,1,2,127.6,252.1,0,0,159.2,0,0.1,0,0,1,0
59,1,1,137.1,256.0,0,0,123.4,0,0.3,1,1,2,0
46,1,3,127.0,164.3,0,0,154.3,1,0.5,0,0,1,0
42,0,0,132.8,273.6,0,1,162.7,0,0.7,0,0,2,1
82,1,3,148.8,224.5,0,0,110.2,1,2.4,0,1,1,1
49,1,2,155.6,192.6,0,0,155.8,1,6.0,0,0,1,1
62,0,2,142.9,165.4,0,0,118.6,0,1.4,0,0,1,1
36,0,1,113.9,199.9,1,1,109.9,0,1.4,1,1,3,1
51,0,0,168.2,234.2,0,0,153.5,0,1.5,0,0,2,1
53,0,1,118.2,284.9,0,1,170.2,0,0.2,2,0,2,0
59,1,1,128.3,238.5,0,1,98.2,0,0.5,2,3,1,1
24,0,1,134.3,217.0,0,1,182.0,0,1.5,1,0,1,1
56,0,2,183.6,267.6,0,0,170.7,0,2.3,0,0,2,0
41,1,1,138.0,243.0,1,0,110.9,1,2.6,1,0,2,1
58,1,1,123.5,176.6,0,0,142.6,1,0.0,1,0,2,0
43,0,3,98.7,218.3,0,1,126.8,1,2.6,2,2,3,1
45,0,2,98.0,212.9,0,0,196.6,1,2.9,2,0,1,0
51,1,0,133.4,233.8,0,0,151.1,0,0.0,1,0,1,1
42,1,2,140.8,216.3,0,2,117.6,1,0.0,2,0,3,1
49,1,3,107.2,204.2,0,1,171.0,0,0.3,1,2,1,0
41,0,3,131.7,301.3,0,0,146.9,0,0.1,0,2,1,0
34,0,3,102.4,232.4,0,0,160.1,1,1.0,0,0,3,1
65,0,2,117.1,266.2,0,0,117.5,0,0.6,0,0,2,0
40,0,1,138.9,231.3,0,1,172.5,0,0.3,2,0,1,0
52,1,2,120.0,276.6,0,0,160.3,0,1.6,2,2,1,0
62,1,2,159.6,240.2,0,0,160.0,0,0.2,1,1,3,1
47,1,1,121.7,281.7,1,2,141.3,0,1.5,0,1,1,1
45,1,1,151.7,120.0,0,0,133.0,0,3.6,0,0,1,0
56,1,1,175.3,246.5,0,0,165.0,1,0.9,2,0,3,1
66,1,2,123.6,257.1,0,1,162.9,0,1.7,0,0,1,1
41,1,1,175.1,250.3,0,1,115.0,0,0.1,2,0,1,1
52,0,2,130.7,193.0,0,1,156.4,0,0.4,0,1,2,0
35,1,3,117.9,203.0,0,2,164.6,0,1.2,0,1,3,0
50,1,1,127.7,194.1,0,2,150.3,1,1.2,1,0,1,0
54,1,3,126.7,262.8,0,0,161.5,0,0.1,1,0,3,0
45,1,1,157.0,278.0,0,0,99.0,0,2.5,0,3,1,1
49,1,0,156.5,167.3,0,0,188.1,0,3.0,1,0,1,0
39,1,0,153.8,245.2,0,0,205.0,0,0.0,0,1,1,0
55,1,1,110.9,203.7,0,1,152.6,0,1.7,0,0,1,1
66,1,1,140.4,322.5,0,0,151.6,0,0.1,0,0,1,1
42,0,3,100.1,262.0,0,1,138.3,0,0.1,0,0,1,0
47,1,2,150.4,223.5,0,1,168.0,0,1.2,0,3,2,1
60,1,3,126.8,237.6,0,0,143.4,1,0.1,1,0,1,1
67,1,2,146.3,303.0,0,0,135.0,0,0.6,2,1,2,0
38,1,1,121.0,238.3,0,1,152.8,0,0.5,1,2,1,0
52,1,1,101.9,162.0,0,0,128.6,0,1.1,0,1,1,0
57,1,2,150.7,309.2,0,1,174.5,0,1.6,2,1,2,1
53,1,2,151.1,276.8,0,0,184.0,1,0.2,1,0,2,0
27,0,1,126.8,208.3,0,1,146.0,1,0.2,1,0,2,1
60,1,3,97.5,269.9,1,0,153.4,0,2.4,0,0,1,0
71,0,2,148.8,220.4,0,0,155.1,1,0.0,0,0,1,0
55,1,3,121.0,213.6,0,0,123.9,1,0.8,2,0,2,1
43,0,2,137.5,232.2,1,1,142.3,1,0.9,1,0,1,0
48,1,1,123.7,265.7,0,0,138.0,1,1.7,1,0,2,1
73,1,2,131.8,268.8,0,2,162.2,0,0.2,0,1,2,1
64,1,0,145.5,286.2,0,0,161.6,0,3.0,2,0,1,1
61,1,2,121.0,264.7,0,0,158.8,1,0.1,1,0,2,1
58,1,1,132.0,306.7,0,0,136.6,0,0.4,1,0,3,0
47,0,0,138.4,314.8,0,1,159.3,1,0.3,1,0,1,0
52,1,1,172.5,254.0,0,0,174.1,0,0.2,0,0,2,0
53,0,1,129.4,226.2,0,0,180.1,0,0.2,1,1,3,1
60,1,0,150.6,235.6,0,0,126.8,0,0.2,1,2,1,1
71,0,3,114.2,162.6,0,1,91.7,0,1.5,0,0,1,0
66,1,1,167.5,246.5,0,0,115.2,1,3.4,0,1,2,1
38,1,1,115.5,208.7,0,1,145.8,0,1.5,1,1,1,0
56,1,2,132.1,211.1,0,2,152.2,0,0.3,1,1,1,0
62,1,2,145.2,242.5,1,0,154.4,0,0.3,2,2,2,1
61,1,0,121.7,151.5,0,1,142.0,0,1.3,0,0,1,1
47,0,2,148.7,231.1,0,0,160.0,0,0.4,1,0,1,1
85,1,1,129.8,261.2,0,0,143.4,1,1.6,2,0,3,1
40,0,3,142.5,168.9,0,0,142.7,0,0.0,1,0,2,0
42,0,2,147.2,296.8,0,0,145.6,0,0.5,0,3,3,1
57,1,0,145.2,261.9,0,0,157.9,0,0.5,0,2,1,0
77,0,1,149.5,306.2,0,0,142.7,1,0.4,2,1,3,1
45,0,2,174.3,257.4,0,0,124.1,0,1.3,0,3,2,1
51,1,0,140.7,256.2,0,0,166.3,1,1.1,0,1,1,0
66,1,3,139.0,312.6,0,0,143.1,0,5.4,0,0,1,1
54,0,0,137.1,299.3,1,1,124.7,1,1.0,1,0,1,1
50,0,0,152.9,325.4,0,1,145.2,1,1.8,2,0,1,1
60,0,0,174.4,238.0,0,0,139.0,0,0.3,0,0,1,0
57,1,2,131.8,207.5,0,0,126.0,1,1.1,1,2,1,1
65,1,1,120.3,194.3,0,0,143.8,1,0.7,0,2,2,1
68,1,0,158.4,203.3,0,0,145.4,1,1.9,0,0,1,1
57,0,3,107.2,272.3,0,1,172.9,0,2.1,1,0,1,1
57,1,0,139.4,362.4,0,0,109.8,0,0.3,0,2,1,1
56,1,1,140.0,308.5,0,1,149.2,1,0.1,0,0,1,0
59,1,0,133.3,235.2,1,0,134.4,0,0.8,2,0,1,1
55,1,3,133.4,275.5,0,0,139.5,0,0.4,0,0,1,1
54,0,2,101.3,217.1,0,0,192.6,0,1.2,2,2,1,0
67,0,2,118.6,224.3,0,0,162.6,1,0.0,0,0,1,1
71,1,0,155.1,201.8,0,0,162.9,1,1.2,0,0,1,1
37,0,2,90.0,192.9,0,1,163.8,0,0.8,1,0,1,0
54,0,2,129.5,265.8,0,0,150.3,1,0.4,0,0,1,1
46,1,1,126.4,303.8,0,1,127.1,0,0.9,2,0,1,1
51,1,1,97.4,286.2,0,1,187.1,0,2.7,0,0,1,1
58,1,3,165.5,306.9,0,0,124.1,0,2.2,2,3,1,1
61,0,0,114.2,278.3,0,0,152.8,1,2.1,2,1,2,1
53,1,2,143.6,239.5,0,1,139.7,0,0.3,0,0,3,1
33,0,1,117.3,210.9,0,0,152.6,1,0.5,0,0,1,0
43,1,2,116.0,262.9,0,0,122.7,0,0.1,2,3,1,0
64,0,0,129.3,171.0,0,0,147.9,0,0.1,1,0,1,0
24,1,0,120.1,204.3,0,0,125.3,1,0.3,1,0,3,1
67,0,2,130.9,211.3,0,1,85.6,1,2.2,1,0,1,1
60,0,3,118.3,298.2,0,0,131.5,0,0.1,0,0,2,0
68,1,3,119.2,185.7,0,0,148.7,0,0.4,2,1,1,1
52,1,1,151.6,281.6,0,2,123.3,1,0.0,1,2,1,1
31,1,0,128.4,250.4,0,0,118.0,0,0.3,1,0,1,0
59,1,2,134.2,260.7,0,0,184.9,0,1.6,1,0,1,1
68,1,1,121.5,225.7,0,1,184.0,1,2.6,1,0,1,0
64,0,2,161.8,180.5,0,0,156.3,0,0.5,2,1,1,0
47,0,2,127.7,261.0,0,0,143.3,0,0.3,1,2,1,1
55,1,2,100.1,280.7,0,2,158.3,0,0.9,1,0,2,1
48,0,2,134.5,261.2,1,1,165.5,0,0.0,0,0,2,0
45,0,0,115.0,231.9,0,0,165.3,0,0.4,0,1,1,1
65,0,2,150.1,195.2,0,1,157.4,0,1.5,0,0,2,1
41,1,1,149.4,209.4,0,0,168.0,1,0.0,1,2,1,1
44,0,3,145.1,257.7,0,2,145.9,0,0.3,0,2,1,1
42,0,0,119.7,202.4,0,1,156.1,0,0.2,0,0,2,0
38,1,1,128.0,193.5,0,0,174.3,1,0.4,1,0,2,1
56,1,3,139.0,178.4,0,0,155.6,0,0.1,0,1,1,0
67,1,2,153.3,269.5,0,1,159.4,0,0.6,0,1,1,1
52,1,3,114.8,263.3,0,2,129.8,1,0.6,1,0,1,0
37,0,2,128.4,286.2,0,0,164.5,0,0.1,0,0,1,0
63,1,3,169.9,150.2,1,2,124.4,0,1.7,1,1,1,0
73,0,1,126.1,299.6,0,0,137.8,0,1.3,1,0,1,1
47,1,0,131.8,287.9,0,1,136.9,1,0.3,0,2,1,1
49,1,2,179.8,292.8,0,0,144.1,0,0.2,1,0,1,1
60,1,2,131.2,248.8,0,1,164.2,0,6.0,1,0,2,1
72,1,2,110.8,257.5,0,1,149.3,1,0.0,1,0,1,1
48,0,2,128.5,248.9,0,2,129.3,0,0.7,0,0,1,0
39,1,3,160.4,196.0,0,1,146.2,0,1.3,0,1,3,1
61,1,0,154.8,205.5,0,0,161.7,0,2.8,2,1,2,1
63,1,2,118.6,254.5,0,1,183.2,1,0.7,0,0,2,0
54,0,0,138.5,230.4,1,0,166.2,0,0.9,0,1,3,1
48,1,0,129.3,270.8,0,0,136.8,0,2.2,1,1,1,1
65,0,1,148.4,229.6,0,0,137.4,1,0.5,1,2,1,1
60,1,3,124.4,178.9,0,1,151.5,1,0.5,0,2,1,1
46,1,2,140.9,176.0,0,1,159.7,1,2.2,0,0,2,0
55,0,3,165.6,208.3,0,1,151.3,1,1.3,2,0,2,1
39,1,0,90.0,268.1,0,0,137.2,0,1.1,0,2,2,0
62,1,1,146.7,221.4,0,2,133.1,0,0.2,1,1,2,1
51,0,0,154.0,253.5,0,0,154.9,1,0.6,0,0,1,1
49,0,0,101.7,166.1,0,0,141.5,1,0.5,1,1,2,0
54,1,1,121.0,248.5,0,0,169.3,0,2.5,1,0,2,0
54,1,1,126.9,243.1,0,1,108.6,0,0.0,2,1,2,1
64,1,1,123.3,297.3,0,1,169.6,0,4.2,0,0,1,0
61,0,0,118.2,250.6,0,0,189.6,1,2.4,1,2,3,1
52,0,1,123.8,274.3,0,1,157.1,0,1.0,1,1,1,0
62,1,3,151.3,329.8,0,0,126.3,1,0.6,0,1,3,1
58,1,2,161.8,244.6,0,0,180.3,0,1.5,1,0,2,1
49,0,3,153.2,307.1,0,0,143.7,0,1.8,1,0,2,1
53,1,2,151.6,246.5,0,1,131.1,0,0.2,1,3,3,1
52,0,1,163.5,217.2,0,0,155.7,0,2.1,1,1,1,1
60,1,2,172.1,238.7,0,0,169.7,0,0.2,1,0,3,0
50,1,2,136.0,217.7,0,1,192.7,0,0.5,1,1,1,0
50,0,0,155.8,219.3,0,0,136.8,0,0.2,2,2,1,1
76,0,3,144.1,223.9,0,2,137.2,1,0.8,0,2,1,0
64,0,1,129.6,231.6,0,0,144.0,1,2.7,1,0,3,1
46,0,0,128.1,269.9,0,1,142.1,1,0.4,0,0,2,1
60,0,2,150.7,168.6,1,0,149.5,0,1.7,1,1,2,1
55,1,2,160.6,254.4,0,0,159.3,0,0.7,0,0,2,0
58,0,2,142.4,248.1,1,1,152.2,1,1.7,0,1,1,0
56,1,0,127.4,303.0,0,2,125.8,0,2.3,0,0,2,1
67,1,1,128.4,229.9,1,1,141.4,0,0.6,1,0,2,0
58,1,1,101.6,292.6,0,1,120.4,1,0.5,1,0,2,0
53,1,3,140.2,203.2,0,1,113.3,0,0.2,0,0,1,0
65,0,3,139.0,225.2,0,0,140.5,1,2.2,1,0,1,1
57,1,2,115.9,260.8,1,0,155.8,0,1.4,0,0,1,0
55,0,0,139.8,268.5,0,0,147.6,0,0.6,0,3,1,1
57,1,1,143.0,230.8,0,0,139.1,0,0.5,1,0,3,1
53,0,1,104.0,250.9,0,2,155.0,1,0.1,1,1,2,1
54,1,1,128.2,234.2,0,0,185.3,0,0.2,1,0,2,0
48,1,0,157.9,274.1,1,0,156.3,0,0.3,0,0,2,1
46,1,2,120.6,232.1,0,2,200.6,1,2.2,0,0,3,1
43,0,1,128.6,227.7,0,0,150.5,0,1.1,2,0,1,1
39,0,2,130.1,279.8,0,1,154.1,0,0.2,1,2,2,1
44,1,0,131.0,247.2,0,1,159.2,0,0.4,0,0,2,1
52,0,1,142.9,270.1,0,0,95.4,0,0.2,1,0,3,0
55,0,2,148.1,351.7,0,2,150.2,0,0.3,0,0,1,0
51,1,2,156.0,153.0,0,0,127.3,0,0.2,1,2,1,1
28,1,2,121.9,187.1,0,0,179.1,1,1.7,0,0,2,0
71,1,2,147.7,206.5,0,1,124.7,0,0.1,1,1,1,0
66,1,3,152.1,208.0,0,0,126.2,0,0.6,2,3,1,1
59,1,0,133.1,305.8,1,0,147.8,0,0.3,1,2,1,1
75,0,1,123.3,131.4,1,2,120.0,0,0.5,0,3,2,1
43,1,2,133.8,258.7,0,0,138.1,0,2.2,1,1,2,1
75,1,3,128.3,181.3,0,1,133.9,1,0.6,0,1,1,1
43,1,2,118.6,238.7,0,1,185.3,0,0.6,0,3,2,0
57,0,1,135.7,253.9,0,0,141.4,0,0.5,1,0,1,1
40,1,0,127.1,276.4,0,0,204.9,0,0.2,0,0,2,0
54,1,1,137.2,229.7,0,1,174.2,1,0.8,1,0,3,1
58,0,1,104.1,235.2,0,0,137.5,0,0.3,0,0,3,1
52,1,2,130.3,150.5,0,0,156.8,0,0.9,1,2,2,0
62,0,1,92.3,344.5,0,0,150.3,0,1.1,1,1,1,1
55,1,1,115.4,255.2,1,1,144.5,1,1.7,0,1,1,1
48,0,0,127.9,258.6,0,0,157.8,0,1.2,0,0,1,1
48,1,0,154.3,286.5,0,1,129.4,1,1.0,1,0,2,1
63,1,1,145.9,241.6,0,0,170.0,0,1.5,1,1,3,1
47,1,1,133.9,257.6,0,1,153.4,1,1.1,0,0,3,1
64,1,2,129.7,276.4,0,0,163.1,0,0.4,0,2,2,0
67,0,2,129.7,181.1,0,1,128.7,1,0.1,0,0,2,1
36,1,0,153.0,258.4,0,2,201.4,1,1.4,2,0,3,1
66,1,1,117.1,336.9,1,1,135.3,0,0.2,0,3,1,1
77,0,3,123.7,326.3,0,0,116.3,0,2.0,0,1,1,1
57,1,1,154.0,309.9,0,2,100.1,0,1.2,1,0,3,1
61,1,2,129.6,327.9,0,1,147.0,0,0.6,1,0,1,0
65,1,1,171.7,189.8,1,1,157.7,0,3.3,0,2,1,1
51,1,1,145.7,217.3,1,0,168.5,0,1.4,1,0,2,0
56,1,0,155.3,202.0,0,0,147.2,0,0.7,1,1,3,0
40,0,0,98.2,390.3,0,1,133.4,1,0.4,0,0,2,0
56,1,0,153.6,252.8,0,0,181.9,0,0.3,0,0,1,0
59,1,2,120.0,180.9,0,0,138.9,0,0.3,1,0,1,0
60,0,1,145.4,195.0,0,1,100.0,1,0.6,0,0,1,1
66,1,3,130.5,250.3,1,0,137.1,0,0.2,1,0,1,1
45,1,2,135.8,178.3,0,1,109.3,0,1.3,0,2,1,0
48,1,2,112.6,321.5,0,1,96.4,1,1.8,0,0,1,0
75,0,2,105.3,283.5,0,1,124.2,1,0.1,0,0,1,1
52,1,0,136.2,254.5,0,0,124.7,0,1.4,2,2,1,1
56,1,2,129.2,195.7,0,0,132.8,0,0.7,2,0,2,1
53,1,3,117.7,182.9,0,1,145.6,0,0.1,2,3,2,1
45,0,0,98.5,253.6,1,1,125.9,0,0.4,0,0,2,1
72,1,1,90.3,253.7,0,1,149.0,1,2.2,0,0,3,1
48,1,0,141.9,182.8,1,2,128.5,1,1.3,1,0,3,1
42,1,2,126.4,234.8,1,0,143.4,0,0.5,0,1,3,1
49,1,0,121.9,237.4,0,1,158.4,0,1.2,2,0,1,1
32,1,1,132.3,266.2,1,0,196.7,1,0.3,1,2,2,0
47,1,2,150.5,331.6,0,0,139.4,0,0.2,0,0,2,0
43,0,0,133.1,146.1,0,0,141.9,1,2.5,0,3,1,1
61,1,2,127.8,279.1,0,1,160.4,0,0.4,1,0,1,0
47,1,0,170.6,208.3,0,2,150.8,0,0.2,0,0,1,1
64,0,0,122.1,263.4,0,1,141.7,0,0.9,1,1,1,0
69,1,1,112.4,252.4,0,2,144.3,0,2.1,1,3,3,1
63,1,2,138.0,266.6,1,1,127.0,1,1.4,1,1,2,1
52,1,3,128.9,186.0,0,1,152.7,0,0.6,0,1,3,1
56,0,0,148.5,284.8,0,1,192.9,1,1.0,0,3,2,1
37,1,0,120.3,237.2,1,1,154.8,0,0.2,0,0,3,1
53,0,3,127.8,302.3,1,0,193.8,0,0.7,1,0,1,0
45,0,2,113.2,308.3,0,0,119.4,0,1.8,2,1,1,0
62,0,0,147.5,254.6,0,0,137.2,1,2.7,1,0,1,1
82,0,2,140.6,294.8,0,1,130.6,0,1.3,0,0,1,1
59,0,3,127.3,282.9,0,0,113.8,0,0.5,1,0,3,1
32,1,0,125.8,292.6,1,0,154.2,0,0.3,0,3,3,1
50,1,0,132.6,295.7,0,0,134.1,1,0.4,0,1,2,1
55,1,1,108.4,190.5,0,0,130.8,0,1.4,1,0,1,0
55,1,2,155.2,254.0,0,0,148.1,1,0.2,0,0,1,0
46,1,0,151.9,177.5,0,1,188.0,1,0.5,2,1,1,0
57,0,2,132.5,219.5,0,1,159.3,1,3.3,2,1,1,1
40,1,2,129.3,215.3,0,0,174.3,0,2.5,0,2,3,0
44,1,2,113.6,263.6,0,0,160.0,0,2.5,1,0,1,0
61,1,0,166.8,233.7,0,0,123.3,0,0.1,1,1,1,1
43,0,3,155.0,230.5,0,0,150.3,0,2.7,1,0,2,1
60,0,1,139.6,287.5,0,2,144.6,0,0.2,1,0,1,0
39,1,1,145.0,274.8,0,1,151.3,0,1.4,0,0,1,0
73,1,3,160.9,260.2,1,0,129.8,0,0.2,2,1,1,1
45,0,3,147.2,271.2,0,1,164.8,0,0.5,1,0,1,1
52,1,1,118.1,269.1,0,1,170.1,0,0.5,0,3,3,1
58,0,1,126.4,329.3,0,1,175.4,1,0.7,1,0,1,0
48,1,0,140.9,230.1,0,1,149.6,0,2.2,1,0,3,1
56,0,3,135.2,209.0,0,0,176.0,1,1.0,0,0,1,1
60,0,3,146.1,252.5,0,1,141.6,0,0.2,0,0,1,1
65,0,1,145.3,203.4,0,1,143.7,1,0.6,2,3,2,1
63,1,2,140.7,228.4,0,1,151.2,0,0.2,1,1,2,0
52,0,2,90.0,260.5,0,0,170.0,0,0.4,2,2,2,0
52,1,0,154.6,218.4,0,1,192.3,0,0.6,1,0,1,0
80,1,2,155.6,240.5,1,1,104.1,0,0.4,1,0,3,1
64,0,1,170.7,232.9,0,1,135.8,0,1.5,0,0,1,1
44,1,2,122.9,218.8,1,0,165.6,1,0.0,1,2,1,1
55,0,0,98.1,193.5,0,1,122.8,1,2.7,0,1,2,1
50,1,2,129.8,284.5,0,1,116.3,1,0.7,1,0,3,0
53,0,1,139.0,301.3,0,0,144.2,1,1.6,1,0,1,1
40,0,0,119.5,278.4,0,1,134.7,1,0.2,1,2,2,0
49,1,0,157.4,281.1,0,1,163.6,0,0.4,0,2,1,1
74,0,2,124.1,230.1,0,0,120.4,0,3.4,1,0,3,1
60,1,0,133.7,251.2,0,0,155.5,0,0.8,1,1,1,1
27,1,2,122.8,197.7,0,0,196.2,1,0.4,0,1,2,0
67,1,1,187.2,240.0,0,0,182.8,0,6.0,0,0,1,1
66,1,2,120.7,243.6,0,1,147.3,0,1.2,2,0,1,1
50,1,1,143.5,179.1,0,0,133.6,0,1.7,0,1,1,0
62,1,1,114.4,250.0,0,1,172.9,0,0.2,0,0,2,1
45,1,0,137.9,214.9,0,1,158.7,1,0.0,1,0,1,0
49,0,1,112.6,251.3,0,1,156.5,0,2.5,1,1,3,1
70,1,2,157.8,236.7,1,2,149.6,1,0.4,0,2,2,1
51,1,2,149.6,255.6,0,1,126.0,0,1.4,0,0,3,0
33,1,0,133.6,264.8,0,0,133.6,0,0.6,1,1,2,1
53,0,2,105.7,185.9,0,0,165.7,1,2.1,2,0,2,1
53,0,0,129.8,227.0,0,0,139.2,1,0.3,1,0,1,1
67,0,0,128.8,217.4,0,1,152.7,0,0.8,1,0,2,0
54,1,2,148.9,293.2,0,0,147.1,1,0.5,0,2,3,1
49,0,1,113.5,314.4,0,0,174.8,0,1.2,2,3,1,0
65,1,2,157.5,247.1,0,0,177.4,0,0.8,1,1,1,0
55,1,3,151.7,259.5,0,0,151.3,0,1.3,0,2,1,1
46,0,0,104.3,173.7,0,1,171.7,1,0.6,1,0,2,1
67,1,2,133.3,259.3,0,0,139.7,1,1.5,0,1,1,1
56,1,3,133.6,230.7,0,1,175.5,1,0.7,2,0,3,1
54,0,0,149.1,301.2,1,0,114.7,0,0.1,1,0,1,1
56,1,1,122.1,232.1,1,1,159.9,0,1.3,0,2,2,1
42,1,0,134.7,201.1,0,0,146.6,0,0.6,1,0,1,0
48,1,2,152.3,180.2,0,1,165.1,1,1.5,0,0,1,0
54,1,2,138.5,249.4,1,0,145.3,1,2.4,2,0,1,0
52,1,2,100.1,216.8,1,0,158.0,0,2.4,0,2,2,1
68,0,2,125.6,299.9,0,1,131.5,0,1.5,0,0,2,1
56,1,2,150.8,270.0,0,0,84.1,1,0.1,2,0,1,0
63,0,0,147.3,240.1,0,0,169.2,0,3.3,0,0,3,1
54,1,3,93.5,269.0,1,1,105.7,0,0.7,1,0,3,1
66,0,0,137.6,322.3,0,1,117.5,0,2.5,1,1,2,1
58,0,0,149.0,191.8,0,0,155.7,1,1.2,1,1,1,1
54,0,3,140.7,213.5,0,0,158.3,1,0.2,2,3,2,1
54,1,3,145.8,326.8,0,0,169.5,0,1.0,1,1,3,0
44,1,2,168.6,204.7,0,2,163.6,0,0.5,0,1,3,1
60,1,0,134.7,272.6,0,1,170.4,1,0.0,0,1,1,1
54,0,2,136.5,293.6,0,0,165.3,0,1.9,1,0,1,0
48,1,2,115.6,238.6,0,0,115.4,0,3.9,1,0,1,1
66,0,2,122.6,275.9,0,0,143.9,1,0.7,1,0,1,0
40,0,3,121.5,223.6,0,2,143.2,0,0.4,0,2,1,0
49,1,0,148.0,319.6,0,1,189.8,0,0.2,0,0,2,0
65,1,2,123.3,225.8,1,1,127.3,0,0.3,0,1,1,0
57,0,2,154.0,200.4,0,0,163.5,0,1.8,2,0,1,0
53,1,1,114.1,280.2,0,1,115.9,0,0.2,1,3,2,1
57,1,0,146.3,273.7,1,0,142.4,0,2.7,1,1,1,1
56,1,0,144.4,248.7,1,1,149.0,0,0.6,0,2,2,1
37,0,2,131.4,236.9,1,2,123.6,1,1.1,1,0,2,1
50,1,1,150.7,218.2,0,0,143.1,0,0.6,2,0,1,1
72,0,0,122.1,215.4,1,2,147.3,0,5.9,1,0,3,1
47,0,1,120.9,212.3,1,0,174.1,1,0.5,0,3,2,1
50,0,0,112.7,253.8,0,1,169.8,0,0.5,0,1,1,0
48,1,0,132.7,230.2,0,0,154.1,1,2.1,0,2,1,1
53,0,0,128.6,175.4,1,0,158.1,0,0.1,2,3,3,1
48,1,3,147.9,220.8,0,1,126.8,0,0.2,0,0,3,1
59,0,0,139.2,233.8,0,0,107.2,0,3.7,0,3,3,1
56,1,2,146.9,264.5,0,0,146.3,0,0.1,2,0,2,0
63,1,2,132.7,257.4,1,1,112.8,0,0.0,2,1,1,0
42,0,2,135.3,314.4,0,1,105.7,1,1.4,1,2,3,1
50,1,0,165.6,196.9,0,2,143.5,1,0.6,1,0,1,1
52,0,3,106.3,265.0,0,0,141.8,1,0.8,1,0,3,1
59,1,1,102.1,271.1,0,0,126.8,0,0.7,1,1,2,1
45,1,0,143.2,250.5,0,0,161.2,0,2.1,1,0,2,1
64,1,1,121.2,231.8,0,0,153.1,1,0.5,0,1,1,1
67,1,0,112.4,215.9,0,1,149.1,0,1.6,1,1,2,0
43,1,1,140.9,235.8,0,2,148.8,1,0.9,1,2,2,1
49,0,1,111.7,161.0,0,0,141.1,0,0.2,0,0,1,1
48,1,1,160.2,198.6,0,1,124.2,0,1.3,1,0,2,1
83,1,2,144.1,208.7,0,0,128.2,0,0.1,1,0,3,0
49,0,3,126.1,261.8,0,1,166.6,0,0.3,0,0,1,0
72,0,1,120.7,275.2,0,2,133.6,1,0.8,1,2,3,1
40,1,1,134.4,189.3,0,0,158.4,0,0.6,0,2,1,1
43,1,2,102.6,180.0,0,1,159.3,0,0.7,0,0,2,0
46,0,2,90.0,174.2,0,2,149.5,1,0.7,1,2,1,0
45,0,1,100.8,281.3,0,1,138.0,0,0.8,1,0,2,1
51,1,2,153.7,280.6,0,1,148.9,0,0.3,1,0,2,0
46,1,3,115.4,267.2,1,0,158.3,1,0.5,0,1,1,1
45,0,2,102.9,304.4,0,1,165.2,1,1.4,1,0,2,1
67,1,0,135.7,324.2,0,1,186.5,1,2.0,1,0,2,1
67,1,1,177.3,202.2,0,0,142.1,0,0.0,2,0,1,0
64,1,2,156.2,227.5,0,0,151.4,0,0.5,1,1,1,1
60,1,1,121.1,277.8,0,0,128.5,0,0.5,2,1,1,0
55,0,1,116.5,120.3,0,1,149.2,1,0.8,0,0,1,1
49,1,1,118.4,228.6,0,0,128.2,0,0.0,0,0,1,1
44,0,1,112.1,280.3,0,0,123.0,0,0.4,1,1,2,0
58,0,0,141.8,227.5,0,1,121.8,1,1.0,1,0,2,0
41,0,3,121.7,269.0,1,1,155.6,0,0.3,1,0,2,1
43,0,3,108.2,149.5,0,0,116.8,1,0.1,0,1,1,0
67,1,2,113.2,258.4,0,1,145.5,1,0.3,1,0,3,1
75,1,1,180.7,228.5,1,0,136.3,0,1.9,1,1,2,1
58,0,1,145.3,232.9,0,0,116.5,1,0.3,1,2,2,1
66,0,2,118.6,203.9,1,1,133.0,0,0.6,0,3,2,1
51,1,2,155.1,310.7,0,0,142.3,1,0.1,1,3,1,1
39,0,2,106.5,239.2,0,0,173.2,0,1.3,2,1,2,1
61,0,0,130.3,250.3,0,0,125.6,1,0.6,0,0,2,0
60,1,2,131.1,334.2,0,1,172.5,0,0.2,1,3,1,1
55,1,3,137.5,201.1,1,0,140.1,1,3.4,0,3,1,1
51,1,0,116.3,246.5,0,1,141.4,1,1.8,1,3,1,1
65,1,1,139.1,215.3,0,0,96.6,0,0.5,0,1,1,0
43,0,2,96.8,205.4,0,1,83.0,0,0.1,1,2,1,0
45,1,2,125.0,251.8,0,0,143.4,0,1.0,0,0,1,0
43,0,0,152.3,225.1,0,1,117.5,1,1.5,0,3,1,1
55,0,3,149.7,328.8,1,2,122.1,0,2.1,0,0,1,1
42,1,0,118.5,315.6,0,0,148.3,1,0.5,1,0,1,0
46,1,3,104.5,231.5,0,0,176.9,0,0.2,0,1,1,0
46,0,0,90.0,170.8,0,1,146.6,0,0.2,1,1,1,1
51,0,0,141.4,227.5,0,0,142.4,0,0.0,1,0,1,1
38,1,2,135.0,281.9,0,0,144.3,0,1.6,1,0,2,1
55,1,3,141.2,202.7,0,0,152.6,0,0.7,2,0,2,1
68,1,3,167.9,316.9,0,0,191.7,0,2.6,0,2,1,1
55,1,0,137.0,267.3,0,0,158.1,1,0.2,1,1,2,0
71,1,2,142.4,195.8,0,0,111.2,1,0.4,1,0,1,0
69,1,0,112.6,217.6,0,1,144.2,0,1.9,1,0,1,1
63,1,0,165.5,221.7,1,0,124.4,0,1.0,0,0,1,1
55,0,0,128.3,206.3,1,2,166.4,1,0.4,0,0,2,1
54,0,0,116.3,191.0,0,0,145.3,0,0.3,0,0,2,0
62,1,3,139.7,218.9,0,1,151.5,0,0.9,0,0,1,1
50,0,0,166.0,223.2,0,0,170.8,0,0.5,1,0,1,0
33,0,2,164.2,291.2,0,1,203.9,0,0.3,0,1,1,1
59,1,2,117.8,262.5,0,2,129.9,0,0.5,0,0,1,0
42,0,0,149.2,259.1,0,1,109.1,0,1.2,1,0,3,1
43,1,3,137.3,252.9,0,0,117.1,0,0.5,1,0,3,0
54,0,1,148.8,206.4,1,1,138.8,1,0.6,0,1,2,1
53,1,3,138.7,291.5,0,0,159.3,0,1.1,1,1,1,1
38,1,3,141.1,216.7,0,0,153.3,0,0.7,1,0,1,0
56,1,3,158.3,227.3,0,0,145.8,0,3.0,0,1,2,1
65,1,2,105.3,261.9,1,0,112.6,0,0.1,1,1,1,0
42,1,1,137.5,347.2,1,0,159.0,0,1.1,1,0,1,0
68,1,0,116.4,221.4,0,0,145.5,1,2.0,2,0,1,1
37,1,2,121.4,163.8,0,2,114.2,1,0.3,0,0,1,1
77,1,1,139.8,262.2,0,1,177.4,1,0.5,2,0,1,1
49,1,3,114.6,269.7,0,1,168.3,0,0.5,0,0,1,0
56,0,2,121.0,223.0,0,0,151.9,1,2.4,1,0,3,1
33,1,1,103.5,207.9,0,0,205.0,1,0.4,0,2,1,0
53,1,0,123.1,185.1,0,0,137.1,1,0.8,2,0,1,0
57,1,0,144.0,257.3,0,1,152.1,0,0.2,0,1,1,0
53,1,2,149.3,326.6,0,1,114.8,0,0.0,0,0,1,1
48,1,0,118.7,314.6,0,0,189.3,1,1.1,0,1,2,0
44,0,2,152.4,251.1,0,1,168.2,0,0.8,1,0,1,0
66,1,2,147.4,227.3,1,0,125.0,0,0.1,0,2,1,1
54,1,0,159.8,258.2,0,1,133.8,0,3.1,0,0,1,1
71,1,2,106.4,233.1,0,1,158.7,0,0.6,0,0,1,1
48,1,2,138.1,211.1,0,0,185.3,0,0.7,1,2,1,1
49,1,1,143.8,246.8,0,1,138.2,0,0.6,1,3,2,0
63,1,3,105.3,300.8,1,2,159.6,1,0.7,1,1,3,1
36,0,0,170.0,226.8,0,1,138.2,1,0.7,0,2,3,1
41,1,1,119.3,228.0,0,0,168.6,0,1.8,0,0,1,0
66,1,3,146.8,234.0,0,1,141.2,0,0.6,1,2,2,0
41,1,1,147.4,271.7,0,0,119.0,0,0.8,0,2,1,0
34,1,1,130.8,271.9,0,0,148.2,1,0.4,0,1,1,0
75,1,2,164.2,201.4,0,0,153.3,0,0.8,2,3,2,1
39,1,2,166.2,228.4,0,0,167.1,0,0.9,1,0,2,0
56,0,0,111.5,290.8,0,0,119.7,0,1.3,0,0,2,1
55,0,1,133.3,227.0,0,0,123.8,1,1.9,1,0,1,0
23,1,1,142.7,291.8,1,1,128.9,0,1.0,0,0,3,1
51,1,2,103.9,270.6,0,0,131.3,0,0.2,1,2,2,1
59,1,2,154.4,320.4,0,0,148.6,0,0.1,2,0,2,1
58,1,2,165.7,229.1,0,2,161.7,0,0.9,1,0,2,1
64,0,2,156.6,275.8,0,1,103.7,0,0.3,0,0,3,1
50,1,1,140.9,272.2,0,2,153.0,1,1.6,0,2,1,1
62,1,1,163.7,291.6,0,1,118.3,1,2.6,0,0,3,1
46,0,1,135.4,254.1,1,0,152.5,0,0.6,0,1,2,0
38,1,1,106.2,284.8,0,0,197.3,0,1.0,1,0,3,0
40,1,2,121.1,208.7,0,1,129.3,0,1.2,0,0,2,0
38,1,2,125.4,233.3,0,0,157.5,0,1.5,1,0,1,0
65,0,0,132.6,179.8,0,1,75.9,0,0.7,2,0,1,1
37,1,3,128.1,223.6,0,1,169.8,1,0.1,1,0,1,0
57,0,1,125.7,205.0,0,0,135.7,0,0.2,1,0,3,1
51,1,0,137.2,254.9,0,2,175.2,1,0.1,1,2,2,1
53,0,0,157.8,284.4,1,0,143.8,1,0.7,1,0,1,0
69,1,2,141.6,271.5,0,1,150.1,0,0.9,1,2,1,1
49,0,1,141.1,274.0,0,0,192.8,0,0.0,1,0,1,0
61,1,3,96.3,248.1,0,2,157.2,1,0.4,1,2,1,1
54,0,1,133.3,235.2,0,0,162.7,0,2.5,1,2,3,0
52,1,3,153.1,189.1,1,0,175.3,0,0.1,0,0,2,0
79,1,0,162.7,165.5,0,0,140.9,0,0.7,1,0,3,1
38,1,2,150.6,169.5,0,2,140.6,0,1.1,1,0,1,1
68,1,3,143.0,217.1,0,1,83.3,0,0.3,1,1,1,1
61,1,1,143.2,284.0,0,1,129.7,1,2.3,2,0,2,1
49,1,0,120.6,185.6,0,0,164.9,0,0.2,0,0,3,1
72,0,1,150.7,211.5,0,2,127.4,0,1.2,2,0,1,1
34,1,3,117.0,213.7,0,0,155.5,0,0.5,2,0,1,0
48,0,2,141.8,296.0,0,0,146.3,0,0.3,1,0,2,0
41,1,2,131.5,235.2,0,0,143.3,0,0.6,1,0,1,0
59,1,2,135.5,249.1,0,0,159.2,1,0.8,1,1,1,1
42,1,0,149.0,255.3,0,0,167.2,1,0.3,1,1,3,1
59,0,1,142.4,304.5,0,0,142.0,0,2.5,0,0,3,1
52,1,0,138.6,244.4,0,0,164.3,0,0.1,0,0,3,0
49,1,1,123.8,162.0,0,0,151.7,1,0.8,1,0,1,1
58,0,3,160.8,248.4,1,0,148.2,0,0.7,1,0,1,0
51,0,2,136.2,303.7,0,1,141.7,0,2.0,1,0,1,1
42,1,3,144.5,265.4,0,1,145.6,0,0.6,0,0,2,0
85,1,0,143.2,261.7,1,0,118.6,0,0.9,1,0,1,1
49,1,1,120.3,255.2,0,1,147.7,1,2.6,0,0,2,0
30,1,2,134.4,152.2,0,0,173.4,0,0.1,1,0,1,0
45,1,0,121.0,151.3,0,0,141.8,0,0.7,1,1,1,1
40,1,0,138.4,275.8,0,1,157.0,0,2.6,0,0,3,1
63,1,1,90.0,301.1,0,1,167.1,0,0.1,0,1,1,0
58,1,1,127.8,215.1,0,0,169.2,0,2.2,0,1,1,1
58,0,3,131.7,251.3,0,1,122.7,1,0.0,0,0,1,1
50,1,1,115.8,267.3,0,1,202.4,0,1.7,1,0,1,0
51,1,3,139.8,313.4,0,1,163.4,1,2.1,0,0,1,0
50,1,3,125.4,236.5,1,1,139.2,0,0.0,1,3,3,1
53,1,0,133.6,273.5,0,1,107.1,1,0.3,0,0,1,1
63,0,2,123.3,332.3,0,0,161.4,0,0.5,0,0,2,0
58,0,1,149.5,230.5,0,2,154.4,0,0.6,1,0,1,0
60,1,0,145.3,246.4,0,1,123.6,0,1.0,0,3,1,1
59,0,3,137.6,194.5,0,0,147.0,0,0.1,1,0,2,0
64,0,1,134.6,198.5,0,0,110.8,1,0.0,0,1,1,1
57,1,1,180.3,281.0,0,1,115.7,1,0.2,1,0,1,0
58,1,1,132.2,295.3,0,1,138.7,0,1.6,0,0,1,0
67,0,0,121.7,297.1,0,0,134.9,0,0.4,0,0,2,1
47,1,1,111.1,193.5,0,0,184.6,1,1.3,1,1,3,1
45,0,1,145.0,229.2,0,1,153.1,0,0.5,0,3,2,1
41,1,1,160.1,257.9,0,0,145.4,1,1.1,0,0,1,1
56,1,3,119.2,141.9,0,1,130.3,0,0.0,0,1,3,0
34,0,1,120.9,254.5,0,0,165.5,0,0.0,0,2,1,0
59,0,0,125.8,325.9,0,1,89.7,0,1.3,0,0,3,1
53,0,0,128.5,291.1,0,0,150.6,0,2.7,0,0,1,1
66,1,2,105.2,139.5,0,0,178.4,1,0.1,1,0,3,0
47,0,2,143.8,256.4,0,2,173.8,0,0.5,0,0,1,0
52,0,3,151.9,250.2,0,0,195.1,1,1.6,2,0,2,1
66,0,2,99.7,257.6,0,1,125.0,0,0.1,0,0,2,0
69,1,0,169.4,251.4,0,1,148.7,1,0.4,2,2,1,1
47,0,0,158.4,224.6,1,1,148.2,0,0.3,1,0,1,1
56,1,2,90.0,139.8,0,0,173.2,0,0.7,0,2,1,0
57,1,2,95.6,256.1,0,1,143.7,0,0.2,1,2,1,0
58,1,0,132.6,270.4,0,0,168.7,0,0.7,1,2,2,1
51,1,2,156.9,215.9,0,1,128.0,0,1.1,0,0,1,0
68,1,3,142.7,301.7,0,0,135.9,0,0.7,1,1,1,1
33,1,2,129.1,161.9,1,0,153.4,0,0.1,2,0,1,0
49,1,2,143.1,163.7,0,0,177.5,1,0.0,2,1,3,1
59,1,2,120.7,246.9,0,0,122.8,0,4.2,0,0,1,1
59,1,0,158.2,213.2,0,1,134.3,0,1.2,1,1,2,1
69,1,0,135.9,289.4,0,0,134.4,1,2.1,2,0,2,1
67,0,0,104.9,227.1,0,0,98.5,0,0.0,1,1,1,1
51,0,0,115.9,300.1,0,0,142.7,1,1.6,0,0,1,1
68,0,3,141.1,214.5,0,1,141.1,0,2.7,0,0,3,1
46,1,0,126.8,244.9,0,1,186.7,0,0.2,1,1,1,1
64,1,2,129.4,157.6,0,0,134.5,1,0.3,0,0,2,0
74,1,2,142.7,246.1,0,0,132.6,0,0.9,2,0,1,1
67,1,2,143.7,249.1,0,2,127.3,0,0.2,0,0,3,1
55,1,2,112.1,295.0,0,1,136.3,1,0.0,1,0,2,1
50,0,1,152.0,173.5,0,0,143.3,1,1.5,2,0,1,0
37,1,1,127.4,223.0,0,0,155.6,0,1.7,2,2,2,1
57,1,3,142.3,306.4,0,0,152.9,0,0.9,0,3,3,1
42,1,0,132.8,307.0,0,0,168.1,0,0.6,2,0,1,0
45,1,0,124.4,201.5,0,1,144.4,1,0.9,0,1,2,1
41,1,1,147.2,206.7,0,0,159.9,1,0.5,0,1,1,1
49,0,1,131.2,164.9,0,1,140.5,0,0.3,1,1,1,0
54,1,1,135.3,148.0,0,1,131.5,0,0.1,1,1,2,1
57,1,3,90.0,225.3,1,0,172.3,1,0.3,2,0,1,1
47,1,2,147.0,210.6,0,0,151.8,0,0.8,0,0,2,0
66,1,3,133.9,336.3,1,0,128.0,1,0.0,2,0,3,1
52,1,1,147.1,256.0,0,0,154.6,1,1.9,1,0,3,1
45,1,0,161.4,229.1,1,0,176.9,0,0.7,0,0,1,0
56,1,2,149.3,271.0,0,0,133.8,1,0.8,1,2,2,1
76,0,2,137.5,294.4,0,0,142.5,1,0.3,2,1,1,1
58,0,2,126.8,296.2,0,1,157.4,0,4.8,0,1,1,1
50,0,3,175.5,251.4,0,0,153.7,0,0.6,0,0,1,0
37,1,3,138.5,234.4,0,0,157.7,0,0.2,0,0,1,0
52,0,1,134.3,247.7,0,0,188.8,1,3.1,0,1,1,1
57,1,0,131.5,239.9,1,1,138.3,1,0.0,1,1,1,1
50,1,2,116.9,216.7,0,0,148.6,1,3.3,1,1,2,1
36,1,3,94.4,281.0,1,1,149.2,1,0.4,1,0,1,0
45,0,1,156.1,229.8,1,0,161.5,1,1.4,0,0,2,1
70,0,2,121.0,202.4,0,1,103.0,1,0.4,0,2,1,0
70,0,2,131.6,247.9,0,1,161.9,0,0.9,2,0,2,1
44,0,0,126.6,269.4,0,0,124.6,0,0.8,0,1,3,1
61,1,2,161.5,179.8,0,2,152.9,1,1.7,1,0,1,1
41,1,1,117.0,225.0,0,1,142.6,0,0.9,0,0,2,0
69,1,3,142.4,211.4,0,2,174.1,0,2.2,0,3,1,1
57,1,2,144.0,338.5,0,0,152.2,0,1.8,0,0,1,1
64,1,3,111.6,248.9,0,2,89.4,0,0.6,2,2,1,1
35,0,0,99.6,303.0,1,0,154.0,0,0.8,2,2,1,1
61,1,0,122.9,254.6,0,0,153.0,0,1.7,0,3,1,1
54,0,3,135.4,256.1,0,1,141.1,0,2.3,1,0,3,1
63,1,1,138.3,241.8,0,1,119.8,0,0.1,1,0,1,0
64,1,0,134.4,235.1,0,2,83.6,0,1.7,0,0,3,1
55,1,0,146.0,238.5,1,0,189.6,0,0.8,0,0,1,0
47,1,2,116.8,210.0,0,1,205.0,0,0.9,1,2,1,1
63,0,0,130.2,244.1,0,2,119.3,1,0.5,1,0,1,1
53,1,2,131.7,169.6,0,1,153.7,0,0.1,0,0,3,1
44,1,2,116.6,245.5,1,1,143.3,1,2.9,1,3,2,1
44,1,2,172.9,184.9,0,1,175.7,0,2.8,1,3,2,1
38,0,3,90.0,240.0,0,1,150.8,0,0.2,0,1,2,0
48,0,0,151.8,253.4,0,0,144.4,0,0.5,1,0,2,1
66,1,1,151.4,308.0,0,0,111.2,1,0.9,0,0,2,1
56,1,0,149.0,256.0,0,2,129.7,0,0.8,2,3,1,1
48,1,3,134.2,227.6,0,1,170.5,0,0.1,2,0,2,1
63,1,3,160.3,216.9,0,0,155.3,1,0.0,0,0,1,1
45,1,1,123.7,269.8,0,1,150.1,0,3.9,1,0,2,1
55,1,1,141.3,237.4,0,0,177.1,0,4.1,1,1,2,1
52,0,1,131.8,207.6,0,0,121.0,1,0.8,1,1,3,1
63,1,3,132.1,251.3,0,1,117.0,0,0.6,0,2,2,1
37,0,2,128.9,153.7,0,0,154.1,1,3.2,1,1,1,0
45,0,3,111.7,241.8,0,2,174.8,0,0.6,1,0,2,0
36,0,0,114.5,200.8,1,2,194.3,0,0.6,1,2,1,0
51,1,1,161.7,226.0,0,1,96.8,0,0.1,1,0,1,1
67,1,2,189.1,333.7,0,0,125.4,1,0.5,0,0,2,1
48,1,3,141.9,217.9,1,0,179.1,0,1.0,1,1,1,0
48,0,1,144.5,274.1,0,1,121.6,1,1.3,0,0,1,1
64,0,1,138.0,291.1,0,1,93.6,0,5.4,0,0,1,1
66,1,3,145.2,283.2,1,0,134.1,1,1.6,1,1,1,1
53,1,0,143.5,257.4,1,1,173.9,1,1.1,0,3,1,1
62,1,1,154.6,195.5,0,1,147.2,0,0.2,2,0,3,1
42,0,1,155.7,208.6,0,0,182.1,0,0.4,2,1,1,0
69,1,0,121.8,195.4,0,0,175.6,0,1.3,0,0,1,0
78,1,1,190.9,234.3,1,2,159.9,0,0.6,0,0,1,1
60,1,2,138.0,228.5,1,0,175.9,1,1.4,0,0,2,1
31,1,1,130.7,193.1,1,0,126.6,0,1.1,0,3,1,1
48,1,1,125.1,263.4,0,0,139.3,0,0.6,0,1,1,0
61,1,2,128.4,222.1,0,0,122.5,0,0.4,0,0,1,0
49,1,3,143.8,223.7,0,0,142.2,1,0.2,0,0,2,1
68,1,2,149.0,177.3,1,1,160.9,1,0.6,0,0,2,1
60,0,3,142.7,246.5,0,1,162.3,0,1.1,2,1,3,0
46,1,3,123.8,234.5,0,0,147.3,0,0.1,0,0,1,0
54,1,2,90.0,215.0,0,1,175.0,1,0.4,1,0,2,1
44,0,3,96.2,254.7,0,0,124.2,0,0.1,2,1,3,0
52,1,2,133.7,245.9,0,1,199.3,0,0.3,1,0,2,1
48,1,2,138.5,265.2,0,2,168.1,1,1.6,1,1,2,0
67,1,2,129.7,273.8,0,0,174.4,0,0.5,2,0,1,0
77,1,3,127.3,280.9,0,0,124.7,1,2.1,1,0,1,1
38,1,2,135.3,309.2,0,0,139.7,0,1.3,0,1,1,0
33,1,2,126.8,239.7,0,1,192.4,0,0.5,1,2,1,0
51,1,0,124.7,198.7,0,0,152.8,0,0.2,0,1,2,0
37,1,3,100.7,216.5,0,1,145.8,0,0.0,2,1,2,1
55,1,1,119.1,224.0,0,0,149.1,0,0.6,0,0,3,0
62,1,0,152.8,203.7,1,0,135.8,1,0.7,0,0,2,1
70,1,2,120.7,136.4,0,0,144.9,1,0.6,2,1,3,1
56,0,1,143.4,252.3,0,1,174.6,1,0.5,0,0,1,0
52,1,0,158.5,242.2,1,2,149.8,0,1.3,1,0,2,1
32,0,1,111.3,317.9,0,2,114.7,0,0.1,0,0,1,1
54,1,0,126.0,322.8,1,2,129.6,1,0.1,1,0,1,0
55,1,0,152.0,271.7,0,1,140.5,0,0.8,1,2,3,1
61,1,2,157.9,268.6,0,0,140.4,1,0.0,0,0,1,0
46,1,3,120.4,202.1,0,1,108.4,1,0.5,1,2,1,0
49,0,1,100.6,247.9,0,1,140.4,1,0.2,2,0,2,1
38,0,2,149.6,230.7,0,0,155.3,0,0.2,1,0,2,0
29,1,2,138.3,239.1,0,0,146.7,0,0.7,0,1,1,0
42,1,1,138.2,203.4,0,0,154.0,0,0.8,2,0,1,0
37,0,2,143.2,253.9,0,0,186.1,0,0.5,1,1,3,0
58,0,1,110.7,182.5,0,0,133.1,1,0.1,0,3,2,1
48,1,2,139.5,372.9,0,0,112.7,0,0.6,1,0,2,1
48,0,0,124.4,303.0,0,1,198.3,1,1.6,1,0,1,1
43,1,3,142.1,295.9,0,0,140.9,0,1.1,2,3,2,1
22,1,0,140.4,174.1,0,0,161.1,0,0.7,1,0,2,0
71,1,2,155.8,176.0,0,0,138.1,0,0.2,0,0,1,0
43,0,1,139.0,249.6,0,0,124.1,0,0.9,1,0,1,1
49,0,2,134.3,226.3,0,0,155.9,0,0.7,1,2,2,1
38,1,1,135.1,317.1,0,1,146.4,1,1.7,0,0,2,1
65,1,1,143.4,272.9,0,0,146.2,0,0.2,0,0,1,1
56,0,1,120.3,240.3,0,1,158.6,1,0.5,0,1,3,1
45,0,0,122.1,303.4,0,0,179.1,1,0.1,1,1,1,0
50,0,2,137.2,248.0,0,0,188.6,1,0.7,0,1,1,1
72,1,0,150.2,257.8,0,0,132.1,0,2.3,0,0,2,1
53,1,2,122.0,286.9,0,0,135.8,0,2.9,0,0,2,0
52,0,1,111.1,210.9,0,0,121.8,1,0.0,1,0,3,1
44,1,0,101.3,282.7,0,0,165.9,0,0.5,0,0,1,0
33,1,0,106.0,259.0,0,0,160.4,0,0.4,2,1,1,1
52,1,3,123.8,200.2,0,0,145.1,1,1.0,1,0,2,0
58,1,2,127.0,329.0,0,0,118.0,0,1.2,0,0,1,1
66,1,0,131.9,225.5,0,0,125.6,0,0.2,1,0,1,1
29,1,2,106.1,160.7,0,0,176.0,0,0.2,1,1,3,0
42,1,3,98.4,203.0,0,1,175.1,0,0.3,0,0,1,0
48,1,1,134.8,193.7,0,0,156.6,0,0.0,0,0,1,0
54,1,2,136.3,250.0,0,0,149.3,0,0.9,1,0,1,0
52,1,1,144.7,312.1,0,2,176.9,0,1.2,1,2,2,1
53,0,0,145.4,252.0,0,1,167.1,1,0.0,1,1,1,1
58,1,1,142.1,312.6,0,0,164.0,0,0.6,0,0,3,0
44,0,2,130.6,284.8,1,1,136.3,1,0.6,1,3,2,1
64,1,1,152.3,127.6,0,1,190.2,1,0.9,2,0,3,1
59,0,1,157.9,282.7,0,0,178.7,1,1.4,0,1,1,1
50,1,1,120.8,214.4,0,0,159.3,0,2.0,1,1,1,1
72,1,1,152.4,270.3,1,1,122.5,0,0.2,2,1,1,1
71,1,1,127.0,244.8,0,1,117.3,0,0.5,2,0,2,1
64,1,2,140.4,367.5,0,0,151.2,1,0.9,0,0,1,1
22,1,0,145.3,249.4,0,1,172.7,1,0.7,0,0,1,1
71,0,2,130.3,273.0,0,1,132.2,0,1.1,0,0,3,1
63,0,0,116.1,292.0,0,1,119.1,1,0.8,2,1,3,1
76,0,2,128.2,183.6,0,2,142.3,0,0.4,0,0,3,0
68,1,1,120.3,294.0,0,1,135.6,0,2.5,0,0,3,1
71,1,2,118.9,237.9,0,0,104.7,1,1.7,0,0,3,1
64,1,3,158.2,214.5,0,1,141.8,0,1.3,2,0,2,1
69,1,0,147.3,282.7,0,1,159.2,0,0.5,1,1,1,1
76,1,2,126.5,183.6,0,0,142.2,1,0.1,1,1,1,1
56,1,0,116.8,283.4,0,0,139.3,0,3.7,1,0,3,1
37,1,0,113.3,228.5,1,1,195.4,0,1.1,1,1,1,0
51,1,3,120.3,235.9,0,1,133.5,0,0.3,1,1,1,1
58,1,0,155.7,144.1,0,0,153.4,0,0.6,0,0,1,0
55,0,0,129.3,281.4,1,0,135.6,0,0.3,1,2,1,1
40,0,0,165.9,247.4,0,1,157.7,1,1.4,2,3,2,1
36,0,1,125.8,214.5,0,0,149.1,0,1.0,0,1,3,0
46,1,3,121.6,197.8,0,1,180.4,0,0.7,0,0,1,0
63,1,1,152.9,278.9,0,0,149.1,1,0.5,0,0,2,1
71,1,2,108.2,262.7,0,0,142.8,0,0.4,0,0,1,0
64,1,1,139.9,245.1,0,0,133.3,0,1.7,0,0,1,1
66,0,1,112.2,202.1,0,0,137.0,1,0.5,0,2,1,1
53,1,2,94.5,254.4,0,1,163.9,1,0.6,0,0,1,0
35,1,2,127.1,245.5,0,0,175.0,1,0.2,1,2,1,0
49,0,1,144.8,297.5,0,0,156.1,1,2.0,1,2,1,0
51,1,3,137.1,187.7,1,1,165.5,1,0.3,0,0,2,1
49,1,0,134.4,208.2,0,0,181.1,1,0.2,1,0,1,1
55,0,0,90.0,327.3,0,2,159.6,0,1.0,0,0,2,0
59,1,3,132.5,251.6,0,0,104.0,0,0.1,0,3,2,1
63,0,2,130.6,255.7,0,0,147.3,0,3.8,0,0,2,1
51,0,2,141.4,282.9,0,1,193.4,0,0.8,2,0,1,0
33,1,2,109.7,313.8,0,2,181.6,0,0.0,1,0,2,0
49,1,1,147.7,188.5,0,2,150.7,1,0.2,1,0,1,1
54,1,2,124.8,337.4,0,0,163.9,0,2.7,1,2,1,1
67,1,0,131.9,244.0,0,1,133.3,0,0.8,2,1,3,1
48,1,2,142.0,250.9,0,2,163.4,0,0.4,0,2,2,1
60,0,2,111.1,246.1,0,2,160.4,0,1.2,1,0,2,0
57,1,3,149.6,308.4,1,0,178.6,0,0.5,1,2,1,1
54,1,2,109.6,283.6,0,0,112.3,1,0.2,1,1,3,1
64,1,0,148.3,238.5,1,1,116.4,0,1.4,0,2,1,1
47,1,1,128.0,189.4,0,1,143.1,0,0.5,0,2,1,0
48,1,0,129.7,228.6,0,1,167.1,0,4.0,0,1,1,0
54,0,2,90.0,182.6,0,0,169.6,0,0.3,1,2,2,0
47,1,2,121.6,278.2,0,1,154.1,0,0.1,0,1,2,0
60,1,1,131.7,213.6,0,0,101.7,1,0.9,2,0,2,1
46,1,3,159.9,234.1,0,0,180.4,1,0.1,2,0,2,0
56,1,3,133.9,293.7,0,1,155.2,1,1.6,0,0,1,0
53,0,3,119.0,276.6,0,1,157.9,1,0.5,0,0,1,1
56,0,0,146.5,259.0,0,2,94.9,0,3.6,0,0,2,1
49,0,2,120.7,204.6,0,0,182.7,0,2.3,1,0,1,0
50,1,3,151.6,261.3,0,0,146.1,0,0.7,1,2,1,1
55,1,2,139.0,206.8,0,0,173.7,0,0.4,1,0,1,0
56,0,0,115.3,263.9,0,0,164.0,0,4.6,1,1,1,1
54,1,2,150.9,183.9,1,0,133.6,1,0.4,1,0,3,1
73,0,3,146.6,301.2,0,0,145.2,0,0.1,1,2,2,1
43,1,2,147.4,246.3,0,0,178.5,0,1.3,1,0,1,0
53,0,1,127.5,240.5,0,0,110.2,0,1.8,0,3,3,1
37,1,0,140.6,252.7,1,0,179.5,0,0.4,1,0,1,0
58,1,2,169.6,237.7,0,1,116.4,0,0.3,1,2,1,1
42,1,1,134.1,240.2,0,1,135.6,0,0.6,2,0,2,1
51,1,2,126.1,297.2,0,1,124.4,0,0.2,1,1,1,0
50,0,0,157.8,286.5,0,0,200.2,0,2.2,1,1,2,1
57,1,0,146.8,273.8,0,0,150.1,0,1.9,0,1,2,1
48,1,1,124.4,250.4,0,0,108.3,0,1.2,0,0,1,1
47,0,1,160.5,225.0,0,2,136.0,0,1.7,0,2,3,1
70,1,2,116.3,294.2,0,0,122.7,1,0.3,1,0,2,1
57,1,1,144.3,202.4,0,0,148.1,0,0.7,2,1,2,0
48,0,2,150.1,317.8,0,0,134.9,1,0.5,0,1,1,0
51,0,2,149.5,271.7,1,1,117.0,1,1.7,2,1,1,1
72,0,0,119.3,299.7,0,1,167.4,0,0.2,1,1,1,1
51,0,3,107.9,260.9,0,2,147.4,1,0.2,0,0,2,0
46,1,2,136.1,233.2,0,0,148.5,0,1.0,0,0,1,1
46,0,2,141.7,280.3,0,2,188.3,0,0.5,1,3,2,0
48,1,3,113.1,177.4,0,1,193.0,0,0.2,0,0,1,0
47,1,1,137.7,213.1,0,2,150.2,0,0.1,1,0,1,0
40,0,1,101.3,228.1,0,1,131.6,0,0.6,1,0,2,0
42,1,0,150.1,176.4,0,2,154.9,0,1.3,2,0,1,0
45,0,1,118.5,266.3,0,0,203.7,0,0.1,0,2,1,0
61,1,2,132.8,299.5,0,1,124.3,0,1.4,0,0,2,1
50,1,2,148.6,164.8,0,2,127.7,0,1.0,1,0,1,0
52,0,0,144.4,222.4,0,0,153.9,1,0.4,0,0,3,0
68,0,0,143.0,238.8,0,1,137.4,0,0.0,0,2,1,0
68,0,1,153.0,260.5,0,2,145.6,1,3.5,0,1,1,1
51,1,0,140.6,278.0,0,0,154.1,1,0.5,0,0,2,1
47,1,2,158.3,226.7,0,0,148.9,0,2.7,2,0,2,1
44,1,2,100.7,279.3,0,1,142.3,0,0.7,0,0,1,1
62,1,1,134.9,248.1,0,1,134.4,0,0.8,0,3,1,1
52,1,0,131.7,214.2,0,0,124.9,1,0.4,0,0,3,1
50,0,0,126.1,250.1,0,0,144.9,0,0.5,1,3,1,1
45,0,2,137.7,182.7,0,1,150.2,1,1.1,1,1,2,0
46,0,3,132.9,227.4,0,0,145.2,0,0.6,1,1,2,0
58,1,1,149.8,235.1,0,0,155.0,0,0.5,2,0,2,0
40,0,2,106.2,209.9,0,1,151.3,1,0.0,0,0,1,0
65,0,3,175.0,356.7,0,1,144.6,0,0.5,0,0,1,0
48,0,0,122.5,296.6,0,0,150.6,1,0.2,1,0,2,1
52,1,3,138.7,249.5,0,1,150.7,1,2.7,2,3,2,1
39,1,1,126.5,255.0,1,2,133.4,1,0.3,0,0,2,1
54,0,3,132.5,264.1,0,0,126.4,1,0.1,0,0,1,0
50,0,2,120.4,267.5,0,0,174.5,0,0.2,0,0,3,0
53,0,0,134.5,309.8,0,0,155.6,0,0.1,0,0,1,1
70,0,3,145.4,287.8,0,0,115.3,0,0.2,0,0,1,0
56,0,1,90.0,154.7,0,1,107.0,1,0.3,0,0,2,1
45,0,3,122.8,274.9,0,1,172.7,1,3.1,1,2,2,1
46,1,0,125.4,201.8,0,1,166.9,0,1.5,1,3,3,1
61,1,2,177.5,219.5,0,2,133.4,1,0.3,0,2,3,1
68,0,1,150.0,289.5,0,0,141.1,0,1.1,0,0,1,0
57,0,3,158.8,160.5,0,0,150.1,0,1.0,0,0,3,1
62,0,0,143.0,319.6,1,1,123.0,0,0.4,0,0,1,0
61,0,1,134.2,279.8,0,1,143.4,0,0.5,1,1,3,1
70,1,2,144.6,261.7,0,0,135.9,0,2.3,2,0,2,1
33,1,3,149.0,270.7,0,1,139.1,0,0.7,1,0,1,0
61,0,1,164.3,294.4,0,1,147.9,0,2.9,0,1,1,1
65,1,1,142.2,255.1,0,0,147.6,0,0.2,1,1,2,1
39,0,1,116.0,270.2,0,0,132.7,1,0.0,0,3,3,1
44,0,1,145.1,194.8,0,0,172.7,1,0.7,0,1,2,0
45,1,2,116.4,274.0,1,0,140.4,1,0.9,1,0,1,0
46,0,0,136.0,265.3,0,0,137.6,1,0.7,1,1,1,0
49,1,2,145.0,303.0,0,1,166.9,0,1.1,1,1,2,0
57,1,2,132.8,250.1,0,0,161.3,0,0.4,0,1,1,0
64,1,1,120.2,258.4,0,0,123.3,1,0.1,1,0,2,1
66,1,1,128.8,205.0,1,0,150.0,0,0.3,0,1,1,1
45,1,3,126.1,238.2,0,2,162.4,1,0.1,1,0,1,0
45,1,1,112.8,265.2,0,1,144.2,0,0.1,0,1,1,0
68,1,0,130.6,277.4,0,1,152.0,0,0.5,0,1,1,1
61,0,0,106.6,319.2,0,0,101.7,0,2.3,1,2,1,1
55,1,2,144.9,262.1,0,0,133.5,0,0.7,1,0,1,0
59,1,1,141.3,239.1,0,0,163.6,0,0.2,1,2,1,1
54,1,3,138.8,265.9,0,1,137.1,0,0.4,0,0,1,0
60,1,2,128.6,219.0,1,1,120.5,0,3.8,0,2,1,0
50,0,1,125.5,298.3,0,0,91.1,1,0.0,0,0,1,0
57,0,2,116.8,211.9,0,0,168.3,0,0.9,0,0,1,0
37,0,1,135.8,217.6,0,0,142.6,1,0.9,1,0,1,0
46,1,3,107.6,191.3,0,0,118.5,0,2.1,0,1,3,1
47,1,1,133.8,242.6,1,0,159.9,0,0.5,1,2,2,1
50,0,0,118.6,268.4,1,0,185.1,0,0.5,1,0,1,0
44,1,2,163.1,310.6,0,1,155.3,0,3.5,1,0,1,0
48,1,2,142.0,236.8,1,1,107.8,1,0.0,1,0,3,1
37,1,2,129.7,225.6,0,0,140.8,0,0.9,1,1,1,0
60,1,3,115.6,126.1,0,0,165.8,1,1.2,0,0,3,1
53,0,1,106.2,250.9,0,0,152.9,0,0.1,0,0,2,1
35,1,1,138.2,236.0,0,1,129.8,0,1.3,0,0,1,0
45,0,1,161.1,238.9,1,1,205.0,0,1.1,1,0,1,0
58,0,3,139.4,309.1,1,1,132.6,0,0.0,1,1,2,1
48,1,3,135.7,263.3,0,2,146.0,0,1.9,1,1,1,1
46,1,3,135.4,220.3,0,0,145.2,0,1.0,1,1,1,1
53,1,0,135.6,201.2,1,0,167.6,1,2.6,0,0,3,1
58,1,1,138.7,191.9,0,0,140.1,1,1.0,0,1,1,1
38,1,1,117.7,216.2,0,1,116.1,0,0.6,0,2,1,1
60,0,1,115.0,260.0,0,1,103.1,0,1.0,1,1,1,1
45,1,0,133.7,145.4,1,0,140.0,0,2.0,1,0,1,1
54,1,0,160.9,235.5,0,0,152.1,0,0.5,1,2,1,1
54,0,1,145.0,276.7,1,1,136.2,1,0.5,1,1,1,1
48,1,1,110.3,193.7,0,0,164.5,0,0.1,0,0,1,0
43,0,1,123.7,229.7,1,1,185.8,1,0.8,0,3,3,1
51,0,0,143.4,196.7,0,0,121.8,0,0.6,0,0,1,0
72,0,2,162.8,128.5,1,1,141.3,0,0.5,1,0,1,0
39,0,1,159.5,200.9,0,1,145.5,0,0.0,0,1,1,0
73,1,2,135.0,201.3,1,1,119.2,0,0.9,2,1,1,1
51,1,1,148.1,274.5,0,1,137.5,0,0.1,1,0,2,0
54,1,2,138.5,262.5,0,0,163.1,0,0.1,1,1,2,0
42,0,0,125.8,191.4,1,1,156.7,1,0.1,0,1,1,1
46,1,0,133.1,295.5,0,1,141.0,0,0.3,0,2,1,0
48,0,2,130.8,271.2,0,1,193.2,0,0.7,1,3,1,0
42,1,3,152.2,225.9,0,2,146.9,0,0.9,1,0,2,0
52,0,0,105.2,255.2,0,0,156.4,0,0.4,1,0,1,0
50,1,0,141.4,198.4,0,1,147.9,0,1.2,0,0,3,0
74,0,3,163.7,140.1,1,1,101.8,0,1.5,1,2,1,1
41,1,0,156.5,240.8,0,0,148.7,0,0.9,0,1,1,0
55,1,1,144.5,181.7,0,1,134.3,0,0.4,0,0,1,0
57,1,3,121.1,232.5,0,0,136.2,1,0.0,1,0,1,0
42,0,2,142.0,255.3,0,1,198.9,1,2.8,0,0,1,1
62,0,1,156.8,158.7,1,1,129.1,0,3.8,1,0,2,1
50,1,3,123.7,249.1,0,0,151.9,1,0.1,1,3,1,1
27,1,2,133.7,268.3,0,1,181.8,0,0.5,2,1,2,1
61,1,0,132.1,152.4,0,1,126.5,1,0.2,1,0,3,0
42,1,2,119.9,268.2,0,1,132.7,0,0.8,1,2,3,0
42,1,2,125.3,320.8,0,1,160.9,0,0.7,0,0,2,0
62,1,2,138.3,233.0,0,0,143.4,0,0.2,1,0,2,0
50,1,3,116.5,272.6,0,2,161.1,0,2.4,1,0,1,0
64,0,0,114.0,200.7,0,2,105.2,0,2.2,1,2,1,1
67,1,2,121.2,286.4,1,0,175.6,1,1.2,1,0,1,0
47,1,1,138.2,261.4,1,0,153.1,0,1.3,0,0,1,1
63,1,1,109.9,254.1,0,1,164.8,0,0.4,1,0,2,0
46,0,2,90.0,245.7,0,0,205.0,1,0.5,0,1,3,0
79,1,2,165.0,267.5,0,2,129.5,0,0.7,1,0,2,0
46,1,3,113.8,235.8,0,0,133.2,0,1.0,0,0,1,1
65,1,3,133.3,202.4,0,0,132.7,0,0.6,1,2,3,0
63,1,2,152.9,238.0,0,1,138.3,0,0.3,0,0,1,0
57,1,1,108.9,240.4,0,0,149.5,0,2.0,0,2,1,1
47,1,2,106.3,187.3,0,2,180.1,0,0.3,1,0,1,0
52,0,1,119.1,235.8,0,1,149.0,0,1.0,0,1,1,1
30,0,1,142.3,230.3,0,0,190.0,0,1.2,1,0,2,0
56,0,2,131.1,219.2,0,1,172.1,0,1.0,0,1,3,0
58,1,2,134.9,258.3,0,1,148.5,0,1.4,0,1,1,1
55,1,2,128.9,267.7,0,0,112.7,1,0.2,0,3,1,0
22,0,3,133.1,201.0,0,0,186.5,1,0.5,0,0,3,1
40,0,1,153.3,243.1,1,1,171.3,0,0.8,1,0,2,0
46,1,1,185.7,278.6,0,2,147.5,1,2.0,0,0,1,1
57,1,2,132.1,198.0,0,2,123.0,0,3.4,0,0,2,0
57,1,2,162.2,169.3,0,0,144.4,0,2.0,0,2,1,1
52,1,0,151.5,199.3,0,1,159.7,1,0.1,2,1,2,0
61,0,1,137.6,267.0,0,2,116.7,0,0.0,1,0,2,0
43,1,1,91.5,217.5,0,0,127.8,1,0.3,0,3,3,1
61,0,3,125.9,189.4,0,1,205.0,0,0.5,0,0,1,1
59,1,3,129.2,299.0,0,2,119.5,1,0.1,1,1,2,1
58,0,1,138.5,190.9,0,0,129.6,1,1.1,0,3,2,1
52,0,0,126.9,233.2,0,1,184.3,0,2.3,1,1,1,0
74,0,0,125.9,280.8,0,1,114.3,1,0.5,2,0,1,1
59,1,0,171.8,272.6,0,0,121.9,0,4.5,1,2,2,1
43,1,0,154.8,255.9,0,2,174.8,0,0.3,0,0,3,1
57,0,0,95.3,213.1,1,1,105.0,0,0.5,1,3,1,1
62,0,1,127.9,268.7,0,2,131.4,1,0.1,1,0,2,1
48,1,1,143.9,239.9,0,1,165.8,0,1.2,2,1,1,1
66,0,2,158.0,263.5,0,0,173.7,1,0.0,1,2,1,0
58,0,1,124.4,303.1,0,0,156.4,0,0.6,0,0,1,0
28,1,2,123.6,179.8,1,1,173.5,1,0.3,1,0,1,0
57,1,3,136.5,259.4,0,0,149.2,0,1.0,0,1,3,1
50,0,1,141.9,246.3,0,0,178.7,0,0.2,0,2,3,0
60,1,0,107.9,285.1,0,2,172.6,0,0.8,0,0,3,1
64,1,0,100.2,323.1,0,0,151.3,1,0.1,0,2,1,0
56,1,0,157.1,319.0,0,0,150.3,0,0.1,0,3,3,1
72,0,1,117.7,284.4,0,1,115.4,0,2.2,1,1,1,1
52,1,2,171.7,214.4,0,1,131.6,0,1.5,2,0,1,1
61,0,2,117.2,225.3,0,0,101.2,0,3.4,0,0,1,1
63,1,1,132.9,276.3,0,0,137.8,0,0.3,1,1,3,1
53,0,2,137.4,184.4,0,0,123.5,0,0.3,0,3,1,1
63,1,0,97.9,234.3,0,0,124.5,0,6.0,1,0,1,0
47,1,0,183.8,206.5,0,0,178.0,0,1.1,0,0,1,0
49,1,2,125.6,187.9,0,2,169.8,0,0.4,1,0,3,1
40,0,0,112.4,247.4,0,2,142.1,0,0.3,0,0,2,0
57,1,2,113.8,277.2,0,0,137.0,1,1.8,1,0,1,0
58,1,3,141.5,269.2,0,2,194.1,0,0.5,2,0,1,0
67,0,3,139.5,251.1,1,0,121.3,1,0.0,0,1,2,1
63,1,0,115.9,229.1,0,0,157.6,0,0.4,0,1,3,1
51,0,2,105.6,217.3,0,0,183.4,0,0.2,0,0,3,0
41,1,1,149.7,275.2,0,1,160.5,1,0.1,0,1,1,1
59,1,3,123.4,220.6,0,0,153.6,0,2.2,0,1,1,0
66,0,3,103.0,221.8,0,0,103.0,1,1.2,0,0,3,0
62,0,0,130.3,262.3,0,2,133.9,0,1.1,1,1,2,1
66,0,3,126.8,202.4,0,2,144.4,1,0.9,0,1,2,0
52,1,0,168.6,244.4,0,0,180.6,0,1.3,1,0,1,0
49,1,1,123.4,216.4,1,0,138.5,0,2.9,1,0,1,1
46,0,1,123.5,209.1,0,0,155.7,0,0.1,0,0,1,0
53,1,1,137.7,230.1,0,0,175.7,0,0.0,1,0,1,0
53,0,3,120.5,274.2,0,0,171.9,1,0.8,0,0,1,0
56,1,1,142.4,249.9,0,1,155.4,0,0.5,1,0,1,0
53,1,2,115.4,253.9,0,0,134.9,0,0.1,2,0,1,0
53,1,3,129.4,274.4,0,0,160.0,0,3.1,0,3,1,1
45,0,3,136.1,265.7,0,2,156.4,0,1.5,1,0,1,0
64,1,1,157.0,237.0,0,1,115.0,0,0.7,1,0,1,0
55,1,2,123.7,266.2,0,2,142.5,0,3.1,0,1,2,0
52,1,2,122.7,233.3,0,0,161.0,0,1.5,1,0,1,0
46,1,2,159.7,257.9,0,1,185.7,1,0.1,0,2,1,0
39,1,0,120.3,282.0,0,1,139.8,0,1.1,1,0,1,0
68,0,2,133.5,269.2,0,1,158.1,1,0.6,0,0,3,1
60,1,2,166.3,188.7,0,1,130.9,0,0.9,0,0,1,1
36,1,2,130.7,213.2,0,1,157.1,1,0.3,0,1,1,0
62,1,3,131.5,272.7,0,1,134.0,0,0.6,2,0,1,1
64,1,0,133.4,150.1,0,1,184.2,1,0.4,1,0,1,1
55,1,1,120.9,256.0,0,0,161.3,0,0.6,1,0,1,1
72,1,1,146.6,259.5,0,0,154.5,1,0.1,1,2,1,1
56,0,1,114.9,362.1,1,0,130.9,1,0.1,0,0,3,0
38,0,1,141.0,254.8,0,0,168.9,1,0.6,0,0,1,0
58,1,0,135.3,238.0,0,1,118.9,0,0.3,1,3,1,1
57,0,2,136.0,293.7,0,2,90.0,0,0.3,0,1,3,1
47,1,3,163.4,223.8,0,0,141.9,0,1.0,0,0,2,0
60,1,0,109.4,245.4,0,0,173.8,1,0.0,1,0,1,1
36,1,0,129.9,239.0,0,0,149.4,0,0.6,1,2,2,0
65,1,0,148.2,271.7,0,1,155.7,1,0.9,1,0,1,1
44,1,2,120.4,197.3,0,0,205.0,1,0.4,0,0,1,0
43,1,2,148.4,274.2,0,1,152.3,1,0.8,2,0,1,1
53,0,0,120.9,217.9,0,0,187.2,1,1.8,0,0,3,1
59,1,2,140.5,333.8,0,0,98.2,0,0.6,1,3,2,1
56,0,0,129.3,175.5,0,0,133.5,0,0.7,1,3,2,0
46,0,3,131.9,205.3,0,0,163.3,0,2.0,1,0,1,1
48,1,3,133.8,150.0,1,1,148.3,1,0.6,0,0,2,1
42,0,3,127.4,367.7,0,1,167.1,0,2.9,1,0,3,1
52,1,0,125.0,186.7,1,1,127.1,1,2.3,0,0,1,1
66,1,1,125.0,279.0,0,0,185.7,1,0.0,2,1,1,1
54,1,0,139.7,273.4,0,0,181.5,0,0.2,1,1,3,1
63,0,2,134.2,204.7,0,0,157.2,1,0.7,0,0,1,0
70,1,0,125.5,281.0,0,2,115.9,0,0.1,1,0,2,1
48,0,2,135.7,192.3,0,0,151.6,0,2.1,0,1,3,0
52,0,2,122.2,204.9,0,0,172.1,0,0.6,1,0,1,0
78,0,2,165.0,181.1,0,1,120.5,0,0.2,0,2,1,0
70,1,3,182.8,276.5,0,1,171.6,1,1.1,1,2,1,1
36,0,2,151.5,148.9,0,1,167.5,0,1.2,1,0,1,0
58,1,1,159.0,260.1,0,0,141.8,0,0.7,0,0,1,0
54,0,2,145.7,236.0,1,1,168.9,0,0.2,0,0,1,0
63,0,3,129.5,321.2,0,2,124.5,1,1.7,2,0,1,1
46,1,2,97.8,240.0,0,1,145.7,1,2.2,1,1,1,1
45,0,2,110.3,275.6,1,0,140.9,0,2.5,1,1,3,1
47,1,3,120.1,261.4,0,1,116.4,1,0.2,1,1,2,1
48,1,2,154.2,234.8,0,0,105.4,1,0.9,1,0,2,1
63,1,3,140.9,293.6,0,0,122.6,0,1.2,1,0,2,0
41,1,0,118.9,253.6,0,0,139.4,1,0.1,0,1,1,0
47,1,2,99.0,278.5,0,0,166.3,1,0.8,1,0,1,0
34,1,0,170.7,193.6,1,1,151.6,0,0.0,1,0,1,0
65,1,1,146.3,268.5,1,1,155.0,1,1.6,1,1,3,1
68,0,0,150.9,281.6,0,0,103.5,0,2.1,1,2,2,1
50,1,0,123.4,192.1,0,1,157.3,0,1.0,2,0,1,0
51,1,0,130.8,237.1,0,0,117.3,0,2.6,1,1,1,1
59,0,1,126.1,166.7,0,0,133.8,0,0.3,0,0,2,1
70,1,0,139.2,177.2,0,1,159.1,0,1.2,0,0,1,0
58,1,2,168.2,240.2,0,0,137.9,0,0.2,1,1,3,1
46,1,0,110.3,317.8,0,0,129.1,1,0.1,0,2,2,1
36,0,1,125.8,317.7,1,0,185.9,0,0.6,0,2,1,0
42,1,0,137.5,223.8,0,0,174.5,1,3.0,1,0,1,1
55,0,0,129.1,199.9,0,0,179.0,0,1.8,2,0,3,0
47,1,3,150.2,279.7,1,0,124.4,0,1.2,0,0,1,0
56,0,3,100.3,153.9,0,0,107.1,1,1.1,0,0,1,1
48,0,3,163.4,221.6,0,0,184.4,0,0.3,1,0,2,0
42,0,1,103.3,204.3,0,2,126.3,0,0.0,0,1,1,1
41,1,0,110.4,233.1,0,2,155.2,0,0.6,1,0,1,0
71,1,0,130.2,307.9,1,0,134.8,0,0.4,0,0,1,1
64,0,2,121.8,131.0,0,2,127.1,1,0.4,1,0,1,1
73,0,3,143.4,261.7,0,0,109.2,0,0.1,0,2,2,1
60,1,3,141.1,258.6,0,0,136.0,0,0.3,0,0,1,0
49,1,1,134.8,237.0,0,0,171.0,0,0.9,1,0,3,1
69,1,1,112.2,259.5,0,0,126.0,1,2.4,2,2,2,1
54,0,0,128.5,264.0,0,1,120.5,0,1.7,1,0,3,1
56,1,2,134.9,249.1,0,1,148.4,0,0.4,0,2,2,0
54,0,1,153.2,151.9,0,2,103.2,1,1.5,0,0,1,1
22,1,1,129.6,191.1,1,1,173.4,0,1.2,0,0,1,0
72,0,3,142.4,318.0,0,0,150.2,0,0.2,2,0,1,1
59,1,2,170.6,191.8,0,0,134.5,0,0.9,1,2,2,1
58,1,0,114.1,246.3,1,0,163.0,1,1.6,1,0,3,1
53,1,0,126.8,209.3,0,0,146.5,0,0.1,0,1,2,0
56,1,2,114.1,268.3,0,0,140.5,1,0.1,1,2,2,0
47,1,2,161.2,230.0,0,1,129.1,0,0.1,1,0,1,0
61,0,2,162.9,272.7,0,0,164.4,0,0.7,1,0,3,0
40,1,0,158.0,253.4,0,1,145.5,0,0.0,1,0,2,0
56,1,3,144.4,224.9,0,1,140.6,0,0.6,1,0,2,1
60,1,2,142.3,145.4,0,0,158.8,0,0.8,0,1,2,0
52,0,3,122.3,202.6,0,0,130.2,1,0.2,2,0,1,1
58,1,1,148.8,189.7,0,0,128.5,0,3.5,0,0,2,1
43,1,1,108.2,184.1,0,2,154.5,0,1.4,0,1,1,1
43,0,0,105.1,259.7,1,1,118.9,0,0.5,0,0,1,0
57,1,3,127.2,331.5,0,1,154.0,0,2.0,2,3,1,1
61,1,0,169.7,135.4,1,0,142.7,0,0.6,1,0,3,1
33,1,0,119.5,167.8,0,0,123.5,0,1.3,0,1,1,1
60,1,0,128.7,253.7,0,0,96.5,1,0.9,0,3,1,1
48,0,2,134.7,228.1,0,0,139.1,1,0.6,0,1,1,1
52,1,3,149.7,260.6,1,0,139.9,0,0.3,1,1,1,1
39,1,2,152.8,234.1,0,2,184.1,0,0.0,1,0,1,0
45,0,2,108.6,296.2,0,1,199.3,1,0.0,1,1,1,0
65,0,3,132.0,270.3,1,1,122.4,0,1.0,0,0,1,1
54,0,0,135.0,280.0,0,0,128.8,0,2.0,1,0,2,1
50,0,3,135.8,284.8,0,0,181.4,1,1.8,0,1,1,1
53,1,1,149.3,188.6,0,0,156.5,0,0.8,0,1,3,0
59,0,1,147.0,269.0,0,1,205.0,0,0.0,0,0,1,1
59,0,0,132.7,271.4,0,0,139.9,0,0.1,2,0,2,1
53,1,0,154.5,226.0,0,0,169.9,0,0.2,0,0,2,0
66,1,1,154.4,230.3,0,2,192.3,0,0.2,0,1,1,0
65,0,0,149.7,231.2,1,0,113.9,0,0.5,1,2,1,0
59,0,1,122.7,204.5,1,0,123.4,1,0.2,1,0,1,0
55,0,0,144.1,181.0,0,1,156.2,0,0.4,1,0,1,0
61,1,0,157.4,338.3,0,0,142.4,1,0.1,1,2,1,1
57,0,3,122.5,290.0,0,0,149.2,1,0.5,0,3,3,0
66,1,3,139.4,246.7,0,1,123.6,0,0.8,0,0,2,1
64,0,3,161.7,180.3,0,0,140.9,0,1.3,0,0,1,0
43,0,2,135.4,261.6,0,0,146.2,0,0.1,1,0,2,0
42,1,2,129.4,221.2,0,1,166.7,0,2.6,1,0,1,0
46,0,3,155.3,231.7,1,1,173.0,0,0.6,2,0,1,1
65,0,2,125.3,344.2,0,0,107.9,0,0.5,2,0,1,1
37,0,1,96.2,319.0,0,2,185.7,0,3.2,0,0,1,0
58,0,0,118.0,138.7,0,1,145.8,1,0.7,1,0,2,1
58,1,0,155.4,258.9,0,0,166.1,0,0.3,0,0,2,1
67,0,3,143.6,253.2,0,1,136.0,1,0.0,1,1,1,1
56,1,2,135.7,257.7,0,0,170.3,0,2.1,1,0,3,0
39,1,1,149.4,211.6,1,2,175.9,1,1.4,2,2,2,1
43,1,0,134.3,237.7,0,2,163.3,0,1.0,0,3,1,1
41,0,1,123.7,188.7,0,0,156.4,0,0.6,1,2,2,0
48,1,2,147.5,285.0,0,1,162.6,1,1.6,0,0,3,0
52,0,2,123.6,285.0,0,1,191.3,0,0.3,0,0,1,0
41,0,1,136.6,309.1,0,1,179.7,0,0.2,0,1,1,0
70,0,1,120.7,213.0,0,1,152.5,1,2.7,1,1,3,1
39,1,2,111.3,248.0,0,1,144.5,1,0.1,0,0,2,0
69,0,3,119.2,336.6,1,1,124.9,0,2.4,0,0,3,0
67,1,3,136.8,216.2,0,0,123.5,0,0.3,1,0,3,0
64,0,0,121.8,200.5,0,2,114.4,0,2.9,1,0,2,1
46,1,1,120.8,251.8,1,1,171.0,1,0.5,2,0,1,0
58,1,1,132.2,294.1,1,0,148.2,0,0.5,1,0,2,1
40,1,2,129.2,207.1,0,1,163.7,0,0.0,1,0,2,0
64,1,2,108.6,329.9,0,0,106.0,1,1.7,0,0,2,1
53,1,0,90.0,200.8,0,0,131.6,0,2.0,1,0,1,1
49,1,2,139.9,268.6,0,2,147.8,0,1.2,0,0,1,0
41,0,1,130.3,207.1,0,1,129.4,0,1.3,1,1,1,1
27,1,3,102.6,211.4,0,1,138.1,1,0.4,0,2,2,0
43,1,0,139.1,273.7,0,1,133.0,0,1.1,1,1,3,1
66,0,0,141.8,236.4,0,0,151.6,0,0.0,1,0,2,1
50,1,2,127.6,173.2,0,0,94.4,0,1.3,0,1,2,1
52,0,2,165.8,205.6,0,0,145.1,1,2.5,0,1,1,1
61,1,2,158.6,275.6,0,0,176.8,0,0.3,2,2,1,1
74,0,3,128.8,265.9,1,0,159.0,1,0.1,1,3,1,1
69,0,1,127.9,278.6,1,0,163.3,1,1.2,2,1,2,1
43,0,1,102.0,211.0,1,2,146.5,0,2.7,1,1,1,1
33,1,3,150.8,187.4,0,1,203.0,0,2.2,0,0,3,1
80,0,2,141.9,214.5,0,1,119.5,0,2.7,1,0,1,0
79,1,1,155.1,217.1,0,0,142.5,1,1.1,1,0,1,1
56,1,2,96.1,240.0,0,1,158.0,1,0.5,0,1,1,1
40,1,2,144.5,184.4,0,0,131.9,0,0.6,1,1,2,0
65,0,1,124.6,292.1,0,0,97.7,1,2.5,1,0,2,1
53,0,1,141.3,263.7,0,2,167.6,0,1.1,1,0,1,0
53,1,1,143.1,203.0,0,2,127.9,0,1.0,1,0,2,0
64,0,0,133.1,236.2,0,1,139.6,0,1.1,1,0,1,1
58,1,3,122.4,203.8,0,0,154.0,1,1.8,1,1,3,1
41,1,0,137.9,230.3,1,1,154.9,0,0.1,0,2,1,1
50,0,0,115.0,203.3,0,1,164.9,0,0.2,1,0,2,0
61,1,2,154.7,338.1,0,1,153.7,0,0.3,0,0,2,0
60,1,2,122.5,173.5,0,1,155.9,0,0.2,0,2,2,1
57,1,2,135.2,186.6,0,2,154.0,0,0.7,1,2,1,1
64,1,1,123.1,234.4,1,0,109.6,1,0.4,0,0,1,1
50,1,3,135.9,244.1,0,0,150.6,0,0.5,2,0,3,1
56,0,2,112.9,246.5,0,1,157.0,0,0.7,0,0,1,0
22,1,1,111.4,270.6,0,0,205.0,0,0.8,0,0,2,0
49,1,2,174.1,259.1,0,0,159.5,0,0.6,0,0,3,0
62,1,1,151.2,203.6,0,2,138.9,1,0.8,1,1,1,1
50,1,3,139.7,286.7,0,2,164.8,1,0.3,2,0,1,0
49,1,2,142.0,267.3,1,0,135.7,0,1.0,1,2,1,1
43,0,3,133.8,298.6,0,1,185.4,0,0.5,0,2,1,0
65,0,0,132.1,247.5,1,0,139.1,0,3.2,0,0,1,1
60,1,3,149.1,291.5,0,0,138.9,0,2.5,0,1,1,1
63,1,2,121.4,124.8,0,0,110.5,1,1.5,0,0,2,1
35,1,2,158.0,213.4,0,0,148.7,0,1.8,0,0,2,0
52,0,1,132.7,200.5,0,0,147.0,0,3.6,0,0,2,1
51,1,3,147.7,271.2,0,1,187.4,0,0.2,1,2,1,0
51,0,1,158.6,207.8,0,0,140.6,0,1.0,1,1,3,1
47,0,1,138.1,281.9,0,0,150.2,0,0.2,0,1,2,1
50,1,2,118.4,274.6,1,1,165.3,0,0.3,1,1,1,0
63,1,1,158.2,217.8,0,0,123.9,0,0.6,2,1,3,1
33,0,1,156.3,244.6,0,0,149.6,0,0.1,1,0,1,0
74,1,2,104.0,239.0,0,0,164.1,1,0.4,0,1,1,1
59,1,0,133.4,248.3,0,1,111.4,0,0.9,0,2,3,1
54,1,3,139.2,274.4,1,0,132.4,1,0.1,1,2,1,1
64,1,2,131.7,230.6,0,0,149.7,0,1.0,1,1,3,0
38,0,2,104.6,162.9,0,0,165.9,0,0.5,0,1,1,0
47,1,0,116.4,265.2,0,0,205.0,0,0.5,0,0,2,1
53,1,2,100.5,288.2,0,0,151.9,0,2.2,2,1,3,1
69,1,2,154.9,171.9,0,1,125.5,1,0.5,1,0,1,1
53,1,1,158.5,239.4,0,1,138.8,0,1.2,1,0,2,1
59,1,1,159.7,202.2,0,1,169.4,0,2.5,0,0,2,1
48,1,1,132.0,288.9,0,1,136.1,0,1.3,1,0,1,1
59,1,2,140.1,295.2,0,1,140.3,0,1.1,1,3,1,0
72,1,2,157.8,212.1,0,0,157.0,0,0.3,1,1,3,0
65,1,0,132.6,187.4,0,2,134.2,0,1.3,0,0,2,1
53,1,2,116.7,251.8,0,0,161.2,0,0.2,1,0,1,0
61,1,3,125.5,195.0,0,2,109.8,0,0.1,0,0,3,0
60,1,0,138.7,281.2,0,1,122.0,1,0.8,2,2,2,1
60,1,2,122.7,237.7,0,0,131.9,0,2.5,2,0,2,0
66,0,3,142.5,316.2,0,2,108.8,1,0.3,0,0,1,1
66,1,3,112.6,318.2,0,0,115.6,0,0.4,0,0,2,0
53,1,0,129.4,309.3,0,1,134.0,0,0.8,1,0,1,1
61,0,1,140.0,261.6,0,2,190.0,1,0.2,0,1,2,0
50,1,3,135.4,198.4,0,0,158.7,0,1.1,1,0,1,0
44,1,0,118.3,172.6,0,1,171.8,0,0.6,1,3,1,1
51,0,2,143.5,266.5,0,1,164.3,0,0.2,0,2,1,1
53,1,2,138.5,270.5,0,1,98.2,0,0.6,1,0,3,1
36,1,2,91.9,246.6,0,0,161.2,0,0.1,2,0,1,0
63,1,1,144.4,186.1,0,0,130.7,0,1.0,2,1,3,1
24,0,3,115.9,195.8,0,0,130.8,0,0.1,1,0,3,0
84,0,1,129.1,255.6,0,0,139.6,1,1.4,1,1,2,0
71,0,2,120.3,220.4,0,0,97.0,0,1.2,0,1,1,1
51,0,1,112.2,206.2,0,0,149.0,0,0.1,0,1,2,0
54,0,1,134.7,198.9,0,0,140.9,0,0.1,1,0,2,0
57,1,0,144.6,236.5,0,0,126.3,0,0.4,1,0,3,1
48,1,3,135.3,230.2,0,0,172.4,0,0.1,1,2,1,1
56,1,2,151.6,205.7,0,1,142.2,1,0.4,0,0,1,0
52,0,2,141.0,241.2,0,2,153.7,1,0.2,2,1,1,1
53,1,2,97.6,252.0,0,0,163.1,0,1.1,1,0,1,0
56,0,0,115.0,257.6,0,1,164.3,1,0.1,1,0,3,1
40,1,2,151.9,194.4,0,1,158.5,0,0.0,0,2,3,1
54,1,0,111.2,227.9,0,0,127.8,1,0.3,2,0,1,0
56,1,2,90.0,242.8,0,1,144.2,0,0.5,1,0,3,1
55,0,0,164.2,247.3,0,1,163.7,0,0.0,0,0,2,0
52,1,3,138.8,182.0,0,2,135.4,1,1.4,1,0,2,1
67,1,2,125.0,230.9,0,2,150.1,0,1.4,0,0,1,1
50,1,1,117.7,266.1,0,1,135.8,0,0.6,0,0,2,1
57,1,1,146.1,216.3,0,2,163.7,0,0.7,1,0,2,1
68,1,0,146.1,261.9,0,0,137.4,0,1.3,0,0,1,0
53,0,3,136.6,241.7,0,0,124.9,1,1.4,0,2,1,1
56,1,0,131.1,221.9,0,0,203.7,1,1.1,0,2,3,1
53,0,1,107.7,296.6,0,1,151.3,1,0.1,2,0,3,1
68,0,0,133.9,233.0,0,0,83.9,0,0.9,2,0,1,0
51,0,3,149.4,231.1,0,1,129.0,0,0.9,0,0,1,1
68,1,2,127.7,225.0,0,1,169.2,0,0.5,0,3,2,1
53,0,0,141.6,306.2,0,1,166.5,0,0.2,1,0,2,1
45,1,2,124.5,299.4,0,0,179.8,1,2.7,1,0,3,0
61,1,3,150.2,294.3,0,1,135.9,1,1.5,1,0,3,1
51,1,2,115.6,278.6,0,0,166.9,1,0.6,2,0,1,1
61,1,1,136.0,204.9,0,0,137.4,0,0.3,2,0,1,0
24,1,1,134.7,211.1,0,2,173.3,0,0.5,1,0,2,0
54,0,0,118.8,207.5,0,0,119.3,0,0.7,1,0,2,0
49,0,0,136.3,285.0,0,0,144.7,1,1.5,1,3,3,1
42,1,2,130.5,340.0,0,1,98.5,0,0.0,2,1,2,1
48,1,2,131.7,269.2,0,0,148.8,0,1.2,0,2,1,0
48,0,3,117.3,313.0,0,1,132.1,1,1.0,1,0,3,1
53,1,2,151.7,261.2,0,1,152.5,1,1.1,1,0,1,1
39,1,0,113.2,250.1,0,0,132.1,0,1.2,1,0,3,1
57,1,2,139.8,216.9,0,0,143.8,0,3.1,0,0,2,1
69,1,2,122.5,273.6,0,1,205.0,0,1.6,1,0,1,0
57,1,1,133.6,282.6,0,1,141.6,0,0.9,1,0,1,1
63,1,2,147.8,290.9,0,0,128.8,0,0.6,2,1,2,1
66,1,0,131.8,250.2,0,0,142.9,0,1.9,1,2,3,1
68,1,0,90.0,255.0,0,2,75.0,0,4.8,1,0,1,1
75,0,2,112.0,246.1,0,0,126.3,1,3.6,1,0,2,1
49,1,0,93.9,214.8,0,1,149.2,0,0.8,1,1,2,0
46,1,2,133.2,277.4,1,1,156.7,0,1.1,1,1,1,1
63,1,1,136.2,161.2,0,0,165.5,0,1.7,0,0,1,0
62,0,3,126.7,170.6,0,0,151.5,1,0.5,1,0,2,1
63,0,3,122.0,220.5,0,1,117.0,0,1.2,0,0,3,0
75,0,3,140.2,192.7,0,1,93.6,0,0.5,1,2,1,1
54,0,3,104.9,289.2,1,0,169.7,0,1.0,0,0,1,0
59,1,3,152.5,223.7,0,0,131.1,0,0.2,0,1,3,1
43,1,2,132.6,276.1,1,1,160.6,1,1.5,1,0,1,0
77,0,3,119.7,306.9,0,1,166.8,0,0.1,0,2,2,1
50,1,2,125.5,242.7,0,1,156.1,0,0.1,1,3,1,1
51,0,2,127.9,254.7,0,0,115.3,1,1.8,0,1,1,0
50,1,0,108.1,294.0,1,0,157.2,0,0.8,1,0,1,1
47,1,2,144.3,282.9,0,1,146.4,1,0.7,0,0,1,0
46,1,3,149.4,147.5,1,0,121.6,1,2.1,1,1,1,1
48,0,2,131.6,221.2,0,0,172.5,0,0.4,1,2,2,0
39,1,0,147.2,258.7,0,1,164.2,1,0.4,0,1,1,1
45,0,2,176.5,247.7,0,0,195.0,0,0.8,1,0,1,1
75,0,2,102.4,205.1,0,0,135.7,0,1.9,0,0,1,1
62,0,2,133.9,169.1,0,1,127.1,1,0.2,1,2,1,0
64,1,2,112.3,271.8,0,1,149.4,0,0.3,0,0,1,0
67,0,0,162.3,208.8,0,2,133.5,1,1.3,0,1,1,1
74,1,3,143.4,242.5,0,1,164.0,1,4.5,1,0,2,1
35,1,2,116.7,241.1,1,1,161.2,1,1.2,0,2,2,1
40,0,1,122.8,229.3,0,1,141.7,1,0.8,1,0,1,1
45,0,2,152.8,197.3,0,0,157.4,1,2.1,1,0,2,0
49,1,1,140.9,236.0,0,0,157.6,1,0.5,1,0,3,0
51,1,1,143.7,216.4,0,1,154.3,0,1.1,0,2,2,1
49,1,3,159.5,312.5,0,0,144.4,0,0.3,1,0,3,1
56,1,3,151.7,251.5,0,0,148.5,0,0.5,1,0,1,0
54,1,1,154.2,354.3,0,0,135.2,0,1.3,0,0,1,0
46,0,0,126.7,180.6,0,1,157.8,0,0.9,0,2,3,1
30,1,0,90.0,219.8,0,2,141.7,1,2.3,0,0,1,0
43,1,3,133.1,224.2,0,2,137.0,1,0.2,0,0,3,0
48,1,3,120.5,205.1,0,1,194.4,0,0.7,0,0,1,0
51,1,1,147.4,224.9,0,0,137.9,1,0.1,1,0,3,1
42,1,1,99.1,216.1,0,0,163.5,0,3.5,2,0,1,0
49,1,1,147.7,196.6,0,0,114.9,1,0.9,1,0,1,1
42,1,3,134.4,316.2,0,1,147.2,1,0.2,1,0,2,0
53,1,1,140.1,237.4,0,0,167.8,1,1.9,0,0,1,1
42,0,2,139.1,278.0,0,1,163.4,0,0.1,1,0,1,0
45,0,2,128.2,281.8,0,1,116.9,1,2.2,0,0,2,1
40,0,0,121.5,299.3,0,0,141.8,0,0.0,2,3,2,0
52,1,1,153.9,197.5,0,0,169.4,1,2.8,1,1,2,1
44,1,1,142.2,293.6,0,0,128.3,0,0.4,0,0,2,0
64,1,2,148.9,241.6,0,1,152.6,1,0.5,0,0,3,1
58,1,2,133.5,332.4,0,0,150.7,0,1.0,1,1,3,1
53,1,2,135.7,264.1,0,0,112.1,0,2.8,2,0,2,0
45,0,0,128.5,187.5,0,0,168.7,1,0.2,1,3,1,1
58,1,1,103.6,298.1,0,1,162.2,1,0.4,2,1,1,1
62,1,0,111.1,295.2,0,0,140.8,1,1.1,0,0,1,1
56,0,0,129.3,185.3,1,0,152.3,0,0.1,0,1,2,1
72,1,2,104.7,280.5,0,0,120.7,0,0.4,2,0,1,0
59,0,3,130.3,313.7,0,0,138.9,1,1.0,0,0,3,1
64,1,3,120.4,266.0,0,0,146.2,0,0.6,1,1,1,1
55,0,2,129.9,198.9,1,0,169.8,0,3.8,1,0,2,1
61,0,2,135.8,288.3,0,1,153.5,0,3.7,0,0,2,1
45,1,3,98.3,267.5,0,0,144.2,0,2.6,0,2,1,0
49,1,2,138.6,229.5,1,0,143.5,0,3.1,2,0,2,1
58,1,2,126.9,222.5,0,1,147.9,0,3.0,0,0,2,1
58,1,1,93.2,271.9,1,0,140.1,0,1.8,2,0,3,1
60,1,0,127.2,203.4,0,0,143.6,0,3.0,2,0,1,1
66,0,1,140.8,254.5,0,2,82.0,0,0.0,1,0,3,0
38,0,3,119.7,288.5,0,1,138.0,0,1.5,1,0,1,0
43,1,2,122.9,304.4,0,2,192.4,0,0.8,0,2,2,0
57,1,0,137.5,219.3,0,0,155.5,0,0.6,2,2,2,1
46,1,2,123.4,168.8,0,1,163.9,0,0.1,0,0,2,0
85,0,1,133.9,221.1,0,0,139.0,0,0.4,1,1,2,1
60,0,3,108.6,279.4,0,1,151.9,0,0.5,2,0,2,1
53,1,0,124.4,208.5,0,0,151.4,1,0.2,0,2,2,1
48,0,2,163.4,286.9,0,1,177.3,1,2.9,2,2,1,1
49,0,2,133.0,207.0,0,0,161.9,0,0.9,1,1,1,1
54,1,3,138.8,216.9,1,0,109.6,0,3.4,1,2,1,1
55,1,2,122.7,234.1,0,1,131.7,0,0.9,2,0,2,1
49,0,3,122.6,281.2,0,1,137.5,0,0.8,0,0,3,0
51,0,0,126.1,170.7,0,1,201.4,0,0.5,1,0,1,0
69,1,0,153.5,259.0,0,0,141.2,0,0.2,1,0,1,1
69,1,1,159.3,258.2,0,2,168.6,0,0.2,0,2,2,1
57,1,2,126.6,198.8,0,2,141.0,1,1.3,1,0,1,1
39,1,1,129.8,251.8,0,1,164.1,0,1.7,0,1,1,1
60,1,0,131.3,235.6,1,1,145.3,0,0.0,1,1,1,0
71,1,2,152.0,197.6,0,0,126.0,0,0.1,0,0,1,0
69,1,2,146.2,243.4,0,0,118.5,0,1.3,2,0,1,1
62,1,2,134.4,198.3,0,2,142.8,0,0.2,1,0,1,1
70,0,0,153.2,218.8,1,0,120.8,1,0.5,2,0,3,1
55,1,3,143.6,280.5,0,0,150.2,0,1.6,0,0,1,0
61,1,2,121.9,230.1,0,0,133.9,1,2.1,2,2,2,1
47,1,1,132.4,276.8,0,0,170.0,1,2.5,1,1,3,1
57,1,2,131.6,235.5,1,0,128.0,0,0.4,0,2,2,1
69,0,1,117.0,204.3,0,1,136.3,1,0.9,1,0,2,1
48,1,2,128.4,260.4,0,1,144.8,0,0.7,0,1,2,0
45,1,1,152.3,262.9,0,0,145.0,0,1.2,2,1,3,1
55,1,3,154.0,187.6,1,1,164.7,0,1.3,2,0,2,1
52,1,3,149.9,290.7,0,1,110.5,1,0.3,1,0,1,1
61,1,0,149.8,310.8,1,0,102.0,1,2.9,0,0,2,1
49,1,0,136.5,267.2,0,0,143.5,0,0.7,2,0,1,0
73,0,0,124.9,251.5,0,0,178.7,0,0.3,0,2,1,1
40,1,2,140.6,325.0,0,0,163.8,0,0.3,0,2,2,1
68,0,0,104.9,270.0,1,2,171.3,0,0.2,1,0,1,1
46,1,2,119.9,247.3,0,1,176.0,0,0.2,1,2,1,1
34,0,1,145.9,309.2,0,1,128.7,0,1.9,2,3,1,1
57,0,2,122.9,313.0,0,0,145.4,0,1.8,0,1,1,0
51,0,1,141.8,177.0,0,2,130.1,1,0.6,0,1,3,1
42,1,3,124.5,215.0,0,0,132.0,0,0.7,1,0,2,1
36,0,0,136.4,260.9,0,1,121.2,0,0.1,0,2,2,1
54,0,2,103.3,295.4,1,0,127.1,0,0.3,1,1,1,1
65,1,2,159.6,194.0,0,0,151.6,0,0.3,1,2,2,1
60,1,2,115.4,283.4,1,1,158.1,0,1.8,2,0,3,1
55,1,1,109.7,223.9,0,1,154.7,0,0.6,1,0,1,0
59,1,0,157.2,274.7,0,0,125.3,0,0.0,0,0,1,1
54,1,2,133.9,216.5,0,1,137.8,1,0.3,0,0,1,0
38,1,3,124.5,133.2,0,1,134.7,0,0.6,0,0,1,1
38,1,0,158.2,157.9,0,1,186.9,1,0.2,0,2,1,1
52,1,1,146.7,191.2,0,0,162.8,0,0.1,2,0,2,0
52,1,0,125.4,214.7,0,0,114.4,1,0.2,0,0,1,1
63,0,2,130.8,244.2,0,0,148.4,0,0.3,1,0,1,0
62,1,2,155.3,221.4,0,0,119.1,0,0.7,0,0,1,1
61,1,2,118.4,241.8,0,0,151.8,1,1.5,1,1,1,1
51,0,1,156.2,218.5,0,1,166.0,0,0.3,0,0,2,1
39,0,0,119.3,235.9,0,1,92.3,0,1.7,0,1,1,1
59,0,2,116.6,284.1,1,0,193.8,0,1.8,2,0,1,0
60,1,1,155.1,242.8,0,1,168.4,0,1.1,1,0,2,0
28,1,0,140.7,256.1,0,0,146.1,0,0.7,1,2,1,1
45,1,2,99.8,269.7,0,0,152.0,0,0.1,1,1,1,1
46,0,1,127.1,231.7,0,0,168.7,0,0.8,1,0,1,0
55,0,3,111.4,163.0,0,0,102.7,0,0.6,1,2,2,1
45,1,0,146.1,249.4,0,1,162.1,0,0.2,0,0,1,0
54,0,1,162.0,211.7,0,1,158.0,0,0.1,2,2,3,0
52,1,1,143.2,278.6,0,0,168.4,1,0.3,0,0,3,1
52,1,2,119.8,300.8,0,2,128.2,0,1.3,0,2,3,1
46,1,2,148.0,227.3,0,1,158.9,0,1.0,0,1,3,0
47,1,2,131.3,246.2,0,2,173.0,0,0.2,1,2,1,0
42,1,1,129.7,266.6,0,1,133.9,0,0.6,0,1,2,1
58,1,0,126.3,207.0,0,0,159.3,0,0.3,1,0,1,0
60,1,0,137.4,243.9,1,1,122.9,1,2.3,0,2,1,0
46,1,3,130.7,170.5,0,0,140.5,0,0.1,0,1,2,0
71,1,1,95.0,293.3,0,0,99.2,0,0.4,1,0,1,1
51,1,2,133.7,314.5,1,0,95.7,0,0.3,1,2,1,1
71,1,3,135.8,251.7,1,0,155.8,0,0.5,1,0,1,0
47,1,0,138.5,205.9,0,0,175.5,0,0.1,0,0,2,1
32,1,2,92.4,245.2,1,1,169.9,1,0.3,0,0,1,0
58,0,1,141.2,186.7,0,1,122.2,0,2.4,1,0,3,1
57,0,1,132.3,223.3,0,0,163.0,0,0.2,0,1,3,0
54,1,0,142.9,223.0,0,0,152.8,0,0.3,1,0,1,0
47,0,3,99.9,216.0,0,0,163.0,0,0.5,0,1,1,1
54,0,1,108.8,251.0,0,0,156.7,0,0.3,0,1,1,0
48,0,0,95.8,258.4,0,0,136.8,1,1.0,0,0,2,0
51,1,0,135.9,241.0,0,0,151.6,0,3.6,1,0,2,1
63,1,0,130.0,284.2,0,1,134.1,0,0.8,1,0,3,1
56,0,3,128.9,259.3,0,0,149.3,1,1.7,0,0,1,1
61,0,1,107.7,222.1,0,0,160.1,0,0.1,0,0,1,1
51,1,3,111.5,235.6,0,0,136.1,1,0.5,0,2,3,0
50,1,2,90.0,236.4,0,0,166.2,1,0.3,1,2,3,1
41,0,3,103.5,220.0,0,0,156.6,1,0.4,0,0,1,0
50,0,1,118.3,262.4,0,2,146.9,0,1.9,1,0,3,0
22,1,1,115.2,136.4,0,0,163.8,0,0.8,2,0,1,0
48,1,2,131.3,240.7,0,0,167.6,1,0.5,2,0,2,1
53,1,1,147.5,254.7,0,0,144.3,0,0.4,0,2,3,1
60,1,2,123.1,269.9,0,1,141.5,0,0.1,1,0,3,1
51,1,0,142.0,289.1,1,0,184.8,0,2.2,0,1,3,1
58,0,3,146.0,236.6,0,0,163.5,0,0.4,0,0,1,0
30,0,0,145.7,269.6,0,1,188.1,1,0.9,1,2,1,1
53,1,0,142.6,267.9,0,0,184.3,1,0.9,0,3,3,1
36,1,2,130.8,246.7,0,2,164.0,0,0.6,0,0,1,0
41,1,0,111.3,175.6,0,1,205.0,1,1.6,0,2,1,0
52,1,0,138.4,288.7,0,1,159.5,1,0.4,0,1,1,1
68,1,0,130.7,250.5,1,0,110.2,0,0.7,1,3,1,1
58,1,0,159.8,231.7,0,0,133.7,0,0.3,2,1,1,1
54,0,1,132.6,190.5,1,0,112.3,1,1.8,0,3,1,1
54,0,1,128.1,133.9,0,0,173.2,1,1.0,1,0,2,0
46,1,1,157.5,322.3,0,0,157.2,0,0.5,1,1,2,1
48,0,1,120.8,252.8,0,2,140.3,0,0.0,0,1,3,1
59,0,1,132.2,194.4,0,0,148.6,0,1.0,0,0,2,0
39,1,2,166.4,180.7,0,0,152.6,0,1.3,0,0,1,0
61,1,0,140.5,231.6,1,0,124.2,0,0.9,1,0,1,1
50,0,0,150.3,275.6,0,2,198.3,1,4.3,1,3,1,1
63,1,3,163.3,272.3,0,1,145.5,0,0.1,1,1,2,1
65,0,2,123.8,275.3,0,1,142.9,0,0.3,1,2,1,0
36,0,0,142.9,196.1,0,0,156.3,0,0.5,2,1,2,1
48,1,3,126.5,231.4,0,1,125.5,0,0.5,1,0,1,0
45,1,2,168.5,243.8,1,1,114.8,0,1.4,1,0,1,0
34,0,0,152.0,231.9,0,2,187.4,1,0.1,1,1,3,1
43,0,3,141.6,261.6,0,0,144.0,1,0.1,1,2,2,1
81,0,1,156.6,320.1,0,1,82.4,0,0.0,1,0,2,1
61,1,3,123.2,253.1,0,0,111.0,0,1.2,0,0,1,0
75,1,0,170.2,223.0,0,0,148.1,1,1.6,1,1,1,1
63,1,0,120.0,180.6,0,1,157.5,0,0.6,1,0,1,0
46,0,2,136.3,246.3,0,0,142.3,1,0.5,2,0,1,0
50,1,0,120.1,211.0,0,1,174.9,0,0.2,1,1,3,1
60,1,0,151.0,262.4,0,0,113.2,0,0.6,1,1,3,1
59,1,2,166.7,259.2,0,0,179.8,1,0.1,1,0,1,1
48,0,0,137.6,308.1,0,0,114.6,1,0.1,1,3,2,1
37,1,3,135.4,244.9,0,0,169.6,1,0.6,1,1,3,1
85,1,1,139.7,272.3,0,2,134.4,0,0.0,2,1,1,1
52,0,3,132.3,211.9,0,0,166.9,1,1.3,1,0,1,0
50,0,1,124.0,177.0,0,0,111.2,0,2.6,1,0,1,0
55,1,2,163.7,289.0,0,0,141.0,1,0.4,1,0,2,0
51,1,1,147.5,293.4,0,2,172.5,1,1.0,1,3,2,1
55,1,2,128.0,227.2,0,0,123.1,0,2.4,2,0,3,1
68,1,1,138.6,161.2,0,1,170.7,0,0.3,1,0,1,0
53,0,0,183.2,300.9,0,0,104.4,0,0.8,0,0,2,1
41,0,0,132.6,289.1,1,1,117.8,0,0.9,0,0,1,0
52,1,0,159.7,235.6,0,1,129.7,0,1.8,1,0,3,1
49,1,1,122.4,286.7,0,2,164.6,1,0.9,2,0,1,1
70,1,2,146.5,245.2,0,0,169.0,0,1.5,0,0,1,0
67,0,0,123.0,255.5,0,0,125.0,0,0.3,0,1,2,1
55,0,1,121.6,170.2,0,1,151.9,1,1.2,2,2,2,1
40,1,3,144.8,290.3,0,0,183.6,0,0.7,1,2,1,1
41,1,2,114.6,159.7,0,1,168.8,1,0.8,0,2,2,0
54,1,3,112.5,317.1,0,1,194.5,0,1.2,1,1,1,0
58,0,3,144.3,323.0,0,1,131.0,0,1.7,2,1,1,0
50,0,0,121.2,127.6,0,1,178.2,0,0.3,1,2,3,1
49,0,3,124.7,308.2,1,0,133.9,1,0.3,1,1,1,1
47,1,0,99.8,228.4,0,0,159.5,0,6.0,0,1,3,1
54,1,3,111.2,260.0,0,0,149.4,0,0.1,2,3,2,1
28,1,2,131.5,170.2,0,1,171.0,1,0.1,1,0,2,1
42,1,2,126.8,223.0,0,1,130.4,0,0.7,1,0,3,1
47,0,2,145.6,187.0,0,0,139.9,0,0.8,0,1,3,1
67,1,3,121.1,211.2,0,2,119.1,0,1.3,1,0,3,1
45,1,2,128.8,292.0,0,0,139.0,0,2.5,1,1,1,0
56,0,1,132.3,286.1,0,1,144.3,0,2.5,0,3,1,1
56,1,0,130.8,278.2,0,0,124.6,1,1.0,0,3,1,1
68,1,2,148.3,222.6,0,2,123.0,1,1.4,2,0,1,1
68,1,0,118.0,215.9,0,0,152.1,0,1.1,2,0,1,1
53,1,2,143.0,168.5,0,1,155.3,0,0.2,0,0,1,0
49,1,2,153.3,269.5,0,0,188.1,0,2.9,1,0,1,0
47,1,1,117.4,324.2,1,0,155.0,0,1.9,1,0,1,0
51,0,2,137.5,304.4,0,2,188.0,0,0.1,0,3,1,0
49,0,2,136.2,241.0,0,0,117.3,0,4.2,1,0,1,0
60,0,3,143.1,265.2,0,1,102.8,0,1.9,1,3,3,1
59,1,1,135.3,254.0,0,0,136.6,1,2.2,0,2,3,1
61,1,3,161.3,283.9,0,1,133.4,1,0.7,1,1,3,1
68,1,3,175.5,323.0,0,1,122.3,0,2.4,0,1,1,1
74,1,2,150.3,223.3,1,1,126.2,0,0.4,1,0,1,0
55,0,3,136.9,218.3,0,0,163.3,0,0.2,1,0,2,1
66,1,2,137.2,233.0,0,0,130.8,0,0.0,0,2,1,1
50,1,0,109.4,238.6,0,0,165.2,0,0.3,1,0,3,0
67,1,2,111.6,278.0,0,1,167.1,1,2.0,0,0,1,0
66,0,2,113.2,242.6,0,1,157.0,0,1.0,1,0,2,0
65,1,3,141.5,207.7,0,1,136.3,1,0.4,1,0,1,0
55,1,2,130.8,204.8,0,2,137.6,0,0.3,1,2,1,0
47,0,2,156.7,187.2,0,0,180.5,0,0.3,0,1,3,1
39,1,2,90.0,231.4,0,1,193.3,0,1.1,1,3,2,0
54,1,1,134.7,286.9,0,0,154.5,0,0.2,1,2,1,1
71,0,0,143.1,265.8,0,1,155.2,1,0.1,0,0,1,0
51,0,2,146.4,265.1,0,0,163.0,1,1.0,0,2,3,0
63,0,0,135.8,196.8,0,0,127.9,1,2.1,1,1,3,1
63,1,1,142.8,192.9,1,0,144.8,0,1.5,1,0,1,1
51,1,2,136.4,248.2,0,0,157.3,0,0.1,2,0,2,0
68,0,2,142.4,301.1,1,2,169.4,1,1.5,1,0,2,1
22,1,2,125.7,267.4,1,0,163.5,0,2.3,0,0,1,0
41,0,3,165.8,207.2,0,0,129.5,0,1.2,1,3,1,1
44,0,0,138.9,338.7,0,1,150.4,0,1.5,1,1,1,1
45,1,1,135.3,148.9,1,0,148.9,0,2.1,1,0,1,1
58,0,2,118.7,244.1,1,0,128.7,0,0.8,1,0,2,0
57,1,3,128.6,247.0,0,1,168.1,0,0.8,1,0,2,1
58,1,2,162.2,233.6,0,0,169.2,1,0.9,0,0,3,0
61,0,0,90.0,267.0,0,2,88.4,1,0.2,0,3,1,1
44,0,2,129.5,229.0,0,1,181.6,1,0.6,0,0,1,1
41,0,2,127.3,171.1,0,0,162.0,0,0.8,1,0,1,1
58,1,1,144.0,238.9,0,2,147.5,0,0.0,0,0,1,1
47,1,0,137.0,246.2,1,1,162.8,0,0.7,1,2,3,1
37,1,2,157.0,275.6,1,0,119.4,0,1.0,0,0,1,0
65,1,0,138.5,307.6,0,0,130.5,0,1.4,1,0,1,0
69,1,1,136.6,209.0,0,0,153.6,0,0.0,1,2,1,1
71,0,0,152.4,320.9,0,1,149.3,0,0.8,0,1,1,1
56,1,0,162.1,223.3,0,1,138.9,0,1.4,0,1,3,1
61,1,1,148.1,221.4,0,0,144.6,0,0.2,0,0,2,0
69,0,0,153.0,228.6,0,0,141.6,0,0.4,0,0,1,1
47,1,0,128.3,153.1,1,1,160.6,1,0.1,2,0,2,0
66,1,3,139.3,227.0,0,1,188.3,0,0.5,1,0,2,1
57,0,0,158.5,300.1,0,2,112.8,1,0.3,1,0,1,1
64,1,2,146.0,265.9,0,1,123.1,0,0.4,1,1,3,1
56,1,2,130.1,252.1,0,0,146.5,1,0.2,1,1,1,1
68,0,0,135.1,261.7,0,0,149.5,0,0.3,1,3,3,1
56,0,0,150.2,297.6,0,0,147.4,0,0.5,0,1,1,0
38,1,2,150.3,197.2,0,0,135.9,0,0.0,0,1,1,1
70,1,1,122.8,286.8,1,0,148.6,0,0.4,0,2,1,1
44,0,1,135.0,240.8,0,1,160.8,0,0.2,1,2,2,0
68,1,3,137.4,211.8,0,2,144.5,1,2.7,1,0,1,0
53,1,0,132.6,261.5,0,1,135.7,0,0.5,2,0,3,1
67,1,2,161.2,249.6,0,0,150.3,1,0.5,0,1,1,0
66,0,3,129.7,210.1,0,2,166.5,0,2.2,1,2,1,0
59,1,0,124.9,196.1,0,1,163.1,1,1.7,1,0,1,0
60,1,0,120.8,224.4,0,0,119.0,0,0.1,1,0,2,0
59,0,2,129.1,220.7,0,1,123.5,0,0.1,1,0,1,0
32,1,3,115.3,287.4,0,0,177.2,0,1.9,1,2,3,0
55,0,0,115.7,232.3,0,0,133.7,1,0.1,1,0,1,0
42,1,1,115.0,220.8,0,0,127.5,0,0.6,1,0,1,0
56,1,0,119.6,291.8,0,2,133.6,1,0.2,0,1,1,1
41,1,1,117.1,296.2,0,2,140.3,0,0.6,2,0,3,1
41,1,0,137.9,200.3,0,0,149.4,1,0.2,1,2,1,1
72,1,1,103.2,193.0,0,1,132.6,0,1.0,2,2,1,1
66,0,2,121.4,268.3,0,0,101.3,1,0.1,0,2,1,1
54,1,3,132.2,232.3,0,1,152.7,0,1.1,1,1,1,0
56,1,2,155.2,218.1,0,1,156.9,0,0.7,1,0,1,0
51,1,3,128.8,286.0,0,0,152.6,0,0.9,1,1,2,0
60,0,0,129.7,232.0,0,0,156.4,1,0.4,1,1,2,1
47,1,0,130.7,323.4,0,1,163.4,1,2.7,0,2,1,1
65,1,2,103.9,247.3,1,0,113.7,1,0.1,1,0,1,1
51,0,2,142.1,247.6,0,1,148.9,0,2.3,2,0,2,0
49,1,2,143.9,338.2,0,1,157.5,1,0.8,2,1,2,1
54,1,0,148.7,255.0,0,1,154.3,0,1.9,0,0,1,1
47,0,1,174.4,207.9,0,0,182.9,0,1.6,0,3,3,1
58,1,0,111.6,197.9,0,0,154.2,0,0.3,1,2,1,1
48,1,1,105.7,219.0,0,2,152.7,0,0.2,2,0,2,0
59,0,0,145.0,253.5,0,2,163.6,0,0.7,2,0,1,1
67,1,3,131.2,286.0,0,0,159.8,0,1.2,1,0,1,1
46,1,0,114.3,172.4,0,1,153.8,1,0.4,2,0,1,1
53,1,3,128.7,241.2,1,2,177.1,1,2.2,1,3,2,1
59,1,3,124.1,299.4,0,0,148.6,1,0.4,0,1,1,0
49,1,2,163.8,251.2,0,1,139.4,1,0.0,1,0,1,0
59,0,3,173.0,302.8,0,0,165.1,1,1.3,2,0,3,1
60,1,0,106.1,177.1,1,0,128.4,0,0.2,1,1,3,0
66,1,2,110.4,235.6,0,1,172.4,0,2.5,2,0,1,0
47,0,3,115.6,244.3,0,2,141.4,0,1.1,1,1,1,0
44,0,0,116.1,262.2,0,1,131.8,0,0.4,1,0,1,0
51,1,2,119.3,202.9,0,0,132.6,0,0.6,0,0,1,0
43,1,1,127.8,255.9,0,0,171.3,0,0.5,1,0,3,0
60,1,1,127.5,265.2,0,0,129.8,1,0.8,1,0,1,1
41,1,3,106.4,233.6,1,1,138.5,1,0.3,0,2,1,1
80,1,2,122.0,271.2,0,1,124.0,0,0.1,2,3,1,1
68,1,0,165.3,260.2,0,1,80.9,0,0.9,0,2,1,1
54,1,3,127.6,212.4,0,0,175.2,0,0.9,0,0,3,0
64,1,0,129.1,237.9,0,1,109.7,0,0.5,1,0,2,1
36,1,3,102.1,180.1,0,2,183.5,1,2.1,0,0,1,0
82,1,3,132.7,185.4,0,0,156.6,1,1.4,0,0,3,1
48,1,3,149.8,250.5,0,1,164.2,0,0.2,0,0,1,1
53,1,2,144.5,157.7,0,0,148.8,0,0.8,0,3,1,1
34,0,2,140.6,223.8,0,1,157.8,1,0.1,0,0,1,0
59,0,2,110.6,261.3,0,0,180.4,0,0.3,1,0,1,0
42,0,1,106.0,237.9,1,1,205.0,0,2.5,1,1,1,1
55,1,1,154.7,337.9,0,2,104.2,1,2.2,0,0,2,1
48,1,1,147.4,258.1,0,1,167.2,1,0.3,0,2,1,1
42,1,2,126.3,225.4,1,0,148.4,1,0.3,0,0,1,0
45,1,2,147.1,265.0,0,1,201.3,1,3.1,0,2,1,1
56,1,2,112.8,184.4,0,0,152.3,0,0.7,0,0,1,0
40,0,2,105.1,280.5,0,0,140.3,0,2.9,0,0,1,1
46,0,2,99.9,216.4,1,1,133.5,0,0.5,2,0,1,0
61,1,2,142.3,292.5,0,0,142.1,0,1.0,0,1,2,1
83,1,0,145.2,269.2,0,0,83.1,1,1.6,0,1,1,1
59,1,1,125.8,270.7,0,1,119.3,0,0.3,1,0,2,0
44,1,1,117.5,213.5,0,0,121.8,0,1.2,1,1,1,1
50,0,2,173.5,189.6,0,1,92.0,0,0.0,1,0,2,0
54,1,0,129.3,190.3,0,0,161.7,0,0.1,0,1,1,0
50,1,2,158.0,164.5,0,2,166.1,0,0.3,1,3,2,0
64,1,0,133.9,228.0,0,1,161.6,0,0.5,2,0,1,0
56,1,1,125.5,216.3,0,2,122.9,0,0.5,1,0,1,1
64,0,2,159.0,289.4,0,0,152.0,1,0.7,0,0,1,0
51,1,0,147.5,194.9,0,2,148.9,0,1.6,0,1,2,1
69,0,2,134.3,343.2,0,0,115.7,0,1.5,1,1,2,1
52,0,3,150.9,196.6,0,1,140.0,0,0.8,1,0,1,1
43,1,2,176.6,197.6,1,0,124.8,0,0.2,1,1,3,0
78,1,2,126.8,184.7,0,2,94.5,0,1.0,1,0,3,1
34,1,2,137.5,234.8,0,0,140.9,0,2.2,1,1,2,1
46,1,0,124.6,224.4,0,1,138.7,0,0.6,2,1,2,1
47,0,2,112.4,234.2,0,2,170.2,1,0.2,1,1,1,0
82,0,1,120.7,269.1,0,1,115.4,1,0.3,2,2,1,1
74,0,1,164.7,291.6,0,1,157.9,0,1.0,2,0,1,0
70,1,0,105.2,195.5,0,1,163.1,0,1.1,1,0,3,1
50,0,2,139.1,240.9,0,2,153.8,1,0.1,1,1,1,1
81,1,2,125.9,288.5,0,1,121.5,0,1.2,0,3,1,1
58,0,3,163.9,194.7,0,0,123.0,0,3.5,0,0,3,0
65,1,1,131.8,366.9,1,0,121.7,0,0.3,0,0,1,0
56,1,1,127.9,345.1,1,1,161.4,1,0.0,2,0,1,0
53,1,2,162.0,237.7,0,0,166.5,0,0.7,1,0,1,0
51,0,2,146.0,191.7,0,0,142.0,0,3.7,2,3,1,0
52,1,1,143.5,197.7,0,1,152.4,0,0.0,0,0,2,0
61,1,1,150.3,254.1,0,0,110.2,0,0.8,1,0,2,1
58,1,2,115.5,270.9,0,0,133.0,1,0.4,0,0,1,0
54,1,1,147.4,160.3,0,1,156.0,1,0.6,2,0,1,0
71,0,2,131.7,205.7,1,1,123.0,1,2.1,1,0,2,1
22,1,2,132.5,236.4,0,0,139.8,0,0.6,0,1,3,0
60,1,0,144.2,181.7,0,0,124.2,0,1.3,0,1,2,1
62,1,0,116.0,231.1,0,0,110.8,0,1.6,1,0,2,0
67,1,3,147.9,264.9,1,1,116.6,0,1.1,1,0,1,0
53,0,0,127.4,233.9,0,0,165.9,0,0.2,1,0,1,0
56,0,0,109.2,209.8,0,0,177.6,1,3.2,2,1,2,1
65,0,2,131.1,249.1,0,2,178.2,0,0.2,0,0,2,0
70,1,2,138.4,269.3,0,1,133.5,1,0.9,1,2,3,1
51,0,2,140.9,199.8,0,1,146.7,1,0.1,1,2,2,1
57,1,2,91.8,257.6,0,0,162.5,1,0.0,0,0,2,0
72,1,3,145.5,262.0,0,0,109.0,0,0.0,0,0,1,1
31,1,0,119.0,256.2,0,0,143.7,0,0.5,1,0,2,1
46,0,2,143.6,250.2,0,1,137.3,0,0.6,1,0,1,0
70,0,2,135.0,252.7,0,0,168.1,0,0.9,0,1,1,0
66,1,0,131.0,238.7,0,0,129.5,0,0.4,0,0,2,1
60,0,1,129.3,230.3,0,2,170.6,0,0.5,2,0,1,1
49,0,2,135.8,271.5,0,0,135.2,1,2.3,0,3,1,1
44,0,1,144.8,233.7,0,1,130.3,0,0.4,1,1,1,0
47,1,3,116.2,262.5,0,1,189.2,1,0.4,0,0,1,0
71,1,2,132.1,270.2,0,0,141.6,0,1.3,1,0,1,1
47,0,2,155.7,197.6,1,1,136.5,1,3.8,1,1,1,1
55,0,2,124.7,227.7,1,0,109.3,0,0.0,0,0,1,0
46,0,2,135.6,236.3,0,0,139.6,0,0.1,1,1,1,0
63,1,2,114.0,248.5,0,0,182.5,0,1.5,0,0,2,0
48,0,2,98.6,258.2,0,1,143.1,0,0.1,1,2,1,0
53,1,2,115.0,248.9,0,2,92.5,0,1.4,1,0,2,1
35,0,2,113.8,236.6,0,0,149.9,0,0.5,0,2,2,0
36,1,0,148.2,215.9,1,1,176.0,1,0.7,0,0,1,1
54,0,3,151.7,287.9,1,2,141.5,1,0.0,0,1,1,1
39,1,1,95.6,251.4,0,0,169.0,0,0.4,1,0,1,0
77,1,2,130.0,244.5,0,0,142.8,1,1.8,1,0,1,1
31,1,1,140.8,216.2,0,0,155.7,0,3.1,0,0,2,1
45,1,2,129.9,250.6,0,0,136.4,1,0.8,2,1,2,0
54,0,3,158.1,242.7,0,0,135.8,0,4.2,2,2,2,1
50,0,2,142.1,172.9,0,1,139.5,0,0.1,0,2,2,1
42,0,2,123.2,193.6,0,1,119.8,1,2.0,2,1,3,1
43,0,2,125.0,295.0,0,1,164.6,1,1.4,0,0,1,1
43,0,1,127.2,253.8,0,0,139.0,0,0.1,1,0,2,1
51,1,0,118.0,212.2,0,0,173.9,0,1.2,1,0,1,0
75,0,1,153.2,232.3,0,0,163.3,0,1.0,1,0,1,0
55,1,1,147.6,203.8,0,1,137.8,0,2.9,0,2,1,1
67,0,3,142.4,222.9,0,0,139.0,1,0.3,0,2,2,1
60,1,1,139.9,288.6,0,0,132.1,0,0.4,1,1,1,0
66,1,2,118.7,237.6,0,0,106.6,1,0.2,1,1,1,0
23,1,3,135.3,267.2,0,0,153.4,1,2.7,0,0,1,0
51,1,2,135.6,312.0,1,1,149.3,1,2.0,0,1,3,1
68,1,1,173.5,228.9,0,1,151.3,1,0.3,0,1,1,1
48,1,1,109.2,182.3,1,1,191.0,0,2.0,1,2,1,1
73,0,1,122.7,267.1,0,1,122.5,0,3.2,1,2,1,1
70,1,2,109.4,210.9,0,0,118.9,0,0.1,1,0,1,0
49,1,1,128.8,239.7,0,1,170.2,1,3.0,1,0,1,1
48,0,2,98.2,246.7,0,0,90.7,1,2.2,0,1,2,1
43,1,3,152.6,319.3,0,1,132.2,0,2.3,0,2,2,1
47,1,1,151.9,253.2,1,0,176.5,1,0.1,1,2,2,0
40,1,0,127.6,216.4,1,1,135.1,1,2.8,2,0,1,1
59,0,2,114.0,270.7,0,0,132.7,0,5.2,0,2,1,1
38,1,1,102.6,271.7,0,1,157.0,1,1.2,2,0,3,1
61,0,2,120.1,296.9,0,0,158.3,0,1.8,0,1,1,0
61,1,2,147.0,203.2,0,0,142.4,0,0.7,0,1,3,1
36,0,1,112.3,291.9,0,1,157.1,0,0.1,1,0,3,1
71,1,3,172.6,347.9,1,0,129.7,1,0.6,1,0,3,1
60,1,1,162.3,299.3,0,1,137.8,0,2.3,0,0,3,1
62,0,1,133.0,308.0,0,0,124.3,0,0.6,1,0,3,1
46,1,3,123.7,219.5,0,1,129.5,1,0.4,1,0,3,1
61,0,0,122.5,318.2,0,2,171.0,1,1.0,2,2,1,1
66,0,0,162.8,224.7,0,0,125.6,0,3.5,2,0,2,1
53,1,3,121.9,239.3,0,0,143.5,1,0.8,1,1,1,0
76,1,0,156.3,228.7,0,2,155.5,1,0.8,1,0,1,1
54,1,0,134.4,215.8,0,0,102.0,0,0.6,0,0,1,0
67,1,2,150.1,245.7,0,1,106.7,0,0.5,0,0,2,1
57,0,0,117.0,191.7,0,2,145.0,0,0.5,1,0,1,1
60,1,2,129.5,213.3,0,0,143.9,1,3.5,0,0,3,1
36,1,1,129.1,192.3,0,1,123.8,0,0.3,1,1,1,1
58,0,2,120.6,310.3,0,1,104.6,0,0.6,0,0,1,1
46,1,1,154.5,309.9,0,0,119.4,1,0.1,0,0,3,1
45,1,3,118.0,350.2,0,1,159.4,0,0.6,1,0,2,1
73,1,1,128.4,245.1,0,1,153.2,0,0.4,0,0,2,0
52,1,2,158.0,242.0,0,0,152.8,0,0.7,1,0,2,0
43,0,3,149.2,271.5,0,0,114.2,0,0.6,1,1,1,0
50,1,1,161.6,183.8,0,0,121.8,0,2.2,0,2,1,1
40,0,0,93.2,193.4,1,2,151.3,1,0.9,0,0,2,1
70,1,0,141.6,176.7,0,0,137.7,1,0.5,1,1,1,1
46,1,3,133.6,275.4,1,0,139.4,0,0.5,0,1,3,0
60,0,2,122.4,205.6,0,1,135.8,1,0.1,1,0,3,1
69,1,3,143.6,290.7,0,0,145.0,0,0.3,0,1,1,1
48,1,2,126.7,219.0,0,0,195.5,0,2.2,0,0,1,0
60,1,1,138.4,243.7,0,0,166.5,0,0.5,0,0,1,1
43,1,0,192.5,230.0,0,1,146.1,0,3.2,0,0,1,1
81,0,3,143.5,259.2,0,1,127.6,1,0.2,1,0,1,0
64,1,1,143.0,223.4,0,0,139.0,1,0.2,0,0,2,0
52,1,1,148.3,286.4,0,0,136.1,0,2.1,0,0,1,1
45,1,2,135.0,230.9,0,0,180.9,1,0.7,0,0,3,1
53,0,0,111.0,257.1,0,0,175.6,1,1.9,0,1,3,1
50,1,1,103.4,244.8,0,0,154.8,1,0.4,1,0,1,0
75,0,2,135.7,204.2,1,0,168.2,1,0.3,1,0,1,0
41,0,0,122.9,296.2,0,0,143.2,1,1.0,1,0,1,0
55,1,0,98.9,213.1,0,0,158.2,0,0.4,1,1,1,0
54,0,2,160.3,277.0,0,0,175.1,0,0.0,0,1,2,0
53,0,2,132.7,273.1,0,0,161.5,0,2.3,0,2,1,1
53,1,0,159.7,175.1,0,0,184.7,0,1.7,0,1,2,1
53,1,0,93.6,233.1,0,0,159.8,0,0.7,0,1,2,1
64,1,3,162.8,270.4,0,1,137.7,0,0.3,2,0,2,0
61,1,0,127.0,231.1,0,0,118.8,0,0.4,0,1,3,1
59,1,0,157.9,237.5,0,0,134.8,0,0.0,0,1,1,1
22,0,1,126.9,239.8,0,1,185.7,1,0.1,0,1,3,1
57,0,0,139.9,225.9,0,0,168.1,0,0.4,1,3,2,1
36,1,2,137.7,250.8,0,0,114.1,0,1.8,1,0,1,0
61,0,3,125.1,245.7,0,0,131.2,1,1.5,0,0,1,1
70,1,1,126.4,238.3,0,2,148.2,0,0.5,2,2,2,1
44,1,2,125.0,195.2,0,0,157.8,0,2.0,1,1,2,1
51,0,3,103.8,258.2,1,1,132.5,0,0.8,1,1,2,1
47,1,0,123.6,133.0,0,1,185.1,1,2.6,0,0,1,0
68,1,1,125.0,257.8,0,1,158.9,0,0.0,1,2,1,1
55,0,2,104.3,242.4,0,1,195.2,1,2.0,1,0,1,0
73,0,1,144.0,212.3,0,0,128.5,0,1.2,0,1,1,1
59,1,2,135.4,182.0,0,1,110.1,0,0.4,0,0,2,1
57,0,2,136.2,260.9,0,1,148.9,0,1.2,0,0,2,1
55,0,1,143.8,230.9,0,1,191.3,1,1.2,0,0,2,1
63,0,0,129.0,250.6,0,1,146.4,0,0.9,0,0,1,0
35,1,0,112.4,153.9,0,0,172.3,1,2.4,1,2,1,0
55,1,1,139.7,262.7,0,0,157.6,0,2.3,0,0,1,0
53,1,0,90.0,282.4,0,2,119.4,1,0.3,1,3,1,1
62,1,2,134.1,237.5,0,1,121.8,0,0.3,1,0,2,1
52,1,1,147.3,201.2,0,0,136.4,0,0.6,2,1,2,1
43,1,2,150.1,256.7,0,2,148.2,0,1.1,1,1,1,0
54,1,1,124.5,228.9,0,0,169.3,0,1.4,1,1,1,0
42,0,2,90.0,275.2,0,0,137.9,0,4.5,2,0,1,1
33,1,3,90.0,235.0,1,1,106.3,1,0.3,0,2,1,1
62,0,3,144.5,149.9,0,1,123.7,0,0.8,1,2,1,0
60,1,1,129.1,140.1,1,1,133.9,0,0.2,1,1,1,1
59,0,0,168.6,211.9,0,1,174.1,0,1.9,0,2,1,1
68,1,1,112.1,266.2,0,1,121.2,0,0.5,1,0,1,1
47,1,1,138.4,217.3,0,2,78.9,0,3.1,1,2,2,1
38,1,3,159.9,257.5,0,1,136.2,1,1.3,0,0,2,1
53,0,2,134.5,211.9,1,0,148.5,0,1.4,0,3,2,0
50,0,2,101.3,330.8,0,1,98.5,0,0.1,0,0,2,1
45,1,2,181.7,230.0,0,1,165.8,1,0.9,0,0,3,1
53,0,2,159.2,252.9,0,2,158.2,0,0.0,0,1,1,0
47,1,2,128.2,196.8,0,0,152.1,0,0.1,0,1,1,0
34,1,1,143.7,216.0,1,0,170.6,1,3.0,1,1,2,1
49,0,0,144.7,261.4,0,0,140.3,0,0.1,1,0,2,0
41,1,2,142.3,234.8,0,2,140.8,0,2.7,1,1,1,1
57,1,3,109.9,120.1,1,2,132.0,1,0.3,1,1,1,0
47,0,1,135.1,260.9,0,0,144.7,0,0.0,2,3,3,0
66,1,2,163.3,272.4,0,1,184.7,0,3.5,2,1,2,1
72,1,1,147.6,279.9,0,0,120.1,1,0.6,1,0,1,1
61,0,1,139.9,292.2,0,1,160.2,0,0.4,0,0,3,1
37,0,0,117.1,243.4,0,0,136.4,0,0.5,0,1,1,1
71,1,2,122.0,352.8,0,2,136.9,0,2.6,0,0,2,1
71,0,1,106.9,257.6,0,0,135.8,0,0.3,1,0,1,1
54,0,2,144.6,140.1,0,1,75.0,0,2.6,1,0,3,1
69,1,0,133.8,256.5,0,0,141.2,0,0.1,1,0,3,1
48,0,2,105.4,288.6,0,1,135.6,0,0.1,1,0,2,0
33,0,0,143.3,173.4,0,1,121.9,0,0.7,2,3,2,1
46,1,1,121.4,226.7,0,0,157.3,1,0.4,1,0,1,0
73,0,1,120.3,301.4,0,0,159.7,0,0.0,2,0,2,1
38,1,1,121.1,211.0,0,1,157.5,0,0.8,1,0,1,0
54,0,0,127.5,230.9,0,0,170.3,0,0.3,1,0,1,1
54,1,3,142.2,275.8,0,1,194.6,0,0.8,1,0,2,0
48,1,1,116.7,182.9,0,1,150.1,0,0.9,0,0,1,1
49,0,2,147.9,239.1,0,0,155.6,1,0.2,1,0,1,1
55,1,2,143.0,199.0,0,1,154.1,0,1.7,0,0,1,1
48,1,2,123.2,227.5,0,1,169.6,1,0.7,0,1,1,0
38,0,2,124.1,246.2,1,2,141.4,0,1.3,2,2,1,1
56,1,3,126.9,288.8,0,0,169.5,0,0.9,2,0,3,0
66,1,2,138.2,259.3,1,1,163.9,1,0.8,2,1,1,0
64,1,1,163.9,220.0,0,1,149.0,0,1.6,1,1,3,1
45,1,2,124.0,290.9,0,1,185.8,0,0.4,2,0,3,1
40,0,0,130.9,263.6,0,1,179.4,0,1.2,0,0,1,0
51,0,0,117.7,154.9,0,1,125.6,1,0.2,0,0,2,1
71,1,1,147.8,284.2,0,1,138.1,1,1.1,1,1,1,1
61,1,3,140.7,246.7,0,2,161.7,0,0.5,2,1,1,0
62,0,2,156.9,242.8,0,0,166.2,0,0.0,2,0,1,0
64,1,2,121.6,297.3,0,1,85.3,1,2.1,0,0,1,1
59,0,0,144.7,234.2,1,0,142.2,0,0.1,0,0,1,1
55,1,1,157.0,281.1,0,0,174.3,1,0.7,2,0,1,1
61,1,1,127.9,300.1,0,0,166.2,0,1.4,0,0,1,1
48,1,2,130.2,242.0,0,0,117.7,0,0.1,0,0,1,0
38,1,0,133.4,255.5,0,1,136.9,0,0.6,0,1,2,1
62,0,2,128.7,274.7,0,0,151.9,0,0.2,0,1,3,1
68,0,3,137.7,266.6,0,1,136.7,0,2.4,1,3,2,1
42,1,3,143.1,276.3,0,0,149.7,0,0.7,0,3,1,1
63,0,3,131.2,198.6,0,1,143.1,1,0.6,1,0,2,1
72,1,1,136.3,219.5,0,0,131.5,0,0.9,1,0,1,1
54,1,3,138.8,186.0,0,1,140.3,0,0.6,1,0,2,0
45,1,2,124.6,312.4,0,1,166.0,0,3.2,0,2,1,1
55,0,3,125.0,168.0,0,0,164.5,0,1.3,0,0,1,1
48,0,3,113.3,297.4,0,2,153.0,0,1.9,1,1,2,0
47,1,3,131.5,259.7,0,0,180.5,0,0.1,0,1,1,1
59,0,1,140.3,204.6,1,0,131.8,1,2.1,1,1,1,1
36,1,0,124.7,179.2,0,0,160.1,1,0.7,1,2,2,1
38,1,2,116.1,234.1,0,1,152.7,1,1.0,1,0,2,0
54,1,2,132.3,231.5,0,0,115.3,0,1.0,0,0,1,0
54,0,1,138.1,258.8,0,0,159.9,0,1.0,0,0,1,1
58,1,2,137.3,146.0,0,0,170.5,1,1.2,0,1,2,1
75,1,0,179.4,240.5,0,1,153.5,1,0.2,0,0,3,1
55,1,0,122.4,203.2,0,1,152.7,1,0.7,1,3,3,1
61,1,1,133.0,300.0,1,0,109.8,0,0.3,0,3,2,1
43,1,0,145.3,255.6,0,2,169.3,0,0.1,1,0,1,0
62,1,2,123.5,221.9,1,1,183.2,0,1.2,0,2,3,1
48,0,3,164.2,301.8,0,1,148.8,0,0.8,2,0,1,1
55,1,2,134.3,222.6,0,0,149.6,0,0.1,0,1,3,0
53,0,2,140.9,236.5,0,1,176.1,0,1.3,1,0,1,0
65,1,0,137.1,257.2,0,1,143.1,0,0.2,1,2,1,1
40,1,2,148.8,276.5,0,1,152.1,0,0.8,2,3,3,1
29,0,2,105.6,233.2,1,0,162.6,1,0.2,2,0,3,0
52,1,2,161.8,303.2,0,1,166.3,1,1.1,0,0,3,1
59,1,0,139.4,225.5,0,0,164.9,0,0.1,1,0,1,0
56,0,3,143.4,198.9,0,0,99.5,1,0.8,2,1,3,1
68,1,3,124.2,316.4,1,1,154.1,1,2.6,1,0,3,1
59,0,1,138.3,229.4,0,1,148.1,0,1.3,1,1,2,1
48,1,0,115.1,265.4,0,1,133.8,0,1.4,1,0,1,0
28,0,1,145.7,266.1,0,1,194.7,1,1.6,1,1,2,0
51,1,0,110.0,332.0,0,0,163.8,0,4.2,1,2,1,1
65,0,3,136.5,232.2,0,1,112.2,0,0.0,1,0,1,0
50,0,3,123.0,263.2,0,0,166.3,0,0.8,0,2,1,0
54,1,2,105.9,206.9,0,1,173.3,0,2.3,0,0,1,1
59,1,2,118.4,222.0,1,1,127.6,1,1.8,1,0,1,1
43,0,2,136.3,204.2,0,0,159.0,0,0.1,1,1,2,1
61,1,1,119.6,281.1,0,0,141.6,0,0.4,1,0,1,1
72,0,2,123.5,288.2,0,0,137.2,1,0.2,1,2,1,0
52,1,3,140.2,256.9,0,0,141.8,0,2.0,0,3,1,1
42,1,2,147.5,203.1,1,0,145.1,0,0.9,1,1,1,1
53,1,0,145.6,212.4,0,0,161.8,0,1.7,0,2,2,1
30,0,1,124.2,202.1,0,0,164.5,0,1.1,0,0,1,0
58,1,1,138.9,258.5,0,2,162.2,0,0.6,1,0,1,0
59,1,2,137.4,173.6,0,0,168.2,1,3.4,1,0,1,1
72,0,2,116.8,230.2,0,2,172.2,0,1.8,1,0,1,0
52,0,1,135.5,181.8,0,1,132.1,0,1.9,0,1,1,0
58,0,2,113.2,265.1,0,0,174.0,0,3.7,0,0,2,0
45,0,1,139.8,194.6,0,2,163.1,1,0.2,1,3,1,0
50,0,1,132.4,326.2,1,0,154.1,0,2.0,1,0,1,1
37,0,3,90.0,281.4,0,0,165.0,0,1.3,1,0,1,0
52,1,0,151.1,236.8,0,0,145.9,1,0.0,2,0,1,0
51,0,0,120.9,258.5,0,0,114.2,0,0.1,0,0,3,1
57,0,0,120.9,263.1,0,0,164.0,0,2.9,0,0,2,1
47,0,0,146.5,196.7,0,1,164.6,1,0.4,1,1,1,0
55,1,2,131.3,296.2,0,0,153.8,0,0.2,1,2,3,0
50,0,2,140.8,235.8,1,0,117.7,1,2.4,1,0,1,1
50,1,1,121.2,206.2,0,0,153.9,0,1.6,0,0,1,1
55,1,0,148.7,265.6,0,1,156.9,0,0.7,1,1,1,1
54,1,0,137.5,192.0,0,0,188.5,0,1.2,2,0,1,0
62,0,1,140.3,273.1,0,0,151.3,0,6.0,2,2,1,1
53,1,2,130.5,256.1,0,0,109.8,0,0.3,1,0,2,1
50,0,1,159.3,211.4,0,0,161.4,0,0.3,1,0,3,0
52,1,0,167.2,282.8,0,2,174.7,1,0.2,0,0,2,1
46,1,0,92.3,269.6,0,1,145.2,0,0.3,0,2,1,1
50,1,0,149.7,225.8,0,1,116.1,0,0.1,1,0,2,1
76,1,0,120.1,272.8,0,0,175.6,0,1.8,0,0,2,1
44,1,2,140.7,179.3,0,0,156.3,1,0.2,1,0,1,0
51,0,1,98.3,262.0,0,0,137.6,0,0.5,2,0,1,0
50,0,0,137.3,175.8,0,2,167.6,0,0.9,1,1,1,0
51,1,2,118.2,246.0,1,0,128.9,1,1.9,0,1,1,1
50,1,2,124.7,270.3,0,0,129.4,0,0.1,1,0,2,1
57,1,1,127.0,257.3,0,0,137.4,1,1.0,1,0,1,0
35,1,0,116.0,303.1,0,1,164.3,0,1.7,0,1,1,0
65,1,2,124.0,210.3,0,0,127.6,0,2.1,1,0,1,0
61,1,2,128.6,261.8,0,1,155.7,0,2.5,1,1,2,1
40,1,1,127.7,142.7,0,0,171.2,1,0.1,1,0,1,0
29,1,1,133.6,210.1,0,0,162.0,1,0.6,1,1,1,0
43,1,0,164.7,224.2,0,0,149.8,0,0.6,1,2,3,1
51,1,2,116.2,309.3,0,0,168.0,0,0.0,1,3,2,1
82,1,2,143.3,250.2,0,0,143.9,0,1.3,1,0,1,1
60,1,0,149.4,283.7,0,0,120.4,0,1.4,1,0,1,0
34,0,1,113.2,194.6,0,1,186.5,1,0.2,0,1,1,0
46,0,3,90.0,224.0,0,0,169.4,0,2.0,0,1,2,0
53,1,1,99.4,204.2,0,2,136.4,0,0.4,0,0,1,1
57,1,1,94.8,198.7,0,1,109.7,0,0.4,0,0,2,0
40,1,2,158.2,195.8,0,1,162.4,1,0.8,0,1,1,1
53,1,0,144.8,214.0,0,1,153.2,0,0.2,0,2,1,1
46,1,2,145.6,328.5,0,1,158.2,0,1.4,2,3,1,1
42,1,2,148.7,234.6,1,0,185.2,0,0.3,1,1,3,0
57,1,3,124.4,182.9,0,1,145.2,1,0.9,1,0,1,0
63,0,2,174.7,221.5,0,0,150.7,0,0.3,0,0,1,0
63,1,1,142.3,289.3,0,0,154.6,1,0.4,1,3,1,1
60,0,2,131.2,212.6,0,1,134.2,1,2.7,0,3,2,1
49,1,3,152.7,305.1,0,1,167.7,0,0.6,0,2,1,1
62,0,1,145.0,289.5,0,0,172.7,0,1.1,0,0,2,1
57,1,0,158.8,233.9,1,1,136.7,0,0.2,0,1,3,1
55,1,3,159.3,212.9,0,1,106.8,0,1.2,1,0,3,1
47,1,0,125.9,197.1,1,0,134.4,1,3.8,1,2,2,1
49,1,0,136.1,248.1,0,1,152.0,0,1.2,0,0,1,0
55,0,1,114.9,260.0,0,2,112.4,0,0.7,1,1,1,1
81,1,1,111.4,309.8,0,0,119.9,1,0.1,1,1,1,1
57,1,2,149.8,258.1,0,0,146.5,0,0.8,1,1,2,0
47,0,1,146.5,223.4,0,0,165.9,0,0.3,2,0,3,1
45,1,0,96.1,298.7,1,0,174.6,0,1.4,1,0,2,1
49,1,2,119.8,275.7,0,0,158.3,0,0.4,2,0,1,0
78,1,2,141.0,219.5,1,0,129.4,0,0.2,0,0,2,0
50,1,2,135.7,236.3,0,1,141.1,1,0.2,0,0,3,1
64,1,1,173.3,274.0,0,0,140.4,0,0.2,0,3,3,0
50,1,0,121.7,253.4,0,1,167.6,1,1.2,0,3,1,1
57,1,2,131.7,198.1,0,1,157.5,0,0.1,0,0,3,1
63,1,0,147.9,252.3,0,0,142.8,1,3.3,1,0,2,1
48,1,0,126.2,209.6,0,1,180.2,0,0.2,0,2,1,0
47,1,2,123.2,241.7,0,1,144.6,0,0.4,0,1,1,0
72,1,1,127.9,190.5,0,0,160.8,0,0.2,1,0,3,0
65,1,2,140.9,206.1,0,0,131.3,0,2.1,0,0,3,1
63,1,2,133.1,336.9,0,0,117.8,1,0.0,1,0,1,0
63,1,1,148.5,225.8,0,0,143.9,0,1.3,0,0,1,1
59,0,0,138.7,292.1,0,0,104.9,0,0.1,1,1,2,1
76,0,1,90.0,243.6,1,1,127.9,0,6.0,0,0,2,1
54,1,0,102.5,188.5,0,1,165.3,0,0.5,1,0,1,1
60,0,3,123.5,196.0,0,2,161.4,1,0.4,1,0,2,0
38,1,2,147.6,200.9,0,0,186.7,0,0.5,2,0,2,0
45,0,1,117.0,332.7,1,2,137.5,0,0.5,0,0,2,0
41,0,0,134.5,226.7,1,1,131.9,0,0.2,0,0,3,1
68,1,0,148.3,254.3,0,1,153.6,1,2.1,0,0,1,1
26,0,2,133.7,261.6,0,2,148.0,0,1.0,1,0,2,0
50,1,3,123.1,262.2,0,0,154.8,0,0.4,1,1,2,1
22,1,0,105.3,268.3,0,1,144.2,0,0.5,1,0,1,0
45,1,3,108.1,215.1,0,1,143.0,1,0.1,1,0,1,1
49,1,1,186.2,187.6,1,0,139.7,1,0.5,0,0,1,1
69,0,0,142.9,205.1,0,1,138.3,0,1.5,0,0,1,0
58,0,0,165.1,175.4,0,0,142.7,0,0.5,0,0,1,1
45,0,2,113.8,215.4,0,0,157.9,0,0.6,0,0,3,0
66,0,1,156.5,120.0,0,1,145.3,0,0.2,0,2,3,0
54,1,3,125.4,273.3,1,0,158.0,0,0.2,0,0,1,0
54,1,0,133.5,266.6,0,0,140.1,1,1.2,2,2,2,1
41,1,2,125.6,193.9,0,1,166.1,0,1.1,0,1,1,1
43,0,0,112.4,177.0,0,0,176.9,0,1.0,2,0,3,0
45,1,0,116.2,305.5,0,0,127.4,0,1.5,0,0,1,1
55,0,0,130.5,284.3,0,0,125.1,0,0.6,0,1,3,0
55,0,2,120.7,230.4,0,0,162.5,0,0.1,1,2,3,1
71,1,2,140.5,217.6,0,0,154.8,0,0.8,0,2,1,0
58,1,0,119.9,244.5,0,0,138.0,1,0.3,1,1,1,1
24,1,1,139.2,167.5,1,0,178.9,0,1.2,1,0,1,0
57,1,2,126.5,255.3,0,0,137.4,0,1.1,1,1,3,1
38,1,1,159.5,182.9,1,0,156.7,1,0.3,1,1,2,0
43,1,3,130.3,132.4,1,0,153.7,0,2.0,2,0,3,0
45,0,3,126.9,202.4,0,1,155.6,0,2.2,0,0,1,0
47,0,2,158.1,194.3,0,0,182.4,0,1.2,0,0,3,0
39,1,2,121.3,315.7,1,0,205.0,0,0.5,1,1,2,0
56,0,2,124.2,315.8,0,1,116.3,0,0.9,2,1,2,1
38,1,1,117.4,186.7,0,1,144.7,0,0.4,1,1,2,0
58,0,1,135.7,238.4,1,0,129.9,0,0.4,2,0,3,1
79,0,0,124.0,221.3,0,1,162.9,1,0.7,0,3,1,1
39,1,3,144.2,317.0,0,0,182.8,0,0.4,1,0,3,0
51,0,2,129.4,160.3,0,1,169.0,0,1.3,2,0,3,0
26,1,0,142.1,252.1,0,1,155.7,0,0.2,1,2,2,1
51,0,2,143.3,296.6,0,1,154.1,1,0.1,1,0,1,0
61,1,1,126.5,219.8,0,0,108.5,0,0.8,0,0,1,1
62,1,2,122.7,245.2,0,0,158.9,0,0.6,0,0,1,0
55,1,1,128.3,288.1,0,1,155.6,0,0.4,2,0,2,1
64,1,2,136.7,196.2,0,0,131.4,1,2.2,0,1,1,1
82,0,0,144.0,279.2,0,1,148.0,0,0.7,1,3,1,1
73,1,2,146.8,179.9,0,0,131.8,0,1.8,0,0,1,1
48,1,1,131.9,169.1,0,1,110.5,0,1.4,0,0,1,0
38,1,0,117.7,273.2,1,2,185.3,0,0.7,2,0,3,1
50,0,2,119.4,197.5,0,0,188.1,0,1.8,1,0,2,0
44,0,2,137.8,245.8,0,1,123.5,1,0.9,1,1,2,1
59,0,3,120.5,191.3,0,0,150.5,0,0.2,0,0,3,0
41,0,2,137.8,249.2,0,1,188.2,0,0.5,0,1,2,0
53,0,2,141.4,168.0,0,1,119.1,0,2.2,1,0,1,0
63,0,3,160.9,301.6,1,0,95.5,1,0.4,1,1,2,1
53,1,3,125.1,276.8,0,0,143.0,0,0.1,2,2,1,1
44,1,2,125.6,211.4,1,1,155.6,0,2.5,1,0,1,0
67,0,2,92.6,164.0,0,0,168.1,1,0.7,0,0,2,0
33,1,3,111.8,225.0,0,1,205.0,1,1.5,1,2,2,1
50,1,2,115.8,224.2,0,1,164.8,0,0.6,0,1,2,0
54,1,2,143.1,217.4,1,0,109.2,0,1.0,1,0,3,1
54,1,0,166.5,287.6,0,0,157.6,1,0.9,0,0,1,1
56,1,2,145.0,295.5,0,0,143.3,0,0.1,0,1,2,1
61,1,1,153.6,262.7,0,0,164.5,1,0.2,2,0,3,1
54,1,0,121.2,307.0,0,2,106.0,1,1.8,0,0,2,1
50,1,3,111.4,120.0,0,1,170.4,0,0.1,2,2,1,0
50,1,2,128.6,226.6,0,0,184.8,0,0.4,1,1,1,0
47,1,1,121.0,223.5,0,2,156.7,0,0.9,0,0,3,0
63,0,1,117.8,281.6,0,0,167.9,0,2.5,0,2,1,0
47,1,0,136.2,224.9,0,2,169.1,1,0.5,0,0,1,0
63,1,0,114.9,269.0,0,0,94.7,0,0.7,0,2,2,1
54,1,1,148.9,220.2,0,0,151.2,1,3.4,1,1,1,1
48,0,0,122.3,209.6,0,1,158.6,0,1.4,1,0,1,0
61,1,1,134.9,279.1,0,0,120.0,0,0.4,1,2,2,0
46,0,3,130.8,238.5,0,1,159.3,1,1.4,1,1,2,0
61,1,0,127.3,257.4,0,1,107.2,0,0.4,0,0,1,1
56,0,0,154.3,187.5,0,1,146.9,1,1.1,1,0,3,1
47,1,3,103.3,268.8,0,1,161.6,1,0.2,1,0,1,1
60,0,2,155.6,196.1,0,0,197.7,0,0.1,0,0,2,0
60,0,0,126.3,318.9,0,1,124.1,0,0.5,0,1,1,0
67,0,0,150.8,234.7,0,0,156.1,1,0.2,1,0,1,1
65,0,2,137.4,227.0,0,2,114.2,0,1.7,0,1,2,0
59,1,1,150.6,282.4,0,2,169.9,0,0.9,2,2,3,1
42,0,2,125.9,234.9,0,0,153.7,0,0.1,1,1,1,0
81,1,1,145.0,282.4,0,1,144.0,1,0.5,0,0,2,0
39,0,3,147.0,223.0,0,0,136.7,1,0.6,1,0,2,1
64,1,2,138.2,276.3,0,1,153.4,0,1.8,1,0,2,1
59,0,0,156.2,239.8,0,0,131.6,1,2.2,1,0,2,1
41,1,1,137.1,275.0,0,1,152.6,1,0.5,1,0,2,1
53,1,2,120.6,291.7,0,1,123.8,0,1.6,0,0,1,0
53,1,0,127.4,171.3,0,2,140.4,0,1.4,1,2,1,1
68,1,0,153.5,262.0,1,1,145.2,0,0.1,2,1,3,1
46,1,0,109.7,319.1,0,0,152.0,0,0.1,0,0,1,0
51,0,2,144.5,267.5,0,0,176.6,1,0.3,0,0,3,0
28,1,2,120.9,339.6,0,1,150.5,1,1.2,0,0,2,1
73,1,0,115.5,207.2,1,1,171.3,0,0.1,0,0,1,0
42,1,2,134.7,248.5,0,1,147.3,1,1.0,0,2,1,1
58,0,2,119.4,264.3,0,0,181.1,1,0.0,1,1,2,0
53,1,3,123.5,217.9,0,1,155.5,0,1.1,0,0,2,0
53,1,3,122.5,186.7,0,1,193.6,1,3.1,1,0,1,1
63,1,3,138.3,340.0,0,1,145.7,0,2.1,0,0,1,1
72,1,3,131.5,297.1,0,0,102.4,0,1.5,0,1,1,0
57,1,1,141.8,267.0,0,1,140.6,0,0.3,1,1,3,1
61,1,1,154.0,246.0,0,2,143.2,1,0.1,2,0,1,0
58,1,1,144.8,249.0,1,0,181.1,1,2.2,2,1,3,1
65,1,2,169.2,272.9,0,0,102.3,0,0.1,1,0,1,0
49,1,0,169.7,303.1,0,1,130.7,0,0.0,1,0,3,1
66,1,2,131.8,214.5,1,0,145.2,0,0.9,0,0,1,0
66,0,0,113.3,250.2,0,0,147.3,0,0.8,0,1,1,1
66,1,0,131.8,229.3,1,1,167.9,0,0.2,0,2,1,1
47,1,0,134.4,192.4,0,0,108.6,0,0.7,1,0,3,1
52,0,3,170.6,213.7,0,0,133.1,0,0.3,1,0,2,0
57,1,0,128.0,252.0,0,1,164.4,0,1.5,2,1,1,1
39,0,3,132.3,223.0,0,0,155.2,0,1.8,1,0,1,0
72,0,0,123.2,248.9,0,0,152.4,1,0.4,1,1,3,1
54,1,2,127.8,273.3,0,0,144.7,1,3.1,0,2,1,1
57,1,1,112.9,293.3,0,0,168.6,1,0.5,0,0,1,1
48,0,1,103.2,356.1,0,0,136.6,0,2.7,0,0,2,1
39,0,3,151.7,270.1,0,1,151.1,0,0.8,0,3,1,0
47,1,0,151.4,211.8,1,1,150.6,0,0.2,1,0,1,0
56,0,0,124.8,290.6,0,0,130.5,0,0.6,1,0,1,1
61,0,2,151.9,229.9,0,0,145.9,0,0.4,1,0,2,1
56,1,2,111.0,211.3,0,2,136.8,0,1.6,2,0,2,1
58,0,3,128.9,270.2,0,1,152.1,0,1.6,1,0,1,0
50,1,2,136.1,302.2,1,0,155.8,0,1.8,0,1,1,0
59,0,2,155.0,216.5,0,0,128.2,1,0.1,1,0,2,0
70,1,1,141.6,260.9,0,0,150.1,0,0.1,2,2,2,0
62,1,2,145.8,264.3,1,2,148.2,1,2.4,1,1,1,1
63,1,2,127.8,202.8,0,2,129.2,1,0.3,1,1,2,1
57,1,0,139.5,179.5,0,0,165.1,0,0.5,0,0,3,0
37,1,2,152.5,173.7,0,0,160.3,0,0.7,1,0,2,0
43,1,0,102.2,293.8,0,0,177.8,0,3.0,1,0,1,0
59,1,1,155.7,222.7,0,0,175.8,0,1.1,1,1,1,0
54,0,1,127.2,213.7,0,2,123.5,0,0.4,0,0,3,0
59,1,1,109.9,257.2,0,0,181.7,0,1.0,0,2,2,1
72,1,2,133.7,304.9,0,0,148.9,1,3.4,0,0,1,1
62,1,0,159.2,193.0,0,0,149.6,0,0.0,1,1,2,1
68,1,0,128.8,163.2,0,1,124.1,1,0.2,0,2,1,1
55,1,0,139.6,306.7,1,0,154.5,0,1.0,0,0,1,1
45,0,0,99.7,260.9,0,0,104.1,0,0.0,1,0,2,0
53,1,0,100.9,193.9,0,2,123.9,0,2.0,0,1,3,1
45,1,2,112.4,219.0,0,0,112.0,1,0.5,2,2,2,1
71,0,1,153.5,203.2,0,0,134.3,1,1.5,1,2,2,1
63,1,1,135.3,272.7,0,0,172.1,0,1.3,0,3,1,1
60,1,2,155.3,288.5,1,1,149.7,0,1.0,1,0,1,1
68,1,2,158.3,275.7,0,1,152.2,1,0.9,2,1,2,1
32,1,0,114.9,241.0,1,0,155.7,0,5.1,1,3,1,1
60,1,3,163.7,260.1,0,0,144.3,0,0.1,1,1,3,1
40,1,3,120.7,203.9,1,0,116.6,0,0.5,0,0,1,0
54,0,0,149.0,221.9,0,1,170.8,0,1.8,0,1,1,1
51,1,2,150.5,240.6,0,0,160.6,0,0.6,1,0,1,0
61,0,0,133.9,231.7,0,0,160.6,1,1.4,1,0,2,0
57,1,0,135.9,242.5,1,1,153.4,0,1.4,2,1,2,1
69,1,1,143.5,175.5,0,0,128.5,1,0.1,1,1,1,0
47,1,3,134.3,277.7,0,1,163.1,0,2.6,0,0,1,1
62,1,2,129.0,197.0,1,0,136.3,1,0.7,2,0,1,1
56,1,1,125.9,149.3,0,1,144.6,0,1.4,1,0,3,1
36,0,1,119.6,203.6,0,2,183.4,1,3.0,0,0,1,1
44,1,1,153.4,228.4,1,0,175.8,1,0.9,1,0,1,1
52,1,1,104.9,329.5,0,0,138.3,0,1.0,0,0,3,0
66,0,3,125.1,224.1,0,1,148.7,1,0.4,1,2,1,1
59,1,2,129.4,252.4,0,0,168.3,0,1.1,1,1,2,1
41,0,1,123.6,251.0,0,0,123.0,0,0.1,0,0,1,0
52,1,1,138.8,174.0,0,0,151.3,0,0.3,1,0,2,1
76,1,3,115.2,244.5,0,0,137.0,0,1.7,0,0,2,0
55,1,2,152.7,230.1,1,0,109.9,0,0.7,0,1,1,1
50,0,0,146.0,243.7,0,0,128.9,0,0.1,0,0,3,1
59,0,1,144.4,261.8,0,0,117.7,0,1.6,0,1,1,1
62,1,1,132.3,281.6,0,0,140.0,0,1.5,0,1,1,1
49,1,3,119.5,202.0,0,0,155.3,0,0.1,0,0,1,0
60,1,1,129.6,264.8,0,0,112.8,1,0.8,0,0,2,1
50,1,0,134.1,207.9,0,1,134.2,0,1.2,0,1,2,1
62,1,1,148.0,204.2,0,1,138.6,1,0.3,0,1,2,1
56,1,1,133.0,319.2,0,0,186.8,0,2.4,0,0,1,1
59,1,2,141.7,163.4,0,0,132.2,0,0.8,1,2,1,0
46,1,0,124.2,215.9,1,0,151.1,0,3.8,1,0,1,1
45,1,0,136.9,248.0,0,0,160.0,1,2.7,1,0,1,1
64,0,0,129.0,218.5,0,1,179.8,0,2.7,0,0,1,1
53,1,1,138.6,247.7,0,2,151.6,1,0.2,1,0,2,0
57,1,1,102.9,183.4,0,1,185.0,0,0.5,0,3,1,0
51,1,3,142.0,159.2,0,1,116.1,0,0.0,1,0,2,0
64,0,1,143.2,206.4,0,0,157.5,0,1.8,1,1,1,1
47,1,0,141.8,245.6,1,1,134.0,1,0.8,0,0,1,1
53,0,2,113.0,233.5,1,0,142.7,0,0.3,1,0,2,0
63,1,3,123.5,272.5,1,1,132.4,0,1.4,1,2,1,0
67,1,1,121.6,183.3,0,1,116.2,1,2.6,1,0,1,1
48,0,1,135.4,214.0,1,0,175.4,0,0.9,0,1,2,1
76,1,2,151.3,245.9,0,0,112.6,0,0.8,2,2,2,1
57,1,0,122.2,199.8,0,1,131.4,1,0.7,1,0,1,1
43,1,3,154.9,243.6,0,0,149.0,0,4.5,0,0,1,1
58,1,3,158.4,230.4,0,0,130.4,0,1.3,1,0,2,1
50,1,2,135.5,261.4,0,1,156.4,0,1.3,0,2,3,1
59,1,1,141.9,255.9,0,0,103.0,0,0.2,1,0,3,0
54,1,0,103.8,159.8,0,0,127.7,0,1.2,2,2,3,1
55,0,3,121.7,306.5,0,0,130.3,0,1.7,1,0,1,0
44,0,2,106.0,142.3,0,1,134.5,0,0.1,0,0,3,0
65,1,1,120.4,177.0,0,2,171.2,0,1.6,1,0,1,0
41,1,0,140.0,233.6,0,0,145.8,1,3.6,1,2,2,1
42,1,2,144.6,250.2,0,0,144.1,0,0.9,1,0,1,1
58,0,3,146.4,230.4,0,2,149.1,1,1.8,1,0,1,1
72,1,2,142.9,223.9,1,1,159.2,0,0.9,2,0,1,0
50,1,0,142.4,236.4,0,0,135.7,0,0.0,1,0,1,1
62,1,1,107.4,267.4,0,1,148.4,0,0.8,1,0,1,0
66,1,0,113.8,195.2,0,0,112.2,0,2.9,0,0,2,1
63,1,3,132.5,195.5,0,1,149.2,0,1.0,1,2,2,1
51,1,1,144.0,202.3,0,0,148.5,0,1.0,1,0,2,0
42,1,2,122.9,295.3,0,0,131.6,1,1.5,0,1,1,0
30,0,0,100.5,249.4,0,1,124.1,1,0.7,1,0,1,1
51,1,0,120.8,265.5,0,0,175.7,0,2.0,2,2,2,1
67,1,2,120.4,316.0,0,0,159.9,0,0.4,1,0,1,0
42,0,3,97.0,271.8,0,1,166.4,0,0.7,1,0,1,0
62,1,0,176.0,251.1,0,1,171.3,1,2.6,0,0,1,1
44,0,1,150.7,306.5,0,2,165.4,1,1.9,1,3,3,1
55,1,2,98.7,199.0,0,0,126.4,0,0.2,1,0,2,0
62,1,2,101.4,232.5,1,0,147.2,0,1.0,1,2,2,0
47,1,2,117.7,289.8,1,0,185.3,0,2.0,0,1,1,0
56,0,0,104.7,145.6,0,0,134.5,0,4.8,1,3,2,1
49,1,2,175.6,204.6,1,0,144.0,1,5.8,0,1,1,1
62,0,3,118.6,278.9,0,0,151.2,0,0.5,0,0,1,0
57,1,3,141.3,247.1,0,0,179.1,0,1.5,0,0,1,0
55,0,2,122.1,264.4,0,0,161.8,0,4.1,1,1,1,1
71,1,3,117.2,163.0,0,1,118.6,1,1.4,0,0,1,0
61,0,0,151.6,206.8,1,0,145.8,0,0.5,0,0,3,0
46,0,1,140.8,267.2,0,0,154.7,0,0.9,1,0,1,1
53,0,2,129.7,201.4,0,0,162.5,0,1.8,1,0,1,1
53,1,0,176.6,277.3,0,1,117.9,1,1.9,2,1,2,1
55,1,3,138.5,254.4,1,0,117.4,0,1.2,1,0,2,1
82,0,1,129.8,199.6,0,1,128.4,1,0.4,0,2,2,1
58,1,1,169.5,258.0,0,1,144.8,0,1.8,1,2,3,1
32,1,0,135.8,266.7,0,0,142.1,1,0.2,1,0,1,0
48,0,1,158.8,255.2,0,1,152.8,0,1.3,0,0,3,0
33,1,2,128.0,257.7,0,0,160.7,0,5.1,1,0,1,0
50,1,1,90.0,163.9,0,0,190.4,0,4.0,2,0,3,1
32,0,0,97.4,332.9,0,1,152.1,0,0.3,0,1,1,0
44,1,2,151.0,362.0,0,1,128.0,0,2.0,1,0,1,0
37,1,0,119.1,298.3,0,0,189.8,1,0.1,1,1,3,0
58,1,3,139.6,247.9,1,1,133.1,0,0.8,0,0,1,1
54,0,1,151.4,223.6,0,0,156.8,0,0.1,1,1,2,1
57,1,1,138.0,225.6,0,0,170.6,1,1.4,1,2,1,1
53,1,1,118.3,275.5,0,0,185.4,0,0.4,1,0,1,0
39,1,2,130.1,283.2,0,1,160.0,1,0.0,1,0,2,1
60,0,2,134.4,214.9,0,1,118.3,0,0.6,1,0,1,0
75,0,3,128.9,247.8,0,1,144.0,0,0.8,1,0,1,1
59,1,1,110.3,298.5,0,1,142.0,0,2.4,1,0,1,1
49,1,2,126.4,235.1,0,0,127.3,0,1.9,0,0,1,0
38,1,1,128.3,240.7,0,1,178.2,0,1.4,0,0,2,1
44,1,3,105.5,298.5,0,2,172.5,1,0.0,0,3,2,1
59,0,2,115.7,296.6,0,1,174.7,0,0.7,0,0,3,1
66,1,1,124.1,281.0,0,0,145.2,0,1.5,1,0,1,0
57,0,1,98.3,195.4,0,0,109.4,1,2.3,1,0,1,1
63,1,1,138.6,198.1,0,2,183.4,0,0.9,1,1,3,1
62,1,2,140.3,211.8,0,0,111.9,1,1.3,1,0,1,0
60,1,3,125.7,220.5,0,1,124.4,0,0.4,2,1,1,0
47,1,3,107.6,248.5,0,0,140.3,0,0.4,2,1,1,0
56,1,2,141.8,238.0,0,0,159.6,0,0.7,0,0,2,0
45,1,2,141.6,231.1,0,0,146.4,0,0.9,1,0,2,1
54,0,1,132.8,230.1,0,0,161.4,0,3.6,0,1,2,0
58,1,2,135.7,204.2,1,0,120.4,1,0.1,0,1,2,1
72,0,1,146.2,227.4,1,1,131.6,0,2.1,0,0,1,0
40,1,2,128.8,343.6,0,1,175.9,0,0.7,0,0,2,0
59,1,0,118.7,273.9,0,1,169.2,0,0.0,1,0,2,0
70,1,0,136.7,247.9,0,1,155.6,0,0.9,2,0,1,1
62,1,2,128.9,178.2,0,0,153.0,1,1.1,2,2,2,1
63,1,3,135.0,201.0,0,0,127.8,1,0.4,0,0,1,1
60,1,2,151.4,241.6,0,1,126.3,1,0.5,1,1,2,1
68,0,2,112.9,306.1,0,1,156.1,1,1.4,2,0,3,1
42,1,3,134.2,247.3,0,1,156.7,0,0.6,1,0,1,1
39,1,1,107.7,245.6,0,0,137.1,1,0.1,1,3,2,1
54,0,0,114.5,290.2,0,0,167.1,0,0.0,2,2,2,1
30,1,3,156.3,190.3,1,0,149.1,0,0.1,1,1,1,0
68,1,3,145.7,308.2,0,1,170.0,0,0.2,2,0,1,1
67,1,1,140.1,229.1,0,1,129.1,0,1.7,1,1,1,1
49,1,0,102.9,290.6,0,1,136.2,1,2.4,1,0,1,1
50,0,3,125.8,313.5,0,0,137.0,1,0.4,0,0,1,1
53,1,2,96.4,201.1,0,1,141.4,1,1.4,1,0,1,1
55,0,0,131.9,241.8,0,1,160.5,0,4.8,1,1,1,1
55,1,0,111.8,276.5,0,0,144.0,0,1.9,0,0,3,0
60,1,3,145.5,230.9,0,0,179.7,0,1.0,0,0,3,1
52,0,0,133.4,229.3,1,0,146.9,0,0.1,0,2,3,0
64,1,1,114.6,227.4,0,1,118.9,0,1.9,1,0,1,1
59,0,2,139.1,161.3,0,0,149.4,0,0.1,1,0,2,1
47,0,0,166.9,285.5,0,0,196.4,0,0.3,0,0,1,0
69,1,0,134.1,202.2,0,0,138.3,0,0.7,0,2,3,1
39,1,1,146.1,135.4,0,0,118.5,0,0.1,0,0,1,0
53,0,1,92.9,287.1,0,0,129.2,1,0.6,0,2,1,1
65,0,2,142.2,266.6,0,0,148.2,0,0.4,0,0,2,0
46,0,2,118.8,180.6,0,1,110.9,0,0.3,1,0,1,0
57,0,1,126.9,290.2,0,2,181.4,0,0.6,0,0,2,1
60,1,1,146.2,272.8,0,0,135.0,1,0.2,0,1,1,0
45,1,0,127.4,238.3,0,1,89.2,0,0.1,1,3,1,1
53,0,0,101.6,225.6,0,0,202.3,0,1.5,1,0,2,1
52,1,2,161.0,235.3,0,1,181.2,1,0.5,0,0,2,0
48,0,0,103.4,248.4,0,0,138.2,0,0.2,1,3,1,0
79,1,1,125.1,215.4,0,0,112.9,0,2.1,2,2,1,1
46,0,3,131.3,287.8,0,1,150.3,0,2.3,0,1,1,1
65,1,1,139.2,269.7,0,0,177.2,0,0.2,1,0,1,0
50,1,1,140.7,234.1,0,0,150.3,0,0.0,1,1,1,1
42,1,3,133.4,313.9,0,1,123.6,0,2.4,0,0,1,1
55,1,3,154.9,228.5,0,1,175.5,0,1.0,1,0,1,0
61,0,3,141.6,312.0,0,1,154.4,0,2.2,1,2,2,1
64,1,2,115.2,257.8,0,1,111.0,0,0.1,0,0,1,0
71,0,3,90.0,280.7,1,1,122.2,1,0.1,2,1,1,0
85,0,2,141.5,236.1,0,2,125.2,1,2.1,1,0,1,0
57,0,1,158.1,160.2,0,0,142.4,1,1.4,0,2,1,1
47,0,2,106.7,260.0,0,0,172.1,0,0.6,0,2,1,0
59,0,0,113.4,190.9,0,0,168.8,0,1.5,1,1,2,1
51,1,2,139.6,213.4,1,1,157.7,1,1.1,2,1,1,1
64,0,1,142.2,248.2,0,0,165.5,1,1.4,1,1,2,0
40,1,1,150.7,208.3,0,0,166.3,0,0.0,0,0,1,0
80,0,0,167.0,249.1,1,0,109.7,1,0.5,0,2,2,1
63,1,1,140.5,253.3,0,2,143.2,0,2.5,1,2,1,1
35,0,1,109.6,169.9,1,2,147.6,0,1.1,1,2,1,1
46,1,2,115.9,250.7,0,0,177.8,1,0.0,0,0,1,0
63,1,1,126.5,217.2,0,2,127.1,1,5.6,2,1,3,1
67,0,2,152.8,199.0,0,1,147.4,0,5.0,0,1,2,1
40,0,2,118.5,148.4,0,1,142.0,1,0.6,1,0,3,1
62,0,2,150.3,175.8,0,0,107.1,1,2.2,0,0,2,1
33,0,1,98.3,235.1,0,0,162.1,0,0.5,1,0,1,1
53,0,2,135.9,242.9,0,0,154.8,0,0.3,0,0,3,0
66,1,2,123.5,268.4,1,0,163.0,0,3.7,2,0,3,1
48,1,3,141.9,314.8,0,1,166.9,0,1.5,1,1,3,0
37,1,0,125.1,295.1,1,0,131.0,0,0.7,0,0,1,1
56,0,1,145.9,285.9,0,1,145.8,1,0.6,2,0,1,1
47,1,0,124.4,291.2,0,1,128.3,1,0.1,2,1,1,1
61,0,0,132.3,251.8,0,0,125.5,0,1.8,1,1,1,1
44,1,1,146.0,245.1,0,0,160.1,0,0.3,1,3,1,1
46,0,3,127.2,306.2,0,0,163.7,0,0.1,0,0,3,0
32,0,2,126.5,243.2,0,0,126.1,0,1.2,0,2,1,0
56,1,1,148.2,252.6,0,1,153.5,0,0.8,0,0,2,0
52,1,2,132.1,292.0,0,1,155.4,0,1.1,1,0,1,1
41,1,0,102.2,224.7,0,2,130.6,1,0.1,2,0,3,1
56,1,1,124.2,236.2,0,1,143.4,0,0.1,0,1,2,0
65,1,2,102.1,185.4,0,1,117.5,0,0.2,1,1,3,1
52,1,2,129.0,220.3,0,0,108.5,0,0.8,0,0,1,0
57,1,2,143.2,227.9,1,0,168.6,0,0.3,1,0,2,0
57,0,0,134.0,230.4,0,0,165.7,1,0.9,0,0,2,0
41,0,1,152.9,272.5,0,1,151.5,0,0.7,1,2,2,1
77,1,3,162.8,205.1,0,1,143.6,1,0.5,1,0,1,1
49,0,3,134.4,305.2,0,1,125.9,0,0.0,0,2,1,1
61,1,1,92.7,153.2,0,2,162.3,1,1.7,1,1,1,1
62,0,2,145.1,270.5,0,2,146.6,0,0.1,0,2,3,1
52,1,1,119.6,276.6,0,1,121.4,0,1.1,0,0,2,1
61,1,1,151.6,274.3,0,1,150.3,0,0.4,1,0,1,1
57,0,2,137.4,290.7,0,0,154.1,1,1.3,1,0,1,0
38,1,2,141.8,226.5,0,0,146.1,0,0.3,2,1,2,0
50,1,3,142.0,295.1,1,1,116.6,0,0.4,0,0,1,0
47,1,2,175.3,208.6,1,1,141.1,1,3.9,1,2,1,1
49,0,2,139.1,212.9,1,2,175.5,1,0.5,2,1,1,1
40,1,0,107.5,327.5,0,0,171.2,0,0.9,0,0,2,0
66,0,2,153.3,253.4,1,1,147.4,0,3.0,1,0,1,1
72,1,3,130.8,289.6,0,0,121.6,0,1.2,1,2,1,1
65,1,1,161.0,267.1,0,0,128.3,1,0.5,1,3,2,1
68,1,0,165.3,278.1,0,0,119.2,0,0.5,1,2,1,1
50,0,3,141.2,151.8,1,0,153.8,0,0.6,1,0,1,1
47,1,1,109.3,255.5,0,1,156.6,0,0.5,1,0,1,0
45,1,1,123.5,238.9,0,0,178.0,1,0.4,1,0,1,0
61,0,0,156.9,286.7,1,2,110.6,0,0.8,0,2,3,1
56,1,0,170.5,207.1,0,1,141.5,1,1.6,1,0,1,1
53,1,0,134.9,293.6,0,0,133.5,1,0.9,0,0,2,1
68,1,2,132.6,193.2,1,1,140.3,0,0.3,0,0,1,1
58,1,2,113.8,222.9,1,2,159.9,0,1.2,0,0,1,0
45,0,2,107.7,168.8,0,1,138.0,1,0.7,0,0,1,1
47,0,2,133.4,191.4,0,0,167.6,0,1.0,0,3,1,0
62,0,1,145.6,244.5,0,0,155.5,1,1.2,0,2,1,1
65,0,2,107.0,305.5,1,0,134.1,0,0.6,0,1,1,1
60,1,3,150.4,245.0,0,1,164.8,0,0.5,0,0,2,0
75,0,1,161.0,192.3,0,0,145.7,0,2.0,1,3,2,1
72,0,0,146.9,154.8,0,1,121.8,0,2.0,2,0,1,1
59,1,1,165.0,272.8,0,0,128.0,0,1.2,2,2,1,0
45,1,0,138.1,209.3,0,1,171.9,0,0.4,1,0,2,1
40,1,3,137.1,213.5,0,0,144.0,0,1.3,1,0,1,0
50,1,0,139.2,287.4,0,1,164.6,0,0.6,2,0,1,0
62,1,2,160.5,238.3,0,0,118.5,1,1.2,0,0,1,1
74,0,0,145.7,235.3,0,0,157.5,1,0.2,0,0,3,1
59,1,2,125.7,250.3,0,1,109.7,1,0.0,0,0,1,1
67,1,0,144.9,311.2,0,0,104.8,0,0.1,0,0,1,1
51,1,2,141.1,251.5,0,0,139.0,1,0.9,1,0,3,1
61,1,3,131.9,148.8,0,1,171.2,0,0.6,0,2,2,1
63,1,1,154.7,208.6,1,1,165.5,0,0.4,1,0,2,1
32,1,1,130.1,221.2,0,0,175.9,1,2.2,1,2,1,0
49,0,1,142.4,277.6,1,2,162.6,0,0.2,1,0,2,1
64,1,2,145.7,190.2,0,0,125.9,1,2.0,1,0,1,1
57,1,0,121.7,249.0,0,1,113.4,0,0.7,2,2,1,1
41,1,2,113.1,233.2,0,0,184.6,0,3.7,2,1,1,1
27,1,0,114.4,276.7,0,0,188.9,0,0.4,2,0,3,1
50,0,0,128.5,196.1,0,0,128.6,0,1.7,2,2,1,1
53,0,2,159.4,248.4,1,1,152.7,0,0.7,1,0,1,0
44,0,0,127.6,305.4,0,0,149.3,1,0.3,0,0,1,1
56,0,2,138.2,281.7,0,0,123.9,0,2.0,1,0,2,0
60,1,0,151.2,269.9,0,0,113.0,1,0.8,1,1,1,1
61,0,2,126.3,230.2,0,2,149.5,0,1.6,0,0,3,0
28,1,1,120.0,239.0,0,1,159.6,1,1.0,2,0,2,1
40,1,2,149.4,231.5,0,0,146.0,0,0.1,0,0,2,0
51,1,0,143.5,278.0,0,2,147.1,1,0.9,1,0,2,1
60,0,0,122.3,266.7,0,2,142.4,0,0.0,1,0,1,0
59,1,2,127.8,215.5,0,1,151.6,0,1.4,1,0,1,0
59,0,1,133.8,319.9,0,0,171.4,0,0.3,1,0,1,1
50,1,1,138.9,293.0,0,1,170.6,0,0.6,1,1,2,0
50,1,1,155.4,201.9,0,1,167.5,0,0.1,0,2,1,1
46,1,0,141.6,223.5,0,0,142.2,1,0.1,0,0,1,0
62,0,2,115.3,237.2,0,1,127.3,0,1.2,0,0,3,0
44,1,3,117.3,273.8,1,1,138.7,1,0.1,2,1,2,0
63,0,1,138.8,208.9,0,1,161.6,0,0.7,0,2,2,1
56,0,3,134.1,212.7,0,2,163.3,0,1.0,2,1,1,0
54,1,3,118.8,280.0,0,1,110.0,0,0.5,1,2,2,1
47,1,0,151.2,263.5,1,1,173.8,1,0.7,0,0,2,1
39,0,0,90.0,150.4,0,1,162.3,1,2.4,2,0,1,1
47,1,1,138.3,267.9,0,0,152.3,0,1.3,2,2,3,1
50,0,2,102.2,175.1,1,0,174.3,1,1.4,1,1,3,1
28,0,1,140.4,204.4,0,0,169.3,1,1.9,0,0,1,0
52,1,1,128.7,224.6,0,1,129.3,0,0.5,0,0,1,1
64,0,1,147.0,224.3,0,1,124.9,0,0.2,2,0,1,1
60,0,2,125.5,214.9,0,0,148.9,0,0.1,1,2,1,0
49,0,0,153.6,194.0,0,0,154.6,0,1.4,0,0,2,0
55,0,2,97.7,264.3,0,1,160.6,1,0.3,1,3,2,1
48,0,3,145.3,168.3,0,0,202.0,0,0.6,1,2,1,0
56,1,2,123.6,218.7,0,0,174.0,1,0.3,1,0,3,0
71,1,0,145.0,282.2,0,0,117.7,0,0.9,1,0,1,0
65,1,0,144.3,262.7,0,1,142.4,0,0.2,2,0,2,1
60,1,1,110.4,182.6,0,2,137.6,0,1.0,1,0,2,1
49,1,3,150.7,154.7,0,0,156.4,0,1.3,1,0,1,0
62,1,2,143.1,196.3,0,0,120.9,0,0.1,2,0,1,0
35,1,2,131.4,138.9,0,0,127.3,1,2.4,0,0,1,0
51,0,0,137.2,244.4,0,2,119.7,0,2.0,1,0,2,1
60,0,2,134.8,223.3,1,1,89.6,0,3.2,1,1,1,1
62,1,2,151.0,227.4,0,0,126.7,0,0.2,1,0,1,1
61,0,3,124.3,266.3,0,1,190.0,0,2.9,1,1,3,1
57,1,2,149.8,280.9,0,0,135.6,0,4.9,0,1,1,1
52,1,2,143.8,251.2,0,0,155.5,0,0.5,0,0,2,1
60,0,2,129.4,233.7,0,1,119.9,1,0.1,0,2,2,1
44,1,3,164.7,207.0,0,0,135.9,0,2.3,0,0,1,0
45,0,2,136.9,222.8,0,1,131.0,0,0.2,2,0,1,0
55,1,1,137.8,250.9,0,0,133.3,0,0.5,0,1,2,1
56,1,2,144.8,282.8,1,2,145.8,0,0.7,2,2,1,0
34,1,3,127.1,173.3,0,2,183.6,1,0.7,0,3,2,1
59,0,2,153.9,193.5,0,0,174.5,0,1.0,1,2,1,0
63,0,2,132.9,244.3,0,1,156.8,0,0.3,2,0,1,0
53,1,2,148.5,148.2,1,0,164.4,0,0.4,1,2,2,0
80,1,2,121.3,263.1,0,1,123.6,0,0.4,2,1,1,1
46,0,0,96.7,285.1,0,0,198.1,1,0.3,1,0,1,0
50,0,2,137.2,343.8,0,1,133.2,0,5.0,0,0,1,1
50,0,1,123.1,243.6,0,0,148.5,0,2.0,0,1,1,0
53,1,3,130.3,278.9,0,0,139.4,0,1.9,1,0,1,1
50,1,3,90.9,241.0,1,1,172.1,0,0.5,0,2,2,1
39,0,1,157.9,307.4,0,2,146.9,0,0.8,0,2,1,1
48,0,3,131.4,220.7,0,0,154.9,1,0.1,2,1,1,0
53,1,1,157.8,255.5,0,1,168.8,1,0.2,0,0,1,1
68,1,2,112.4,272.9,0,1,115.8,0,4.0,2,0,1,1
78,1,0,141.8,266.9,0,0,146.5,0,0.6,1,0,2,1
69,1,0,145.1,212.7,0,0,146.2,1,0.7,2,0,3,1
45,0,3,131.2,177.8,0,0,135.1,0,0.8,1,0,1,0
46,1,3,136.2,283.5,0,0,140.0,0,2.2,2,0,1,0
52,1,2,108.5,251.8,0,0,146.3,1,2.2,0,0,1,1
74,1,1,144.7,251.7,0,0,140.3,1,1.4,0,0,2,1
52,1,1,118.3,279.9,0,1,180.5,1,0.8,2,0,1,0
39,1,3,119.1,273.3,1,0,196.1,1,0.8,0,1,1,0
48,1,0,132.8,255.1,0,1,134.7,0,0.8,0,0,3,0
62,1,1,129.7,272.2,0,0,199.0,0,1.7,2,0,1,1
62,0,2,127.7,221.1,0,0,132.8,0,5.0,0,0,1,1
52,1,3,153.7,264.2,0,0,189.2,1,0.2,0,2,1,1
62,1,0,133.2,175.1,0,1,174.4,0,2.1,1,0,1,1
29,1,2,120.6,233.5,0,2,140.5,1,1.3,1,0,2,0
55,1,2,132.0,274.6,0,1,116.1,0,0.5,2,0,3,0
63,1,0,116.2,212.9,0,1,144.8,1,0.3,0,0,1,1
45,0,2,131.7,244.5,0,0,172.9,1,0.1,1,0,1,0
45,0,2,141.7,251.5,0,0,153.6,0,0.2,1,0,1,0
33,1,0,134.4,194.9,0,0,161.2,0,0.8,1,0,2,1
71,1,2,138.9,297.0,0,0,147.2,1,0.1,1,0,2,1
46,0,2,139.8,252.7,0,0,118.0,1,1.1,1,0,1,0
57,1,0,124.8,168.7,1,1,148.3,0,0.8,1,0,1,0
61,1,1,136.5,247.8,0,0,125.6,0,0.7,2,2,2,1
71,1,0,163.4,311.3,1,0,129.3,1,0.4,2,0,2,1
52,1,1,128.2,240.5,0,0,120.7,0,1.0,0,0,2,1
48,0,0,140.4,210.7,0,0,122.4,1,0.1,2,0,1,1
56,1,2,145.9,218.1,0,1,153.6,0,1.2,1,0,3,0
68,1,0,123.9,239.3,0,2,136.2,1,2.3,1,1,2,1
52,0,1,142.9,187.4,0,1,185.0,1,1.1,1,2,3,1
43,1,1,120.3,299.3,0,2,145.8,0,1.7,2,0,1,0
37,0,2,134.5,276.1,1,0,174.3,1,0.2,1,1,1,0
41,1,2,119.5,284.3,0,0,181.4,0,0.5,1,3,3,1
64,1,0,141.6,178.7,1,0,145.5,0,2.0,0,0,2,1
50,1,3,135.3,245.7,0,0,155.4,0,0.3,2,3,2,1
47,1,2,134.3,286.4,1,1,178.9,0,0.9,1,1,1,0
46,1,2,136.9,196.9,0,0,181.7,0,0.9,0,0,2,0
55,1,1,124.7,238.6,0,1,160.3,1,0.8,1,0,2,0
51,0,0,109.3,192.0,0,1,180.1,0,1.2,0,0,1,0
51,0,3,131.7,277.0,0,2,153.7,0,1.1,2,0,1,1
69,0,0,154.6,237.2,0,1,114.7,0,0.7,2,0,3,1
71,1,2,148.7,243.3,0,2,144.4,1,1.2,0,0,1,1
36,1,2,137.6,185.4,0,0,143.8,0,0.9,0,0,1,0
58,1,3,125.8,310.9,0,0,172.7,0,2.4,0,0,1,1
45,1,1,135.1,240.5,0,0,147.1,0,1.2,0,0,1,0
51,0,2,115.3,275.2,0,0,169.2,0,0.8,1,1,2,0
57,1,2,127.1,259.3,0,1,128.1,0,0.4,1,0,2,0
52,0,0,136.9,200.7,1,1,125.8,0,0.9,0,1,1,1
57,1,0,102.1,170.2,0,1,141.1,1,2.8,1,0,3,1
61,0,0,163.9,235.4,1,0,114.6,0,3.8,1,1,1,1
57,0,0,107.7,291.1,0,1,163.1,0,0.3,1,0,2,0
47,1,0,166.2,152.3,0,0,178.6,0,0.2,2,2,1,0
47,0,2,114.1,324.7,0,0,164.6,0,1.3,1,1,3,0
38,0,2,111.7,272.5,0,2,188.0,0,2.2,1,0,2,0
45,1,3,124.6,246.6,1,0,168.2,0,2.4,1,0,3,1
76,0,1,128.6,244.0,0,2,125.3,1,0.7,0,0,2,1
45,0,1,117.9,276.0,1,0,155.5,0,0.6,1,2,2,1
41,0,3,121.1,183.1,0,0,158.3,1,0.9,1,3,2,1
58,1,3,136.7,262.3,0,0,171.4,0,0.6,1,0,2,1
53,1,2,117.6,254.6,0,1,150.1,0,1.0,2,0,2,0
52,0,1,145.6,319.7,0,0,124.8,0,0.7,0,0,1,0
69,1,3,163.2,230.6,0,0,109.3,0,0.6,1,0,2,1
60,1,0,100.5,245.5,0,0,139.9,0,0.1,1,0,1,0
48,1,0,165.9,236.4,0,1,152.5,0,1.4,2,3,1,1
49,1,2,146.7,216.9,1,1,121.3,0,0.6,0,0,1,0
48,0,2,134.1,304.3,0,0,175.8,1,0.7,1,0,2,1
64,1,1,126.2,202.0,0,1,137.3,0,0.0,1,1,1,0
51,1,2,136.2,173.6,1,0,169.1,0,1.6,0,0,1,1
34,1,2,145.2,245.1,0,0,140.9,1,0.3,2,0,2,1
53,0,3,177.7,209.2,0,2,168.6,1,1.1,0,0,3,0
37,0,1,166.2,246.6,0,2,135.4,1,0.4,0,0,1,0
78,1,0,112.5,277.7,0,2,121.1,1,1.1,1,0,1,1
43,1,2,127.5,244.0,1,0,145.0,0,3.8,0,0,1,1
52,0,3,131.9,241.8,0,1,142.7,1,2.6,1,0,2,1
57,0,0,155.9,151.7,0,1,169.7,0,0.4,0,0,3,1
51,1,1,131.7,265.0,1,0,157.6,1,0.0,1,0,1,1
51,0,1,116.7,249.0,1,0,127.7,0,0.3,0,1,1,0
59,1,0,136.2,325.6,0,1,120.9,0,0.4,0,1,1,1
71,1,3,131.3,297.4,1,0,140.9,0,0.2,0,0,1,0
62,1,0,153.8,179.0,0,1,137.6,0,2.2,1,0,2,1
70,0,2,178.0,293.7,0,0,142.5,0,0.4,1,0,1,0
42,0,1,144.4,180.0,1,1,118.6,0,0.5,0,1,1,1
57,1,1,151.9,279.1,0,1,194.9,1,0.3,0,0,1,1
56,1,3,156.7,306.1,0,0,108.8,0,0.7,1,0,1,0
58,1,2,143.2,324.9,0,0,140.5,0,0.9,2,1,1,0
69,1,2,130.6,229.2,0,2,122.4,0,2.2,1,0,1,1
52,1,2,128.1,271.8,0,1,121.7,0,1.2,1,1,1,0
50,1,1,152.7,284.4,0,0,163.8,0,0.6,0,0,1,0
60,1,2,140.7,264.2,0,2,139.6,1,0.4,2,0,3,1
34,0,1,108.3,160.9,0,0,134.2,1,0.0,0,0,1,0
51,1,3,156.8,247.1,1,1,139.4,0,0.9,0,0,1,0
53,1,2,119.8,266.1,1,0,162.7,1,0.1,1,1,1,1
44,1,1,111.2,237.8,0,0,175.1,0,1.1,1,1,2,0
66,1,3,121.2,207.8,1,0,175.1,0,2.2,0,0,1,0
42,0,2,133.5,228.4,0,0,162.1,1,0.5,0,3,1,0
53,0,1,148.3,280.7,0,2,137.0,0,0.4,1,0,2,0
57,1,0,139.3,259.8,0,0,131.9,0,0.7,1,0,3,1
69,0,3,124.7,267.1,0,1,149.9,0,0.3,1,0,1,0
54,1,3,119.5,230.5,0,0,176.6,1,0.1,0,2,1,1
64,1,2,150.4,263.7,0,2,98.2,0,1.5,0,1,1,1
62,1,1,134.3,151.5,0,2,142.4,0,0.3,0,0,1,0
55,1,1,140.4,239.8,0,1,119.1,0,0.1,1,0,2,0
42,1,1,128.5,220.4,0,1,156.4,1,0.2,0,0,3,0
38,1,2,135.4,237.0,0,0,195.1,1,0.4,0,0,1,0
55,1,0,141.3,190.1,0,0,107.9,0,1.4,2,0,2,0
48,0,3,173.2,255.6,0,2,114.7,1,3.3,0,2,1,1
64,1,0,143.7,329.5,0,1,175.1,0,0.3,2,2,3,1
62,0,2,126.0,247.8,1,1,150.0,0,1.5,1,0,1,1
52,1,1,136.7,242.7,0,0,148.4,1,0.2,0,2,1,1
41,0,0,110.7,347.2,0,1,175.4,1,3.8,1,0,1,1
60,0,2,115.2,201.8,0,1,182.7,0,0.2,2,3,1,1
43,1,2,153.7,259.3,0,0,160.2,0,1.1,2,0,1,0
46,1,2,137.5,308.1,0,0,152.2,0,0.0,1,1,2,1
43,0,0,148.4,220.4,0,1,112.7,0,1.6,2,0,1,1
52,0,1,101.3,278.2,0,1,129.2,1,1.4,1,1,1,1
67,1,3,119.7,253.3,0,1,99.0,1,0.3,0,0,1,1
54,1,2,139.4,194.1,0,1,148.3,1,0.1,2,1,1,1
49,0,2,114.9,232.4,1,0,181.8,1,0.6,1,0,1,0
37,1,1,104.1,234.1,0,1,148.6,0,0.0,0,0,2,0
60,0,2,113.1,215.5,0,0,154.0,0,0.1,0,3,2,0
45,0,1,123.0,167.6,0,0,172.3,1,1.8,0,0,3,0
55,1,1,141.7,223.6,0,0,155.7,0,0.8,1,1,3,1
50,1,1,163.9,174.2,0,0,148.0,0,0.1,1,3,1,1
63,0,0,114.3,268.4,0,1,112.2,1,2.9,0,0,2,1
52,1,1,115.5,264.9,0,0,164.5,1,1.0,2,3,2,1
53,1,0,107.6,185.0,0,1,174.5,1,1.7,2,3,2,1
59,0,1,142.6,246.8,0,1,145.2,0,1.1,0,1,1,1
77,1,2,142.0,190.3,0,0,126.4,0,1.9,0,1,1,0
64,1,3,119.1,229.0,0,0,159.5,1,0.3,1,1,1,0
53,1,0,118.8,211.6,0,0,155.8,1,0.4,1,1,1,1
54,1,1,131.8,262.5,0,1,183.1,0,0.6,1,2,1,0
48,1,1,131.3,168.1,1,1,141.2,0,0.9,2,0,1,1
44,1,0,112.8,281.2,0,0,170.1,0,0.2,1,0,1,1
48,1,0,135.7,293.3,0,0,160.5,0,1.0,0,0,2,1
46,1,1,107.2,232.3,1,1,153.5,1,3.1,1,0,1,0
61,0,2,133.6,184.6,0,0,130.4,0,2.1,1,3,3,1
42,1,3,127.8,145.1,0,0,171.4,0,0.3,1,0,1,0
69,0,3,142.0,294.8,0,0,173.7,0,0.7,1,2,2,0
62,1,2,157.8,331.5,1,1,98.9,1,0.8,1,2,1,1
54,1,0,127.3,243.3,0,2,151.1,1,1.0,0,0,1,0
54,1,2,134.0,190.2,0,0,160.5,0,1.2,2,2,2,1
48,1,2,96.8,191.1,0,2,132.6,1,1.4,1,0,1,1
57,1,1,170.2,294.4,0,1,155.6,0,1.7,0,3,1,0
66,0,3,100.5,253.0,0,1,148.3,0,0.1,0,3,2,1
46,1,2,130.5,196.0,0,1,168.3,1,1.9,0,1,3,0
37,1,2,90.0,336.6,0,1,150.3,1,0.3,2,0,1,0
62,1,0,121.1,290.2,0,0,113.8,0,0.4,0,0,2,1
58,1,3,166.2,267.0,0,1,145.8,0,0.3,1,2,1,0
42,0,2,148.6,212.6,0,2,183.4,0,0.7,1,0,1,0
46,0,1,146.7,293.1,0,0,171.9,0,0.3,2,0,1,0
45,0,1,125.3,277.1,1,0,124.2,0,1.1,1,0,1,1
46,1,0,161.7,233.9,0,0,148.8,0,0.4,0,0,1,0
50,0,0,134.6,287.9,0,1,147.6,1,1.2,1,0,2,0
51,1,2,145.7,286.4,0,0,162.4,0,1.7,1,3,1,1
47,1,0,179.9,251.0,0,1,149.6,1,0.7,2,0,1,1
46,0,3,148.6,188.1,0,1,148.7,1,1.1,2,0,3,1
51,1,3,132.1,195.4,1,1,136.6,1,2.5,0,2,3,1
56,1,1,143.7,172.4,1,1,199.6,0,2.0,0,2,2,1
51,0,1,155.5,298.6,0,2,110.4,1,0.5,0,3,2,1
67,1,1,148.5,181.7,0,0,140.4,0,1.7,1,1,1,0
60,1,0,149.6,245.0,0,1,146.9,0,0.7,0,0,1,1
37,0,0,149.9,165.4,0,1,172.1,0,0.3,1,0,1,1
60,1,1,181.0,317.6,0,0,135.1,0,0.5,1,0,1,1
61,1,3,118.9,192.7,1,0,133.9,1,0.9,0,0,2,0
49,1,3,145.4,253.9,0,1,162.3,0,1.0,0,1,1,0
38,1,2,138.3,166.8,0,0,149.1,0,2.2,0,0,1,0
54,0,2,124.1,279.7,1,0,132.8,0,0.1,0,0,1,0
54,1,3,122.3,289.1,0,2,171.9,1,0.4,1,0,1,1
42,1,2,160.7,238.0,1,0,132.3,0,0.3,2,0,1,0
38,0,0,108.6,232.9,0,0,141.5,1,0.1,0,0,1,0
53,1,2,108.4,276.7,0,1,156.0,0,0.2,0,0,3,1
51,0,3,120.1,213.5,0,0,165.5,1,0.4,0,1,1,1
49,0,0,97.7,287.6,0,0,145.3,1,0.9,1,0,1,1
53,1,1,118.5,254.1,0,0,158.5,1,1.3,1,0,1,0
42,1,1,112.1,168.0,0,1,159.3,1,0.7,2,0,3,1
49,1,0,134.3,320.9,0,0,144.2,1,0.1,1,0,3,1
60,1,0,161.5,251.6,0,1,122.5,0,1.5,2,1,1,1
50,0,1,119.4,225.1,1,0,171.7,0,0.7,1,2,2,1
36,0,3,142.1,242.4,0,0,136.6,0,1.5,1,3,1,1
49,1,3,146.3,208.0,0,0,205.0,1,0.3,1,0,1,0
42,0,3,90.0,230.5,0,0,143.4,0,0.3,0,1,2,0
57,0,0,121.8,277.2,1,2,181.0,0,0.2,0,3,1,1
58,0,0,125.2,273.1,0,1,169.2,0,0.2,0,0,1,1
36,1,0,136.4,262.4,0,0,152.0,1,0.7,0,1,3,1
62,1,3,146.3,217.8,0,0,165.5,0,0.8,1,2,1,1
42,0,0,134.0,199.3,0,0,176.3,0,0.2,1,0,1,0
71,0,2,119.1,264.4,0,1,130.0,0,5.3,1,2,1,1
53,1,0,122.4,275.0,0,1,110.4,1,0.7,0,2,1,1
40,1,0,103.4,204.3,0,2,122.8,0,0.4,1,0,1,0
41,0,0,128.9,226.8,0,1,168.5,0,1.9,2,0,1,1
58,1,2,128.4,260.1,0,1,144.8,0,1.7,1,0,2,1
50,1,0,142.6,235.8,0,0,154.1,1,0.3,2,0,3,1
53,1,0,146.3,292.0,0,1,170.3,1,1.9,1,1,3,1
72,0,1,129.5,190.2,0,1,128.6,0,0.3,1,0,2,1
46,1,2,137.1,174.7,0,1,168.9,1,0.1,1,1,3,0
55,1,1,130.4,290.0,0,0,133.2,0,0.0,1,3,3,1
70,1,3,118.0,274.2,1,2,140.0,0,0.7,0,0,1,0
57,1,1,120.3,246.4,0,1,149.9,0,0.4,0,1,2,0
36,1,0,90.0,220.4,0,0,134.9,0,1.4,0,0,1,0
60,1,2,128.4,264.2,0,1,143.9,1,0.8,0,1,1,0
41,1,1,120.1,245.2,0,0,174.2,1,1.5,0,0,1,0
69,1,2,118.0,259.8,0,0,149.9,1,1.2,0,0,2,0
45,1,3,146.5,235.3,0,1,185.0,0,4.2,0,1,2,1
85,1,3,151.2,275.8,0,2,118.7,0,0.7,0,0,2,1
70,1,1,148.0,287.4,0,0,171.3,0,0.4,0,0,1,1
45,0,0,141.2,278.0,0,1,157.8,0,0.2,1,0,2,0
54,1,3,134.0,261.5,0,0,137.1,0,1.1,0,2,2,0
62,1,1,135.8,244.0,0,1,146.4,0,0.8,1,0,1,0
63,1,2,151.2,264.1,0,0,126.4,1,1.2,1,0,2,1
59,1,3,147.3,295.7,0,1,151.4,0,1.5,2,0,2,1
68,1,2,156.0,239.5,0,1,103.1,0,1.1,0,0,1,1
53,1,1,133.0,229.1,0,0,175.5,0,1.7,0,1,1,0
50,1,2,115.2,261.7,1,0,135.8,1,0.2,1,0,1,0
50,1,0,137.3,272.5,0,1,150.8,0,2.3,0,3,1,1
63,1,1,125.8,240.1,0,0,168.6,1,0.3,1,0,2,0
58,1,1,146.8,262.6,0,1,131.4,1,0.4,2,0,3,1
57,0,0,136.9,205.5,0,1,160.7,0,0.1,2,1,2,1
63,0,2,134.2,244.1,0,2,167.7,0,0.2,2,1,1,0
31,1,2,121.2,301.7,0,1,164.5,0,1.2,1,3,1,1
57,1,2,152.8,269.2,0,1,154.4,0,0.2,1,1,1,0
56,0,3,148.1,213.6,0,0,175.1,1,4.4,2,3,1,1
72,0,0,125.4,225.1,0,0,111.4,0,2.9,1,0,2,1
37,0,2,104.6,180.7,0,1,184.1,0,0.1,1,0,3,1
71,1,1,141.5,318.8,0,0,101.2,0,1.6,1,0,1,1
55,1,2,155.6,198.0,0,0,135.6,0,0.5,1,1,2,1
59,1,3,112.5,131.9,1,0,188.2,1,1.6,0,0,1,1
72,1,1,147.0,185.8,0,1,158.1,0,0.1,0,1,2,1
60,1,2,120.7,245.8,0,1,144.4,1,1.0,0,2,1,1
58,1,1,116.7,211.3,0,1,190.5,1,1.3,1,1,3,1
57,1,2,151.5,248.1,0,0,121.6,0,1.9,0,1,1,1
49,1,2,144.5,254.7,0,0,162.2,0,2.2,1,3,2,0
54,1,2,131.3,213.9,0,2,145.3,0,0.0,1,2,1,1
46,0,1,143.2,198.1,0,0,152.9,1,1.4,2,0,1,1
54,1,2,146.3,281.5,0,2,164.2,1,0.2,1,0,1,1
28,0,2,97.7,245.4,0,1,177.3,0,0.8,0,0,2,0
59,0,1,133.8,125.4,0,0,147.0,1,0.5,0,0,1,0
53,1,1,159.2,173.4,0,2,164.8,0,0.3,1,1,2,0
50,0,1,138.5,161.1,0,1,180.3,0,0.4,0,0,2,1
56,1,0,90.0,235.1,0,1,154.0,1,0.3,1,1,2,1
38,0,0,107.7,244.7,0,1,175.3,0,0.3,1,0,3,1
75,1,0,157.2,241.2,1,2,139.8,1,1.1,1,0,2,1
53,1,3,123.7,213.4,0,1,137.7,1,0.4,0,0,1,0
52,1,3,153.7,285.7,0,1,149.9,0,2.2,1,3,1,1
43,1,3,168.1,251.7,1,0,169.4,0,0.8,1,0,1,1
54,1,2,129.7,201.3,0,0,108.9,0,0.7,1,0,1,0
69,1,0,126.6,209.4,0,1,145.3,1,2.6,0,0,3,1
65,0,1,115.6,211.7,0,0,156.3,0,2.1,1,1,1,0
63,0,3,146.9,229.3,0,0,144.4,0,0.0,2,0,1,0
60,1,2,124.7,245.0,0,0,122.9,1,0.9,0,0,2,0
50,1,0,125.8,258.2,0,2,165.6,1,0.9,0,0,2,1
38,0,1,107.0,199.6,1,0,143.2,1,2.6,0,2,1,0
52,1,0,125.7,181.0,0,0,186.3,0,1.2,1,0,1,0
51,0,1,117.5,257.7,0,1,172.7,1,0.6,0,1,2,0
66,1,1,101.3,282.1,0,1,146.0,0,0.1,0,1,1,0
57,1,3,119.7,317.7,0,1,140.0,0,0.1,0,0,2,1
72,1,2,151.9,265.5,0,0,104.8,0,0.6,1,0,1,0
67,1,1,161.5,213.8,0,2,179.9,1,4.1,0,2,1,1
49,0,1,127.8,266.5,0,0,137.5,0,4.7,1,0,1,1
34,1,2,129.6,227.8,1,0,196.1,1,0.6,1,1,1,0
69,0,1,139.9,187.5,0,2,90.0,0,2.2,2,0,1,1
69,1,2,173.1,244.5,0,1,137.0,1,0.2,0,1,1,1
39,0,1,109.1,248.6,0,0,144.0,0,0.4,1,2,1,0
71,0,1,112.5,310.4,0,0,115.9,0,0.5,0,0,2,1
58,1,0,134.1,245.9,1,0,152.3,1,1.2,0,2,2,1
56,0,3,138.6,206.2,0,1,182.4,0,1.7,1,0,1,0
72,0,0,134.9,164.7,0,1,128.0,0,0.5,2,0,1,1
69,1,0,113.2,192.6,0,0,143.5,0,0.6,2,0,3,1
61,1,1,151.7,201.2,0,1,126.7,1,0.1,0,0,3,1
59,1,2,132.8,316.5,0,1,124.5,0,0.3,1,0,1,0
61,1,2,145.7,235.4,1,0,95.9,0,1.6,0,0,1,1
50,1,0,161.0,236.1,0,0,134.9,0,0.0,1,0,1,1
53,0,0,104.4,289.5,0,0,143.1,0,1.4,0,0,3,1
44,1,2,100.6,264.4,1,1,122.0,1,0.7,0,0,2,1
50,1,2,143.2,228.5,0,0,191.3,1,0.3,2,0,2,0
50,1,3,96.4,290.4,0,0,160.9,0,0.6,0,1,3,1
47,1,2,125.1,208.9,0,0,167.8,0,0.6,2,1,1,0
56,0,2,121.2,254.6,0,1,113.8,1,3.7,2,2,1,1
50,0,1,136.5,184.8,0,2,159.9,0,1.2,2,1,2,1
60,0,2,120.5,254.9,0,1,177.7,0,0.5,0,2,1,0
36,0,2,135.4,279.9,0,0,156.6,1,2.7,1,0,1,0
53,0,0,111.5,279.4,0,2,155.8,1,2.5,0,2,3,1
55,1,1,111.9,281.4,0,0,141.5,1,0.7,0,0,3,1
51,0,2,130.6,367.4,0,0,159.1,0,2.8,1,0,3,0
52,1,2,135.4,228.9,0,1,149.0,0,1.0,1,1,3,1
37,1,2,135.1,195.7,0,0,151.6,1,1.3,2,1,2,1
58,1,1,161.6,262.9,0,0,154.1,0,0.6,1,0,1,0
61,1,0,158.8,205.1,0,0,143.3,0,1.0,1,1,1,1
59,1,0,143.4,193.3,1,2,152.0,0,0.5,0,2,2,1
65,1,3,151.3,234.1,0,1,139.4,0,0.2,0,0,3,1
56,1,3,139.2,329.2,0,1,170.4,0,0.4,1,2,2,0
59,0,0,153.5,273.5,0,0,186.1,0,0.5,0,0,3,1
56,1,0,141.0,258.8,0,1,152.2,0,1.5,1,2,2,1
62,1,0,126.1,170.6,0,1,154.4,0,0.5,1,3,1,1
37,0,0,113.2,208.0,1,0,148.9,0,0.6,1,0,1,0
44,1,1,152.2,300.9,0,1,167.8,0,1.4,2,2,1,1
71,1,1,135.0,235.5,0,1,103.1,0,0.8,1,1,2,1
27,1,2,161.8,328.5,0,1,175.4,1,0.4,1,2,2,0
52,1,2,113.6,260.4,0,1,128.5,0,0.0,0,0,2,1
67,0,0,156.8,239.3,0,1,169.9,0,1.4,1,1,2,1
53,1,2,126.1,227.2,0,0,166.6,0,2.5,2,0,2,0
50,0,2,137.3,237.1,0,0,146.9,0,0.0,1,0,1,0
55,0,0,107.8,177.9,1,1,160.6,0,1.1,1,2,2,1
50,1,2,99.9,282.8,0,0,192.0,0,0.7,1,1,3,0
54,1,0,160.6,260.8,0,0,145.5,0,1.8,0,1,1,1
46,0,0,121.1,227.3,0,0,159.7,0,0.2,0,0,1,1
66,1,0,154.7,240.7,0,0,151.4,0,0.4,0,0,1,0
70,0,3,123.2,282.6,0,2,150.6,0,0.1,1,1,1,0
53,1,2,151.5,330.4,0,2,141.4,1,0.3,0,0,1,1
39,0,1,119.5,303.5,0,0,175.2,0,0.7,1,0,2,0
48,1,3,110.7,247.5,0,0,151.6,1,2.5,0,0,1,1
52,0,0,142.1,204.5,0,0,153.0,0,0.2,0,0,2,1
60,1,3,152.5,176.0,0,1,131.7,1,1.2,1,1,1,1
43,0,2,139.8,242.9,0,0,177.7,1,1.2,0,0,1,0
46,1,2,129.4,204.1,0,2,133.1,0,0.1,1,2,1,0
60,0,2,101.0,250.3,0,0,111.7,0,3.7,2,1,2,1
64,1,2,117.3,257.7,0,1,95.8,1,0.2,0,0,3,1
47,0,3,116.6,270.5,0,2,169.7,0,0.1,1,2,3,0
39,1,3,125.6,184.6,0,0,145.9,1,3.4,0,0,2,1
85,0,0,159.1,213.2,0,0,115.7,0,0.5,1,2,1,1
63,1,0,134.1,230.7,0,1,142.8,0,0.3,1,1,1,1
51,0,0,92.3,251.8,0,1,122.6,0,0.3,1,1,1,0
64,0,0,90.0,253.8,1,1,149.7,0,0.0,0,1,1,1
53,0,1,118.2,354.5,0,1,198.1,0,1.1,1,0,1,0
64,0,0,124.3,145.5,0,0,157.5,1,1.4,1,1,1,1
56,1,1,140.9,291.0,0,1,155.3,0,0.6,1,0,1,1
55,1,2,108.1,288.3,0,0,166.8,1,0.2,1,0,1,1
53,0,3,105.9,200.8,0,0,202.6,0,0.6,1,0,3,0
38,1,0,138.2,215.0,0,1,148.6,1,2.8,0,0,1,1
75,1,0,163.3,326.3,0,0,126.5,0,0.2,1,1,1,1
44,0,0,93.2,210.5,0,0,141.5,1,0.1,0,3,1,0
39,0,3,113.4,209.5,0,1,124.1,1,0.4,0,0,2,0
52,1,1,153.5,246.0,0,1,152.1,0,2.4,1,0,2,1
43,0,3,145.0,260.1,0,1,154.9,0,0.5,0,1,3,0
53,1,3,117.1,284.9,0,1,155.1,0,1.3,1,0,2,0
62,0,3,153.9,290.0,0,1,120.1,0,0.0,0,0,1,0
65,1,0,137.6,279.7,0,1,99.2,1,0.4,0,0,1,1
63,1,1,148.1,160.6,0,0,99.0,0,0.9,0,0,1,1
51,0,3,117.6,238.5,0,1,156.3,0,0.7,1,0,1,0
55,0,0,136.5,271.0,0,0,155.0,0,0.8,0,0,2,1
58,0,2,111.0,272.9,0,0,183.5,0,0.6,0,0,2,0
35,0,1,116.4,203.5,0,0,184.8,1,1.0,1,0,3,1
60,1,1,130.2,198.5,0,1,114.8,0,1.8,0,0,1,0
38,0,3,129.5,187.8,0,0,133.1,0,0.1,0,3,2,1
76,1,2,182.8,269.6,0,0,145.8,1,0.5,1,0,1,1
50,0,2,176.1,284.3,0,1,150.8,0,1.3,1,0,2,1
52,1,2,126.5,246.9,1,2,170.4,1,1.6,1,0,2,0
46,1,2,158.6,191.5,0,1,182.7,0,1.0,2,1,2,1
47,0,2,109.3,246.9,0,0,160.2,1,0.5,0,0,1,0
79,1,3,147.4,208.3,0,0,134.0,0,0.3,2,0,2,1
64,0,3,121.2,212.5,0,1,119.2,0,0.7,0,0,1,1
37,1,2,121.6,219.2,1,1,136.3,0,0.4,1,0,1,0
71,1,1,186.1,212.2,1,0,151.6,0,1.1,2,1,1,1
67,1,0,130.3,196.2,0,1,112.8,1,1.3,1,1,1,1
51,1,0,121.6,308.5,1,0,141.1,1,0.8,1,0,1,0
57,1,0,116.7,159.4,0,2,120.5,1,1.6,1,1,3,1
54,1,1,120.2,215.4,0,0,125.8,1,0.1,0,0,2,0
76,1,0,113.9,239.6,0,1,130.4,1,2.2,0,0,2,1
45,1,0,135.8,292.3,0,1,146.7,0,0.1,2,0,1,0
56,0,0,135.2,255.1,0,1,159.5,0,1.2,0,0,1,1
49,1,2,138.8,227.3,0,1,178.1,0,0.5,0,0,1,1
38,1,0,129.8,203.2,1,0,151.9,1,0.6,1,1,2,1
78,0,2,126.8,300.3,0,2,106.6,1,2.6,2,0,1,1
41,1,1,118.9,201.4,1,0,148.0,0,0.8,1,2,3,1
56,1,2,137.4,251.4,0,1,167.4,0,0.2,0,0,2,1
35,0,3,125.3,227.3,0,0,137.2,0,1.2,0,0,1,0
50,1,0,121.6,261.1,0,0,126.5,0,2.1,1,0,2,1
59,1,3,130.1,312.3,0,1,113.1,0,2.6,0,0,2,1
45,0,2,156.5,269.3,0,0,183.9,0,0.5,1,1,3,0
60,1,0,171.0,237.8,0,0,93.9,0,1.7,2,0,1,0
51,1,1,129.3,314.1,0,1,125.5,0,1.3,0,1,1,1
67,0,3,121.0,315.5,0,0,115.5,1,2.3,0,0,1,1
69,0,2,134.0,296.8,0,0,130.2,0,1.4,0,1,3,0
48,1,1,152.9,251.7,0,1,137.2,0,1.9,0,0,2,0
55,1,3,133.5,207.8,0,1,149.9,0,0.5,1,0,1,1
56,0,2,137.9,138.0,0,1,134.5,0,0.7,1,2,3,1
61,0,2,120.9,253.2,0,1,121.5,1,0.2,0,3,1,1
54,1,3,113.0,275.5,0,0,137.3,0,1.0,0,0,2,1
56,1,2,148.2,183.3,1,2,119.4,1,0.1,0,1,2,1
51,0,1,133.8,258.6,1,2,172.0,0,0.3,0,1,3,0
55,1,2,146.1,222.2,0,0,176.7,1,1.3,1,0,2,1
68,1,3,106.7,268.8,0,0,98.7,1,2.4,0,0,2,0
61,1,0,168.7,216.7,0,0,153.6,0,1.6,0,0,2,1
62,0,0,137.5,212.3,0,0,144.9,0,0.9,0,1,2,1
62,1,0,103.5,241.5,1,1,144.8,0,2.7,0,3,2,1
52,1,0,151.3,188.9,0,1,137.6,0,1.0,1,3,1,1
58,0,0,125.3,285.1,0,0,129.6,0,0.2,0,2,1,1
42,1,3,131.5,238.1,0,0,175.5,0,0.6,0,0,1,0
68,0,2,125.9,195.9,1,1,160.3,0,2.0,1,0,2,0
23,1,0,124.5,203.5,0,0,168.7,0,2.6,1,1,2,1
53,1,2,132.9,267.0,1,0,113.2,1,2.4,1,1,2,0
67,1,2,107.2,232.7,0,0,141.2,0,0.0,1,1,1,0
39,0,1,142.8,267.4,0,1,147.6,0,1.0,2,0,3,0
58,1,0,137.0,199.0,0,0,143.8,0,0.7,1,1,1,0
47,0,1,137.3,226.6,0,0,154.6,0,0.6,2,0,1,0
50,1,2,147.7,236.8,0,1,147.5,0,0.1,1,0,1,0
64,1,1,138.7,342.9,0,0,163.3,0,0.5,1,0,1,1
56,0,1,137.5,210.1,1,0,131.8,0,0.6,0,0,1,0
32,0,0,99.0,261.3,0,2,182.3,1,0.4,0,2,1,0
43,1,3,116.3,258.3,0,0,146.5,0,1.5,1,0,2,1
65,1,2,138.3,322.2,0,0,158.7,0,0.2,1,1,2,0
59,1,1,138.6,303.0,0,2,164.5,1,0.5,1,2,3,1
73,0,3,143.0,227.7,0,1,145.4,1,0.7,0,0,1,0
73,1,1,164.1,201.9,0,2,123.3,0,0.8,2,0,1,1
50,0,2,128.3,177.7,0,0,110.0,0,0.2,2,0,3,1
82,1,1,147.5,261.6,0,1,141.2,1,0.1,0,3,2,1
54,1,1,135.1,286.0,0,0,138.2,0,2.1,1,1,1,1
43,1,3,126.8,287.9,0,2,156.3,1,0.1,1,1,1,0
47,0,2,125.5,227.5,0,0,173.2,0,1.0,0,1,1,0
29,1,1,113.6,234.6,0,1,147.3,1,1.3,1,2,2,1
72,0,0,133.4,310.4,0,0,139.7,1,1.6,1,0,3,1
72,1,1,134.6,214.1,0,0,101.1,1,0.1,2,1,2,1
43,1,2,128.5,128.6,0,0,162.3,1,0.4,2,0,2,1
51,0,0,98.9,291.1,0,1,136.0,0,0.2,0,2,1,0
55,0,2,129.5,190.7,0,1,96.5,0,0.0,0,0,1,0
43,0,3,112.5,224.8,0,1,163.6,0,1.0,0,0,2,0
35,1,0,128.1,254.8,0,0,205.0,1,0.2,0,0,2,0
52,1,3,113.8,220.4,1,1,148.1,1,0.2,1,1,2,1
50,1,0,133.9,287.5,0,1,126.5,0,0.6,0,1,3,0
50,0,2,124.7,357.5,1,1,163.9,0,0.1,1,1,1,0
56,1,2,123.2,206.6,0,0,138.1,0,1.0,1,0,2,1
70,1,1,143.2,252.9,0,1,147.9,0,1.5,1,2,1,1
51,1,0,140.0,240.6,0,0,127.5,0,0.9,0,0,1,0
56,1,3,133.6,255.9,0,1,112.6,1,0.5,0,1,1,0
62,1,0,146.2,217.7,0,0,150.1,0,1.8,1,1,1,1
60,1,2,128.1,214.9,0,1,131.4,0,1.7,1,0,1,0
47,1,1,139.4,211.4,0,0,136.7,1,2.4,0,0,3,1
55,1,1,133.5,221.4,1,0,168.2,0,2.4,0,0,1,0
60,1,2,117.5,223.9,0,2,133.7,1,1.7,1,0,2,1
42,0,2,113.6,127.0,1,1,164.4,0,0.8,0,0,1,0
68,1,0,158.5,250.2,0,2,126.9,1,0.0,2,0,2,1
70,0,2,163.4,233.7,0,1,164.5,0,1.3,2,0,2,0
46,1,0,144.8,207.0,0,0,190.9,0,0.7,0,0,1,1
56,0,0,121.0,246.2,0,1,161.3,0,0.1,1,2,2,0
61,0,1,158.4,243.6,0,1,122.4,0,1.3,0,0,3,0
48,1,2,143.5,221.8,0,0,169.3,0,0.5,1,1,1,1
59,0,1,138.3,243.5,0,1,144.5,0,0.4,1,0,1,1
56,1,2,167.7,216.5,0,1,156.0,0,1.6,0,0,1,1
38,1,2,114.5,184.4,0,0,149.8,1,0.3,1,0,2,1
59,1,1,149.2,329.4,0,1,135.6,0,0.3,0,3,1,1
42,0,2,113.3,215.4,0,1,160.2,0,0.3,1,2,1,0
64,0,3,122.6,256.6,0,0,183.2,0,0.3,0,1,2,1
47,1,1,179.1,353.2,0,2,158.3,1,0.8,0,0,3,1
52,1,2,142.5,222.5,0,1,144.0,1,1.7,0,2,1,0
69,1,1,171.0,266.9,0,1,123.6,0,3.2,0,0,1,1
59,1,2,145.0,345.5,1,1,137.0,0,0.0,1,0,2,0
42,1,2,138.2,164.6,0,0,189.0,1,0.3,2,0,2,0
43,1,2,120.0,296.2,0,1,143.3,0,0.6,1,0,1,0
47,0,3,146.8,248.7,0,0,142.6,0,4.5,0,2,3,1
58,1,0,135.5,220.6,0,1,120.1,0,2.0,2,0,3,1
58,1,1,136.4,244.9,0,1,161.5,0,0.4,0,0,2,0
45,0,0,124.0,222.3,0,0,165.7,1,0.4,0,2,3,0
41,0,2,125.9,306.2,0,0,185.1,0,0.0,1,0,1,0
57,1,3,135.2,241.7,0,0,162.4,0,1.3,0,0,2,1
52,1,1,135.7,271.4,0,0,145.9,1,1.5,1,1,2,1
78,1,1,139.1,226.5,0,0,166.2,0,0.3,1,1,1,1
54,1,2,106.0,254.3,0,1,176.5,1,1.7,1,3,1,1
74,1,0,148.8,231.6,0,0,138.5,0,0.7,1,0,1,1
41,1,1,128.5,174.4,0,0,164.2,1,0.6,0,0,2,1
37,1,1,90.0,293.0,0,0,121.7,0,0.5,0,1,2,1
42,0,2,99.4,252.5,1,1,161.2,1,0.9,0,0,1,0
67,1,1,128.7,279.9,0,1,142.1,1,0.8,0,0,1,0
73,1,0,161.8,216.0,0,0,134.7,0,1.3,0,1,1,0
45,1,2,142.7,290.4,1,0,163.3,1,0.6,2,0,1,1
49,0,3,117.4,260.2,0,1,130.3,1,0.3,2,0,3,1
41,1,0,127.3,243.5,1,1,205.0,0,0.2,0,0,1,0
34,0,2,145.9,279.7,0,0,176.2,0,0.2,0,0,1,0
62,0,2,121.9,229.7,1,0,158.4,1,0.4,0,1,1,0
56,1,3,115.0,299.1,0,1,162.0,0,2.8,1,0,1,0
54,0,2,146.8,212.3,0,1,169.4,1,1.2,1,0,1,0
39,1,2,150.3,237.6,0,1,159.4,1,0.5,0,1,1,0
72,1,2,127.6,206.5,1,0,124.2,0,0.2,0,0,1,0
48,1,1,141.3,188.8,0,0,117.0,0,1.3,0,0,1,1
60,0,2,131.8,223.0,0,1,167.5,1,0.6,1,1,1,1
38,1,2,119.4,228.7,0,0,169.8,0,1.5,1,2,3,1
52,1,1,154.5,265.0,1,2,121.7,0,1.7,1,0,1,1
57,0,0,119.8,214.2,1,1,117.2,0,0.9,1,1,2,1
58,1,1,148.6,268.6,0,0,105.3,0,1.7,1,1,3,1
56,1,1,135.7,228.0,0,1,139.8,0,0.9,1,1,1,1
59,0,2,129.1,221.4,0,2,170.1,0,0.7,1,0,1,0
42,1,3,121.0,264.9,0,0,122.5,0,1.5,1,0,1,0
56,1,0,116.7,218.1,0,0,148.2,1,0.5,0,0,1,0
55,0,0,126.8,322.1,0,0,113.6,0,1.0,2,0,1,1
57,1,3,125.5,261.5,0,1,113.8,0,0.5,1,0,1,1
55,0,2,132.9,181.6,1,1,131.9,0,2.8,2,1,1,0
40,0,3,105.9,231.3,0,1,195.8,0,1.2,2,0,2,0
40,1,0,127.8,208.0,0,1,138.4,0,2.1,0,2,1,1
30,1,2,135.3,160.8,0,2,131.1,0,0.7,2,2,2,0
63,1,2,124.1,291.1,0,0,130.2,0,2.2,1,1,1,1
63,0,0,146.6,292.1,0,0,130.6,0,0.8,2,0,1,0
63,1,0,151.5,212.7,0,0,136.7,0,1.4,1,1,2,1
57,1,1,113.0,273.7,0,0,131.1,0,1.4,0,2,2,1
31,1,0,114.6,271.9,1,0,149.0,0,0.1,2,0,1,1
43,1,3,107.1,237.0,1,0,163.0,0,0.5,1,0,1,0
56,0,1,139.1,284.0,0,0,145.7,1,4.6,0,1,2,1
55,0,2,133.6,254.7,0,0,125.0,0,0.2,0,0,1,0
52,1,2,104.7,291.1,0,0,161.5,1,0.4,1,2,1,1
58,1,1,123.3,191.2,0,0,193.8,0,3.8,1,0,1,0
54,0,2,136.5,247.9,0,0,156.7,0,0.4,0,3,2,0
55,1,0,136.3,250.6,0,1,172.9,0,1.7,0,2,1,0
47,0,1,151.0,188.1,0,0,139.8,0,0.6,1,0,2,0
65,0,3,113.0,198.6,0,0,142.8,1,2.7,1,3,1,1
49,1,0,132.6,170.0,0,0,126.1,1,0.9,1,1,3,1
39,0,1,109.2,238.1,0,1,104.0,0,3.6,0,1,3,0
46,1,2,134.0,219.2,0,1,136.3,1,0.1,1,2,2,1
50,1,2,129.7,183.2,0,1,140.5,0,0.3,0,0,2,0
65,1,2,141.6,298.8,0,0,115.6,1,0.9,1,0,2,1
54,0,3,123.6,259.0,0,0,142.8,1,0.1,2,0,1,0
52,0,0,144.2,208.8,0,1,121.6,0,1.4,1,0,2,1
40,1,2,117.6,245.4,0,1,197.4,0,2.7,2,3,1,1
63,1,3,118.0,234.1,0,1,114.2,1,1.0,2,0,1,1
47,0,0,133.3,170.2,0,0,132.9,0,1.2,1,0,1,1
53,1,2,167.1,253.1,0,1,134.2,0,0.2,1,0,3,0
70,1,1,110.6,319.2,0,1,158.4,0,1.0,2,3,3,1
60,1,0,114.9,305.6,0,0,159.3,0,0.6,1,0,3,1
36,1,1,133.7,239.6,0,1,159.1,0,1.4,2,2,2,1
35,1,2,149.5,215.6,0,0,144.6,0,0.4,1,0,2,0
53,1,3,139.3,265.8,0,2,88.4,1,1.1,1,0,1,1
41,0,2,116.8,248.6,0,0,136.1,0,0.1,0,1,2,1
61,0,3,140.3,237.8,1,0,144.2,0,0.4,0,0,1,1
54,1,0,143.3,323.2,0,0,138.5,0,0.9,2,0,3,1
56,1,0,122.3,224.7,0,0,170.6,0,0.8,0,2,1,1
46,0,3,143.8,280.7,0,0,162.8,1,0.9,0,2,3,1
73,1,3,138.1,254.4,0,0,121.0,1,0.6,1,0,1,1
85,1,0,110.3,258.8,0,1,143.8,1,0.9,0,1,1,1
51,0,2,127.8,167.7,0,0,116.6,1,0.3,2,3,1,1
58,0,1,121.8,291.3,0,1,151.2,0,0.6,0,0,2,0
55,1,1,157.7,278.6,0,0,168.6,1,0.2,1,0,1,0
51,1,3,109.3,248.6,0,1,161.9,0,0.4,0,0,2,0
45,1,2,123.1,283.8,0,0,140.0,0,1.1,1,0,3,0
42,0,0,132.6,255.5,0,1,172.3,1,0.8,1,0,1,1
42,1,1,174.5,180.1,0,0,116.2,0,0.0,1,0,2,1
58,1,1,170.2,200.1,0,0,119.7,0,1.2,1,2,2,1
48,1,2,131.7,236.6,0,0,130.2,0,0.9,0,1,2,0
26,0,1,130.3,157.2,0,1,124.3,0,0.5,0,1,1,1
59,1,3,146.1,292.5,0,1,167.6,0,0.9,2,1,1,0
54,0,2,112.8,231.9,0,0,180.1,0,0.1,0,0,1,0
69,0,0,134.9,252.7,0,1,133.9,1,1.4,0,3,1,1
58,1,2,159.4,199.6,0,0,171.9,1,0.9,1,0,3,1
38,0,2,129.5,264.2,0,1,134.8,1,0.3,0,0,3,1
29,1,1,162.8,226.4,0,1,152.8,1,0.0,0,2,2,1
46,0,1,121.0,224.3,0,0,144.0,0,1.0,0,0,1,0
47,1,3,130.7,301.0,0,0,127.0,1,2.0,0,1,1,1
64,0,1,132.0,302.5,0,0,152.3,0,0.1,1,0,1,1
54,1,2,110.6,274.4,0,0,145.6,1,2.3,0,0,2,1
66,0,1,153.9,254.8,0,1,129.5,1,1.8,1,0,1,1
39,1,1,124.2,213.4,0,0,158.4,0,0.6,1,0,1,1
65,1,2,141.4,232.5,0,1,160.4,0,0.5,0,0,2,0
62,1,3,125.2,229.5,0,0,134.0,0,0.3,0,0,1,0
32,1,0,159.6,251.0,1,2,205.0,0,0.1,1,0,3,1
69,0,1,156.9,245.3,0,1,153.9,1,0.3,1,0,1,1
55,0,2,132.3,241.5,0,0,153.7,0,1.7,0,1,1,1
58,1,1,113.0,310.6,0,1,146.8,0,0.7,0,1,1,1
44,0,2,141.9,288.2,0,0,194.8,1,0.0,0,0,1,0
68,1,0,157.0,211.9,0,1,146.3,0,0.7,0,2,2,1
41,1,2,114.1,249.9,0,1,152.8,0,1.3,0,0,1,1
63,1,2,133.7,210.4,0,0,122.3,0,1.4,2,0,2,1
63,1,1,137.6,271.1,0,0,149.3,0,1.9,0,3,1,1
43,1,1,150.8,322.4,1,0,166.8,1,1.3,0,0,1,1
76,1,0,136.8,233.4,0,1,172.2,0,0.0,0,0,1,1
57,1,1,152.1,277.2,0,1,141.3,0,0.5,1,0,1,1
61,1,2,121.8,314.8,0,0,148.5,1,0.4,0,0,3,1
37,1,1,110.8,229.5,1,2,151.5,0,0.6,0,0,1,1
77,0,2,169.7,271.2,0,0,146.7,0,1.6,0,0,2,0
41,1,2,107.1,312.3,0,1,169.4,0,0.0,1,0,1,0
65,0,0,120.2,204.1,0,0,129.4,1,1.1,1,0,2,1
43,0,1,142.4,191.9,0,2,155.4,1,0.5,1,1,1,1
47,1,2,122.7,184.2,0,0,154.0,0,6.0,0,0,1,0
63,1,1,126.2,277.8,0,0,149.4,1,0.3,0,0,1,0
65,1,2,133.2,200.7,1,2,163.9,1,0.7,1,0,1,1
40,1,0,91.7,261.1,0,1,189.4,0,2.9,1,3,2,0
66,1,0,157.2,305.4,0,1,108.9,1,0.2,1,0,2,1
65,0,1,136.9,216.1,0,0,161.7,0,0.9,0,2,1,0
44,1,1,116.9,204.4,0,0,132.9,0,1.0,1,0,1,1
72,1,2,107.6,277.2,0,1,149.4,1,1.0,1,2,1,1
38,0,1,102.4,237.9,0,0,163.9,0,1.4,1,0,1,1
47,1,0,103.6,135.0,1,0,138.0,0,0.1,1,0,2,0
59,1,2,139.3,310.6,0,0,178.3,0,1.2,2,0,1,1
45,1,1,136.0,262.5,0,1,142.9,1,0.2,0,1,1,0
57,1,1,145.8,225.7,0,2,167.4,0,0.6,1,0,2,0
57,0,2,144.9,223.9,0,2,146.6,0,2.4,0,2,2,1
52,1,0,144.8,271.5,0,1,112.8,0,0.2,1,0,2,1
63,1,3,163.9,242.6,0,0,139.5,0,1.2,1,3,1,1
51,1,1,154.8,242.9,0,0,164.3,1,1.0,2,1,1,0
57,1,1,152.0,249.1,0,1,139.1,0,1.3,2,0,1,0
67,1,3,141.5,209.9,0,2,119.4,0,2.4,1,1,1,1
63,1,2,149.2,228.7,0,1,155.5,0,1.6,1,2,1,1
63,1,0,128.9,236.3,1,0,136.3,1,0.8,1,0,3,1
41,1,2,126.8,203.4,0,1,153.5,1,0.2,0,0,1,0
60,1,1,166.5,255.6,0,1,115.1,0,0.2,2,1,2,1
44,1,2,121.5,259.2,0,0,185.7,0,0.1,1,2,1,0
40,1,2,119.1,310.7,1,1,190.7,0,0.7,1,0,3,0
53,0,1,124.2,207.6,0,0,138.7,0,2.0,0,2,2,1
44,0,0,118.6,277.1,0,0,138.0,0,0.2,0,0,2,0
63,1,2,127.9,307.2,0,0,194.9,0,2.3,0,2,1,0
63,1,0,140.6,286.3,0,1,148.1,0,0.2,0,0,2,0
33,0,1,130.7,212.1,0,0,142.3,1,2.2,2,0,2,1
45,1,1,148.1,224.6,0,0,158.7,0,1.2,0,0,3,1
38,0,2,166.4,302.6,0,0,157.9,1,0.3,2,0,1,1
49,1,2,126.1,231.4,0,1,176.6,1,3.9,0,0,2,1
59,1,0,134.1,241.8,1,1,195.4,0,0.6,1,0,1,1
51,1,3,100.2,218.9,0,0,148.7,0,0.2,1,0,2,1
48,1,2,109.2,273.3,1,0,166.7,0,1.2,1,1,1,0
68,1,1,134.9,138.0,1,0,129.4,0,0.2,0,0,1,1
29,1,3,136.1,197.0,0,0,134.9,1,2.2,1,0,2,1
68,1,3,146.3,203.2,0,1,140.6,1,2.6,0,0,1,1
48,1,0,143.6,309.2,0,1,110.2,1,0.1,0,1,1,1
53,1,2,156.4,251.3,1,0,204.1,0,0.7,0,2,2,1
48,1,2,163.2,230.4,1,0,174.2,0,0.1,1,0,1,1
71,1,0,133.9,238.4,0,1,144.4,1,0.5,0,0,1,1
40,1,0,116.1,175.7,0,0,117.0,1,1.2,0,2,2,1
54,1,2,145.8,301.1,0,1,149.9,0,0.5,1,3,1,1
60,1,1,152.3,228.0,0,0,112.9,1,2.7,2,0,3,1
36,1,3,131.9,261.2,1,1,175.5,0,0.3,0,2,1,1
44,0,0,125.3,209.0,0,0,180.2,0,0.2,1,0,3,0
52,1,3,124.4,238.1,0,2,149.8,1,1.1,2,1,1,0
44,1,3,130.7,197.5,0,0,117.6,0,2.5,0,2,1,0
45,1,2,144.2,227.3,0,1,119.2,0,0.0,0,0,1,0
50,1,1,121.0,285.8,0,0,113.8,1,1.7,2,0,1,1
61,0,2,118.3,248.5,1,1,125.8,1,0.8,2,2,1,1
50,0,1,140.8,256.5,0,0,123.7,0,0.1,1,2,2,1
66,0,2,118.7,248.4,0,1,126.9,0,1.1,1,0,1,1
43,0,1,131.0,309.3,0,2,186.6,0,0.5,0,0,1,0
40,0,3,129.3,200.6,0,0,142.3,0,0.5,0,0,1,0
75,1,0,139.3,242.7,0,1,120.2,0,0.1,2,0,1,1
47,1,2,120.7,247.2,0,0,154.4,0,1.1,1,1,2,1
40,1,3,161.7,192.7,0,1,170.2,0,0.1,1,0,1,0
35,1,2,136.4,240.3,0,0,183.4,0,0.7,1,0,2,0
66,1,0,127.7,246.9,0,1,181.4,0,1.8,2,1,1,0
50,1,1,139.0,245.0,0,0,134.6,0,1.4,1,0,2,1
51,1,2,166.2,245.6,0,1,145.2,0,0.2,0,2,2,1
52,0,1,132.1,211.1,0,0,104.7,1,1.7,1,0,1,1
65,0,0,161.4,173.8,0,2,114.7,1,2.1,0,0,1,1
52,0,0,109.8,248.8,0,0,142.8,0,1.3,1,0,1,1
80,1,2,125.2,211.2,0,1,115.6,0,5.3,2,1,1,1
55,1,0,95.7,237.7,0,1,128.5,1,0.1,1,0,2,0
66,0,3,169.6,212.7,0,1,118.9,0,0.1,0,2,1,1
63,1,1,105.6,179.4,0,0,160.8,0,1.0,1,0,1,0
54,1,2,137.1,257.3,1,0,115.9,0,0.4,0,1,1,0
48,1,0,163.8,270.1,0,0,184.0,0,0.6,1,2,3,1
58,0,3,149.5,291.3,0,0,120.9,1,1.3,2,1,1,0
60,0,0,139.3,223.8,0,1,177.8,1,2.3,0,1,1,1
48,0,0,152.6,241.0,0,2,120.7,0,0.3,1,1,2,1
56,0,0,119.5,257.1,0,0,118.1,1,0.2,1,0,3,0
68,1,0,146.8,291.2,0,0,143.7,0,1.4,0,0,1,0
77,0,1,134.7,172.4,0,0,133.0,0,1.9,0,1,1,1
63,1,2,133.9,179.9,0,0,159.7,0,1.5,0,0,1,0
74,0,1,139.4,309.5,0,1,114.5,0,0.1,0,0,3,0
47,0,2,150.4,164.8,0,0,143.6,0,1.4,0,3,1,1
62,1,2,164.2,284.6,0,1,141.9,0,0.6,0,3,1,1
69,1,3,132.9,305.2,1,0,150.4,0,0.9,0,0,2,1
44,1,0,111.9,273.2,0,1,163.6,0,0.5,0,0,3,1
49,1,0,118.0,195.5,0,1,168.0,0,0.0,1,0,3,0
73,1,0,173.8,208.8,0,1,164.3,0,5.6,0,0,2,1
43,1,1,157.9,235.0,1,0,151.5,1,0.2,0,2,1,0
39,1,1,110.6,313.2,0,1,189.1,0,1.1,1,0,1,0
71,0,1,165.1,324.1,0,1,134.0,0,0.3,2,1,1,1
67,0,1,121.4,259.1,0,0,142.6,1,0.0,0,0,1,0
59,1,2,147.2,173.0,0,1,152.5,1,4.5,1,0,1,1
53,1,1,120.9,248.2,0,0,149.5,0,0.0,2,0,1,1
49,0,1,168.7,230.5,0,1,166.8,1,1.0,0,0,2,0
57,0,0,121.5,243.5,1,1,153.5,0,1.3,0,1,1,0
71,1,2,119.4,174.5,0,0,104.8,0,0.8,1,0,1,1
57,1,2,126.5,253.2,0,1,109.0,1,1.5,0,0,1,1
78,1,2,187.3,183.7,1,0,140.4,0,0.2,0,1,1,1
44,1,3,136.2,126.6,1,0,134.5,0,0.0,1,1,1,0
54,1,2,115.5,251.3,0,0,157.9,1,0.8,1,0,1,0
50,1,0,118.8,324.4,0,1,113.8,1,0.6,1,2,2,1
42,1,0,99.5,200.4,0,0,152.9,0,1.5,0,1,1,0
52,1,3,143.2,219.9,0,0,132.8,0,0.1,2,0,1,1
59,1,2,112.7,282.6,0,0,155.3,0,0.1,1,0,3,1
60,1,2,155.4,294.7,0,0,118.3,0,0.4,0,0,3,0
78,1,2,154.2,254.4,0,1,145.0,0,1.6,0,2,1,0
59,1,1,133.4,212.0,0,0,168.0,0,0.6,0,2,1,0
67,0,3,156.5,304.3,0,0,149.8,0,1.5,0,1,1,1
55,1,0,150.9,187.6,0,2,153.8,0,1.0,1,0,1,1
72,0,1,138.3,224.8,0,2,157.8,0,0.6,1,0,1,0
80,0,1,123.7,276.4,0,1,150.2,0,1.8,0,0,2,0
60,1,2,142.9,174.5,0,1,103.1,1,1.1,0,1,3,1
43,1,1,138.6,254.6,0,1,177.9,1,0.5,1,2,2,1
48,0,1,138.3,289.4,0,1,185.0,0,0.1,0,0,1,0
57,0,2,133.2,316.2,0,0,158.6,0,0.5,0,0,1,1
59,1,1,141.1,226.0,0,0,114.3,0,0.1,0,3,1,1
62,1,1,141.4,224.8,0,0,115.6,0,0.7,0,0,1,1
59,0,2,156.8,274.6,0,0,95.5,0,0.1,1,0,1,0
54,0,2,108.1,214.2,0,0,170.6,1,1.5,0,1,3,0
47,1,1,114.2,225.4,0,0,180.4,0,0.4,0,0,3,0
58,1,2,136.4,257.0,1,1,155.0,1,0.9,0,1,1,1
74,0,2,122.3,264.8,0,0,153.0,0,0.4,0,0,3,1
65,0,0,137.5,161.3,0,0,134.2,0,2.1,0,2,3,1
60,1,1,115.5,192.2,0,0,155.6,0,0.7,1,1,1,1
65,0,0,116.6,164.6,1,0,140.2,0,1.4,2,3,1,1
50,0,2,167.1,166.6,0,1,155.8,0,1.1,0,0,1,1
48,1,2,128.4,190.1,0,1,156.3,1,1.2,0,0,3,0
46,1,0,110.9,228.8,0,1,167.3,1,0.7,1,2,2,1
53,0,2,128.7,235.5,1,1,128.2,0,6.0,0,2,2,1
49,1,3,151.4,145.0,0,0,123.5,0,0.1,1,0,3,0
67,1,1,158.9,204.9,0,0,171.4,0,0.7,1,0,1,0
49,1,3,106.5,172.8,1,0,174.2,0,0.5,2,0,1,0
45,0,3,114.9,229.4,0,1,167.1,0,0.4,2,2,1,0
75,1,2,143.3,219.9,0,1,136.6,0,1.4,0,0,1,1
49,1,2,132.1,295.0,0,0,128.5,0,0.0,0,0,1,0
56,1,1,105.7,236.0,0,1,156.6,0,0.5,0,1,1,0
59,1,1,109.4,216.4,0,1,124.5,0,0.5,1,0,2,1
41,1,3,111.5,225.3,0,0,178.2,0,0.7,1,2,2,1
68,1,1,105.6,218.0,0,1,111.5,1,0.5,0,1,1,1
61,1,0,127.5,302.9,0,1,143.4,0,0.3,0,3,1,1
71,1,0,159.8,232.6,0,0,151.6,1,0.8,1,0,1,0
47,1,2,120.3,259.0,1,2,161.0,0,2.4,1,0,1,1
55,1,1,153.7,276.5,0,1,168.1,0,0.4,1,1,1,1
54,1,0,134.5,212.3,0,0,127.1,0,0.1,2,0,1,1
57,1,2,131.4,163.1,0,0,159.1,0,0.7,1,2,1,0
38,1,1,100.0,214.6,0,2,150.2,1,1.9,0,0,1,0
55,1,2,155.3,269.8,0,1,150.2,0,0.1,0,0,2,0
38,1,0,132.1,161.2,0,1,116.1,0,1.9,0,2,2,1
58,1,0,106.2,253.9,1,2,168.4,0,1.2,0,1,1,1
31,1,0,135.1,270.3,0,0,139.4,0,0.8,2,3,2,1
34,0,2,115.4,295.6,0,0,166.6,1,0.6,1,2,1,0
63,0,2,134.4,274.4,1,0,171.9,1,0.5,0,1,1,0
48,1,2,136.8,252.2,0,2,199.8,0,1.3,0,0,3,0
43,0,1,150.1,245.7,0,1,171.2,0,0.6,2,1,3,0
68,1,3,117.2,193.2,0,2,151.5,0,1.1,1,1,3,1
58,1,0,145.3,201.2,0,0,164.3,0,0.0,2,2,1,1
64,1,0,160.4,168.7,0,1,130.9,1,2.8,0,1,2,1
52,0,3,175.9,243.9,1,0,148.9,0,0.6,0,0,1,1
83,0,1,157.1,270.9,0,1,149.2,0,2.5,0,0,1,1
47,0,2,135.8,244.1,0,0,147.1,0,1.0,0,1,1,0
73,0,0,140.7,260.5,1,0,94.8,0,1.1,2,0,1,1
53,1,0,161.7,274.5,0,1,175.5,0,0.2,0,3,1,0
36,0,2,121.3,176.7,0,0,174.0,0,0.1,0,0,1,0
59,0,0,146.6,245.9,0,0,119.2,0,0.2,0,0,2,0
57,0,0,171.2,253.3,0,0,120.1,0,0.8,1,0,2,1
42,1,1,129.0,216.6,1,0,162.0,1,0.0,1,2,2,0
44,1,1,95.2,144.4,0,1,205.0,0,2.1,1,0,1,0
54,0,2,115.5,196.3,0,0,148.9,0,0.6,0,0,1,0
58,1,2,140.3,220.4,1,0,132.7,0,0.7,0,1,1,1
27,1,2,112.2,238.5,0,0,124.0,0,0.2,1,0,1,0
66,0,1,127.8,247.1,0,1,148.3,0,2.0,2,0,1,1
49,1,1,127.4,324.3,0,1,165.5,0,1.1,1,0,2,1
39,1,2,140.3,277.7,0,1,148.9,0,0.1,1,1,2,0
64,0,0,116.5,243.9,1,0,138.0,1,0.2,0,2,1,1
54,1,1,123.5,246.7,0,0,141.0,1,0.1,2,2,3,1
67,0,3,159.6,301.9,0,1,117.8,0,1.0,2,1,1,1
59,1,1,126.6,300.7,0,0,123.3,0,0.1,1,3,2,0
54,1,2,147.1,256.1,0,1,87.1,0,0.7,0,1,3,1
52,1,0,133.8,317.0,0,1,125.1,1,1.2,1,1,1,1
59,1,2,134.8,203.6,0,0,153.3,0,0.7,1,0,1,0
49,0,0,143.0,238.4,0,0,129.8,0,0.6,0,0,3,1
45,0,3,95.2,377.6,0,0,162.2,1,0.1,1,0,2,0
61,1,0,143.7,275.1,0,1,105.6,0,0.7,0,0,2,1
52,0,3,140.4,234.5,0,1,157.0,0,0.1,1,0,1,0
54,0,1,146.3,246.0,0,0,134.1,0,0.0,2,1,3,1
66,1,2,130.2,253.5,0,0,126.0,1,1.9,1,0,1,1
53,0,3,130.8,314.5,0,0,177.0,0,2.7,0,0,1,0
54,1,0,90.0,276.8,0,0,96.1,1,0.0,2,0,3,1
47,0,1,117.2,235.5,0,1,164.0,1,1.0,1,0,2,1
59,0,3,135.4,169.4,1,0,162.0,0,0.3,1,0,3,0
58,1,1,161.5,210.8,0,0,138.1,0,0.6,0,2,1,0
64,0,2,166.7,247.5,0,1,110.5,0,0.7,1,0,1,1
48,1,0,126.3,233.6,0,0,152.7,0,0.7,1,2,1,1
49,0,2,145.5,287.9,0,1,140.4,0,1.0,1,1,1,0
63,1,0,133.6,234.4,0,0,164.9,1,0.2,2,0,2,1
57,1,2,105.7,279.4,0,1,164.9,0,1.4,1,0,3,0
44,0,1,139.4,173.1,0,0,153.6,0,0.3,0,1,3,0
68,1,1,170.5,223.2,1,1,115.7,0,2.3,1,2,2,0
35,1,0,122.4,265.3,1,1,156.3,0,0.1,2,0,1,0
63,0,2,116.9,335.5,0,0,145.4,0,0.1,2,0,1,1
40,1,1,131.7,230.3,0,1,153.0,1,0.1,2,3,1,1
75,0,1,134.0,285.2,0,0,129.7,0,1.1,0,2,1,1
37,0,2,173.7,294.2,1,1,144.4,1,0.1,1,0,1,1
67,1,0,155.4,287.9,0,1,112.0,1,0.2,1,0,2,1
53,0,3,133.1,274.0,0,0,143.0,0,0.4,1,1,1,0
50,1,2,90.0,224.4,1,0,153.0,0,1.1,2,0,1,0
56,1,2,131.9,309.0,0,0,148.1,0,1.0,0,1,1,0
61,1,0,169.1,185.9,0,0,142.4,0,2.1,0,0,1,1
44,1,2,132.9,182.2,0,0,111.6,1,0.2,1,2,1,1
45,1,0,146.5,320.4,0,0,135.5,1,0.2,0,2,1,1
61,1,2,142.8,259.8,0,1,169.6,0,0.3,1,0,3,1
35,0,1,117.5,180.3,0,0,174.4,0,0.4,0,2,1,0
48,1,0,162.9,176.2,0,1,147.7,0,1.2,0,0,1,0
85,1,0,145.2,187.3,0,0,130.5,1,0.7,2,1,1,1
43,1,3,118.5,327.1,0,0,129.6,0,0.8,0,1,2,0
67,1,2,137.6,242.4,0,0,116.2,0,0.3,0,0,2,1
48,1,0,158.2,216.5,0,2,135.9,1,1.4,0,0,2,1
60,1,3,108.9,315.2,0,1,137.1,0,0.6,0,0,2,1
61,1,0,140.6,254.9,0,0,131.6,1,0.6,0,0,1,0
66,1,2,138.3,231.2,0,0,143.4,0,0.3,0,0,1,0
52,0,2,102.8,287.4,1,0,149.9,0,0.3,1,0,3,1
76,1,3,153.3,275.4,0,2,139.0,1,0.8,1,0,1,0
48,0,1,134.1,265.7,0,0,108.8,1,0.1,0,0,2,0
57,1,1,150.6,230.6,0,0,202.2,1,2.8,0,0,1,1
57,0,2,152.2,203.1,0,0,152.2,0,0.8,1,0,1,1
42,0,1,127.0,192.7,0,0,146.9,0,1.0,1,0,3,1
51,0,0,120.2,244.9,0,0,140.5,1,0.0,0,2,1,1
56,0,2,105.9,242.4,0,1,146.3,0,0.0,0,0,1,0
49,1,2,121.2,260.9,0,0,140.2,1,3.3,0,1,1,1
81,1,1,140.9,232.2,1,1,114.5,0,0.2,1,1,2,1
45,1,1,114.4,294.6,0,1,151.2,0,0.2,0,2,3,0
67,1,1,147.8,187.6,0,2,158.5,1,2.1,1,1,1,1
63,0,2,117.0,262.9,0,2,140.2,0,1.6,1,0,2,1
54,1,2,102.3,201.4,0,0,151.6,0,1.1,0,1,3,0
44,1,2,121.1,227.2,0,1,175.3,0,1.2,2,1,1,0
46,1,2,135.3,198.1,0,2,170.3,1,0.0,2,0,2,0
48,1,2,109.8,223.1,0,1,188.5,0,1.1,0,2,1,0
34,0,1,110.0,187.3,0,0,126.1,0,0.3,1,0,1,0
43,1,0,119.9,193.5,0,0,134.0,0,0.3,1,0,2,1
38,1,2,121.0,278.2,0,0,138.3,1,0.6,0,0,3,0
69,1,0,143.1,185.5,0,1,100.1,1,0.5,0,2,1,1
61,1,3,147.2,272.4,1,0,126.3,1,0.8,0,0,1,1
63,1,3,127.7,282.0,0,0,156.9,0,1.3,0,0,3,0
60,1,2,116.8,275.6,0,0,174.2,0,2.3,2,0,2,0
56,1,1,137.0,240.9,0,0,154.9,1,0.6,0,0,1,1
70,0,2,144.3,198.9,0,1,179.5,1,0.9,0,1,1,0
47,1,2,161.3,171.0,0,1,133.7,0,0.7,1,0,1,0
55,1,2,154.9,189.8,0,0,164.4,0,0.0,1,2,1,0
62,1,0,113.3,192.6,1,2,157.5,1,1.8,2,1,2,1
39,1,2,127.7,248.3,1,0,160.8,0,1.3,1,3,1,0
85,1,2,150.0,190.0,1,2,126.8,0,3.2,1,1,1,1
54,0,0,115.7,232.3,1,0,141.6,1,0.5,1,2,2,1
56,0,1,125.2,243.9,0,1,164.7,0,1.7,0,0,1,1
68,1,2,149.6,233.0,0,1,149.7,0,1.3,1,0,2,1
64,1,0,141.0,233.0,0,0,148.9,0,0.1,1,0,1,1
54,1,0,134.0,297.6,0,1,159.4,0,3.5,1,0,3,1
55,1,0,122.5,263.7,1,1,145.5,0,0.2,1,2,2,1
37,0,3,100.7,266.4,0,1,175.2,0,1.8,0,2,3,1
48,0,0,123.9,222.9,1,1,136.1,1,0.6,1,0,3,1
60,1,1,133.9,278.0,0,0,146.4,1,0.9,2,2,1,0
59,1,0,108.8,256.5,0,0,143.8,0,0.7,0,0,1,1
67,0,2,135.1,255.2,0,0,135.3,0,0.1,1,0,2,0
53,0,2,137.8,223.8,1,0,150.0,0,2.9,2,0,1,0
39,0,2,114.8,246.6,1,2,143.8,0,2.1,0,3,3,1
66,0,2,141.3,338.4,0,0,196.9,0,0.9,1,1,1,0
70,1,2,143.0,273.6,1,1,163.9,1,0.7,1,1,2,1
64,1,1,131.0,320.1,0,0,167.4,1,0.4,0,2,2,1
52,1,2,126.0,157.7,0,1,162.7,0,0.2,0,0,2,0
65,1,0,130.8,248.4,0,0,162.1,0,1.5,2,1,1,1
85,1,2,126.3,288.4,0,1,149.8,1,0.7,0,0,3,0
55,0,0,137.5,258.8,0,0,141.2,1,1.1,2,0,3,1
40,1,3,115.3,259.2,0,2,149.9,0,0.3,0,0,2,0
48,1,2,118.4,222.2,0,0,133.9,0,2.2,0,1,1,0
61,0,2,141.7,297.1,0,0,159.0,0,3.8,1,0,1,1
36,1,2,125.1,164.7,0,0,121.1,0,1.1,2,0,1,1
56,1,2,135.6,235.5,1,0,155.0,1,1.9,0,0,1,1
58,0,1,101.2,248.3,0,0,138.0,1,0.3,1,1,2,0
71,0,1,125.8,222.1,0,0,101.4,0,3.6,0,0,3,1
68,1,1,167.8,247.5,0,0,145.3,0,0.3,2,3,1,1
64,1,0,104.4,158.5,0,1,135.7,0,0.3,0,0,1,0
30,1,0,159.5,176.0,1,0,171.0,1,2.5,1,3,1,1
64,0,0,138.2,300.8,1,1,130.3,0,0.3,1,0,1,0
62,1,3,126.4,254.9,0,0,111.0,0,0.5,0,0,2,1
57,0,2,128.1,225.8,0,1,142.4,1,1.9,0,0,1,1
35,1,0,151.4,277.9,0,0,139.9,0,1.9,0,0,2,1
45,1,0,90.8,299.3,0,0,112.0,0,0.1,0,0,3,0
41,1,1,156.2,316.5,0,1,174.1,0,0.4,0,0,1,1
32,0,1,130.3,150.7,0,1,147.4,1,0.3,0,1,1,0
54,0,2,149.2,302.2,0,2,144.5,1,2.3,1,0,1,0
45,0,1,97.3,187.2,0,1,104.4,0,0.4,1,1,1,1
83,0,3,134.2,264.8,0,1,120.8,1,0.3,0,0,2,1
52,0,0,90.0,267.6,0,1,164.2,0,0.3,2,0,3,0
68,1,1,159.1,317.1,0,2,94.3,1,2.1,1,2,1,1
37,1,3,112.1,256.1,0,1,154.7,1,0.2,0,1,1,0
48,1,0,114.5,251.6,0,1,135.6,1,0.2,2,0,3,1
55,1,1,99.4,204.9,0,0,163.2,0,1.8,0,1,3,1
44,0,1,136.5,163.6,1,0,143.1,0,0.2,0,2,1,0
49,1,2,134.0,201.6,1,0,160.9,1,0.7,0,2,1,1
52,0,1,117.0,302.6,0,0,162.5,1,0.7,1,2,1,1
51,1,3,138.0,241.8,1,0,142.0,1,0.0,1,1,1,0
74,1,3,125.0,321.5,0,0,146.4,1,0.9,2,0,2,0
58,1,3,103.3,211.2,0,0,139.6,1,1.1,1,0,3,0
59,0,1,125.7,277.7,0,0,152.1,0,0.2,0,1,2,0
60,0,3,162.1,250.9,0,0,123.1,0,0.9,1,3,1,1
61,0,2,150.2,300.8,0,0,122.6,1,0.2,0,1,3,1
53,1,1,141.9,231.2,0,0,122.5,1,1.4,1,0,1,1
50,1,0,137.4,234.4,1,2,155.8,0,0.8,0,0,1,1
56,1,2,128.0,295.7,1,0,173.0,0,0.5,1,0,1,1
67,0,2,147.5,154.0,0,0,160.9,1,3.3,2,1,2,1
66,1,0,147.2,239.3,0,1,135.1,0,3.1,1,0,1,0
51,1,2,131.8,167.3,0,0,145.8,0,0.0,1,0,2,0
62,0,3,136.6,242.9,0,0,160.8,0,0.4,2,1,2,1
52,0,1,101.6,222.2,0,1,177.8,0,0.3,0,1,3,1
54,1,1,125.4,267.9,0,0,100.2,0,3.1,0,2,1,1
49,1,3,111.3,260.2,0,1,139.4,0,0.2,1,1,2,1
52,0,0,108.7,228.1,0,1,152.2,0,0.1,0,0,1,0
69,0,3,143.2,204.3,0,1,137.7,0,0.2,0,0,1,1
55,1,2,111.5,245.2,0,1,145.4,0,1.4,1,2,3,1
55,0,1,145.1,299.2,0,0,188.9,0,0.7,0,1,3,1
38,0,0,145.6,192.7,1,0,138.8,0,3.4,0,0,3,1
51,1,0,132.1,174.2,0,1,135.8,0,1.7,2,0,3,1
51,1,1,122.4,159.3,0,2,128.2,1,0.2,0,0,1,0
45,1,2,150.3,170.7,0,0,118.1,1,0.5,0,0,1,0
54,1,1,143.9,241.1,0,1,133.0,1,1.7,1,0,2,1
49,1,2,154.3,177.8,0,0,129.6,0,1.3,0,0,1,0
55,1,2,114.8,225.3,0,0,140.5,0,0.4,0,3,1,1
55,1,2,129.6,262.1,0,0,166.1,0,0.9,0,2,2,0
43,0,3,124.3,143.9,0,1,139.2,0,0.9,0,3,1,1
50,0,2,133.8,283.4,0,0,168.4,1,2.1,2,1,3,1
55,0,3,142.5,304.6,0,1,167.4,1,0.0,0,0,1,1
67,1,1,139.7,328.0,0,0,137.7,0,0.3,0,0,1,0
57,1,2,158.8,307.3,0,2,156.7,1,1.2,1,1,2,0
47,0,2,122.5,345.1,0,1,170.1,1,1.0,1,2,1,1
58,1,3,116.1,252.9,0,1,137.3,1,0.4,0,0,1,0
73,0,2,123.8,283.5,0,0,131.5,0,2.0,0,1,1,1
64,0,1,119.3,233.8,0,0,149.7,0,1.3,1,0,1,0
60,1,1,127.3,272.7,0,0,154.1,1,0.9,1,0,2,1
62,1,0,131.2,250.2,0,1,141.5,0,0.3,0,0,2,1
70,0,0,130.9,173.8,0,1,154.6,0,0.4,0,0,2,0
66,0,1,138.2,179.4,0,0,136.4,1,1.0,1,1,2,1
60,0,3,124.2,323.1,0,1,156.1,0,3.4,2,0,3,1
66,1,0,155.9,252.4,0,0,148.8,0,1.9,0,0,2,0
42,1,1,96.1,299.7,0,0,140.9,0,0.2,1,3,3,1
37,1,3,90.0,210.5,0,1,187.9,0,1.4,2,0,1,0
56,1,1,152.5,202.8,0,0,167.0,0,2.8,1,0,1,0
55,1,3,150.9,238.0,0,0,123.9,1,0.1,1,0,2,0
48,1,1,154.8,273.8,0,1,165.9,0,1.1,1,0,1,0
63,1,1,147.7,305.8,0,0,135.2,1,0.1,1,0,2,1
34,0,0,126.0,242.6,0,1,176.6,0,0.0,0,1,3,1
48,1,3,127.8,268.1,0,0,175.1,0,3.7,1,2,1,1
49,1,3,103.9,233.3,1,1,162.7,0,0.2,0,0,2,1
36,1,2,132.2,299.2,0,0,184.4,0,1.6,0,1,3,0
70,0,0,109.1,311.7,0,1,150.5,0,0.8,2,2,1,1
39,0,3,171.6,201.6,0,0,147.4,0,1.0,1,0,3,1
48,0,3,110.9,256.2,0,1,104.9,0,0.2,0,0,1,1
64,0,1,132.1,201.1,0,2,116.2,0,1.4,1,0,1,1
61,1,2,162.9,279.8,1,1,130.2,1,0.4,1,0,1,1
42,1,3,124.4,219.8,0,1,165.5,0,0.9,1,0,1,0
62,1,1,129.5,209.1,0,1,114.8,1,0.5,1,0,1,1
57,1,0,90.0,152.7,0,2,115.3,0,0.2,0,0,2,0
80,1,3,116.9,298.2,0,0,122.2,1,0.1,0,0,2,1
58,1,1,145.1,251.3,0,0,138.0,0,0.5,1,0,3,1
52,1,3,163.6,251.7,0,0,150.5,1,0.0,0,0,1,1
45,1,2,115.7,274.8,0,1,180.4,0,3.3,0,0,2,1
46,1,0,135.5,205.1,0,0,140.7,0,0.3,0,0,1,0
45,1,1,180.5,197.8,0,1,149.1,0,1.1,0,0,1,0
69,1,2,148.0,270.8,0,0,157.4,0,0.8,0,0,2,1
54,1,0,151.6,292.4,0,2,126.9,1,1.3,0,1,2,1
60,0,1,118.7,266.9,0,0,168.9,0,1.8,2,0,1,0
71,0,0,163.2,317.9,0,0,115.0,0,2.1,0,0,2,1
28,0,2,112.0,257.1,0,1,153.2,0,1.1,0,0,2,0
68,1,3,121.9,268.7,0,0,122.8,0,0.5,1,1,3,1
55,1,2,160.9,277.9,1,1,180.8,0,0.7,1,2,2,1
59,0,2,120.8,232.9,0,2,146.6,0,0.5,0,1,2,0
45,1,1,131.7,183.6,1,0,148.4,1,3.0,0,0,1,1
46,0,2,158.3,239.4,0,1,125.7,1,0.4,0,0,3,1
59,1,2,118.8,274.6,0,2,169.8,0,0.3,0,3,1,1
80,0,2,133.2,212.7,0,0,149.5,0,0.8,1,0,1,0
65,1,3,125.8,183.4,0,1,125.7,1,0.1,0,0,2,1
68,1,2,131.6,214.4,1,0,139.4,0,2.2,0,2,2,1
52,1,3,134.2,299.5,0,1,157.1,1,4.3,0,0,2,1
47,0,3,153.4,260.8,0,0,158.7,0,0.4,0,0,1,0
45,1,0,161.3,232.7,0,0,142.0,0,0.1,1,1,1,0
49,1,2,135.6,197.1,0,1,183.6,0,0.3,0,0,1,0
31,1,3,115.2,245.5,0,0,156.2,0,0.5,0,0,2,0
46,1,3,144.2,246.7,1,1,147.9,1,1.8,1,0,2,1
48,1,1,132.6,259.4,0,0,172.4,0,3.4,1,0,2,0
52,1,2,134.2,350.9,0,0,164.7,1,1.3,1,2,1,1
55,1,1,115.7,263.5,0,0,166.8,1,2.7,1,3,1,1
58,1,0,105.9,212.3,0,0,186.6,0,0.2,2,0,1,0
54,1,3,133.7,180.5,0,1,132.7,0,2.6,1,2,1,1
48,1,3,113.2,214.7,1,1,154.3,1,0.9,0,0,1,1
32,1,2,119.0,213.6,0,0,143.0,0,0.6,1,2,1,0
48,0,0,156.2,275.8,0,1,139.4,1,0.6,1,1,1,1
43,1,2,130.0,210.4,0,1,136.6,1,3.1,1,2,1,1
59,1,1,155.2,199.5,0,1,142.7,0,0.5,0,0,3,0
64,0,0,138.8,268.6,0,1,159.3,0,0.2,1,0,1,0
64,0,0,144.0,217.7,0,1,133.6,0,0.9,0,0,1,0
62,1,0,126.1,269.6,0,0,146.0,1,0.1,2,1,3,1
53,1,2,154.5,203.8,0,1,128.5,0,1.2,0,0,1,1
48,0,1,135.1,218.5,1,0,134.8,0,0.0,0,2,1,1
46,0,0,124.2,213.0,0,0,122.1,1,0.5,0,1,1,1
37,1,3,135.3,253.5,1,1,150.0,0,1.6,0,3,1,0
65,0,3,120.9,238.9,1,1,137.4,1,0.5,2,0,2,1
52,1,0,128.2,186.9,0,0,147.6,0,1.5,1,0,3,1
40,1,0,129.5,179.1,1,0,139.2,0,1.2,0,2,1,0
45,1,2,122.3,224.3,0,2,159.8,0,1.1,0,0,2,0
44,0,0,156.6,175.6,0,0,148.9,0,0.5,1,0,1,0
54,0,0,123.5,223.2,0,0,128.9,1,2.5,1,2,1,0
66,1,1,174.5,256.9,0,0,142.6,0,0.4,0,2,1,0
50,1,3,134.2,188.0,0,1,151.4,1,0.5,1,0,1,1
29,0,3,120.5,270.0,0,2,159.4,1,1.2,1,0,1,1
52,1,3,124.4,301.6,1,0,172.8,1,1.4,0,1,2,1
52,1,2,141.1,288.4,0,0,157.1,0,0.4,1,0,1,0
52,1,2,149.6,270.1,1,0,205.0,1,1.6,1,0,2,0
47,1,1,90.0,257.5,1,0,142.0,0,1.8,0,2,3,0
56,0,2,131.6,252.7,0,2,147.9,0,0.0,1,1,3,0
55,0,2,95.5,258.0,0,0,121.5,0,0.6,2,1,1,0
54,0,2,148.7,214.8,1,0,136.6,0,1.1,1,0,2,0
59,0,0,150.2,242.0,0,0,102.9,0,0.3,0,0,1,1
49,1,0,133.5,246.2,0,1,161.2,0,1.1,0,0,3,1
49,1,3,136.5,267.9,0,0,171.3,1,0.2,1,1,2,1
69,0,1,109.0,176.7,0,1,132.5,1,0.0,1,2,2,1
60,1,1,125.6,252.8,0,0,107.5,0,0.9,1,0,1,1
63,1,1,125.2,291.3,0,0,189.3,0,0.1,0,1,1,0
67,1,1,129.2,219.4,0,1,130.1,0,0.6,1,0,1,1
60,1,0,151.2,238.7,0,0,133.4,1,0.6,0,2,1,1
64,1,0,159.6,162.9,0,0,158.4,1,3.0,1,3,1,1
37,1,2,140.7,238.4,0,2,136.2,0,0.1,1,0,3,1
56,0,0,125.7,176.6,0,0,130.5,0,0.7,1,0,2,1
52,0,2,117.1,216.4,0,0,163.7,0,1.5,1,3,2,0
72,1,0,140.1,245.6,1,1,165.2,0,0.1,1,2,2,1
64,1,0,141.8,218.2,0,0,135.8,1,1.0,0,0,1,0
47,0,3,125.3,231.7,0,2,120.4,0,3.2,0,1,1,1
58,1,2,123.1,259.2,1,0,165.7,1,0.0,1,1,2,0
56,0,2,142.6,240.4,0,2,94.7,0,0.6,0,0,3,1
59,1,0,148.1,249.4,1,0,155.3,0,1.9,2,0,1,1
43,1,0,107.6,155.3,0,2,124.7,0,0.2,0,0,1,0
58,1,2,128.1,235.9,0,0,137.1,0,1.0,2,1,1,1
51,1,0,147.3,142.7,0,1,156.1,0,0.8,1,2,1,1
57,1,2,152.5,225.0,0,0,124.3,0,1.2,1,1,1,1
46,0,2,130.2,319.6,1,0,142.3,0,1.3,0,0,2,0
48,1,2,139.1,280.5,0,2,141.5,1,0.9,1,0,2,1
67,0,2,138.8,183.1,0,2,137.2,0,1.5,1,0,3,1
42,1,1,148.2,213.3,0,1,158.5,0,0.3,2,2,2,1
43,1,1,111.3,229.8,0,2,154.2,0,2.1,0,1,3,1
53,1,2,138.6,263.3,0,1,148.8,0,2.4,0,0,1,0
46,1,2,116.0,276.0,0,0,176.0,1,0.3,1,3,1,1
44,1,0,151.1,309.6,0,1,185.3,1,4.6,2,0,3,1
55,0,1,112.2,199.8,0,0,157.3,0,1.5,2,0,3,1
37,1,1,137.1,245.0,0,2,164.0,0,0.1,0,0,2,1
43,0,2,112.3,160.0,0,0,120.5,0,0.5,1,0,1,0
77,0,0,150.3,267.5,0,1,81.3,1,0.0,0,0,1,0
59,0,3,140.2,264.8,0,1,137.0,0,0.6,0,0,1,1
46,1,2,136.3,239.5,0,1,186.2,1,1.2,1,0,2,1
59,1,3,170.5,271.9,0,0,139.1,0,0.5,0,0,1,0
60,0,2,119.9,205.6,0,1,159.7,1,0.2,1,0,1,1
65,0,0,150.4,187.2,0,1,136.5,0,3.2,0,1,2,1
53,1,0,154.8,199.2,0,1,151.7,0,0.2,1,3,1,1
65,1,3,153.4,261.5,0,0,126.9,0,3.6,0,2,2,1
32,1,2,116.3,291.4,0,1,177.4,1,1.1,0,0,1,0
42,1,0,126.8,199.4,0,0,155.3,1,0.1,2,0,1,1
56,1,3,123.6,212.0,0,0,129.2,0,1.8,1,0,1,1
58,1,1,129.6,247.9,0,2,110.4,1,2.1,1,0,1,1
44,1,1,116.4,389.5,0,1,170.4,0,0.2,1,0,1,1
57,1,2,128.2,222.8,0,1,154.0,1,0.9,2,3,2,1
47,1,3,158.7,281.4,1,1,156.3,1,2.2,1,2,1,1
51,1,0,127.5,232.5,0,0,130.2,1,1.5,0,1,2,0
65,1,1,138.7,221.5,1,0,157.7,0,0.2,2,0,1,0
64,0,1,120.4,186.4,0,1,125.8,0,0.1,0,0,2,0
43,1,3,131.0,224.2,0,0,174.2,1,0.9,0,3,3,1
42,1,2,145.9,274.6,0,0,134.2,1,0.7,1,0,1,1
49,1,1,141.6,201.4,1,0,123.3,1,3.5,1,0,1,1
54,1,2,159.5,245.6,0,0,147.2,1,0.6,0,0,2,1
47,1,1,110.5,201.4,0,0,166.4,0,0.2,0,0,1,0
65,0,2,120.1,226.9,1,1,158.3,0,0.5,0,2,1,1
58,0,3,124.6,176.2,0,1,149.4,0,0.0,1,3,1,0
58,1,2,162.4,344.8,0,1,170.5,1,0.6,1,0,1,1
40,1,3,135.9,250.0,0,0,161.9,1,4.5,0,0,2,1
67,1,2,111.7,231.6,0,0,141.8,1,1.2,1,0,3,0
23,1,0,145.9,287.3,0,0,114.8,1,0.5,0,3,2,1
63,1,2,138.2,240.6,0,0,119.3,1,2.4,1,1,1,1
64,1,0,152.5,265.1,0,1,164.9,1,0.4,0,0,3,1
49,0,2,158.3,308.4,0,0,129.9,0,0.7,1,2,2,1
68,1,2,119.9,311.1,0,1,133.0,0,1.7,1,2,1,1
53,1,3,162.2,190.7,0,1,139.3,0,1.2,0,0,2,1
55,1,0,132.9,242.3,0,2,124.2,0,0.1,0,0,1,1
58,0,3,124.5,299.0,0,0,131.5,0,2.2,0,0,1,0
85,0,3,141.5,204.7,0,0,127.9,1,1.0,2,2,1,1
69,0,0,113.3,235.3,0,0,112.8,0,4.4,2,0,1,1
62,1,3,135.6,231.3,0,2,135.0,0,2.4,0,1,3,1
44,1,1,127.1,259.9,0,0,138.1,0,0.6,0,0,2,0
56,1,0,117.6,277.4,1,2,148.6,0,1.5,1,0,1,1
45,0,3,117.1,288.9,1,0,172.5,1,1.4,2,1,2,0
63,0,1,153.7,248.2,0,0,172.4,0,0.0,1,0,1,0
56,0,2,128.3,196.3,0,1,148.3,0,0.7,2,0,1,1
42,1,2,113.3,221.6,0,0,132.6,1,0.6,1,2,2,0
55,1,0,142.3,195.2,0,2,178.1,1,0.3,0,0,2,0
45,1,2,145.5,208.2,0,0,161.6,0,0.1,0,1,1,0
56,0,0,131.5,273.3,0,1,134.0,0,1.0,1,3,2,0
45,0,0,106.5,175.1,0,0,145.7,0,0.6,1,0,1,1
54,0,3,90.0,217.1,0,0,132.9,0,0.0,0,0,3,0
62,1,3,119.8,283.4,0,1,158.7,1,4.1,1,1,1,1
53,1,1,152.7,271.2,0,1,169.8,1,5.4,0,2,1,0
50,1,0,150.3,204.7,0,1,157.3,0,2.5,0,2,2,1
56,1,1,120.2,202.5,0,0,170.5,0,0.4,1,3,1,1
62,1,3,131.8,313.5,0,1,141.4,0,1.2,1,1,1,1
42,0,0,140.6,253.7,0,0,205.0,0,1.6,1,0,1,1
57,0,0,129.3,206.7,0,0,143.0,1,0.2,1,0,1,1
68,0,3,151.4,244.5,1,0,96.7,0,0.7,0,2,2,1
60,1,1,133.7,291.3,0,0,164.1,1,1.3,1,0,1,0
55,1,0,142.9,202.4,0,0,138.1,0,0.4,1,0,1,1
61,1,0,129.9,203.6,1,0,167.0,0,0.1,0,1,1,0
59,0,3,118.1,252.9,0,0,151.0,0,0.8,1,3,1,1
62,1,1,157.0,184.7,0,1,127.7,0,0.5,2,1,2,1
32,0,0,98.5,204.1,0,1,158.7,0,0.6,1,0,1,0
37,0,3,116.0,216.3,0,0,125.6,1,1.8,1,0,3,1
65,1,3,135.1,128.3,0,0,124.2,0,0.5,2,0,1,1
37,1,0,145.2,239.1,0,2,165.0,0,0.9,2,0,2,0
58,1,2,119.2,269.8,0,1,161.9,1,2.1,1,2,1,1
50,1,1,135.3,325.8,0,1,167.4,0,1.0,0,0,3,1
43,0,2,103.3,263.8,0,2,140.5,0,1.3,1,1,1,0
58,0,1,139.9,197.7,0,1,168.7,0,1.0,0,0,3,0
56,0,1,164.3,222.2,0,0,146.9,0,0.5,0,0,1,1
77,0,2,101.5,331.3,1,0,146.8,1,0.1,1,1,3,1
47,0,2,116.2,258.9,0,0,175.4,0,0.5,1,1,1,0
70,1,1,153.1,293.1,0,0,143.4,0,0.9,2,2,1,1
58,0,0,185.0,217.6,0,0,124.9,1,0.0,1,3,1,1
47,1,3,142.8,229.4,0,0,177.8,1,1.6,0,1,1,0
63,1,0,123.1,241.5,0,1,151.8,0,2.2,0,0,1,1
60,0,2,129.8,284.0,0,0,153.2,1,0.0,0,0,2,0
54,1,0,111.9,222.5,0,1,121.3,0,0.8,1,0,3,1
57,1,2,149.2,269.0,0,0,172.1,1,2.9,0,1,2,1
47,1,0,151.1,238.9,0,0,161.2,0,0.6,0,1,1,0
45,0,0,154.1,184.9,1,2,123.2,1,2.1,1,0,1,1
62,1,2,130.1,244.1,0,0,138.1,0,0.2,0,2,1,1
52,0,1,116.0,289.3,0,1,147.1,1,0.1,2,0,1,0
53,1,2,160.7,241.3,0,1,149.4,1,1.9,0,0,1,1
57,0,0,156.6,228.0,0,0,141.3,0,0.6,1,0,2,0
57,1,0,117.0,305.1,1,0,146.1,1,0.4,0,3,1,0
38,1,2,123.2,253.0,0,0,178.2,0,0.8,1,3,1,0
68,1,0,151.7,185.5,0,0,137.7,0,1.3,2,0,3,1
55,0,0,126.7,229.0,1,0,134.8,0,0.7,0,0,1,0
52,0,0,131.1,252.5,0,1,152.1,0,0.4,0,0,2,1
59,1,0,108.8,253.5,1,1,168.8,1,2.3,1,1,1,1
57,1,0,114.5,264.9,0,0,162.1,1,1.0,2,0,1,0
62,1,1,134.4,237.1,1,1,91.8,0,1.0,0,0,3,1
60,1,0,122.9,234.2,0,1,115.4,0,0.9,1,0,1,1
62,0,3,112.3,244.8,1,0,103.2,0,0.4,2,3,2,1
69,1,0,132.1,281.6,0,1,148.0,0,3.1,1,0,1,1
64,0,3,117.7,214.8,0,0,165.6,0,3.0,0,0,1,0
52,0,3,131.0,237.5,0,1,147.6,0,1.2,0,0,2,0
42,1,0,148.9,248.1,1,0,157.6,0,0.5,0,0,2,1
72,1,0,133.1,224.0,0,1,115.2,0,0.3,2,1,1,1
51,0,0,122.6,260.7,0,1,173.6,0,3.4,0,0,2,1
49,0,2,149.1,255.0,0,0,133.7,0,0.5,1,0,2,0
35,1,2,142.5,143.7,1,0,183.1,0,0.4,1,0,1,0
58,0,2,146.4,244.3,0,0,131.9,0,2.9,1,0,3,1
56,1,2,90.0,304.5,1,0,182.1,1,0.3,1,1,1,0
37,0,0,118.7,301.3,0,1,126.8,0,0.3,2,0,1,0
59,0,3,122.0,273.2,1,2,121.5,1,0.5,0,0,1,1
49,1,1,117.9,295.5,0,0,176.5,0,2.9,2,1,2,0
84,1,3,160.5,245.2,0,1,154.9,0,0.2,2,2,1,1
48,0,1,119.7,264.4,0,1,145.2,1,1.0,0,1,1,1
49,1,1,107.7,246.9,0,1,120.7,0,1.0,0,3,1,1
44,0,3,132.9,267.3,0,2,98.6,0,1.3,1,1,1,1
68,1,2,137.4,327.5,0,1,169.9,1,0.3,1,1,1,1
50,1,2,116.4,284.1,0,2,159.2,0,0.4,2,2,2,1
46,1,1,150.3,223.5,0,0,155.9,0,0.3,1,1,1,1
62,1,3,145.6,313.7,0,0,127.6,0,0.7,0,2,1,1
39,1,3,139.7,247.1,1,1,148.1,0,0.6,1,0,1,0
61,1,1,144.5,272.5,0,1,162.4,0,1.0,0,2,2,1
74,1,1,158.6,238.0,0,0,110.9,1,1.2,1,0,3,1
60,1,2,132.7,275.9,0,0,162.8,1,1.7,1,1,2,1
61,1,3,113.4,261.4,0,0,157.6,0,0.6,0,1,3,1
64,0,2,129.8,294.7,1,1,176.6,1,1.0,2,1,1,0
73,1,3,108.9,225.9,1,1,148.0,1,0.3,0,0,1,1
67,1,1,118.1,287.8,1,1,159.0,0,1.2,0,2,3,1
59,0,3,161.4,135.8,0,0,113.3,0,4.2,2,0,1,1
64,1,0,116.7,217.8,0,1,136.4,1,1.8,1,0,1,1
44,1,1,110.4,178.7,0,0,151.4,1,0.5,0,1,3,0
63,1,1,148.3,259.4,1,0,150.5,1,0.7,1,3,1,1
43,0,2,143.8,279.9,0,1,156.7,1,0.1,0,0,2,1
50,1,1,103.0,239.6,0,1,172.1,1,0.7,1,3,3,1
22,1,3,130.5,289.9,0,1,169.8,0,0.7,0,1,1,0
58,0,3,122.1,208.7,0,1,126.1,1,0.6,1,0,1,0
47,1,2,138.2,177.3,0,0,129.4,0,0.5,1,2,1,1
66,1,0,131.6,277.4,0,0,173.8,0,0.0,2,3,2,1
58,1,0,110.4,294.3,0,1,151.5,0,0.1,0,1,1,0
66,1,1,128.3,250.2,0,0,143.2,0,0.2,2,1,2,1
42,1,2,142.3,317.4,0,1,160.5,1,0.5,0,1,1,1
65,0,0,168.7,267.6,1,1,145.4,0,1.0,1,0,2,1
77,1,2,146.8,266.9,0,1,127.1,0,0.1,0,0,1,0
62,1,2,129.0,225.3,0,0,156.1,0,1.5,2,0,1,1
63,1,2,115.0,187.2,0,0,164.5,1,0.6,1,1,2,1
56,0,1,128.6,230.4,0,0,165.1,1,0.1,0,0,1,0
48,0,2,122.7,308.9,0,2,150.2,1,1.3,2,0,2,0
62,0,0,138.5,252.6,0,0,119.6,0,0.0,1,2,2,1
37,1,0,128.7,218.2,0,1,129.4,0,1.9,1,0,3,1
49,0,3,138.4,199.8,1,0,171.8,1,2.2,0,2,3,1
35,1,1,122.8,258.5,0,1,148.3,0,1.1,2,0,1,0
46,1,3,162.8,189.1,0,1,155.7,1,1.9,0,0,2,1
61,0,0,143.3,259.6,0,0,124.2,0,0.5,0,0,1,0
60,1,1,122.8,223.2,1,0,148.4,1,2.4,0,2,3,1
55,0,1,149.3,230.3,0,0,171.5,0,0.1,2,1,2,1
56,1,3,113.7,270.4,0,1,175.0,0,0.6,0,2,1,1
33,1,3,113.4,192.3,0,1,129.6,0,0.5,1,0,3,0
50,0,0,115.6,240.3,1,0,165.5,1,1.9,1,1,2,1
47,0,1,153.2,171.8,0,0,132.2,1,0.0,0,2,2,1
47,1,2,129.0,234.0,0,0,190.5,1,0.6,1,0,2,0
61,1,3,124.4,265.7,0,1,186.1,0,0.8,1,0,1,1
45,1,2,134.7,273.1,1,0,161.4,0,1.0,1,2,1,0
47,0,3,139.0,288.9,0,1,154.0,0,0.4,1,2,1,1
31,1,0,156.9,262.3,0,1,157.2,1,3.1,0,0,1,1
51,0,2,103.3,222.5,0,1,182.0,1,2.5,1,0,1,1
42,1,2,153.7,157.5,1,1,158.3,1,0.6,0,0,1,1
55,1,0,97.0,285.3,0,0,153.5,0,2.0,0,0,2,1
44,1,2,147.8,214.8,0,1,148.5,0,0.5,2,0,2,1
55,1,3,155.2,178.1,1,2,148.0,0,0.1,0,0,3,0
52,0,3,152.4,323.0,0,1,160.4,1,0.2,0,0,2,0
72,0,1,145.7,245.0,0,0,146.4,1,1.5,1,0,2,1
59,0,1,113.1,264.7,0,0,164.4,0,0.3,1,2,1,0
34,0,1,139.4,244.4,0,2,164.8,0,2.0,2,0,3,0
40,1,0,111.3,235.9,0,1,152.8,0,2.3,2,0,1,0
55,0,3,114.4,224.7,0,1,154.1,0,0.2,1,0,1,1
44,1,0,123.3,212.2,0,2,158.7,0,0.0,1,0,2,0
22,1,2,119.4,328.1,0,0,151.1,0,0.5,1,0,3,0
69,1,1,142.1,182.5,0,1,92.2,0,0.0,1,0,2,1
62,0,2,120.5,225.1,0,0,121.5,0,0.3,1,0,1,1
60,0,0,138.4,204.3,0,0,116.5,1,0.7,1,2,1,1
47,0,0,104.5,261.7,0,0,171.4,1,0.6,0,1,1,1
59,1,1,135.9,224.9,0,0,124.0,0,1.0,0,0,1,0
46,1,2,127.1,216.6,0,0,183.8,0,0.0,0,0,1,0
56,1,2,152.7,270.3,0,1,130.0,0,0.6,0,0,3,1
44,1,0,151.6,323.0,0,0,166.9,0,0.5,2,1,1,0
71,1,0,135.2,210.8,0,1,179.5,1,0.3,0,0,1,1
37,0,2,91.5,167.2,0,1,171.1,1,1.2,1,0,1,0
68,1,2,111.0,249.1,0,0,181.7,1,0.4,1,2,2,1
54,0,0,151.2,278.3,0,2,126.8,0,0.7,0,1,1,1
49,0,0,127.2,230.2,0,0,176.9,0,0.2,0,0,2,0
56,1,0,166.0,269.9,0,0,130.9,1,0.2,0,0,1,0
62,1,0,152.1,220.1,0,0,164.5,0,0.8,1,1,1,0
69,1,0,142.3,351.9,0,0,137.3,0,0.1,2,2,1,1
57,0,2,134.1,269.5,0,0,151.1,0,2.6,0,0,2,0
44,1,3,110.8,216.6,0,1,153.1,0,3.6,0,0,3,0
55,0,0,119.9,208.7,0,0,140.2,0,0.1,0,0,2,0
74,1,2,146.5,260.3,0,2,138.4,1,0.2,0,0,2,1
69,0,2,128.5,276.3,0,1,148.2,0,0.7,0,1,2,0
64,0,3,141.9,187.4,0,1,108.6,1,0.3,0,0,3,0
63,1,2,154.8,245.0,0,1,136.1,0,0.3,1,1,2,1
62,1,3,132.8,276.9,0,1,157.2,1,1.1,1,1,3,1
67,1,2,129.5,260.6,0,2,143.3,1,1.5,0,1,2,1
49,0,2,113.6,267.1,0,0,171.9,1,0.7,1,1,1,0
39,1,1,145.3,301.8,0,1,124.2,0,0.3,1,0,2,1
55,1,0,147.8,120.0,0,0,153.8,0,2.3,0,0,3,0
45,1,3,171.1,247.9,1,2,169.8,0,1.2,0,0,2,1
42,0,2,131.2,133.7,0,1,148.6,0,1.1,2,0,1,0
46,0,0,127.3,236.6,0,0,143.9,1,1.0,1,1,3,1
81,1,3,149.2,308.0,0,0,161.1,0,2.2,0,1,2,1
55,1,1,129.1,236.1,0,1,82.7,1,0.2,0,1,2,1
58,1,1,119.1,201.7,0,0,134.3,0,0.9,0,0,3,0
41,1,2,132.3,273.2,0,0,143.0,0,0.7,1,3,3,1
34,1,2,137.2,240.6,0,0,173.2,1,0.7,1,2,1,0
45,1,2,141.2,246.6,1,2,175.3,0,0.1,0,0,1,0
70,0,1,143.0,341.9,0,0,161.5,1,0.2,0,0,1,0
58,1,3,154.2,176.5,0,1,131.6,0,0.8,0,1,1,0
61,0,3,142.1,215.9,0,0,149.1,1,0.3,1,0,1,0
62,0,0,137.9,260.7,0,0,131.3,0,2.9,1,0,2,1
47,1,1,109.5,292.6,0,1,174.7,1,0.2,0,3,2,1
69,1,0,142.2,204.4,0,0,144.7,0,0.8,0,0,1,1
47,1,3,129.2,220.9,0,0,150.4,0,0.5,1,0,3,1
69,0,3,114.6,243.6,0,1,142.8,0,0.8,2,0,1,1
59,0,2,141.3,236.5,0,1,165.1,0,0.7,0,0,2,0
34,1,3,138.3,265.1,0,1,166.7,1,0.3,0,2,1,1
46,0,2,136.7,236.4,0,0,145.9,0,3.0,0,0,2,1
34,1,1,139.0,263.0,0,1,155.3,1,0.1,1,0,3,1
67,0,1,136.5,193.0,0,1,155.9,1,0.1,0,2,1,1
54,1,1,129.6,247.8,0,1,125.1,0,3.0,1,0,2,1
29,1,1,159.6,234.2,0,0,183.6,0,0.6,1,2,2,0
58,0,2,134.7,279.9,0,0,102.6,1,0.6,0,0,1,1
48,1,0,90.0,350.2,0,0,152.8,1,0.3,0,1,3,0
38,0,0,90.0,277.9,0,1,142.6,1,0.7,0,0,1,0
72,0,0,157.2,216.7,0,0,199.5,0,0.3,1,2,1,1
55,1,2,101.2,269.6,0,0,95.9,0,3.0,1,0,2,1
51,1,3,123.5,238.1,0,1,142.3,0,0.1,1,0,2,0
50,0,3,108.1,225.1,0,1,134.8,1,0.4,1,0,1,0
37,1,2,124.3,212.2,0,0,176.2,1,0.7,0,2,1,0
40,0,2,134.4,210.9,0,1,183.5,0,2.0,1,0,1,0
68,0,1,122.5,195.9,0,0,137.0,0,0.0,1,0,3,0
49,1,1,118.1,182.6,0,2,92.1,1,0.8,0,1,1,1
54,1,1,147.1,270.2,1,2,189.7,1,0.1,2,0,1,1
32,1,0,175.9,218.0,0,2,182.7,0,0.1,1,0,2,1
40,1,2,140.2,244.5,0,1,195.9,0,2.8,0,0,1,0
61,1,0,119.3,205.6,0,0,140.1,0,0.0,0,1,3,1
58,1,2,150.7,268.3,0,1,152.6,0,0.3,0,0,2,0
73,0,0,167.1,217.1,0,0,124.5,0,2.8,0,0,2,1
69,1,0,156.9,187.7,0,0,91.3,1,0.5,2,3,1,1
51,1,3,105.5,309.3,0,0,140.4,1,0.5,1,0,1,1
59,1,0,144.8,252.3,1,1,124.9,0,0.4,2,2,1,1
51,1,1,125.0,226.6,0,1,147.4,0,0.3,0,0,3,0
77,0,0,137.7,241.0,0,0,98.9,0,0.2,0,2,2,1
67,0,0,127.5,230.1,1,2,153.9,0,0.3,0,0,2,1
56,1,2,147.9,263.8,1,0,153.9,1,0.0,0,0,1,0
56,0,2,125.1,174.0,0,1,99.6,1,0.4,0,0,1,0
70,1,0,163.5,167.6,0,1,84.4,0,0.1,0,0,1,1
60,1,3,135.4,248.5,1,0,125.3,0,1.0,0,1,1,1
71,1,2,134.2,170.7,0,2,155.4,0,1.6,1,1,1,1
30,1,1,138.3,149.1,0,1,205.0,0,0.2,2,0,3,0
59,0,1,138.7,282.9,0,1,121.9,1,1.6,2,2,1,1
48,1,2,143.3,246.6,0,0,138.9,1,0.1,0,1,3,1
73,1,2,136.4,256.0,0,0,108.2,1,0.6,2,0,1,0
71,1,0,162.3,198.1,0,0,132.7,1,1.9,2,2,1,1
54,0,1,148.8,302.6,0,2,143.2,1,1.2,1,2,2,1
71,0,0,135.0,291.6,0,1,158.9,0,0.5,1,0,3,1
74,1,1,153.8,188.6,0,1,103.1,1,1.2,0,0,2,1
55,0,1,126.5,237.0,0,1,168.8,1,0.1,1,0,3,1
81,0,3,148.0,232.8,1,0,148.2,1,0.2,2,1,1,1
54,1,2,148.9,239.4,0,0,134.8,0,1.4,0,0,2,0
52,1,2,138.0,288.6,0,0,131.9,1,0.7,1,1,1,1
64,1,1,121.7,228.1,0,2,136.2,0,0.4,0,0,3,1
50,1,0,111.5,283.3,0,0,133.3,1,0.1,1,0,3,0
55,1,0,139.5,165.6,0,0,139.3,0,0.5,1,0,1,1
70,0,2,122.0,219.9,0,1,97.7,0,0.4,1,0,1,0
54,1,1,153.0,223.7,0,0,140.5,0,0.1,0,0,1,0
35,0,0,99.1,211.0,0,0,150.0,1,0.7,0,1,1,0
58,1,0,158.7,243.9,0,1,148.5,0,0.2,1,0,2,1
46,1,3,132.9,245.5,0,0,180.2,0,2.2,1,0,1,0
64,0,2,118.1,255.0,1,1,137.5,1,5.3,1,0,1,1
62,1,0,127.9,283.2,0,1,121.2,0,0.2,2,2,3,1
70,1,2,134.3,279.3,0,1,99.9,0,0.1,1,0,1,0
64,0,2,142.2,178.8,0,0,154.0,1,0.7,1,1,2,1
66,1,1,114.9,252.2,1,0,145.4,0,3.8,1,1,2,1
47,1,0,115.0,212.0,0,1,149.6,0,0.6,0,0,1,1
63,1,2,130.4,280.6,0,0,145.7,1,0.5,1,0,1,1
76,1,1,138.9,306.1,0,1,152.8,0,3.1,0,0,1,1
46,1,3,144.9,275.6,0,2,159.2,0,0.6,1,0,2,0
74,0,0,140.8,332.3,0,1,142.4,1,1.6,0,1,2,1
48,0,1,122.5,272.4,0,0,182.6,0,0.6,1,1,1,0
45,1,0,136.0,282.2,0,0,154.2,0,1.2,1,0,3,1
57,1,2,137.7,207.5,0,0,130.8,0,2.5,1,0,2,1
62,0,3,128.5,243.1,0,1,171.5,1,1.0,0,0,1,0
64,0,1,135.6,275.3,0,0,129.1,0,3.5,2,2,3,1
43,1,0,92.5,250.2,0,1,127.4,0,1.3,2,1,2,1
59,1,1,152.1,203.0,0,1,153.7,0,0.1,1,1,1,0
46,1,3,141.9,198.0,0,1,166.6,0,0.0,1,3,3,1
38,1,2,157.0,156.1,0,1,139.7,0,0.2,1,2,2,1
44,1,0,116.9,254.3,0,0,172.1,1,0.2,0,2,1,1
46,1,3,142.3,193.3,0,1,152.2,1,0.0,0,1,1,1
60,1,2,101.2,273.1,1,0,133.7,0,0.5,1,0,2,1
67,1,0,105.5,277.8,0,0,140.5,0,4.9,1,0,2,1
38,0,2,122.7,245.6,0,0,143.7,1,0.9,0,1,3,0
58,1,1,124.6,260.2,0,0,144.9,1,1.3,0,0,1,1
41,1,2,149.6,281.7,0,0,192.2,0,0.6,0,0,1,0
61,1,1,157.0,294.5,0,0,136.1,0,0.2,1,0,2,1
47,1,3,155.4,140.8,0,0,143.7,0,0.4,0,2,1,0
42,1,2,141.8,268.2,0,0,135.9,1,0.3,0,0,1,0
63,1,2,147.8,266.0,0,0,132.4,0,0.8,1,2,1,1
48,1,1,109.4,252.3,0,0,123.4,1,0.6,1,1,3,1
51,0,3,155.4,261.2,1,0,139.3,0,1.9,1,0,1,1
30,1,2,150.5,219.1,0,0,146.4,1,0.2,0,3,1,0
64,1,3,111.7,139.4,0,2,136.1,0,0.9,0,0,1,0
63,1,0,144.7,217.9,0,0,119.3,0,0.0,0,0,1,0
54,0,3,121.2,161.0,1,2,202.1,1,1.6,1,0,2,1
37,1,2,163.0,162.8,0,0,140.0,0,0.8,1,1,3,1
67,1,3,119.7,293.0,0,1,130.9,0,0.1,0,1,1,0
47,0,0,130.9,215.0,0,1,157.6,0,1.7,1,0,1,1
49,0,1,133.1,251.5,0,0,159.4,0,0.1,0,0,2,0
79,0,0,136.3,250.3,0,0,148.8,1,0.6,1,0,2,1
46,1,0,170.7,297.5,0,0,146.6,1,2.0,1,0,1,1
62,1,1,166.4,247.5,0,0,124.1,1,0.1,0,1,1,0
60,0,3,103.0,217.2,0,0,176.6,1,0.3,0,2,1,0
58,1,2,143.8,308.0,0,1,125.8,1,0.4,0,2,1,1
57,0,1,131.5,220.5,0,1,141.1,0,0.8,1,0,1,0
58,1,3,150.0,261.2,1,2,146.4,0,0.7,0,0,2,0
57,1,2,138.6,264.3,0,0,159.4,1,1.9,1,0,1,1
53,1,3,119.1,186.4,0,1,157.8,0,2.3,1,0,2,0
71,0,3,116.6,287.9,0,0,124.6,1,0.4,1,0,3,1
40,1,2,123.3,296.1,1,1,160.5,1,2.3,0,3,1,1
65,1,1,134.6,195.4,0,1,106.9,0,0.5,1,2,1,1
63,1,3,139.7,245.8,0,2,190.6,1,1.5,0,0,1,0
62,1,1,125.7,303.2,0,0,125.1,0,0.9,2,1,2,1
66,1,2,167.7,174.1,0,0,160.2,1,1.7,1,0,1,1
53,0,3,140.4,268.7,0,0,126.8,0,0.9,0,3,1,1
33,0,0,141.5,179.1,0,1,174.3,0,1.6,0,1,2,0
53,0,2,128.3,227.0,0,2,125.8,0,0.9,0,0,1,0
43,1,1,112.6,228.3,0,0,173.8,0,0.1,1,0,1,0
46,1,1,147.9,186.8,0,1,194.3,0,1.6,2,0,1,0
40,1,0,112.6,196.4,0,0,157.6,0,1.2,0,0,1,0
49,1,3,96.3,236.5,0,0,163.0,0,1.5,0,0,1,0
47,1,0,142.4,299.5,1,1,173.2,0,0.1,1,0,1,0
28,1,3,113.9,253.5,0,1,150.5,1,1.2,1,1,1,0
62,0,2,127.0,172.1,0,1,163.6,0,1.5,1,2,2,0
78,1,2,152.5,270.3,0,1,123.2,0,0.5,1,0,2,1
61,0,3,116.0,245.7,0,2,191.0,0,3.0,2,0,1,1
52,1,2,104.7,212.8,0,1,122.2,0,1.1,1,0,2,0
53,0,1,152.7,221.8,0,1,151.7,0,0.1,0,2,3,1
49,1,0,131.7,261.5,0,1,128.1,0,1.1,0,0,1,1
55,1,2,156.9,172.6,0,1,173.2,1,0.0,1,0,1,1
54,0,2,142.3,212.9,0,1,202.4,1,0.2,1,1,1,1
45,1,1,143.6,187.9,1,0,159.2,0,0.5,1,2,1,0
73,0,2,138.7,212.9,0,0,178.7,1,0.4,0,1,2,0
38,1,1,132.9,250.3,0,1,175.5,1,1.3,1,0,2,1
62,1,2,156.4,246.3,1,1,179.6,0,0.4,1,2,1,1
53,1,2,148.4,270.6,0,0,166.2,1,1.5,2,0,1,1
75,0,3,125.6,149.6,0,0,173.7,1,0.3,1,0,3,0
58,1,2,143.9,230.9,0,0,180.7,1,0.8,1,2,1,1
50,1,3,121.9,235.3,0,1,139.3,0,1.0,1,2,2,1
51,1,2,127.6,168.3,0,1,139.3,1,2.8,0,2,3,1
54,1,2,144.2,211.1,1,0,143.2,0,0.0,1,0,3,1
41,0,1,116.3,235.9,0,0,141.9,0,0.4,0,0,1,0
46,1,1,134.7,252.7,0,0,164.7,1,0.2,1,2,1,0
34,1,3,135.8,249.7,0,0,191.9,0,1.2,0,1,2,0
44,1,0,125.4,151.2,1,0,165.2,1,0.6,0,3,1,0
55,1,0,147.2,214.0,0,0,140.1,0,0.8,1,0,2,0
57,0,3,123.8,175.1,0,0,151.1,0,0.1,0,2,2,0
32,1,2,145.5,233.4,1,2,117.7,0,0.8,0,2,2,1
52,0,1,132.9,221.7,0,1,123.9,0,0.4,2,0,2,0
60,1,1,138.6,216.0,0,1,137.4,0,1.5,1,0,1,1
52,1,2,117.3,380.1,0,0,160.2,0,0.5,0,0,1,1
47,0,2,125.0,192.7,0,2,146.4,0,0.0,1,0,1,0
49,1,3,136.3,238.9,0,1,155.1,1,0.1,0,1,1,1
48,1,1,150.9,260.4,0,0,146.1,1,0.4,1,0,1,1
47,1,2,126.5,254.7,0,0,143.1,1,0.4,1,0,1,1
56,1,3,152.9,267.6,0,0,121.3,1,1.2,1,2,1,1
79,1,3,126.6,265.8,0,1,142.4,0,0.3,0,0,1,1
46,1,1,138.0,224.1,1,1,142.4,0,1.5,1,3,1,1
51,0,1,121.1,240.8,0,2,152.4,0,0.8,1,0,1,1
53,1,2,161.5,212.2,0,1,134.3,1,0.4,1,0,3,1
46,1,3,156.5,205.9,0,0,165.4,1,0.3,1,0,1,0
66,1,2,142.1,187.6,0,1,142.8,1,0.4,1,0,2,1
28,1,2,117.9,267.0,0,0,169.1,0,0.4,2,1,2,0
48,1,3,105.2,287.9,1,1,134.4,0,0.9,2,0,1,0
63,1,1,143.1,218.7,0,1,124.2,0,1.5,1,0,1,1
51,1,3,137.0,236.9,0,2,156.3,0,0.3,0,0,1,0
45,1,2,147.2,308.6,0,0,121.7,0,1.5,0,3,3,1
59,1,3,108.9,292.5,0,0,163.7,1,0.0,1,0,3,1
64,1,3,139.0,284.1,0,0,139.2,0,0.4,1,0,1,1
56,1,1,142.2,254.0,0,1,124.9,1,0.4,1,0,3,1
45,1,0,115.5,210.6,0,0,120.0,0,0.0,1,0,2,1
59,1,1,137.3,220.5,0,0,166.8,0,0.8,2,0,1,0
50,1,3,119.9,250.3,0,1,100.5,1,0.1,0,0,2,1
62,0,3,118.1,263.5,0,1,153.2,0,1.1,0,0,3,0
70,1,1,128.4,204.4,0,1,141.1,0,1.1,0,3,3,1
25,1,0,122.0,286.1,0,0,179.0,1,0.2,1,1,1,0
55,0,2,153.5,303.7,0,0,123.1,0,0.1,0,1,3,1
35,0,1,120.5,269.7,0,1,144.2,0,0.1,1,1,2,0
81,0,0,122.5,317.0,1,1,138.5,0,0.3,2,0,1,1
49,1,2,147.4,267.7,0,0,151.8,1,1.5,2,1,1,1
62,1,1,154.5,256.3,0,1,162.1,1,0.9,1,0,2,1
54,1,2,148.8,243.7,1,0,146.6,0,0.9,0,0,2,0
45,1,0,156.4,224.3,0,1,183.7,0,0.7,1,0,3,0
44,1,3,135.0,237.7,0,0,156.7,0,0.9,1,0,1,0
71,1,2,141.1,201.6,0,2,173.1,0,3.1,0,0,1,1
65,0,1,121.1,241.6,1,0,178.8,1,1.9,0,1,1,0
75,1,2,164.4,197.3,0,1,173.5,0,0.0,1,1,1,0
55,1,0,132.6,206.5,0,0,130.8,1,0.5,1,2,2,0
57,0,3,126.3,296.5,0,1,172.6,0,1.5,0,2,1,1
51,1,2,126.2,292.4,1,2,148.9,1,3.5,0,0,1,1
51,0,2,141.7,203.5,0,0,149.0,0,0.2,1,0,1,0
43,0,0,129.8,275.8,0,0,172.3,0,1.0,0,0,1,1
55,0,0,134.7,215.9,0,1,139.2,0,2.3,1,0,1,1
45,1,2,125.9,209.0,0,2,116.4,1,0.5,1,0,3,0
59,0,0,128.7,304.4,0,1,145.1,0,0.5,0,1,1,1
56,0,2,128.8,193.9,0,2,188.0,0,0.1,1,0,1,1
57,0,1,157.3,163.8,1,1,138.1,0,0.4,2,0,1,0
72,1,1,106.1,218.4,0,1,135.1,0,2.7,1,2,3,1
54,1,0,142.1,214.9,1,0,156.3,0,1.7,1,0,1,1
62,1,3,155.6,227.8,0,1,134.7,0,0.3,0,0,1,0
77,1,3,106.7,173.7,0,1,129.4,0,3.3,1,0,2,1
68,0,0,133.2,261.8,0,0,142.0,0,0.1,0,0,1,0
67,0,1,151.9,329.4,0,0,130.7,0,5.0,0,2,1,1
51,0,1,116.7,253.6,0,2,178.2,0,0.6,1,0,2,1
57,1,1,139.6,232.7,0,0,192.4,0,0.3,0,0,1,0
39,1,3,113.5,265.5,0,1,166.7,1,0.2,2,0,3,0
59,0,2,132.8,246.4,0,1,133.8,0,1.3,2,2,1,1
57,0,3,154.7,245.0,0,0,157.0,0,1.0,1,0,1,0
54,1,3,164.5,237.8,0,2,122.5,0,3.4,0,0,3,1
65,0,2,138.3,254.8,0,0,110.6,1,2.8,0,0,2,1
41,1,2,107.7,218.8,0,1,153.6,1,1.8,1,1,3,0
72,1,3,132.9,176.1,0,0,164.5,0,0.3,0,0,1,0
64,1,2,103.9,326.2,0,0,172.6,1,1.7,0,2,3,1
53,1,0,128.5,264.4,0,1,156.9,0,1.3,1,3,1,1
52,0,2,147.9,209.8,0,1,164.2,1,2.3,2,2,1,1
59,1,2,110.7,258.6,0,1,149.7,1,0.6,1,1,1,1
71,1,3,134.5,197.6,0,1,135.2,0,0.3,2,0,1,0
55,1,2,119.6,258.5,1,0,120.5,0,1.9,0,0,2,1
56,1,0,166.8,274.8,1,0,172.6,0,1.0,0,1,1,1
54,1,1,141.2,286.8,0,1,138.3,1,0.7,1,0,2,1
74,0,3,151.3,273.4,1,0,153.8,0,1.0,1,0,1,1
50,1,3,138.3,231.6,1,0,149.2,0,2.3,0,2,3,1
54,0,2,144.7,286.5,0,0,126.6,1,0.1,2,0,1,0
70,1,0,157.5,222.7,0,1,119.8,1,0.2,0,0,2,1
56,0,0,132.2,255.2,0,1,133.7,0,0.1,0,0,1,0
67,1,1,127.7,213.9,0,0,142.2,0,0.9,1,0,1,1
44,0,3,111.7,248.0,0,1,179.6,0,0.2,2,0,1,1
52,0,3,162.2,306.4,0,1,164.4,0,0.1,1,2,1,0
70,1,3,152.8,281.0,0,0,120.5,0,0.9,1,0,1,1
47,1,2,92.2,279.5,0,0,122.9,1,0.3,2,0,1,0
52,1,3,129.1,289.7,0,1,163.6,0,0.9,0,2,3,1
57,1,1,142.2,239.4,1,0,188.4,0,0.9,1,0,2,0
43,1,0,161.4,199.1,0,2,175.3,0,0.3,2,0,1,0
49,1,3,112.9,158.1,0,0,195.4,0,2.0,1,0,1,0
55,0,0,138.9,194.1,0,0,136.0,0,1.0,2,1,2,1
55,0,2,124.1,246.9,0,0,146.9,0,0.9,0,0,1,0
68,0,2,113.0,156.9,0,2,168.4,0,2.1,1,0,1,0
71,0,0,159.5,255.1,1,1,101.4,0,2.7,1,0,1,1
45,0,0,111.4,260.0,0,1,161.4,0,1.7,2,2,1,1
55,1,1,151.7,172.9,0,1,153.9,0,0.9,1,1,3,1
61,1,2,107.0,282.5,1,1,174.1,0,0.8,0,0,2,0
71,1,0,129.4,228.8,0,2,116.1,0,0.4,1,0,1,1
62,1,1,146.3,172.2,0,0,137.9,1,0.2,0,0,3,1
57,1,2,147.7,168.0,0,1,130.8,0,1.5,1,0,3,0
61,0,0,140.6,241.4,0,1,141.0,0,1.9,2,0,2,1
61,1,0,153.5,247.6,0,1,116.4,0,0.5,0,0,1,1
44,1,1,126.3,237.2,0,1,165.2,0,2.1,0,0,1,0
56,1,1,159.6,287.7,0,0,150.1,0,1.3,2,0,3,1
70,1,2,144.4,249.7,1,0,132.0,0,2.4,0,0,1,0
52,0,3,143.7,215.2,1,1,155.0,1,1.8,0,0,3,0
55,1,0,140.8,227.6,0,1,156.7,0,0.0,1,1,3,1
51,1,3,142.1,287.9,0,1,182.1,0,0.3,0,0,1,1
29,1,1,109.7,183.3,0,0,160.5,0,1.1,1,0,1,0
54,1,2,117.1,248.4,0,1,176.9,0,1.7,0,2,2,1
57,0,3,122.0,251.5,0,2,127.9,0,2.0,0,0,1,0
48,1,2,141.8,284.3,0,1,137.5,0,1.4,1,0,1,1
41,0,0,117.2,241.8,0,0,190.6,0,0.1,1,0,1,0
44,1,0,126.2,195.8,1,1,180.4,1,0.1,1,1,1,0
62,1,2,134.7,252.7,0,1,105.5,1,1.0,0,3,2,1
76,1,0,165.0,280.8,0,0,86.2,0,0.4,1,1,1,1
69,0,2,145.6,252.8,0,0,171.8,0,1.9,1,2,3,1
39,1,1,103.9,284.4,0,1,153.7,1,1.3,1,0,2,1
63,1,1,139.1,187.1,0,0,128.4,0,3.2,2,0,1,1
47,0,2,123.8,232.0,0,0,157.5,1,0.2,2,0,1,0
48,0,2,125.4,239.6,0,1,138.3,0,4.6,1,1,2,1
49,0,2,129.8,273.6,1,0,150.7,0,0.6,1,1,1,0
62,0,1,153.3,283.8,0,0,136.4,0,0.4,2,2,1,1
65,0,0,119.1,246.3,0,1,132.8,1,0.9,1,0,2,1
53,1,2,137.4,225.2,1,0,105.8,0,2.1,0,0,3,1
53,0,2,136.0,249.3,0,0,125.5,0,3.2,0,0,2,1
59,1,2,131.3,193.0,0,1,169.0,0,0.8,0,2,1,0
60,1,3,124.0,222.0,0,2,160.9,1,0.5,1,2,1,1
67,1,0,123.7,271.0,0,0,144.4,0,0.4,0,0,2,0
40,0,3,119.9,252.1,0,0,173.6,0,0.7,1,0,3,0
54,1,2,147.3,212.3,0,1,149.2,0,1.5,0,0,2,0
42,1,3,124.5,202.8,0,1,117.2,0,0.0,0,2,1,0
53,0,1,129.0,205.9,1,2,123.7,0,1.4,0,2,1,1
52,0,2,109.7,208.6,0,2,159.6,0,0.1,1,3,1,1
53,1,2,125.2,247.5,0,0,109.8,1,1.5,1,0,1,1
45,1,2,135.9,291.1,0,1,135.3,0,0.1,0,0,3,0
38,0,1,97.0,294.0,0,1,141.5,0,0.2,1,0,1,1
31,1,1,147.1,192.8,1,1,167.0,0,1.2,2,1,3,1
53,0,2,120.1,255.6,0,1,143.7,1,1.0,0,0,1,1
49,1,3,164.5,252.0,0,1,154.7,1,0.3,2,0,3,1
47,1,1,139.8,248.3,0,1,162.3,0,0.7,0,3,1,0
69,0,1,101.7,203.7,0,0,146.5,0,1.7,1,2,1,1
45,1,3,136.7,205.6,1,0,172.0,0,0.7,0,0,1,0
70,1,2,132.3,262.2,0,0,141.7,0,0.5,1,0,1,0
72,1,1,143.7,230.8,0,1,115.0,0,0.5,0,0,2,0
33,0,0,154.9,238.0,0,0,132.7,0,0.2,1,1,2,0
55,1,2,146.9,197.2,0,1,155.8,0,1.5,1,0,2,1
50,0,1,125.9,218.5,0,0,147.6,0,0.6,1,0,2,1
22,1,0,100.9,171.5,0,0,166.5,0,0.5,1,0,2,0
38,1,2,145.7,247.4,0,0,142.6,0,0.8,0,1,1,0
63,1,1,145.4,229.2,0,2,140.7,1,1.0,1,0,1,1
76,1,1,160.3,260.8,0,2,100.9,0,0.4,0,2,3,1
64,1,1,133.9,228.8,1,1,110.7,1,1.2,2,0,2,1
58,1,2,140.3,253.2,0,0,205.0,1,0.1,2,2,2,1
54,1,1,129.6,320.8,0,0,100.1,0,1.6,2,0,3,1
73,0,0,137.3,225.0,0,2,113.2,0,0.3,1,0,1,1
78,0,1,109.7,271.4,0,1,107.3,0,0.2,0,0,1,1
48,0,0,135.2,210.3,0,1,125.3,0,4.0,1,0,1,1
32,0,2,132.4,227.9,0,2,150.5,0,2.1,1,1,2,1
31,1,3,119.2,254.2,0,1,132.4,0,1.1,1,0,3,0
69,1,2,148.7,259.1,1,0,153.9,0,0.8,1,0,1,0
53,0,1,146.5,271.4,0,1,149.9,1,0.4,0,1,1,1
56,1,0,159.7,284.2,0,0,156.3,1,1.0,0,0,1,1
34,1,0,110.6,263.7,0,1,165.0,0,0.3,0,0,3,0
46,1,0,144.0,279.1,0,2,136.9,1,0.6,1,1,1,1
51,0,1,154.3,249.7,1,0,132.0,0,0.8,0,3,1,1
56,0,0,125.2,210.0,0,0,175.3,0,0.3,1,0,2,0
50,1,3,158.1,275.2,1,0,152.5,0,0.9,1,0,3,0
43,1,3,118.2,220.8,1,0,156.9,0,0.3,0,1,3,1
45,0,2,130.0,268.8,0,0,155.2,0,0.2,1,2,1,0
67,1,0,106.2,190.7,0,1,141.7,1,1.6,0,0,2,1
57,1,2,101.1,226.8,0,1,113.9,0,1.2,1,0,2,1
61,1,0,107.8,213.4,0,0,151.6,0,0.3,0,2,1,1
44,1,0,157.0,255.2,0,2,205.0,0,1.3,1,2,1,1
22,1,1,112.0,204.8,0,1,168.3,1,0.2,1,2,2,0
48,1,1,118.6,238.6,0,0,189.3,0,1.3,1,0,1,0
44,1,1,138.8,231.5,1,0,156.8,0,0.0,0,0,2,0
58,1,0,121.6,288.0,0,0,151.9,1,0.0,1,0,1,1
85,1,0,163.4,273.0,0,0,136.1,1,0.1,0,0,2,1
62,1,3,169.5,256.9,0,0,100.1,1,0.6,0,0,2,1
84,1,1,101.5,252.8,1,1,96.3,0,0.2,0,0,1,1
60,1,0,144.9,209.7,1,0,140.1,0,1.4,1,1,1,1
47,1,1,95.2,200.4,0,0,189.9,0,3.3,1,0,1,1
58,1,0,110.5,255.0,0,0,135.0,0,0.6,0,3,2,1
74,1,2,147.6,186.2,0,2,147.0,1,0.9,1,2,1,1
74,1,1,122.0,246.7,0,1,115.0,0,0.4,1,0,3,0
48,0,2,134.2,244.0,0,0,172.1,0,0.5,1,1,1,0
57,1,2,135.3,180.4,0,0,113.4,0,1.0,1,0,3,1
38,1,2,100.3,233.3,0,1,181.0,0,0.8,0,0,1,0
63,1,0,148.1,244.8,0,0,141.3,0,0.4,0,0,1,1
71,1,1,143.6,338.8,0,0,133.3,1,0.3,2,0,1,1
54,0,3,131.7,241.8,0,1,162.8,0,1.0,0,1,1,1
47,1,2,120.6,277.5,0,1,181.5,1,2.4,0,0,1,1
58,1,3,142.0,262.4,1,0,110.9,0,0.0,0,2,1,1
59,1,3,112.0,254.5,1,1,159.7,0,0.1,0,0,1,0
55,0,2,113.1,278.3,0,0,110.6,0,0.2,1,2,1,1
56,1,1,140.3,178.6,0,0,131.7,1,1.1,1,0,1,1
52,1,2,152.0,236.8,0,0,93.4,1,0.1,2,0,3,1
65,1,2,128.2,257.6,0,2,135.1,1,2.2,1,3,3,1
62,1,2,144.2,201.8,0,0,147.2,0,0.5,0,0,3,0
43,0,2,131.9,235.5,0,0,175.3,0,0.2,1,2,3,1
43,1,2,138.7,241.7,0,0,161.2,0,1.1,1,0,1,0
51,1,2,120.8,232.9,0,0,150.6,0,3.8,0,0,1,1
62,1,1,133.3,205.1,1,1,163.2,0,1.3,0,0,1,0
56,1,0,133.8,208.9,0,0,176.0,0,0.6,1,3,1,1
47,1,3,159.2,224.8,0,0,174.9,0,2.4,1,0,1,1
57,1,3,114.9,259.4,0,1,191.6,0,0.4,1,0,1,0
50,1,2,107.7,244.2,0,0,138.3,0,0.2,1,0,3,1
64,1,1,190.5,253.7,0,2,169.7,0,3.8,0,0,1,0
58,1,0,140.6,232.6,0,1,112.9,1,1.3,0,1,3,1
51,1,0,143.1,203.4,0,0,122.0,1,0.3,1,1,1,1
57,1,0,146.3,228.9,0,0,145.5,1,1.0,1,0,1,1
68,1,1,151.4,209.7,0,1,128.7,1,1.0,0,2,2,1
48,1,0,148.7,120.0,0,0,166.7,1,0.5,0,0,1,0
58,0,1,146.0,242.2,0,1,155.3,1,1.2,0,1,2,0
53,0,2,151.0,229.6,0,1,182.9,0,0.4,1,1,3,1
59,1,3,138.3,297.6,1,2,156.5,1,0.5,0,0,3,0
47,1,0,151.6,269.3,0,0,162.1,0,5.5,1,1,3,1
55,0,1,165.3,262.7,0,1,122.0,0,3.8,0,0,2,1
66,1,3,140.5,201.6,0,1,134.8,0,0.1,1,0,3,1
44,1,3,140.2,282.8,0,0,174.0,0,0.8,0,0,3,0
39,1,1,119.8,242.4,0,1,205.0,0,0.2,1,0,2,0
40,1,1,127.5,220.8,0,0,137.5,0,0.3,0,1,1,1
41,0,1,134.1,202.4,1,0,181.3,0,1.2,1,0,2,1
61,1,0,128.7,215.0,0,0,143.8,0,1.4,0,0,1,1
39,0,1,128.9,224.9,0,0,159.2,0,0.4,1,0,3,1
51,1,1,139.4,195.2,0,1,131.4,1,0.8,0,0,3,0
61,1,2,163.1,245.5,1,2,132.9,1,1.1,2,0,3,1
59,1,0,119.7,235.9,0,1,142.6,1,0.7,0,2,2,1
50,1,2,140.6,270.2,0,0,169.4,1,0.0,1,1,3,1
56,0,1,120.6,235.5,0,0,179.6,1,0.1,1,0,1,1
55,0,2,145.0,161.6,0,0,136.4,0,0.1,1,0,1,0
52,1,2,148.7,227.1,0,1,136.7,0,0.5,1,0,1,1
52,1,2,163.7,191.0,0,1,165.4,0,0.6,1,3,1,0
79,1,0,132.6,223.9,0,0,127.2,0,0.4,0,0,1,0
63,0,1,135.9,203.0,0,0,165.8,0,0.8,0,0,1,0
81,0,1,152.2,342.8,0,0,145.4,1,0.1,1,0,1,1
49,1,2,144.6,224.7,0,1,137.6,0,4.6,2,1,1,0
53,1,0,90.0,272.6,0,1,168.5,1,0.5,0,2,1,1
39,0,2,114.9,222.7,1,0,167.6,0,0.0,0,0,3,0
45,1,0,142.0,228.3,0,0,148.0,1,1.4,0,0,1,0
75,0,1,132.5,227.8,0,1,145.2,0,0.2,1,2,1,1
48,1,2,147.1,208.7,0,0,129.4,0,0.0,1,0,1,0
75,0,1,155.0,219.1,0,0,126.1,0,0.3,2,0,3,1
40,1,1,126.7,253.0,0,1,173.3,0,0.0,0,2,3,0
42,0,2,138.8,234.6,0,0,148.9,1,0.7,1,0,1,0
50,1,2,159.2,298.5,1,0,159.9,0,0.2,1,0,1,1
53,1,1,152.1,231.4,0,0,116.2,0,2.0,1,0,1,0
64,0,1,119.6,232.7,0,1,140.2,0,1.3,0,1,2,0
59,1,2,131.9,244.9,0,0,150.0,0,2.2,0,0,2,0
49,0,3,130.2,266.3,0,1,136.9,0,0.4,1,0,1,1
53,0,0,113.9,246.2,0,0,150.7,1,2.0,0,0,3,1
50,1,2,152.3,299.2,0,0,154.9,1,1.8,1,2,1,1
44,1,3,119.9,351.3,0,0,131.0,1,0.1,0,1,3,1
44,1,1,129.7,273.9,0,2,91.2,1,1.0,1,0,1,1
65,1,1,156.0,261.8,1,1,121.0,1,2.2,1,1,1,1
34,1,2,120.9,146.4,0,0,113.3,0,1.5,1,0,3,0
72,1,0,132.4,308.6,0,0,152.8,0,1.2,1,0,1,1
50,1,1,139.1,294.0,0,1,174.9,0,0.7,0,0,1,0
46,0,1,121.6,306.1,0,0,126.6,0,2.7,0,3,3,1
62,1,0,163.6,279.2,0,1,119.4,0,2.0,0,1,2,1
70,1,0,121.5,205.2,1,1,129.8,0,1.0,1,0,1,0
66,1,2,95.7,203.1,0,1,125.7,0,0.1,0,2,3,0
60,0,3,147.7,195.5,0,0,127.5,0,2.0,0,0,1,1
66,1,1,130.6,249.1,1,1,102.5,0,2.5,2,2,1,1
35,0,0,111.7,203.9,1,0,157.8,0,0.1,2,0,1,0
48,0,2,136.4,277.1,0,0,130.9,1,0.9,0,3,2,1
44,1,2,139.0,212.7,0,0,118.9,0,0.1,1,0,1,1
67,1,2,123.5,231.6,0,0,129.0,1,0.7,1,0,1,0
50,1,2,154.4,251.6,0,0,152.9,0,0.4,1,0,1,1
63,0,3,148.8,223.5,0,1,137.2,0,0.6,0,0,1,0
60,1,0,171.0,203.5,0,0,155.1,0,0.5,1,3,3,1
45,0,0,120.5,158.5,0,0,195.7,0,2.9,0,0,1,0
48,1,1,135.3,280.3,0,0,150.1,0,1.9,2,0,1,1
68,1,1,141.7,205.8,0,0,170.1,0,0.9,0,3,3,0
45,1,3,125.9,221.4,0,0,121.8,0,0.4,0,2,1,0
55,1,3,141.5,225.4,0,0,75.0,0,0.2,1,0,1,1
45,1,3,140.4,147.6,0,0,134.3,0,0.4,0,2,3,1
51,0,0,138.9,253.0,0,1,140.4,0,0.0,0,1,1,0
53,1,2,127.9,302.9,0,0,121.7,1,0.2,1,0,1,1
45,1,1,128.0,280.5,0,0,166.6,0,0.1,0,0,2,0
43,0,3,118.0,221.0,0,0,140.5,0,1.0,1,2,2,1
57,1,0,121.2,288.9,1,0,141.9,1,0.6,0,0,1,0
45,0,0,127.6,162.0,0,0,152.1,0,0.2,0,1,2,0
45,1,3,159.0,274.9,0,0,179.7,0,0.9,1,0,2,0
44,1,2,168.2,205.7,0,0,140.0,0,0.6,1,2,1,1
53,1,3,157.4,283.6,0,1,137.3,0,2.8,0,0,1,1
64,1,0,128.2,246.5,0,0,168.6,0,0.9,0,0,3,1
71,1,3,145.6,194.4,0,0,169.7,0,1.1,1,0,2,0
46,0,2,92.2,249.5,0,1,184.6,1,1.0,1,3,2,0
78,1,2,137.2,249.8,0,1,164.3,0,0.4,1,0,1,0
43,0,2,121.3,248.0,0,2,102.8,0,2.1,0,0,1,0
66,1,2,170.7,210.3,0,1,118.8,1,1.0,0,1,1,1
46,0,1,133.7,187.1,0,1,197.5,0,3.7,0,0,1,0
44,0,0,129.4,264.9,0,0,166.1,1,3.2,0,1,2,1
46,1,2,130.8,235.6,0,1,191.2,0,0.9,0,2,1,1
53,1,2,128.5,266.2,0,1,168.0,0,0.1,2,0,2,1
60,1,0,145.1,267.9,0,0,155.5,0,1.2,0,0,2,1
61,0,0,120.8,275.0,0,0,155.6,0,0.0,2,2,1,1
44,0,2,138.4,309.1,1,1,150.2,1,1.2,1,2,3,1
43,0,1,154.0,246.3,0,0,155.1,0,0.6,1,0,1,1
44,1,0,133.5,194.0,0,1,128.8,0,0.8,0,0,1,0
53,1,3,128.1,207.0,0,0,136.1,1,2.2,0,3,2,1
52,1,0,132.1,227.9,0,0,139.2,1,1.2,0,0,2,1
44,1,1,153.1,247.2,1,1,161.8,1,0.6,0,0,1,0
57,1,1,137.3,303.1,1,1,161.8,0,1.8,1,0,1,1
79,1,1,129.3,244.0,1,0,153.4,0,0.4,0,0,2,1
48,0,1,144.1,313.2,0,0,193.1,1,2.2,1,0,2,0
49,1,3,120.0,317.4,0,0,171.4,1,0.1,1,0,2,0
60,1,2,131.3,262.4,0,1,161.4,1,2.4,1,1,3,1
48,0,1,133.6,267.0,0,0,122.0,0,0.9,1,3,1,1
61,1,1,121.2,223.6,0,0,108.0,1,2.0,0,1,2,1
46,1,2,99.8,312.5,0,1,160.4,1,1.1,0,1,2,1
74,0,0,144.1,220.4,0,1,128.9,0,2.1,0,0,1,0
58,1,3,95.5,295.7,0,1,148.4,0,1.4,1,2,3,1
47,1,0,115.6,193.5,0,0,127.7,0,0.0,1,1,1,1
48,0,2,143.5,267.5,0,1,151.4,0,0.2,2,0,2,1
48,1,2,140.0,288.3,0,1,140.3,0,0.6,0,1,2,0
69,1,3,134.9,286.6,0,0,148.8,0,2.3,2,1,1,0
40,0,0,111.4,216.0,1,1,169.2,0,4.7,1,1,1,1
47,0,2,121.5,227.1,0,1,158.9,0,0.2,1,1,1,0
48,1,0,142.9,307.0,0,0,126.4,0,3.0,0,0,1,1
54,1,2,131.6,219.1,1,0,144.6,0,0.4,2,0,1,1
51,1,1,111.0,219.6,1,2,186.6,0,0.2,0,0,1,0
38,0,0,111.2,302.0,0,2,146.0,1,0.1,0,2,1,0
50,0,2,122.2,237.2,0,1,135.2,1,0.1,1,2,1,1
53,0,1,137.4,238.6,0,1,165.2,1,2.7,1,3,2,1
47,1,0,134.1,319.9,0,0,139.5,0,0.5,1,1,1,0
62,1,1,113.6,215.8,0,0,123.0,0,3.1,1,1,1,1
64,1,0,160.7,212.7,0,2,126.5,0,0.7,0,0,1,1
53,1,3,120.4,248.9,0,1,169.5,1,0.5,1,0,1,0
57,1,1,142.7,243.9,0,0,141.6,0,1.5,1,2,1,1
30,1,2,110.9,198.8,0,0,179.8,1,0.6,1,0,3,0
49,0,3,174.4,275.1,0,1,176.6,0,0.7,0,0,1,1
65,0,1,157.6,245.9,0,0,131.5,0,2.1,2,2,2,1
49,0,1,115.8,242.5,0,0,147.1,0,1.5,0,0,2,0
46,0,0,130.6,238.4,0,0,147.2,1,1.6,2,2,2,1
79,1,3,121.7,204.1,1,2,115.1,0,1.0,2,1,1,0
74,0,2,129.6,212.4,0,0,157.7,0,0.2,0,1,1,1
59,1,0,142.9,173.5,1,0,135.3,0,0.1,0,1,2,1
67,0,1,149.5,296.1,0,0,117.0,0,1.4,0,0,2,0
30,0,3,102.7,233.1,0,0,199.6,0,1.3,1,0,2,0
45,0,2,115.3,282.0,0,0,148.0,1,0.6,1,1,3,1
49,0,2,146.7,219.8,1,1,149.2,1,0.4,1,0,3,1
51,1,2,157.1,290.9,1,0,136.7,0,2.3,1,0,1,1
49,1,2,118.8,168.5,0,1,125.3,0,0.4,1,0,1,0
26,1,3,144.2,274.4,0,0,131.6,0,0.3,0,0,1,0
58,1,2,112.8,239.4,0,1,164.2,1,1.4,0,0,2,1
60,0,3,127.1,182.5,0,2,131.6,0,0.2,0,3,1,0
72,1,3,117.9,123.5,0,0,90.4,0,1.0,1,1,2,1
45,0,0,121.4,260.3,0,2,135.0,1,1.6,1,0,1,1
44,1,0,165.9,281.4,0,1,147.3,1,1.2,1,0,1,1
25,1,3,125.8,234.0,1,1,148.7,0,0.4,0,2,1,0
51,0,0,125.2,266.9,1,0,160.3,1,1.1,1,0,1,1
64,1,2,126.3,264.5,0,0,132.3,0,0.6,0,1,1,0
47,1,3,126.9,241.4,0,2,170.7,0,0.7,1,1,1,0
78,0,1,122.4,292.0,0,2,152.2,0,1.3,1,1,3,0
51,0,1,132.7,175.3,0,1,127.3,0,1.0,1,1,2,1
56,0,0,130.9,246.4,0,0,130.3,1,0.3,0,0,2,1
39,1,0,122.0,266.2,0,0,179.8,1,0.3,1,0,3,1
57,0,2,121.9,222.8,0,0,152.1,0,2.0,0,2,1,0
32,1,0,131.8,245.0,0,0,176.1,0,1.9,0,0,2,0
62,1,3,122.9,192.4,0,0,158.2,0,0.5,0,3,3,1
62,1,1,131.7,247.5,0,1,127.8,1,2.0,1,1,1,1
69,0,2,126.6,214.9,0,1,193.5,0,0.7,1,1,1,1
43,1,0,91.5,214.8,0,2,175.9,0,1.9,0,0,3,0
56,0,2,147.0,267.3,0,1,137.1,1,0.2,0,2,1,0
60,1,1,102.5,166.0,0,0,166.8,0,1.5,1,2,2,1
59,1,0,103.4,195.2,0,1,142.1,1,0.5,0,0,1,1
44,1,2,147.6,269.8,0,2,156.3,0,0.7,0,0,2,1
28,1,3,107.5,225.4,1,1,149.6,0,0.8,0,0,2,0
58,1,0,97.6,210.5,0,0,125.7,0,1.1,2,0,2,0
52,0,1,154.6,260.5,0,0,165.8,0,0.1,1,1,2,1
48,1,2,121.0,190.6,0,1,135.9,0,0.3,0,2,1,0
62,0,3,154.9,194.1,0,2,125.7,0,1.3,1,2,1,1
54,1,0,117.5,232.2,0,0,140.6,0,0.0,1,0,1,0
39,0,0,97.7,230.1,0,1,132.9,1,0.5,0,2,1,1
33,1,0,123.0,201.4,1,0,161.3,0,0.4,1,0,2,0
42,1,0,109.3,225.6,0,1,143.4,0,0.7,2,0,2,0
80,1,0,147.8,309.2,1,1,154.0,1,4.0,1,0,3,1
62,1,1,148.2,242.6,0,0,165.4,0,1.4,2,1,1,1
56,1,1,151.2,191.5,0,1,146.1,0,3.2,1,0,1,1
52,1,1,127.9,241.8,0,0,130.4,0,0.3,1,0,2,1
51,0,0,155.1,147.1,0,0,144.9,0,1.2,1,0,3,1
67,1,1,120.6,316.9,0,1,131.7,0,1.3,0,1,1,1
49,1,0,135.2,187.4,0,0,185.4,0,3.4,1,0,2,1
60,1,0,133.0,252.6,0,0,136.6,0,5.6,2,2,2,1
50,0,1,165.5,247.1,0,1,155.0,0,0.9,2,1,2,1
75,0,0,158.0,214.4,0,0,149.2,0,0.5,1,0,1,1
62,1,2,136.6,301.4,0,0,174.7,0,1.4,0,0,3,1
68,0,0,138.1,336.8,0,1,131.4,0,0.4,0,0,1,0
48,1,2,160.1,206.4,0,0,118.9,1,0.2,1,0,2,1
66,0,1,120.5,276.9,0,1,143.1,0,0.9,0,2,2,1
51,0,1,93.7,196.9,0,0,174.4,0,1.2,0,0,1,0
55,0,2,113.8,299.9,0,0,155.4,1,0.5,1,0,1,1
72,1,0,131.0,303.4,0,0,124.7,0,6.0,1,0,1,1
43,1,0,155.7,282.0,0,0,146.8,1,0.4,1,2,3,1
56,0,1,150.1,169.2,0,0,127.5,1,0.3,0,0,3,1
59,0,1,131.5,219.3,0,0,139.6,0,1.3,1,0,2,0
60,1,1,143.9,220.2,0,1,124.9,1,0.0,0,0,1,0
49,1,2,120.0,213.4,0,1,159.2,0,0.7,0,0,1,1
77,1,0,177.3,307.9,0,0,144.8,1,0.5,2,2,2,1
40,1,3,152.3,156.8,0,0,157.9,1,0.1,0,0,3,1
70,1,0,139.0,264.1,0,1,157.3,0,0.5,1,0,2,1
67,1,1,135.9,278.7,0,0,166.8,0,0.8,1,0,1,0
75,1,3,151.9,217.8,0,1,166.7,0,0.8,1,0,2,1
37,1,0,128.7,257.7,0,1,160.6,0,4.6,1,2,1,0
44,0,3,95.7,257.3,1,1,141.6,0,0.2,1,0,1,1
70,0,0,162.6,235.0,0,0,89.7,0,1.6,0,2,3,1
33,1,0,149.8,281.9,0,1,150.2,0,2.0,0,0,1,1
36,1,1,136.2,211.2,1,1,130.3,0,0.1,1,0,3,0
49,0,1,122.2,287.6,0,1,151.2,0,0.0,0,0,1,1
56,1,2,134.7,247.9,0,1,164.3,0,0.1,2,0,1,0
72,1,0,90.9,234.0,0,0,153.1,0,0.1,0,0,2,0
52,1,0,113.6,230.9,0,2,167.0,0,2.5,2,2,1,1
47,0,0,161.1,177.9,0,1,119.0,1,0.1,0,0,1,1
57,1,1,144.1,226.5,0,0,113.4,1,0.7,1,3,1,1
59,0,3,97.2,193.8,1,0,172.9,0,5.1,1,0,2,1
59,1,1,120.4,254.8,0,0,100.1,0,0.5,0,0,1,0
52,0,2,95.8,280.3,1,1,164.2,0,0.3,1,1,1,1
32,1,0,114.5,253.8,0,1,156.6,0,2.4,1,1,2,1
44,0,0,125.5,206.5,0,0,146.2,0,0.7,1,0,1,0
70,0,2,163.8,235.3,0,1,142.3,0,1.4,1,0,3,1
56,0,3,145.6,254.3,0,0,186.2,0,0.6,0,2,1,0
50,0,3,124.6,254.5,0,1,132.5,0,0.7,2,1,3,0
66,1,2,132.4,317.6,0,1,131.6,0,2.0,1,3,3,1
42,0,1,113.6,264.6,0,0,179.5,0,2.4,1,0,1,1
52,1,0,153.1,247.2,0,0,129.5,1,0.3,0,0,3,0
56,1,2,156.3,246.7,0,0,165.1,0,0.8,1,0,1,0
49,1,1,108.7,224.3,0,2,149.6,1,3.1,1,1,1,1
55,0,3,100.3,241.8,0,1,97.7,0,2.7,1,0,2,1
52,1,2,127.8,272.3,0,0,151.3,0,2.2,0,1,2,1
39,0,3,123.7,205.1,0,0,158.6,0,2.2,1,0,1,0
56,1,2,139.2,260.2,0,1,151.1,1,3.0,2,1,1,1
39,0,2,97.1,231.4,0,0,171.8,0,2.1,1,3,1,1
56,1,1,121.6,317.7,0,1,159.5,0,0.9,1,2,1,1
69,1,2,136.3,259.6,0,1,138.7,0,2.3,0,2,1,1
51,1,0,119.2,254.8,0,0,174.6,0,0.7,0,2,1,0
41,0,2,143.2,199.2,0,0,147.2,1,0.1,2,0,2,0
53,0,2,164.4,305.5,0,1,154.6,0,0.4,0,0,2,1
45,1,2,122.1,260.6,0,0,133.8,0,0.3,1,3,2,0
61,1,2,151.8,303.9,0,0,98.1,1,0.1,1,1,2,1
52,1,2,127.1,232.6,0,2,131.6,1,1.0,1,0,1,1
73,0,0,119.0,248.0,0,2,138.4,1,0.2,1,0,1,1
67,1,3,124.4,185.6,0,0,104.5,0,0.2,1,1,3,1
52,1,0,147.3,321.9,0,1,129.2,0,0.4,1,0,1,0
62,0,2,121.5,260.5,0,0,180.7,0,0.3,0,0,3,0
50,0,1,122.0,321.7,1,2,143.7,0,0.8,0,0,1,0
54,1,2,113.4,226.0,0,0,157.6,0,0.0,1,0,2,1
50,1,1,144.4,260.8,0,1,130.9,1,0.6,1,0,1,1
62,1,2,144.2,287.9,0,0,112.5,0,1.1,1,0,3,1
70,1,1,164.2,261.5,0,0,115.6,0,0.2,0,0,3,0
63,0,2,144.0,229.9,0,0,165.6,0,0.2,0,0,1,1
64,1,1,143.9,224.0,1,2,135.2,0,2.4,2,3,1,1
64,1,2,147.0,229.6,0,1,144.3,0,1.7,2,0,2,0
60,1,0,130.9,361.0,0,2,128.4,1,0.3,0,3,3,1
41,1,2,132.7,209.5,1,0,171.8,1,1.8,1,0,1,0
73,1,1,155.5,160.6,0,0,167.1,0,2.2,2,0,1,1
74,1,1,124.2,250.0,0,0,185.0,1,0.1,0,0,2,0
51,0,2,160.9,241.4,0,0,163.7,1,1.4,2,0,1,0
50,1,2,144.5,226.1,1,1,128.7,1,0.7,2,0,3,1
61,1,2,172.1,216.5,0,0,102.1,1,1.3,0,3,3,1
60,0,3,111.3,231.4,0,1,173.0,0,1.2,0,0,2,0
52,1,0,112.3,182.6,0,0,108.1,0,0.6,0,0,1,0
40,0,1,134.2,314.8,1,2,154.4,1,0.0,2,1,2,0
57,0,1,134.0,253.2,0,1,168.2,0,1.1,0,0,2,1
60,1,1,127.3,248.7,0,1,181.0,1,0.9,0,1,1,0
62,1,1,113.2,290.4,0,1,123.0,0,0.7,2,0,2,1
58,0,2,127.2,362.0,1,1,148.7,0,1.2,0,0,2,1
51,1,1,137.2,222.7,1,1,146.7,0,0.8,0,0,1,0
65,1,1,113.2,258.7,0,1,125.0,1,0.4,0,1,1,1
55,0,2,123.9,277.0,0,0,174.4,0,1.6,2,0,3,0
49,0,0,136.6,270.1,0,1,163.1,0,1.3,2,1,1,0
52,1,1,147.7,280.5,1,1,122.6,0,0.9,2,0,1,1
35,1,0,124.1,275.1,0,1,154.6,1,0.7,0,0,2,0
52,1,3,119.1,222.6,0,0,140.5,1,1.0,1,1,1,1
62,1,1,138.1,296.8,0,1,152.4,0,0.9,1,2,1,1
58,0,3,128.3,237.9,0,0,187.2,0,0.2,1,0,1,0
71,0,2,108.9,259.7,0,1,144.8,0,0.2,1,0,2,1
51,0,0,122.1,267.4,0,1,143.2,0,0.3,1,0,1,0
59,1,0,124.6,211.9,0,0,142.5,0,0.4,2,2,2,0
63,1,2,136.7,263.6,0,0,151.1,0,2.0,0,0,2,1
80,1,3,127.3,277.8,0,2,93.9,0,0.1,1,0,3,1
56,0,0,121.6,158.8,0,0,170.9,0,1.1,2,1,3,1
43,0,0,125.0,299.2,0,0,157.9,0,0.1,0,0,1,0
63,0,1,144.7,208.5,0,0,139.5,1,0.5,2,0,3,1
75,0,1,137.9,260.8,1,0,126.0,0,0.5,1,0,1,1
50,1,2,181.0,307.3,1,0,148.5,1,1.3,1,3,1,1
63,1,1,113.5,273.3,0,0,121.2,0,2.2,1,1,1,1
68,1,0,153.9,292.1,0,0,103.4,1,1.0,2,0,3,1
65,1,3,135.3,294.1,1,0,152.7,1,2.3,1,0,2,1
55,0,1,106.2,220.1,0,2,130.6,1,0.5,0,1,1,1
46,0,2,122.2,193.0,0,0,157.3,1,1.4,0,2,2,0
53,0,2,103.5,259.3,0,0,143.8,0,0.9,2,1,2,1
59,0,0,133.7,274.5,0,1,173.0,0,1.4,1,2,1,0
64,1,0,131.0,293.5,0,1,152.0,0,1.1,1,0,2,0
58,0,0,119.7,277.2,0,1,169.5,1,0.4,0,2,3,1
50,1,3,113.9,218.4,0,0,166.7,1,0.8,2,0,1,0
60,1,2,153.8,282.2,0,1,182.8,1,3.8,1,1,1,1
63,0,0,130.4,152.1,0,0,107.8,1,1.1,1,0,1,1
58,1,2,138.8,298.8,0,1,177.5,0,1.2,0,1,3,1
45,1,2,134.9,199.1,0,1,135.6,0,0.3,1,1,2,0
52,0,0,132.4,200.6,1,2,124.8,0,0.8,1,0,1,1
64,1,1,130.6,354.4,0,1,114.1,0,0.3,0,2,1,1
39,0,2,154.6,238.7,0,0,147.5,0,1.4,2,2,1,1
31,1,0,168.5,222.1,0,1,170.7,0,1.3,2,3,2,0
71,0,3,161.3,196.6,0,1,167.8,1,1.5,0,0,1,1
60,1,2,135.9,263.0,0,0,102.0,0,0.0,1,0,1,1
61,1,0,134.9,278.8,1,1,150.1,0,1.1,1,1,2,0
42,1,3,150.7,221.7,0,0,133.1,0,0.2,1,2,1,1
62,0,0,119.4,149.7,0,1,115.2,0,0.0,1,2,2,1
57,0,3,162.5,314.0,0,0,133.6,0,1.7,1,0,1,0
37,1,1,144.0,222.7,0,0,159.9,0,2.1,0,0,1,0
70,0,2,130.0,233.3,0,1,123.5,0,1.9,1,0,2,1
56,1,2,139.6,240.5,0,1,119.2,0,0.0,0,2,2,1
50,1,1,144.3,204.6,0,0,140.9,1,0.0,0,0,1,1
50,1,1,125.3,296.0,0,0,162.7,0,1.4,0,1,2,0
32,1,2,147.1,265.7,0,1,169.6,1,2.2,0,1,2,0
61,1,2,158.7,265.3,0,0,132.1,0,0.1,1,0,3,0
57,1,1,130.0,344.2,0,0,141.8,0,1.3,2,2,1,1
52,1,3,124.9,210.0,0,1,131.8,0,0.9,0,0,3,1
68,0,2,132.6,302.5,0,0,144.2,0,0.5,0,2,1,1
39,1,1,109.4,138.3,0,2,175.6,0,1.3,0,0,1,1
47,1,2,102.2,267.3,0,1,134.4,0,1.9,0,0,1,1
45,1,1,124.0,337.6,0,0,141.9,0,1.5,1,1,2,1
51,1,3,116.0,194.2,0,0,161.8,0,0.9,1,0,2,0
55,0,1,163.1,314.1,0,0,202.6,0,0.2,0,0,1,1
59,1,0,127.0,182.3,0,0,159.6,1,0.1,0,1,3,1
50,1,0,141.2,331.4,1,1,146.0,0,0.4,0,3,1,1
44,0,3,117.2,217.6,0,0,130.7,0,0.4,2,0,1,1
73,0,1,167.8,215.5,0,2,159.6,0,0.6,1,1,1,1
81,0,0,134.3,227.3,0,0,113.4,0,0.4,0,1,3,1
56,1,1,112.1,243.5,0,0,141.8,0,0.6,0,0,2,1
46,1,1,144.1,231.9,0,1,143.9,0,5.4,1,0,1,1
70,1,0,142.7,244.7,0,0,136.0,1,0.5,0,2,1,1
38,1,2,151.7,249.7,0,1,136.3,1,0.4,2,0,2,1
50,1,0,130.2,250.5,0,1,171.0,0,0.6,0,0,1,0
46,1,2,133.9,238.9,0,0,162.0,0,1.3,0,0,1,1
41,0,1,100.6,217.4,1,0,148.7,1,2.0,1,0,1,0
51,0,2,145.3,259.2,0,0,144.1,0,0.5,0,1,2,0
44,1,1,132.6,254.4,0,0,146.1,0,1.4,0,0,1,1
54,0,2,128.8,255.9,0,1,150.2,1,0.0,2,3,2,1
54,0,0,126.9,241.3,0,2,130.4,1,0.9,1,0,2,0
47,0,1,124.2,208.5,0,1,128.8,1,1.9,0,1,1,1
50,0,0,145.3,243.3,1,1,145.0,0,0.2,1,1,2,0
51,1,1,116.6,228.1,0,0,163.5,1,0.9,1,1,2,0
63,1,1,149.6,153.6,1,1,176.0,0,3.2,0,1,1,1
52,1,2,104.6,284.7,0,1,152.8,0,0.2,0,0,3,0
63,1,2,101.8,256.0,0,2,160.1,0,2.0,1,3,1,0
60,1,1,160.9,242.6,0,1,161.9,0,1.3,1,0,1,1
60,1,0,117.1,266.6,1,1,151.1,1,0.4,0,2,1,1
69,0,2,136.7,213.4,0,0,148.7,0,1.7,1,0,2,1
42,1,3,126.2,297.0,1,1,146.1,1,1.2,0,1,1,1
49,0,0,135.9,292.7,0,0,134.5,0,1.3,1,1,1,1
73,1,0,139.7,196.9,0,0,115.2,0,1.9,1,2,1,1
51,1,1,152.0,212.5,0,0,145.2,1,0.4,0,1,1,0
23,0,1,97.5,260.3,0,1,172.0,0,2.4,0,0,1,1
52,1,1,145.6,251.6,0,0,141.1,0,0.2,0,0,1,0
55,0,3,130.3,241.0,0,2,146.0,0,0.3,2,1,3,1
25,0,1,96.2,250.6,0,1,132.3,0,0.5,1,0,1,0
69,1,1,128.2,164.3,1,0,188.4,0,1.2,0,2,1,1
46,1,3,103.1,198.0,0,0,187.6,0,0.1,1,3,1,0
58,1,0,104.9,216.3,0,0,141.4,1,0.3,0,3,1,1
52,1,0,125.6,274.3,0,1,155.2,0,0.6,0,0,1,1
40,0,1,148.9,141.7,0,0,192.6,0,0.4,0,0,2,0
42,0,0,133.6,245.2,0,0,172.2,1,3.0,1,3,2,1
44,1,2,154.9,221.3,0,0,141.0,0,0.2,0,0,1,1
66,1,1,138.4,274.3,0,0,151.7,0,0.1,1,0,3,1
52,1,2,161.4,276.3,0,1,118.5,1,0.6,0,0,1,1
48,0,2,155.5,314.0,0,0,157.2,1,0.1,1,0,1,1
44,1,0,114.4,186.3,0,0,160.0,0,0.7,1,0,2,0
67,1,2,138.5,209.8,1,1,98.7,0,0.1,2,0,1,0
70,1,2,125.0,249.1,0,0,160.6,0,2.6,0,0,1,1
67,1,3,134.6,308.0,0,0,149.5,0,0.4,0,0,1,1
59,1,0,165.1,262.4,0,0,137.4,0,0.4,0,0,1,1
57,0,1,120.2,247.1,0,0,139.9,0,0.7,1,0,2,0
41,1,3,109.4,290.7,0,0,174.0,1,0.3,1,3,1,1
51,0,0,110.1,222.9,0,1,136.4,0,0.3,1,1,2,0
46,1,0,124.9,290.1,0,1,138.6,1,2.0,1,0,1,1
34,1,2,196.4,310.7,0,2,143.2,1,2.1,0,2,1,0
66,1,1,163.5,238.9,0,0,157.7,0,0.1,1,0,1,0
46,0,1,90.0,170.4,0,2,166.4,1,0.2,0,0,1,0
67,0,3,133.6,252.4,0,0,114.7,0,0.7,1,0,1,0
64,1,2,125.2,317.2,1,1,144.9,0,5.3,0,0,2,1
60,0,2,150.3,265.2,0,1,150.4,0,3.0,0,0,1,1
61,1,1,114.5,183.3,1,0,169.5,0,1.4,0,0,1,0
47,0,2,110.6,294.8,0,0,142.8,0,0.6,0,3,2,1
74,1,2,128.7,283.4,1,0,124.0,1,2.1,1,3,2,1
54,0,0,118.5,285.4,0,0,159.1,1,0.8,1,0,2,1
57,1,1,146.5,292.3,0,0,134.1,1,0.1,1,3,2,1
47,1,2,126.2,215.1,0,0,166.4,0,0.4,0,0,1,0
44,1,1,149.6,284.5,0,0,158.7,0,2.4,1,1,1,1
59,0,1,117.7,214.7,0,1,106.5,0,3.8,0,0,2,1
56,1,1,150.1,190.1,0,0,140.8,1,2.0,0,1,1,1
45,1,0,110.9,201.8,0,2,157.6,1,0.4,1,1,2,1
38,0,1,138.1,266.3,0,1,172.8,0,2.1,0,1,3,0
40,1,2,121.5,218.5,1,0,145.0,0,0.0,0,1,3,1
67,1,1,153.3,310.9,0,0,121.7,0,1.5,1,1,3,1
47,0,1,90.0,288.0,0,1,133.0,0,2.8,0,2,1,1
50,1,0,118.9,269.7,1,0,154.2,0,0.3,1,1,2,1
70,1,0,159.0,307.7,0,0,138.7,1,0.0,1,2,1,1
42,0,0,124.4,185.5,0,2,139.5,1,1.7,0,1,1,1
46,0,0,98.4,280.7,0,1,162.2,0,0.4,1,1,1,1
46,1,1,119.3,263.9,0,0,156.9,1,0.2,2,1,1,0
72,1,1,145.4,191.7,0,1,124.0,0,0.1,1,1,2,1
76,1,1,124.9,217.4,0,1,121.7,1,0.0,2,0,1,1
62,1,3,156.9,237.2,0,0,181.0,0,2.9,1,0,1,0
63,0,1,152.8,236.3,0,0,94.9,1,1.2,1,1,1,1
48,0,2,141.5,237.5,0,0,117.5,0,0.5,0,2,1,0
75,1,0,157.8,221.5,1,1,130.4,1,1.3,0,2,1,1
57,1,1,125.5,307.5,0,0,167.4,1,1.2,1,1,1,1
63,0,2,160.0,190.2,0,1,123.1,0,1.7,0,0,3,1
53,1,0,153.1,188.0,0,0,160.9,0,0.3,1,0,1,0
51,1,0,130.9,198.9,0,0,110.6,0,1.6,0,1,3,1
72,1,0,109.2,219.7,0,1,131.1,1,0.1,1,0,2,0
60,0,0,90.0,212.1,0,1,150.6,0,0.3,1,2,3,0
70,0,2,152.8,320.9,0,0,156.9,0,2.5,0,0,1,0
57,1,2,105.8,213.5,1,1,159.0,0,0.4,0,3,1,1
45,1,1,115.2,232.9,1,1,111.6,1,2.4,0,1,2,1
48,0,0,138.1,183.8,0,0,151.4,0,0.7,0,1,2,0
55,1,3,110.9,221.1,0,0,131.2,0,0.4,0,0,1,0
47,0,0,173.1,265.4,1,0,149.5,0,0.6,0,3,1,1
42,0,2,132.3,267.1,0,0,147.9,0,0.0,2,1,1,1
67,0,3,160.9,289.3,0,1,155.0,0,0.4,1,1,2,1
48,0,0,148.3,195.4,0,0,150.5,0,0.1,1,1,2,0
56,1,0,90.0,212.5,1,1,151.8,0,1.9,1,1,2,1
57,1,3,148.2,278.4,0,0,147.1,0,2.1,0,1,1,1
48,0,1,129.2,238.2,0,0,102.4,1,1.6,1,0,2,1
70,1,1,136.9,244.3,0,0,138.8,0,0.0,2,0,1,1
42,1,1,130.5,263.2,0,0,153.9,0,0.1,1,0,1,0
57,0,0,150.7,286.3,0,0,156.5,0,0.5,2,0,1,1
57,1,3,164.4,211.7,0,0,156.0,0,0.6,1,0,1,0
53,1,0,112.3,236.5,0,0,108.5,1,3.4,0,0,2,1
40,1,1,131.9,231.2,1,1,132.1,0,1.3,0,0,3,1
64,1,2,161.7,202.3,0,1,143.4,0,0.8,1,2,1,1
62,0,1,129.3,257.4,0,0,154.7,0,0.8,2,1,1,1
47,0,2,132.9,215.2,0,0,144.9,1,1.2,2,0,1,1
62,1,3,139.9,244.0,0,0,154.0,0,1.1,1,1,3,0
58,1,3,173.1,271.4,0,1,188.3,0,4.3,1,0,3,1
40,0,1,141.0,248.3,1,1,167.0,0,4.2,1,0,1,1
45,0,2,166.0,199.2,0,1,183.6,0,2.2,1,3,1,1
67,1,0,168.6,254.9,0,0,133.8,1,1.3,1,1,3,1
57,1,1,130.7,248.6,0,0,159.5,0,0.8,0,2,1,1
48,0,0,134.9,214.6,0,0,173.7,0,0.1,1,0,1,0
45,0,2,165.7,200.3,0,1,175.9,1,5.2,1,3,1,1
48,1,0,111.9,246.1,0,1,106.4,1,1.6,0,0,1,0
49,1,2,146.5,178.2,0,2,137.9,0,1.5,1,1,2,1
45,1,1,145.6,191.3,1,1,171.9,0,0.8,1,2,1,1
35,0,3,121.3,178.3,0,0,126.9,0,0.1,0,1,3,1
67,1,1,130.4,192.6,0,1,121.8,0,0.1,1,2,2,1
65,1,3,132.4,224.2,0,1,153.7,0,0.8,1,3,2,1
40,1,2,143.1,283.2,1,0,139.7,0,0.6,1,2,2,1
55,1,3,160.8,269.0,0,0,121.7,0,1.2,2,1,1,1
44,1,2,144.8,287.3,0,1,183.8,1,2.0,1,2,1,0
51,0,2,107.6,213.5,0,0,138.5,1,0.0,1,0,2,1
50,0,1,157.1,151.5,0,1,125.5,1,0.9,1,1,1,1
49,0,2,151.2,213.4,0,2,126.4,0,0.6,0,0,1,0
76,0,1,132.1,298.7,0,0,162.0,0,0.2,0,0,1,1
49,1,0,121.0,222.3,0,0,157.8,1,0.4,1,1,1,1
45,1,2,115.4,237.3,0,0,182.0,0,2.7,0,0,3,1
46,1,0,151.3,229.2,0,1,146.8,1,1.3,1,0,1,0
65,1,1,102.9,275.9,0,1,143.0,0,2.4,1,0,1,1
36,1,1,149.3,271.6,0,0,138.6,0,0.4,1,0,1,1
46,0,0,120.9,170.4,0,1,172.7,1,0.3,1,0,1,0
70,1,0,143.1,140.1,0,0,115.3,0,0.3,0,1,2,1
57,1,1,90.0,271.3,0,0,186.2,0,0.7,2,0,1,1
56,0,0,99.6,232.7,0,0,121.8,0,1.1,1,1,1,0
77,1,2,127.5,278.3,1,2,104.3,1,1.4,0,1,2,1
57,1,0,118.3,230.1,0,1,153.4,1,0.1,0,0,3,1
46,1,3,145.7,261.5,0,0,135.7,0,0.3,1,1,2,0
51,1,3,138.7,234.4,0,1,138.2,0,0.4,1,1,2,0
42,1,1,165.8,205.5,0,0,177.9,0,0.0,1,0,1,0
68,0,1,143.7,228.8,0,1,172.1,0,1.3,2,0,1,1
60,1,0,123.8,236.1,1,2,145.8,0,0.2,0,0,1,0
66,1,3,159.0,272.5,0,1,133.8,0,0.5,1,0,1,0
67,1,2,128.9,238.4,0,0,132.4,0,3.3,0,3,2,1
49,1,2,123.4,192.5,0,2,160.1,0,1.1,0,0,1,0
44,1,3,131.5,311.1,0,0,102.4,0,0.9,0,2,1,0
53,1,3,162.9,254.7,0,2,146.1,0,0.1,2,0,1,1
44,1,3,150.4,297.8,0,2,130.0,0,0.1,2,1,2,1
56,1,2,152.9,194.0,0,0,152.2,0,1.0,1,2,1,0
66,1,3,172.3,234.4,1,0,135.7,1,0.4,1,0,2,1
52,1,3,151.4,249.1,0,1,150.9,1,0.4,1,0,2,1
56,1,1,112.4,271.0,0,0,150.3,1,0.4,2,0,2,1
53,0,3,140.4,158.0,0,1,157.3,1,1.0,2,0,1,1
63,1,2,165.5,162.8,0,0,124.6,0,0.2,0,0,1,0
47,1,1,104.9,209.9,0,0,177.7,0,2.9,1,1,2,0
30,1,1,127.7,257.1,0,1,164.9,0,3.1,0,2,3,1
59,0,2,113.0,213.5,0,0,148.9,0,1.2,2,1,3,0
65,1,1,139.1,239.7,0,0,139.9,0,3.2,1,1,3,1
59,1,3,155.7,245.4,0,1,132.0,0,0.5,1,0,3,1
47,1,0,156.4,202.5,0,0,164.6,0,0.2,1,1,1,0
42,1,3,127.7,301.6,0,0,159.8,0,0.2,1,0,1,0
59,1,1,147.2,208.2,0,1,189.9,0,0.8,0,2,2,0
56,0,0,104.4,151.2,0,1,130.1,0,0.2,1,3,2,0
53,1,3,102.3,197.8,0,0,179.1,0,0.2,0,0,2,0
74,0,0,156.2,211.7,0,0,135.2,1,2.0,0,1,3,1
44,0,3,90.0,245.5,0,1,152.0,0,0.4,0,0,1,1
74,0,1,123.6,258.3,0,0,116.4,1,1.2,0,1,1,1
54,1,3,146.2,267.2,0,0,155.9,1,2.6,0,0,1,1
34,0,0,130.0,317.1,0,0,155.7,0,0.3,0,2,1,0
52,0,0,90.0,241.9,0,1,159.4,1,0.6,0,0,1,0
65,0,3,143.2,282.4,0,0,120.7,0,1.1,0,0,1,0
50,1,0,117.5,220.4,0,0,154.7,0,0.2,0,0,1,1
38,1,3,132.2,248.5,0,1,157.7,1,0.9,0,0,3,1
52,1,3,122.3,225.4,1,1,139.0,1,4.1,1,2,1,1
45,1,0,119.3,231.7,1,0,155.4,1,3.6,0,1,2,1
59,0,1,99.9,250.5,0,0,144.5,1,1.1,1,0,3,1
63,0,0,126.8,287.8,0,1,154.3,0,0.5,0,0,2,1
42,0,1,150.3,234.8,0,0,174.1,0,0.3,0,0,1,0
46,1,1,124.4,236.1,0,1,163.4,1,1.9,0,0,2,1
62,1,2,129.2,258.0,0,1,146.3,0,1.1,2,0,1,0
45,0,3,116.1,276.9,0,0,130.1,0,1.6,1,0,2,1
42,1,0,107.8,175.2,1,0,140.0,1,2.2,0,0,2,1
41,1,1,112.8,247.6,0,2,174.9,0,3.4,1,0,1,1
58,0,2,136.0,184.2,0,0,154.6,0,0.1,1,0,2,0
57,0,0,176.0,300.1,0,1,137.3,0,0.5,2,1,1,1
46,1,2,149.6,253.5,0,1,171.8,0,0.9,0,0,1,0
54,0,1,142.2,295.4,0,0,133.3,0,0.1,1,0,1,0
71,1,3,174.1,174.1,0,1,118.6,0,0.1,1,0,3,1
43,1,2,139.7,230.1,0,1,176.3,1,0.0,1,0,1,0
33,1,1,148.1,272.3,1,1,189.8,0,1.1,1,0,1,0
59,1,2,139.1,304.9,1,0,133.7,0,1.0,2,0,2,1
53,0,3,138.9,256.5,0,0,164.2,0,0.6,1,0,2,0
46,0,2,103.6,219.8,0,0,171.6,0,0.2,0,3,2,0
61,0,1,127.2,232.0,0,0,146.4,0,0.4,0,0,1,0
63,0,1,123.1,198.7,0,1,137.9,0,1.0,1,0,3,1
30,1,1,116.9,297.4,1,0,148.7,0,0.6,1,0,1,0
47,1,1,120.1,267.6,1,0,155.2,0,3.6,0,1,3,1
79,0,1,163.0,242.3,0,1,127.0,1,1.1,1,1,2,1
60,1,2,128.9,267.4,0,0,167.3,0,0.7,1,0,2,0
61,0,0,130.1,239.0,0,0,167.4,0,0.0,1,2,1,1
67,0,1,175.0,232.7,0,0,138.7,0,1.1,0,2,3,1
54,1,0,148.0,208.2,0,1,159.2,0,0.8,1,2,1,1
63,0,0,133.4,212.1,1,0,151.3,0,1.0,0,0,1,1
62,0,1,152.1,261.0,0,0,177.2,0,0.5,1,0,3,1
60,0,2,120.5,289.6,0,0,144.0,1,0.7,1,3,1,0
50,1,3,125.4,225.2,0,2,158.8,0,2.6,1,0,1,1
56,1,2,128.0,207.2,0,0,143.5,1,0.2,1,0,1,0
48,0,1,134.0,281.2,1,1,165.1,1,0.2,2,0,1,1
54,1,3,142.4,244.9,0,2,137.4,1,0.0,2,0,1,0
41,0,0,110.7,138.6,0,0,129.5,0,0.4,2,1,1,0
45,1,0,139.1,207.2,0,0,196.9,0,1.8,2,0,1,0
51,1,1,144.1,261.0,0,1,134.6,0,0.3,1,2,3,1
44,1,1,123.1,203.2,0,0,127.5,0,1.8,1,0,1,0
48,1,2,129.5,241.6,1,0,160.9,0,0.8,1,0,1,0
52,1,3,113.0,186.0,0,1,150.0,1,0.2,1,1,3,1
58,1,2,107.8,224.7,0,0,121.5,0,0.1,0,2,1,0
64,1,1,115.9,197.1,0,2,145.0,0,1.2,0,0,3,1
49,1,0,145.7,185.5,0,0,137.7,1,0.3,2,2,1,1
69,1,1,147.2,213.3,0,1,111.2,0,2.6,0,0,1,1
64,0,3,168.2,283.3,0,2,152.0,1,1.7,1,1,1,0
60,0,1,133.2,261.8,0,0,146.3,0,1.7,1,0,3,1
56,0,0,132.4,332.4,0,0,160.3,1,0.1,1,1,1,1
58,1,1,141.1,216.5,0,2,127.5,0,0.3,0,2,3,1
67,1,2,118.0,290.8,1,1,158.6,1,0.5,0,0,1,1
67,0,2,150.5,327.7,0,0,118.5,0,0.3,1,0,2,0
69,1,1,144.6,295.8,0,0,139.6,0,0.4,0,2,1,1
54,1,2,116.9,291.4,0,1,137.7,0,0.2,1,0,1,0
60,0,2,139.2,248.8,0,0,125.0,0,0.1,1,0,2,0
69,0,2,148.4,256.8,1,0,151.8,0,0.5,1,0,3,0
47,1,3,108.3,198.4,0,0,163.1,0,2.5,2,0,1,0
50,1,3,152.0,122.4,0,0,145.0,0,2.1,0,2,1,1
54,0,0,122.9,250.4,0,0,143.2,1,0.8,0,1,2,1
64,1,2,90.0,202.7,0,1,142.5,0,1.2,2,0,1,0
64,1,2,154.0,226.2,0,1,143.4,1,0.4,0,0,3,1
51,1,0,157.4,204.0,0,1,129.9,1,0.2,2,2,1,1
37,1,3,109.5,249.7,0,0,152.1,1,0.1,1,0,1,0
57,1,0,104.7,233.7,0,1,126.7,1,0.6,1,0,1,1
44,1,2,155.4,293.2,0,1,166.2,0,0.6,1,0,1,0
38,0,0,115.9,204.0,0,1,106.8,1,0.6,1,0,2,1
40,1,2,154.7,244.4,0,1,153.4,1,0.8,0,0,1,0
58,1,0,102.7,234.4,0,0,159.9,0,0.7,1,0,1,1
69,1,1,163.0,233.7,0,2,142.8,0,1.2,0,1,1,1
54,1,0,153.3,238.0,0,1,132.4,1,1.9,1,1,3,1
56,0,1,141.2,309.0,1,1,89.5,1,2.0,1,0,1,1
67,0,3,98.2,283.0,1,0,147.3,0,0.4,1,0,2,0
37,1,0,123.2,215.4,0,1,178.6,0,1.0,1,0,3,1
60,0,1,150.6,216.6,0,0,141.1,0,3.4,1,0,1,1
54,0,2,100.6,207.0,0,0,166.2,0,0.8,0,0,3,0
60,1,0,126.1,248.6,0,1,148.8,0,1.0,0,0,1,1
49,1,0,139.9,172.9,1,1,150.2,0,1.7,0,0,2,1
45,1,0,110.9,228.8,1,0,163.2,1,0.1,1,3,2,1
56,0,2,154.9,258.9,1,1,146.7,1,0.2,0,0,1,1
72,0,3,155.3,215.8,0,1,164.5,0,2.3,0,2,1,1
63,1,3,140.6,246.3,0,1,156.3,1,2.9,0,0,1,1
48,1,3,140.3,251.0,0,1,152.4,0,0.3,0,2,1,1
39,1,2,120.5,158.6,0,1,196.4,0,0.1,2,0,1,0
35,1,3,139.9,243.8,0,1,147.4,0,1.6,1,0,2,0
68,1,1,126.7,226.1,0,0,150.0,1,0.3,1,0,3,0
43,0,1,124.7,318.8,1,0,166.0,1,1.1,1,0,3,1
50,1,1,124.1,248.7,0,2,172.7,0,0.2,1,1,1,0
69,0,0,160.6,206.2,0,0,146.5,1,0.5,0,0,1,0
36,0,3,148.2,155.1,1,1,153.7,0,0.7,0,2,2,0
70,1,0,119.9,244.8,0,0,137.1,0,0.4,2,1,1,1
51,0,2,154.3,297.8,1,0,160.0,0,1.0,1,0,1,0
41,1,1,116.4,210.2,0,0,203.6,0,1.9,1,1,1,0
51,0,0,163.6,254.2,0,1,116.5,0,0.8,1,0,1,1
46,1,1,160.3,271.2,0,0,174.2,1,0.8,1,0,1,1
59,0,1,171.7,273.4,0,2,168.0,0,0.7,0,0,1,0
47,1,3,137.5,238.8,0,1,170.2,1,3.2,1,3,1,1
33,1,2,123.7,205.1,0,1,161.6,1,0.0,0,0,1,0
52,1,2,128.1,229.3,0,1,139.5,0,0.1,1,0,2,1
39,1,0,137.0,189.1,0,1,146.2,0,0.5,1,3,2,1
56,1,1,116.2,200.6,1,2,167.5,0,1.8,1,0,2,1
41,1,0,90.0,280.4,0,0,174.7,0,2.7,1,0,3,1
49,1,2,125.6,254.4,0,1,116.1,1,2.9,1,0,1,0
56,1,0,135.2,254.8,1,0,128.1,1,0.3,1,2,1,0
52,1,2,143.5,209.1,0,2,146.1,0,0.5,1,0,2,0
57,0,2,138.9,295.1,0,0,134.8,1,1.1,0,3,3,1
61,1,1,138.3,233.6,0,0,158.2,1,1.9,1,0,1,0
41,1,2,151.8,242.6,0,0,144.2,0,1.1,1,0,2,0
53,1,2,118.0,292.3,0,1,205.0,0,2.3,1,2,1,1
22,0,0,110.9,198.4,0,0,156.8,1,0.2,1,1,2,1
57,1,2,172.7,214.5,0,0,126.7,0,0.8,1,1,1,1
51,0,2,90.0,285.8,1,1,172.3,0,0.7,0,0,2,0
43,1,1,151.4,273.4,0,1,148.8,1,1.9,0,2,2,1
57,1,0,144.9,257.6,0,0,165.6,0,0.1,0,0,1,0
67,1,1,137.2,150.1,0,1,168.9,1,0.9,2,1,2,1
49,1,3,148.9,295.9,0,0,174.2,1,1.1,0,0,1,0
44,0,1,141.4,211.1,0,1,144.1,0,0.2,1,0,1,0
56,1,0,108.2,216.6,0,0,112.7,1,1.4,1,0,3,1
39,0,0,109.7,227.3,1,0,192.9,0,0.9,0,1,3,0
47,1,0,123.6,186.2,0,0,122.7,0,0.2,2,0,1,0
67,1,0,99.1,299.6,0,0,184.6,1,2.4,0,0,1,0
55,0,1,131.1,249.3,1,0,144.1,0,1.9,1,3,2,0
33,1,1,140.2,264.8,0,2,154.4,0,0.0,1,1,1,0
34,1,3,150.0,200.3,0,1,148.3,0,0.2,1,0,3,1
56,0,3,132.9,285.5,0,0,148.1,1,0.5,2,1,1,1
63,1,1,122.8,307.2,0,2,128.1,1,0.8,0,1,1,0
36,1,3,133.5,179.0,0,1,168.2,0,0.8,1,2,1,1
59,0,1,130.8,193.7,1,0,142.9,1,0.2,1,0,1,1
69,0,2,148.9,211.2,0,1,114.7,0,0.1,1,0,2,1
75,1,0,138.4,289.4,0,0,114.1,1,2.7,0,0,1,1
58,1,0,151.0,250.8,0,1,138.7,0,1.3,0,1,2,1
60,0,0,127.8,240.6,0,0,95.8,0,0.1,0,0,3,1
31,0,1,148.5,249.5,0,1,126.7,0,2.2,0,0,2,0
77,1,2,142.9,334.5,0,1,161.4,0,0.3,1,0,3,1
48,1,0,121.7,162.5,0,0,177.9,1,0.5,2,0,3,1
44,0,0,122.5,224.3,0,0,174.2,0,1.0,0,1,1,0
51,1,3,146.3,120.0,1,0,164.3,0,1.0,0,2,1,0
71,1,2,115.4,269.6,0,0,147.8,1,0.7,0,2,3,1
78,1,1,137.7,297.6,0,0,143.4,0,0.1,1,1,2,1
55,1,0,153.5,228.3,1,0,132.6,0,0.4,0,1,3,0
65,1,3,146.1,274.0,0,2,164.0,0,0.7,2,2,2,0
54,0,0,110.3,173.8,0,1,126.9,0,2.5,2,0,3,1
43,0,2,133.9,258.6,0,0,205.0,0,0.4,0,1,1,0
70,1,2,113.8,355.0,0,0,126.9,1,1.6,0,1,2,1
47,1,1,135.6,222.1,0,0,131.1,0,0.0,1,0,3,0
71,1,3,163.1,265.7,0,1,205.0,0,0.4,0,0,1,0
68,0,0,135.8,220.3,0,0,115.8,0,0.3,1,1,1,1
61,1,2,115.4,251.6,0,1,161.0,1,2.0,0,0,1,1
74,1,2,135.6,297.1,0,0,143.3,0,0.2,1,0,3,1
79,1,2,143.8,276.5,1,0,147.0,1,2.3,2,0,1,0
52,1,3,153.2,236.2,0,0,174.3,1,0.7,0,2,1,0
45,0,2,148.2,233.0,1,1,170.7,0,1.7,0,0,1,0
33,1,2,109.1,181.2,0,1,126.6,0,0.4,1,0,3,0
79,1,0,134.4,294.9,0,0,140.1,0,0.4,1,0,1,0
49,1,2,139.8,272.6,0,2,157.5,0,0.1,1,0,2,1
66,0,2,123.1,190.4,0,0,157.4,0,1.0,1,1,2,0
46,1,3,141.0,246.3,1,0,152.3,0,0.2,1,2,1,0
71,0,3,111.0,206.6,0,1,119.2,0,1.1,0,0,1,0
46,0,0,133.7,218.6,1,1,132.8,0,0.1,1,1,3,1
41,0,1,146.2,272.6,0,0,152.9,0,0.2,1,0,2,1
52,0,3,131.5,284.2,0,1,122.2,0,3.2,2,1,1,1
48,1,2,135.7,270.6,0,1,139.0,1,1.3,2,1,1,1
61,1,1,150.9,231.9,0,0,132.9,0,0.1,0,2,1,1
53,1,0,125.8,261.3,0,2,142.5,1,0.5,1,0,1,1
61,0,1,143.9,209.9,0,2,195.7,0,0.1,0,0,2,0
51,0,2,129.7,273.5,0,1,128.4,0,0.7,1,1,1,0
47,1,2,115.9,238.1,0,1,91.6,0,2.8,1,0,1,1
48,0,1,145.7,218.4,0,1,158.7,0,0.4,2,1,1,1
76,0,0,161.7,217.0,0,1,116.2,1,1.5,1,0,2,1
56,0,2,152.4,272.0,0,1,171.6,1,0.1,1,1,1,0
32,1,3,144.7,227.7,0,1,157.2,1,0.4,0,0,1,0
48,1,1,141.7,217.8,0,1,153.3,0,0.3,0,2,1,1
55,0,3,137.8,220.0,1,0,117.6,0,0.2,0,0,1,1
74,1,1,137.3,193.7,0,0,137.0,1,0.3,2,1,1,1
65,1,3,124.8,252.6,0,1,169.2,0,1.6,0,2,2,1
44,1,2,94.3,250.5,0,0,173.0,0,0.8,0,0,1,0
81,0,3,109.5,185.7,1,1,135.4,1,1.4,2,3,2,1
54,1,2,134.3,194.1,0,1,120.6,0,0.6,1,0,1,0
68,0,1,111.5,173.8,0,0,150.0,0,0.4,1,1,2,0
41,1,3,138.2,289.9,0,0,163.9,1,1.7,1,2,3,1
28,0,2,156.0,259.5,0,1,191.5,0,1.2,1,0,3,0
39,1,0,90.0,284.7,1,1,163.2,0,0.7,1,3,1,1
22,1,0,108.5,301.5,1,1,179.5,0,1.7,0,0,1,0
77,1,1,179.1,268.8,1,0,125.6,0,0.1,1,0,1,0
56,1,2,149.5,239.5,0,1,134.0,0,0.2,1,1,3,1
44,1,2,129.5,246.5,0,0,164.1,0,1.2,1,0,2,0
59,1,2,125.7,214.8,1,2,150.3,0,0.6,0,0,2,0
56,0,0,142.0,206.7,0,0,152.4,1,2.4,1,0,2,1
61,1,1,153.4,225.3,0,1,146.4,0,1.3,1,0,3,1
67,0,0,111.4,235.0,0,1,94.4,1,0.0,1,3,1,0
51,1,1,160.1,167.3,0,0,162.6,1,1.6,1,0,2,0
44,1,3,138.7,183.5,0,1,168.5,0,0.8,1,2,3,1
63,1,3,153.1,188.7,0,0,129.1,1,1.1,0,0,1,1
63,1,1,154.7,186.8,0,0,157.3,0,3.2,1,0,2,0
55,0,2,136.9,269.8,0,0,143.4,1,2.9,1,0,1,0
78,1,2,148.0,235.1,1,0,135.8,0,0.5,2,1,1,0
49,1,0,142.1,231.2,0,1,135.5,0,0.4,0,1,1,0
44,1,3,125.1,254.7,0,2,153.0,0,0.3,2,1,3,1
59,0,1,143.9,279.4,0,1,109.5,0,0.8,2,2,2,1
47,1,2,127.6,259.0,0,1,145.3,1,0.7,0,0,2,0
59,1,2,135.3,315.2,0,0,185.0,0,1.4,2,0,1,1
45,1,0,159.9,240.0,0,0,156.6,0,0.9,1,0,1,1
50,1,0,132.4,248.7,0,1,142.9,0,1.4,2,0,2,1
75,1,0,146.7,222.1,1,0,127.2,0,0.1,1,0,1,1
50,1,1,129.9,156.7,0,1,135.0,1,0.7,1,0,1,0
45,0,0,122.2,241.7,0,1,155.8,0,0.5,1,1,2,0
67,1,3,172.0,284.0,0,0,117.9,0,0.3,1,0,1,0
42,1,2,104.6,204.5,0,1,171.7,1,1.6,1,0,1,0
46,0,3,129.9,216.1,0,2,171.3,0,1.9,1,2,2,1
60,1,3,113.9,285.8,0,1,159.2,0,0.5,1,0,2,0
64,1,2,159.1,242.7,0,0,163.1,0,1.1,0,1,1,0
67,0,1,133.1,205.3,0,1,160.6,0,0.2,0,0,1,1
46,1,2,123.6,196.5,0,1,159.5,1,0.8,1,0,1,0
61,1,0,102.7,272.7,0,1,172.9,0,0.5,1,1,1,0
49,1,0,161.1,233.9,0,1,161.2,0,0.9,1,0,2,1
47,1,2,108.3,232.6,0,0,139.0,0,0.0,0,0,1,0
67,0,2,143.0,185.2,0,0,138.5,0,0.5,0,0,1,0
48,0,0,146.3,260.3,0,0,170.8,0,0.7,1,0,3,0
57,1,1,173.9,287.9,1,0,156.1,0,3.6,1,0,3,1
56,0,0,121.6,226.2,1,1,134.8,0,4.0,1,2,1,1
42,0,2,112.6,255.2,1,0,155.9,0,0.7,0,2,2,1
65,1,3,129.1,227.3,1,1,124.1,0,0.2,0,0,1,1
60,1,2,124.9,269.6,0,1,162.0,0,0.4,1,0,1,0
32,1,3,94.6,255.4,0,1,190.2,0,0.4,0,0,2,0
57,0,1,161.2,225.5,0,1,111.2,1,0.3,0,0,3,1
45,0,0,121.2,144.7,0,0,162.1,0,1.4,1,2,1,1
66,1,2,134.1,210.4,0,0,116.9,1,0.1,1,1,2,0
38,1,1,141.3,251.0,0,0,126.6,0,0.6,1,1,1,0
50,1,1,157.9,278.9,0,0,178.7,0,2.7,1,0,1,1
58,1,2,114.1,216.2,0,1,170.0,0,1.5,2,1,1,0
55,1,3,140.7,300.9,0,1,151.8,1,0.3,1,2,1,0
62,1,1,114.1,309.9,1,2,131.7,1,0.1,1,0,2,1
37,0,3,132.8,266.2,0,1,151.6,0,1.5,2,1,2,1
72,1,2,143.8,197.7,0,0,123.4,1,0.1,1,0,1,1
60,1,0,127.0,274.8,1,1,187.7,0,0.0,0,0,1,1
69,0,2,139.0,223.0,1,1,181.5,1,0.0,0,0,3,0
64,1,3,141.0,218.8,0,2,159.7,1,1.0,1,1,1,1
54,0,2,129.5,261.3,1,1,149.2,1,0.1,1,0,2,0
40,1,2,126.8,255.4,0,0,128.9,0,0.2,1,0,2,0
48,0,2,104.9,259.4,0,1,146.6,0,0.0,2,2,2,1
71,1,2,118.6,276.3,0,1,137.9,0,0.8,1,0,2,0
69,1,1,126.7,244.1,0,2,123.7,0,0.1,2,1,1,1
47,0,0,111.1,175.2,0,0,181.9,0,0.3,0,2,3,0
23,1,1,115.9,322.2,0,0,205.0,0,0.7,0,2,2,0
52,0,1,129.1,223.5,0,1,145.5,0,0.0,0,0,1,1
51,1,2,134.8,209.0,0,0,172.1,1,0.7,0,0,1,0
51,1,3,143.4,186.9,0,0,156.1,0,0.2,1,0,1,0
60,1,0,138.3,250.2,0,1,127.6,0,0.9,0,0,1,1
64,1,2,138.6,246.5,0,0,167.3,0,0.3,1,2,1,1
65,1,1,146.4,240.0,0,0,175.8,0,1.7,0,2,1,1
59,0,2,115.7,309.1,0,0,157.0,1,1.2,2,0,2,1
34,0,2,111.0,263.4,1,1,150.1,1,0.8,0,0,1,0
50,1,1,126.3,195.2,0,0,168.2,0,1.0,1,3,3,1
79,1,3,127.7,341.4,0,0,127.4,0,6.0,0,3,1,1
58,1,3,103.4,176.1,0,0,165.0,0,0.5,2,0,1,1
58,0,0,142.4,237.7,0,1,177.9,0,0.4,0,2,1,0
58,0,2,114.0,210.7,0,0,131.2,1,0.8,2,1,1,1
59,1,0,167.9,259.5,0,0,157.8,0,0.1,1,0,2,1
28,0,0,127.5,260.3,0,0,157.2,0,0.1,0,2,2,0
51,1,3,106.2,222.2,0,0,175.3,1,0.9,0,0,1,1
54,1,2,146.0,287.6,0,1,148.8,1,1.3,0,0,1,0
68,1,1,138.1,255.1,1,0,172.9,0,1.4,2,0,2,1
55,0,2,136.5,306.0,0,1,201.9,0,1.1,0,0,3,1
36,1,3,120.5,276.0,0,1,141.1,0,1.4,1,2,1,1
59,0,3,115.5,222.4,0,2,152.1,1,0.4,1,2,2,1
45,0,0,102.4,284.7,0,0,179.8,1,1.5,0,0,1,1
41,1,2,107.7,208.5,0,2,151.5,0,0.3,2,0,3,0
45,0,3,104.1,265.8,0,1,167.5,1,0.4,0,2,1,1
60,0,2,126.1,266.7,0,0,135.9,1,0.0,0,0,1,1
68,0,1,133.6,223.6,1,1,105.3,0,2.2,0,2,2,1
59,1,0,107.4,155.4,0,0,161.1,1,1.2,1,0,1,0
61,1,0,152.0,308.9,0,0,160.2,0,2.6,1,0,1,1
59,1,1,137.8,261.6,0,1,127.4,0,0.4,1,1,1,1
55,1,3,177.9,242.7,0,0,139.5,1,2.1,1,1,2,0
62,0,2,125.7,245.0,0,0,139.3,0,0.8,0,0,1,0
27,0,1,164.4,274.8,0,1,179.4,0,1.6,2,0,3,1
55,0,2,144.7,337.9,0,0,169.1,0,0.7,0,1,3,1
43,1,2,96.0,277.3,0,1,165.9,0,0.0,0,2,1,0
67,0,2,112.8,262.1,1,1,115.9,1,0.7,0,2,1,1
52,1,0,139.2,253.3,0,1,142.4,1,1.4,0,1,2,1
54,0,1,99.5,257.4,0,0,143.6,0,3.5,2,0,1,0
37,1,0,113.6,191.3,0,2,151.9,0,1.0,0,0,1,1
65,1,0,108.1,271.0,0,1,162.6,1,1.2,1,0,1,1
61,1,0,174.2,186.2,0,0,172.4,1,2.4,0,1,1,1
60,1,2,155.3,262.9,0,0,165.6,1,1.5,1,1,3,1
45,1,0,125.6,217.5,1,0,184.1,0,1.8,0,3,1,0
45,0,1,156.0,276.3,0,1,154.8,0,1.3,0,2,3,1
56,0,3,154.1,258.8,0,0,135.7,0,0.8,1,0,1,0
46,1,2,155.6,223.2,0,0,127.2,0,1.2,1,2,3,0
59,0,2,122.2,198.7,0,2,138.2,0,0.1,1,1,1,0
30,0,1,119.4,298.0,1,0,144.3,1,0.1,0,0,2,1
49,1,2,113.0,235.8,0,0,191.3,0,0.5,0,1,1,0
74,0,1,134.0,325.0,1,0,154.7,0,0.1,1,0,1,0
59,1,2,120.6,189.0,0,0,124.5,1,0.5,1,0,2,0
56,1,1,115.2,231.0,0,1,142.7,0,2.4,1,0,1,1
76,1,2,159.9,150.1,0,0,122.2,0,1.5,0,0,1,1
28,1,3,139.6,265.6,0,0,149.5,0,0.3,0,0,3,0
45,1,1,115.9,275.1,0,0,144.9,0,2.6,2,2,1,1
50,0,0,147.0,213.4,0,0,143.0,0,0.1,0,0,1,1
63,0,1,138.8,215.8,0,0,133.1,1,0.7,1,2,3,1
64,1,2,130.8,227.8,0,0,142.9,0,0.2,1,3,2,0
44,1,0,160.1,227.3,0,0,147.2,0,0.4,1,0,3,0
65,0,2,139.2,220.6,0,0,166.5,0,0.5,2,0,2,0
50,1,1,165.0,287.6,0,2,150.8,0,0.6,2,1,1,0
67,0,1,144.4,225.3,0,1,139.8,1,1.2,0,3,3,1
43,0,2,140.0,154.1,0,0,144.7,0,1.1,0,1,1,1
53,1,2,114.4,229.8,0,0,145.6,0,0.8,0,0,1,1
49,0,3,119.7,217.1,0,0,122.7,0,0.3,1,2,2,0
66,1,0,163.2,188.1,0,1,134.8,1,0.4,1,1,1,1
48,1,1,153.4,247.6,0,2,178.3,0,0.2,0,0,1,1
54,0,0,124.6,156.7,0,0,132.2,1,0.1,0,2,1,1
60,0,3,108.1,260.3,1,2,151.3,1,0.4,0,0,1,0
60,0,2,162.4,242.0,0,0,170.9,1,0.8,1,0,2,1
64,0,3,152.7,220.1,0,2,147.8,0,0.7,1,0,1,0
56,1,3,113.9,191.7,0,1,139.2,0,1.0,1,0,3,0
49,1,2,112.1,175.3,0,0,164.9,0,0.3,2,1,3,0
50,0,0,163.0,278.8,1,0,149.4,0,0.6,1,1,1,1
54,1,1,124.9,228.2,0,2,167.0,1,3.4,0,3,1,0
57,1,0,125.9,168.6,1,0,152.8,0,0.4,1,1,2,1
52,0,3,118.3,240.2,0,0,113.7,1,0.6,0,0,1,1
54,1,0,140.4,229.4,0,0,135.7,0,0.1,1,0,1,0
37,1,2,104.5,297.6,0,1,163.1,0,0.2,0,2,1,0
61,0,0,137.0,225.7,0,0,166.7,1,1.0,1,0,1,1
56,1,0,109.2,285.2,1,1,164.0,0,3.0,0,0,2,1
65,1,1,111.6,235.6,0,1,161.2,0,2.7,1,1,3,1
54,0,2,106.4,189.4,0,0,144.1,0,0.8,2,0,1,1
35,1,0,105.4,255.5,0,1,145.0,0,0.7,1,0,1,0
50,1,2,146.0,293.6,0,1,137.4,1,3.5,0,0,1,1
52,0,2,143.5,280.6,0,0,133.4,1,0.8,1,1,1,0
62,1,3,133.1,258.0,0,0,191.1,1,2.7,2,0,1,1
31,0,3,113.9,277.2,0,1,201.8,0,1.7,0,0,3,0
54,1,2,158.9,248.9,1,0,121.4,0,0.7,1,1,3,1
60,0,2,145.0,247.1,0,0,153.1,0,0.3,1,1,1,0
47,1,1,111.0,174.2,0,0,149.1,0,0.7,1,1,2,1
55,1,2,140.6,251.1,0,0,140.5,0,1.3,0,0,3,0
47,1,1,137.6,305.3,0,0,165.5,1,1.3,2,0,1,0
46,0,1,141.9,166.6,0,0,141.6,0,1.9,0,0,3,0
50,1,2,182.5,182.3,0,0,139.7,1,0.6,1,0,1,1
46,0,1,114.3,224.2,0,0,163.5,1,0.7,0,0,1,0
62,1,1,146.0,184.5,0,0,172.4,0,0.0,0,1,2,1
46,0,1,155.9,268.7,0,1,197.7,0,0.6,1,2,2,0
44,1,3,162.4,161.9,0,2,165.5,0,1.7,1,0,2,0
73,0,0,139.0,278.0,0,0,117.4,1,0.9,0,0,1,1
65,1,1,113.2,289.4,0,2,157.3,1,0.0,1,0,2,0
34,1,3,96.7,263.3,0,0,151.4,1,0.3,1,2,2,0
46,1,0,146.9,239.5,0,1,152.9,1,1.1,2,1,1,1
57,1,3,140.9,266.0,0,0,180.6,1,1.2,1,0,2,1
58,1,3,137.3,192.0,0,0,176.5,1,1.2,1,3,1,1
38,1,1,135.1,247.2,1,0,177.4,0,0.5,0,0,2,0
67,1,2,154.9,218.7,0,0,176.8,0,0.9,1,0,1,0
63,1,3,146.1,283.7,0,0,91.2,0,0.8,1,0,2,1
59,1,2,142.2,274.4,0,0,129.8,0,1.9,0,0,2,1
69,1,0,127.1,211.0,0,1,153.3,0,0.1,0,3,3,1
59,1,3,154.0,258.6,1,1,144.2,0,0.2,0,3,1,1
59,0,0,121.9,260.4,0,0,170.1,0,2.4,0,2,3,1
71,1,1,155.7,226.5,1,1,111.8,0,0.4,2,0,2,1
66,1,3,129.9,246.6,0,0,167.4,1,1.5,0,0,1,0
45,1,1,142.4,260.8,0,1,165.1,0,2.4,1,2,2,1
61,1,2,167.5,223.8,1,2,146.7,0,0.6,0,1,1,1
47,1,1,144.1,200.0,0,1,116.3,0,0.5,1,1,1,1
60,1,2,161.0,253.5,0,0,193.3,1,0.5,0,2,1,0
59,1,0,128.6,308.4,0,2,119.2,0,0.7,0,1,1,1
39,0,1,129.0,229.4,0,1,126.6,0,0.4,0,0,1,1
53,0,1,124.4,225.6,0,0,162.5,0,2.1,0,0,2,1
57,1,1,104.9,207.6,0,1,170.9,0,0.7,0,1,1,0
49,1,1,152.0,290.3,1,1,148.5,0,0.0,0,0,2,1
57,1,1,145.0,281.0,0,1,127.7,0,0.4,2,3,2,1
63,0,3,142.2,238.1,1,1,132.5,0,0.4,1,0,2,1
54,0,2,153.2,206.8,0,0,157.3,0,1.4,1,0,1,0
56,1,1,114.1,207.0,0,0,134.1,0,1.6,0,0,3,0
69,1,2,113.0,209.0,0,2,166.2,0,2.0,1,2,1,1
59,0,3,154.6,221.4,0,1,127.3,1,2.5,2,1,2,1
56,1,2,133.2,217.4,0,1,111.9,0,1.7,0,0,1,0
43,0,2,132.1,205.1,0,1,189.3,0,0.3,0,1,3,1
61,0,1,106.3,292.9,1,0,128.6,0,0.5,2,1,1,1
58,0,1,158.5,312.6,0,0,156.4,0,0.8,2,0,3,0
68,1,0,149.6,198.4,1,0,151.4,1,0.1,0,1,1,0
55,1,2,123.9,216.6,0,2,132.9,1,1.4,1,0,3,1
34,0,1,163.5,192.7,0,1,173.5,0,0.7,1,0,3,0
35,0,2,101.7,248.8,0,0,149.8,1,2.6,1,0,1,1
62,1,0,130.1,229.2,0,1,127.7,0,1.2,1,0,1,1
48,1,1,150.3,194.0,1,1,150.2,1,1.2,0,0,2,0
59,0,1,153.0,315.9,0,1,183.2,1,0.2,0,1,3,1
55,1,0,107.4,263.2,0,0,154.0,1,3.2,1,2,2,1
52,0,0,125.4,197.6,0,0,169.3,0,3.6,0,1,1,1
53,0,1,144.2,307.3,0,0,150.0,0,0.9,1,1,2,1
44,1,2,158.0,187.4,0,0,142.2,0,0.2,0,0,1,0
54,1,2,159.0,268.4,0,2,155.3,0,0.1,0,1,1,1
48,1,1,145.1,345.7,1,0,148.3,0,1.5,1,2,2,1
50,1,2,134.6,234.2,0,0,140.4,0,1.0,1,0,1,0
50,1,2,129.8,227.3,0,0,166.9,1,0.2,0,0,1,0
52,1,2,142.5,248.1,0,1,158.5,0,1.6,1,0,1,0
64,0,0,159.3,342.8,0,1,127.9,0,0.2,0,1,3,1
53,0,1,126.9,306.0,0,0,167.9,0,0.2,1,0,3,0
65,1,0,131.8,225.7,0,0,140.8,0,0.8,1,0,3,1
71,1,2,158.9,260.7,0,1,156.0,0,0.7,0,2,1,1
63,0,2,152.4,285.2,0,1,127.7,0,1.0,0,0,2,1
60,1,2,126.5,224.6,0,2,125.0,1,0.7,0,3,2,0
58,0,0,108.3,193.0,0,0,135.1,0,1.8,0,0,1,0
64,1,0,105.7,292.6,0,0,142.2,0,0.0,0,0,1,0
55,0,0,133.6,264.2,0,1,142.9,0,0.5,1,0,3,0
65,1,1,116.9,259.3,0,1,169.1,0,1.7,0,2,1,0
61,0,1,148.9,292.6,0,0,125.9,0,0.8,1,1,2,1
50,1,0,102.1,189.6,1,1,106.5,0,4.5,1,0,3,1
64,0,2,162.5,234.7,0,0,141.4,0,3.9,0,3,2,1
55,1,1,128.2,357.8,0,1,158.1,1,3.2,1,2,2,1
53,1,2,119.4,266.0,0,1,140.5,1,3.9,0,2,1,1
49,0,2,120.0,267.3,0,1,155.5,0,0.8,0,0,1,0
56,0,2,115.9,246.8,0,0,129.3,0,0.7,2,2,1,0
65,0,3,161.0,164.2,0,0,120.6,0,0.7,1,1,1,1
64,1,0,148.6,208.9,1,1,154.1,0,0.0,1,1,1,0
58,1,0,136.7,283.0,0,1,158.7,1,0.2,0,0,1,1
61,0,2,111.1,220.0,0,2,156.2,0,0.2,2,0,1,0
68,1,1,136.5,238.8,0,0,151.4,0,0.1,1,0,2,0
52,1,3,119.6,253.5,0,0,158.0,1,0.3,2,0,2,1
42,0,0,90.0,194.2,0,1,151.6,1,4.5,1,0,1,1
68,1,0,125.0,189.9,0,1,154.5,1,0.0,0,0,1,1
48,1,2,143.4,238.7,0,2,133.1,1,0.6,0,0,1,0
46,1,1,124.3,222.3,0,0,179.8,1,1.8,0,0,3,0
34,0,1,123.4,244.4,0,0,179.4,1,0.5,1,1,2,0
60,0,3,151.2,180.5,0,1,111.4,0,0.4,2,0,1,0
36,0,0,142.0,211.6,0,1,176.4,0,0.6,2,0,1,1
46,1,2,167.3,268.9,0,0,170.4,1,1.6,2,0,3,1
60,1,1,96.0,373.1,0,1,197.0,0,0.3,0,1,2,0
62,0,1,117.8,249.4,0,0,119.9,0,2.1,0,2,1,1
47,0,1,145.6,268.5,0,0,122.7,0,0.3,0,1,1,0
53,0,0,138.5,262.5,0,0,170.6,1,0.5,0,0,3,0
44,1,0,133.3,250.8,0,1,163.4,1,0.5,0,0,1,0
48,0,3,118.6,269.3,0,1,121.6,0,1.1,2,1,1,0
57,1,2,138.8,200.3,0,0,190.5,1,0.1,2,3,1,1
48,1,2,135.5,223.6,0,0,143.4,1,0.3,0,1,2,1
51,1,0,99.9,251.3,0,1,140.5,0,0.1,0,0,1,1
38,1,0,133.8,193.3,1,0,174.4,0,0.1,1,0,1,0
66,0,2,124.7,264.7,0,0,190.2,0,0.6,2,0,2,0
60,1,2,150.6,159.2,0,0,133.4,1,1.0,1,2,2,1
63,1,1,142.5,280.3,0,0,155.4,0,0.9,1,1,2,0
68,1,1,172.7,239.7,0,1,117.4,0,1.4,1,3,1,1
45,0,1,128.7,268.8,0,1,152.1,0,1.1,1,2,1,0
50,0,0,110.4,283.9,0,0,188.4,1,1.6,0,1,1,1
33,1,2,90.0,296.1,1,0,192.9,1,2.2,1,0,1,0
85,1,0,124.9,264.1,0,0,119.2,0,0.9,0,0,2,1
52,1,1,140.3,164.4,0,0,168.8,1,3.3,0,1,3,1
65,1,2,148.1,167.8,0,2,144.9,0,0.3,1,2,2,1
40,1,0,119.6,180.9,0,0,154.3,1,1.4,1,0,1,1
65,0,2,126.0,276.9,0,0,101.8,1,1.1,0,0,2,1
74,1,3,140.3,186.4,0,0,126.3,0,0.9,0,0,1,1
53,1,0,140.6,230.7,1,1,125.3,0,0.1,0,0,2,0
43,1,2,149.6,219.0,1,2,161.0,0,0.5,1,0,1,0
52,1,1,122.9,256.6,0,0,131.0,0,1.0,1,0,1,0
30,1,0,114.6,264.5,0,0,112.7,0,1.6,1,0,1,0
54,0,2,167.4,245.6,0,0,155.2,1,0.0,0,1,1,0
63,1,2,168.3,279.8,0,1,155.1,0,0.2,1,0,1,0
54,0,2,121.5,193.0,0,0,131.3,1,2.4,1,3,3,0
51,1,2,153.8,285.3,0,0,98.5,0,0.0,0,2,3,1
60,1,1,175.2,249.3,0,1,137.1,0,0.1,2,0,1,0
61,0,2,156.5,277.3,1,1,124.8,0,1.5,1,3,1,1
36,1,2,115.8,212.3,0,1,127.2,1,0.9,0,3,1,0
55,0,0,133.1,151.5,0,0,143.1,1,3.4,1,0,1,1
81,1,3,109.2,280.1,0,1,122.9,1,2.5,1,1,1,1
39,0,1,109.9,229.8,0,0,139.4,0,1.2,2,0,1,1
53,1,2,133.5,293.9,0,1,155.1,0,0.1,0,2,3,1
75,1,2,143.2,267.3,0,0,137.4,1,0.3,0,2,1,1
66,1,2,124.5,375.5,0,1,131.4,0,0.5,0,0,1,0
48,1,0,90.0,295.2,0,1,155.7,1,0.2,0,3,1,1
56,1,1,138.0,231.2,0,1,144.5,0,2.3,1,1,1,1
54,1,0,147.1,171.7,0,0,127.1,1,0.4,0,0,2,1
46,1,2,145.8,200.3,1,0,154.2,0,0.6,0,0,3,1
53,1,1,130.0,199.8,0,0,161.4,0,0.7,0,2,1,0
51,1,2,130.8,217.4,1,0,144.5,0,3.9,2,1,1,1
55,0,1,135.7,236.2,0,2,201.5,0,0.7,0,0,3,1
46,1,0,139.4,252.6,0,1,151.7,0,0.6,0,0,2,1
40,0,1,125.8,297.0,0,1,165.6,1,0.0,1,0,1,0
54,1,2,92.2,203.1,1,0,152.2,0,0.1,0,2,1,1
73,0,2,160.9,187.0,0,0,150.0,0,1.4,0,0,2,1
55,1,0,125.9,278.3,0,1,160.0,0,0.3,1,1,1,1
50,1,1,111.0,298.6,0,1,137.0,0,0.8,0,0,1,1
62,1,3,128.9,222.6,0,2,148.3,1,0.1,1,0,2,0
52,1,1,135.5,286.5,0,0,142.3,1,2.2,1,1,2,1
75,1,2,128.3,282.6,0,1,122.5,0,0.5,0,0,1,0
54,1,2,124.3,166.2,0,1,143.5,0,0.1,1,1,1,0
62,1,0,130.2,216.2,0,2,138.4,1,0.2,1,1,3,1
46,0,2,135.5,217.6,0,1,181.2,1,0.3,0,0,2,0
60,1,3,121.1,331.0,0,0,125.9,1,0.2,0,1,3,1
57,1,3,140.8,264.8,0,1,151.2,0,1.3,1,0,1,0
53,0,2,105.9,218.9,0,0,153.4,0,0.5,1,0,2,0
48,0,2,165.6,208.6,0,2,145.6,0,1.2,0,0,2,1
47,0,1,148.6,169.9,0,0,177.0,0,0.1,1,1,1,0
57,0,1,126.8,289.4,1,0,157.4,0,0.5,0,0,1,0
61,1,1,141.8,261.3,0,1,108.0,1,1.0,1,0,1,1
53,1,3,112.7,268.3,1,0,180.9,0,0.2,0,3,1,1
57,1,0,144.9,185.9,0,1,198.2,0,0.8,1,0,1,0
54,1,1,149.2,273.8,1,0,191.4,0,0.1,0,0,1,1
55,1,1,139.0,231.3,0,2,157.4,1,0.3,0,1,1,0
52,1,1,149.7,208.7,0,1,124.7,0,1.2,2,0,1,1
54,0,0,130.9,264.0,0,1,151.2,0,0.1,0,0,3,1
84,1,1,139.7,199.1,0,1,101.2,0,0.2,2,3,3,1
57,1,1,122.9,250.3,1,0,168.3,1,1.9,0,0,1,1
61,0,2,142.8,232.2,0,0,155.8,0,2.9,1,0,3,1
59,0,2,117.2,290.3,0,0,193.4,0,6.0,1,0,2,1
51,1,1,140.7,279.6,0,1,167.9,0,1.5,0,0,3,0
68,1,2,143.0,250.3,0,1,121.1,0,0.9,1,2,3,1
51,1,2,157.4,252.7,0,1,179.4,0,0.5,2,0,1,1
66,1,1,147.5,271.9,0,1,139.0,1,0.9,1,3,1,1
50,1,0,101.4,239.6,0,0,146.9,0,0.3,2,0,2,1
43,0,2,116.3,201.6,0,2,161.2,1,0.8,0,0,2,0
58,0,2,119.6,221.6,0,1,135.0,0,0.2,1,0,3,0
42,1,0,117.8,183.5,0,0,142.3,0,0.3,2,0,1,0
60,1,1,152.9,284.2,0,1,197.6,0,1.7,0,2,1,0
41,1,2,91.1,254.4,0,1,182.6,1,0.5,1,0,1,0
50,0,2,155.6,221.4,0,1,164.1,0,0.3,2,0,3,1
38,0,3,145.0,203.9,0,2,158.7,0,2.1,1,1,1,1
85,0,1,142.1,262.6,0,0,97.8,0,2.1,0,0,1,1
36,1,0,135.8,172.9,0,1,181.0,0,0.3,1,1,2,0
54,1,2,135.4,194.4,0,2,136.5,1,0.0,0,1,1,1
67,0,1,137.1,245.1,0,1,134.8,1,0.2,0,0,1,0
65,0,1,154.0,352.7,0,1,160.9,0,0.3,1,0,1,1
63,0,0,129.2,264.5,0,0,107.8,1,0.7,0,2,2,1
51,1,1,144.1,248.5,1,0,146.7,1,0.6,0,0,1,0
69,1,3,122.1,195.1,0,1,143.1,0,0.6,1,0,1,1
64,0,2,143.1,203.8,0,0,157.6,0,0.1,1,0,1,0
56,0,0,126.6,301.8,0,0,136.7,1,1.1,0,1,1,1
57,1,2,142.5,222.1,0,1,112.2,0,0.1,1,0,1,1
51,1,2,117.7,243.5,0,0,153.9,0,1.4,0,0,1,0
44,1,3,139.6,263.9,0,1,134.5,1,0.2,0,0,1,0
68,1,3,136.7,227.8,0,2,151.2,0,0.9,2,2,1,1
68,1,0,165.7,224.0,0,0,163.5,1,1.8,1,0,1,1
44,0,3,133.2,162.0,0,0,157.8,0,0.2,2,1,1,0
52,1,0,142.4,187.2,0,1,121.7,0,1.4,2,1,2,1
